sl_no,institution_name_raw,institution_address_raw,trust_name,district_name,state,sector,programme,annual_intake,academic_year,page_number,source_url,extraction_timestamp
1,Rosalind S. Teton School Of Nursing,"Rosalind S. Teton School Of Nursing, Bhaktivedanta Hospital , Srishti Sector-1, Mira Road (E), Vill.- Mira Road , Tehsil- Vasai, Distt.- Thane, Maharashtra, Pin Code- 401107",Chaitanya Seva Trust,Thane,Maharashtra,Private,GNM,20 (Twenty),2025-2026,1,https://online.indiannursingcouncil.org/Reports/YearlyReportByState.aspx,2026-09-11T11:27:40.564922
2,Vasantrao Naik College Of Nursing,"Vasantrao Naik College Of Nursing , Chatrapati Colony,Near Old Tehsil Office, Old Jalna, Jalna , Distt.- Jalna, Maharashtra, Pin Code- 431213","Vasantrao Naik Shikshan Prasarak Mandal's, Jalna",Jalna,Maharashtra,Private,B.Sc(N),40 (Forty),2025-2026,1,https://online.indiannursingcouncil.org/Reports/YearlyReportByState.aspx,2026-09-11T11:27:40.564922
2,Vasantrao Naik College Of Nursing,"Vasantrao Naik College Of Nursing , Chatrapati Colony,Near Old Tehsil Office, Old Jalna, Jalna , Distt.- Jalna, Maharashtra, Pin Code- 431213","Vasantrao Naik Shikshan Prasarak Mandal's, Jalna",Jalna,Maharashtra,Private,ANM,20 (Twenty),2025-2026,1,https://online.indiannursingcouncil.org/Reports/YearlyReportByState.aspx,2026-09-11T11:27:40.564922
3,Aaisaheb Jayabai Nursing School,"Aaisaheb Jayabai Nursing School, At.Pathrai,Post.Dhamdai, Pathrai, Distt.- Nandurbar, Maharashtra, Pin Code- 425412",Adiwasi Deomogra Education Society,Nandurbar,Maharashtra,Private,ANM,20 (Twenty),2025-2026,1,https://online.indiannursingcouncil.org/Reports/YearlyReportByState.aspx,2026-09-11T11:27:40.564922
4,Amravati General Hospital,"Amravati General Hospital, In Front Of General Hospital,Irwin Chowk, Amravati, Distt.- Amravati, Maharashtra, Pin Code- 444601",,Amravati,Maharashtra,Government,GNM,20 (Twenty),2025-2026,1,https://online.indiannursingcouncil.org/Reports/YearlyReportByState.aspx,2026-09-11T11:27:40.564922
5,Anand College Of Nursing,"Anand College Of Nursing, At Post- Phulywadi Road, Vaijapur , Distt.- Aurangabad, Maharashtra, Pin Code- 423701",Anand Charitable Trust,Aurangabad,Maharashtra,Private,B.Sc(N),50 (Fifty),2025-2026,1,https://online.indiannursingcouncil.org/Reports/YearlyReportByState.aspx,2026-09-11T11:27:40.564922
6,Anm School Of Nursing Gadchiroli,"Anm School Of Nursing Gadchiroli , General Hospital, Complex Area, Gadchiroli, Distt.- Gadchiroli, Maharashtra, Pin Code- 442605",Maharashtra,Gadchiroli,Maharashtra,Government,ANM,20 (Twenty),2025-2026,1,https://online.indiannursingcouncil.org/Reports/YearlyReportByState.aspx,2026-09-11T11:27:40.564922
7,Annasaheb Chudaman Patil Memorial College Of Nursing,"Annasaheb Chudaman Patil Memorial College Of Nursing, Post Box No. 145 Sakri Road, Dhule, Distt.- Dhule, Maharashtra, Pin Code- 424001",Jawahar Medical Foundation,Dhule,Maharashtra,Private,B.Sc(N),50 (Fifty),2025-2026,1,https://online.indiannursingcouncil.org/Reports/YearlyReportByState.aspx,2026-09-11T11:27:40.564922
8,Anuradha Nursing School,"Anuradha Nursing School, Anuradha Nagar Sakegaon Road, Chikhli, Distt.- Buldana, Maharashtra, Pin Code- 443201",Paramhansa Ramkrishna Munibaba Shikshan Sanstha,Buldana,Maharashtra,Private,ANM,30 (Thirty),2025-2026,1,https://online.indiannursingcouncil.org/Reports/YearlyReportByState.aspx,2026-09-11T11:27:40.564922
9,Armed Forces Medical College & Hospital,"Armed Forces Medical College & Hospital, College Of Nursing Afmc Wanowarie Pune , Pune, Distt.- Pune, Maharashtra, Pin Code- 411040",Armed Forces,Pune,Maharashtra,Government,B.Sc(N),50 (Fifty),2025-2026,1,https://online.indiannursingcouncil.org/Reports/YearlyReportByState.aspx,2026-09-11T11:27:40.564922
9,Armed Forces Medical College & Hospital,"Armed Forces Medical College & Hospital, College Of Nursing Afmc Wanowarie Pune , Pune, Distt.- Pune, Maharashtra, Pin Code- 411040",Armed Forces,Pune,Maharashtra,Government,M. Sc (N),20 (Twenty) Med-Surg-6 Psy-2 Chn-4 Paed-4 Obg-4,2025-2026,1,https://online.indiannursingcouncil.org/Reports/YearlyReportByState.aspx,2026-09-11T11:27:40.564922
9,Armed Forces Medical College & Hospital,"Armed Forces Medical College & Hospital, College Of Nursing Afmc Wanowarie Pune , Pune, Distt.- Pune, Maharashtra, Pin Code- 411040",Armed Forces,Pune,Maharashtra,Government,Post Basic Diploma in Operation Room Nursing,20 (Twenty),2025-2026,1,https://online.indiannursingcouncil.org/Reports/YearlyReportByState.aspx,2026-09-11T11:27:40.564922
9,Armed Forces Medical College & Hospital,"Armed Forces Medical College & Hospital, College Of Nursing Afmc Wanowarie Pune , Pune, Distt.- Pune, Maharashtra, Pin Code- 411040",Armed Forces,Pune,Maharashtra,Government,Post Basic Diploma in Cardio Thoracic Nursing,8 (Eight),2025-2026,1,https://online.indiannursingcouncil.org/Reports/YearlyReportByState.aspx,2026-09-11T11:27:40.564922
9,Armed Forces Medical College & Hospital,"Armed Forces Medical College & Hospital, College Of Nursing Afmc Wanowarie Pune , Pune, Distt.- Pune, Maharashtra, Pin Code- 411040",Armed Forces,Pune,Maharashtra,Government,P B B.Sc(N),20 (Twenty),2025-2026,1,https://online.indiannursingcouncil.org/Reports/YearlyReportByState.aspx,2026-09-11T11:27:40.564922
9,Armed Forces Medical College & Hospital,"Armed Forces Medical College & Hospital, College Of Nursing Afmc Wanowarie Pune , Pune, Distt.- Pune, Maharashtra, Pin Code- 411040",Armed Forces,Pune,Maharashtra,Government,Post Basic Diploma in Oncology Nursing,8 (Eight),2025-2026,1,https://online.indiannursingcouncil.org/Reports/YearlyReportByState.aspx,2026-09-11T11:27:40.564922
9,Armed Forces Medical College & Hospital,"Armed Forces Medical College & Hospital, College Of Nursing Afmc Wanowarie Pune , Pune, Distt.- Pune, Maharashtra, Pin Code- 411040",Armed Forces,Pune,Maharashtra,Government,Post Basic Diploma in Ortho and Rehabilitation Nsg,20 (Twenty),2025-2026,1,https://online.indiannursingcouncil.org/Reports/YearlyReportByState.aspx,2026-09-11T11:27:40.564922
9,Armed Forces Medical College & Hospital,"Armed Forces Medical College & Hospital, College Of Nursing Afmc Wanowarie Pune , Pune, Distt.- Pune, Maharashtra, Pin Code- 411040",Armed Forces,Pune,Maharashtra,Government,Post Basic Diploma in Neonatal nursing,8 (Eight),2025-2026,1,https://online.indiannursingcouncil.org/Reports/YearlyReportByState.aspx,2026-09-11T11:27:40.564922
10,Asharam School Of Nursing,"Asharam School Of Nursing, C/O Asha Hospital,Lekha Nagar,Cantonment,Kamptee Nagpur Road, Kamptee, Distt.- Nagpur, Maharashtra, Pin Code- 441001",Manakchand Prabhudan Charitable Trust,Nagpur,Maharashtra,Private,ANM,20 (Twenty),2025-2026,1,https://online.indiannursingcouncil.org/Reports/YearlyReportByState.aspx,2026-09-11T11:27:40.564922
11,Ashirwad Nursing School,"Ashirwad Nursing School, At Post Rahuri Factory, Rahuri Factory, Distt.- Ahmednagar, Maharashtra, Pin Code- 413706",Convent Of Jesus Of Mary,Ahmednagar,Maharashtra,Private,ANM,20 (Twenty),2025-2026,1,https://online.indiannursingcouncil.org/Reports/YearlyReportByState.aspx,2026-09-11T11:27:40.564922
12,Ashwini Institute Of Nursing,"Ashwini Institute Of Nursing, Survey No-10/2,Mangal Complex,Asara Chowk, Hotgi Road, Solapur, Distt.- Solapur, Maharashtra, Pin Code- 413003",Ashwini Sahakari Rugnalaya Ani Sanshodhan Kendra Niy. Solapur,Solapur,Maharashtra,Private,GNM,30 (Thirty),2025-2026,1,https://online.indiannursingcouncil.org/Reports/YearlyReportByState.aspx,2026-09-11T11:27:40.564922
13,B Y L Nair Charitable Hospital,"B Y L Nair Charitable Hospital, Dr.A.L.Nair Road , Mumbai-Central, Distt.- Mumbai, Maharashtra, Pin Code- 400008",Mumbai Muncipal Corporation,Mumbai,Maharashtra,Government,GNM,100 (One Hundred,2025-2026,1,https://online.indiannursingcouncil.org/Reports/YearlyReportByState.aspx,2026-09-11T11:27:40.564922
14,Bel-Air College Of Nursing,"Bel-Air College Of Nursing, Dalkeith, Panchgani , Distt.- Satara, Maharashtra, Pin Code- 412805",Indian Red Cross Society,Satara,Maharashtra,Private,ANM,40 (Forty),2025-2026,1,https://online.indiannursingcouncil.org/Reports/YearlyReportByState.aspx,2026-09-11T11:27:40.564922
14,Bel-Air College Of Nursing,"Bel-Air College Of Nursing, Dalkeith, Panchgani , Distt.- Satara, Maharashtra, Pin Code- 412805",Indian Red Cross Society,Satara,Maharashtra,Private,B.Sc(N),40 (Forty),2025-2026,1,https://online.indiannursingcouncil.org/Reports/YearlyReportByState.aspx,2026-09-11T11:27:40.564922
15,Beleshwar College Of Nursing,"Beleshwar College Of Nursing, Beleshwar Nagar Nandkheda Road Opposite Pardeshwar Mandir , Parbhani , Distt.- Parbhani, Maharashtra, Pin Code- 431401",Beleshwar Shikshan Prasarak Mandal,Parbhani,Maharashtra,Private,B.Sc(N),40 (Forty),2025-2026,1,https://online.indiannursingcouncil.org/Reports/YearlyReportByState.aspx,2026-09-11T11:27:40.564922
15,Beleshwar College Of Nursing,"Beleshwar College Of Nursing, Beleshwar Nagar Nandkheda Road Opposite Pardeshwar Mandir , Parbhani , Distt.- Parbhani, Maharashtra, Pin Code- 431401",Beleshwar Shikshan Prasarak Mandal,Parbhani,Maharashtra,Private,ANM,20 (Twenty),2025-2026,1,https://online.indiannursingcouncil.org/Reports/YearlyReportByState.aspx,2026-09-11T11:27:40.564922
15,Beleshwar College Of Nursing,"Beleshwar College Of Nursing, Beleshwar Nagar Nandkheda Road Opposite Pardeshwar Mandir , Parbhani , Distt.- Parbhani, Maharashtra, Pin Code- 431401",Beleshwar Shikshan Prasarak Mandal,Parbhani,Maharashtra,Private,GNM,30 (Thirty),2025-2026,1,https://online.indiannursingcouncil.org/Reports/YearlyReportByState.aspx,2026-09-11T11:27:40.564922
16,Bharati Vidyapeeth College Of Nursing,"Bharati Vidyapeeth College Of Nursing, Satara Road, Dhankawadi , Pune, Distt.- Pune, Maharashtra, Pin Code- 411043","Bharati Vidyapeeth, Pune",Pune,Maharashtra,Private,B.Sc(N),65 (Sixty Five),2025-2026,1,https://online.indiannursingcouncil.org/Reports/YearlyReportByState.aspx,2026-09-11T11:27:40.564922
16,Bharati Vidyapeeth College Of Nursing,"Bharati Vidyapeeth College Of Nursing, Satara Road, Dhankawadi , Pune, Distt.- Pune, Maharashtra, Pin Code- 411043","Bharati Vidyapeeth, Pune",Pune,Maharashtra,Private,M. Sc (N),25 (Twenty Five) Med Surg-6 Paed-5 Obg-5 Chn-5 Psy-4,2025-2026,1,https://online.indiannursingcouncil.org/Reports/YearlyReportByState.aspx,2026-09-11T11:27:40.564922
16,Bharati Vidyapeeth College Of Nursing,"Bharati Vidyapeeth College Of Nursing, Satara Road, Dhankawadi , Pune, Distt.- Pune, Maharashtra, Pin Code- 411043","Bharati Vidyapeeth, Pune",Pune,Maharashtra,Private,P B B.Sc(N),40 (Forty),2025-2026,1,https://online.indiannursingcouncil.org/Reports/YearlyReportByState.aspx,2026-09-11T11:27:40.564922
1,Bharati Vidyapeeth College Of Nursing,"Bharati Vidyapeeth College Of Nursing, Satara Road, Dhankawadi , Pune, Distt.- Pune, Maharashtra, Pin Code- 411043","Bharati Vidyapeeth, Pune",Pune,Maharashtra,Private,GNM,50 (Fifty),2025-2026,2,https://online.indiannursingcouncil.org/Reports/YearlyReportByState.aspx,2026-09-11T11:27:50.024232
2,Bharati Vidyapeeth College Of Nursing,"Bharati Vidyapeeth College Of Nursing,, Sector-7, Rain Tree Marg, Belpada Complex, Opposite Kharghar Railway Station, Cbd Belapur., Thane, Distt.- Thane, Maharashtra, Pin Code- 400614","Bharati Vidyapeeth University, Pune",Thane,Maharashtra,Private,B.Sc(N),50 (Fifty),2025-2026,2,https://online.indiannursingcouncil.org/Reports/YearlyReportByState.aspx,2026-09-11T11:27:50.024232
2,Bharati Vidyapeeth College Of Nursing,"Bharati Vidyapeeth College Of Nursing,, Sector-7, Rain Tree Marg, Belpada Complex, Opposite Kharghar Railway Station, Cbd Belapur., Thane, Distt.- Thane, Maharashtra, Pin Code- 400614","Bharati Vidyapeeth University, Pune",Thane,Maharashtra,Private,M. Sc (N),25 (Twenty Five) 5 In Each Speciality,2025-2026,2,https://online.indiannursingcouncil.org/Reports/YearlyReportByState.aspx,2026-09-11T11:27:50.024232
2,Bharati Vidyapeeth College Of Nursing,"Bharati Vidyapeeth College Of Nursing,, Sector-7, Rain Tree Marg, Belpada Complex, Opposite Kharghar Railway Station, Cbd Belapur., Thane, Distt.- Thane, Maharashtra, Pin Code- 400614","Bharati Vidyapeeth University, Pune",Thane,Maharashtra,Private,P B B.Sc(N),30 (Thirty),2025-2026,2,https://online.indiannursingcouncil.org/Reports/YearlyReportByState.aspx,2026-09-11T11:27:50.024232
3,Bharati Vidyapeeth Deemed To Be University College Of Nursing,"Bharati Vidyapeeth Deemed To Be University College Of Nursing, Sangli, Wanlesswadi, Sangli Miraj Road,Sangli, Sangli, Distt.- Sangli, Maharashtra, Pin Code- 416","Bharati Vidyapeeth Deemed To Be University, Pune",Sangli,Maharashtra,Private,Ph. D,04 (Four),2025-2026,2,https://online.indiannursingcouncil.org/Reports/YearlyReportByState.aspx,2026-09-11T11:27:50.024232
3,Bharati Vidyapeeth Deemed To Be University College Of Nursing,"Bharati Vidyapeeth Deemed To Be University College Of Nursing, Sangli, Wanlesswadi, Sangli Miraj Road,Sangli, Sangli, Distt.- Sangli, Maharashtra, Pin Code- 416","Bharati Vidyapeeth Deemed To Be University, Pune",Sangli,Maharashtra,Private,B.Sc(N),100 (One Hundred),2025-2026,2,https://online.indiannursingcouncil.org/Reports/YearlyReportByState.aspx,2026-09-11T11:27:50.024232
3,Bharati Vidyapeeth Deemed To Be University College Of Nursing,"Bharati Vidyapeeth Deemed To Be University College Of Nursing, Sangli, Wanlesswadi, Sangli Miraj Road,Sangli, Sangli, Distt.- Sangli, Maharashtra, Pin Code- 416","Bharati Vidyapeeth Deemed To Be University, Pune",Sangli,Maharashtra,Private,M. Sc (N),25 (Twenty Five) 5 Seats In Each Speciality,2025-2026,2,https://online.indiannursingcouncil.org/Reports/YearlyReportByState.aspx,2026-09-11T11:27:50.024232
3,Bharati Vidyapeeth Deemed To Be University College Of Nursing,"Bharati Vidyapeeth Deemed To Be University College Of Nursing, Sangli, Wanlesswadi, Sangli Miraj Road,Sangli, Sangli, Distt.- Sangli, Maharashtra, Pin Code- 416","Bharati Vidyapeeth Deemed To Be University, Pune",Sangli,Maharashtra,Private,P B B.Sc(N),30 (Thirty),2025-2026,2,https://online.indiannursingcouncil.org/Reports/YearlyReportByState.aspx,2026-09-11T11:27:50.024232
4,Bhonsala Institute Of Nursing,"Bhonsala Institute Of Nursing, Rambhoomi Dr. Moonje Marg, , Nashik, Distt.- Nashik, Maharashtra, Pin Code- 422005",Central Hindu Military Education Society,Nashik,Maharashtra,Private,B.Sc(N),50 (Fifty),2025-2026,2,https://online.indiannursingcouncil.org/Reports/YearlyReportByState.aspx,2026-09-11T11:27:50.024232
5,Bombay Hospital College Of Nursing,"Bombay Hospital College Of Nursing, 12, New Marine Lines , Mumbai, Distt.- Mumbai, Maharashtra, Pin Code- 400020",Bombay Hospital Trust,Mumbai,Maharashtra,Private,B.Sc(N),50 (Fifty),2025-2026,2,https://online.indiannursingcouncil.org/Reports/YearlyReportByState.aspx,2026-09-11T11:27:50.024232
5,Bombay Hospital College Of Nursing,"Bombay Hospital College Of Nursing, 12, New Marine Lines , Mumbai, Distt.- Mumbai, Maharashtra, Pin Code- 400020",Bombay Hospital Trust,Mumbai,Maharashtra,Private,M. Sc (N),"20 (Twenty) Paed-06, Chn-06, Med Surg-08",2025-2026,2,https://online.indiannursingcouncil.org/Reports/YearlyReportByState.aspx,2026-09-11T11:27:50.024232
6,Cardinal Gracias Memorial Hospital,"Cardinal Gracias Memorial Hospital, Uday Ger School Of Nursing Bangli Sandor, Palghar, Vasai West, Distt.- Thane, Maharashtra, Pin Code- 401201",Cardinal Gracias Memorial Hospital Trust,Thane,Maharashtra,Private,GNM,25 (Twenty Five),2025-2026,2,https://online.indiannursingcouncil.org/Reports/YearlyReportByState.aspx,2026-09-11T11:27:50.024232
7,College Of Nursing,"College Of Nursing, Government Medical College And Hospital, Ajni, Nagpur, Distt.- Nagpur, Maharashtra, Pin Code- 440003","Government Medical College And Hospital,Nagpur",Nagpur,Maharashtra,Government,B.Sc(N),50 (Fifty),2025-2026,2,https://online.indiannursingcouncil.org/Reports/YearlyReportByState.aspx,2026-09-11T11:27:50.024232
7,College Of Nursing,"College Of Nursing, Government Medical College And Hospital, Ajni, Nagpur, Distt.- Nagpur, Maharashtra, Pin Code- 440003","Government Medical College And Hospital,Nagpur",Nagpur,Maharashtra,Government,M. Sc (N),"25 (Twenty Five) Chn-07, Pead.-06, Psy-06, Med-Surg.-03, Obg-03",2025-2026,2,https://online.indiannursingcouncil.org/Reports/YearlyReportByState.aspx,2026-09-11T11:27:50.024232
8,College Of Nursing,"College Of Nursing, I N H S, College Of Nursing Inhs Asvini Near Rc Church , Colaba , Distt.- Mumbai, Maharashtra, Pin Code- 400005",Indian Navy,Mumbai,Maharashtra,Government,B.Sc(N),50 (Fifty),2025-2026,2,https://online.indiannursingcouncil.org/Reports/YearlyReportByState.aspx,2026-09-11T11:27:50.024232
8,College Of Nursing,"College Of Nursing, I N H S, College Of Nursing Inhs Asvini Near Rc Church , Colaba , Distt.- Mumbai, Maharashtra, Pin Code- 400005",Indian Navy,Mumbai,Maharashtra,Government,Post Basic Diploma in Critical care nursing,15 (Fifteen),2025-2026,2,https://online.indiannursingcouncil.org/Reports/YearlyReportByState.aspx,2026-09-11T11:27:50.024232
8,College Of Nursing,"College Of Nursing, I N H S, College Of Nursing Inhs Asvini Near Rc Church , Colaba , Distt.- Mumbai, Maharashtra, Pin Code- 400005",Indian Navy,Mumbai,Maharashtra,Government,Post Basic Diploma in Emergency &amp; Disaster Nursing,15 (Fifteen),2025-2026,2,https://online.indiannursingcouncil.org/Reports/YearlyReportByState.aspx,2026-09-11T11:27:50.024232
8,College Of Nursing,"College Of Nursing, I N H S, College Of Nursing Inhs Asvini Near Rc Church , Colaba , Distt.- Mumbai, Maharashtra, Pin Code- 400005",Indian Navy,Mumbai,Maharashtra,Government,Post Basic Diploma in Oncology Nursing,15 (Fifteen),2025-2026,2,https://online.indiannursingcouncil.org/Reports/YearlyReportByState.aspx,2026-09-11T11:27:50.024232
8,College Of Nursing,"College Of Nursing, I N H S, College Of Nursing Inhs Asvini Near Rc Church , Colaba , Distt.- Mumbai, Maharashtra, Pin Code- 400005",Indian Navy,Mumbai,Maharashtra,Government,Post Basic Diploma in Neonatal nursing,15 (Fifteen),2025-2026,2,https://online.indiannursingcouncil.org/Reports/YearlyReportByState.aspx,2026-09-11T11:27:50.024232
8,College Of Nursing,"College Of Nursing, I N H S, College Of Nursing Inhs Asvini Near Rc Church , Colaba , Distt.- Mumbai, Maharashtra, Pin Code- 400005",Indian Navy,Mumbai,Maharashtra,Government,Nurse Practitioner in Midwifery,20 (Twenty),2025-2026,2,https://online.indiannursingcouncil.org/Reports/YearlyReportByState.aspx,2026-09-11T11:27:50.024232
9,College Of Nursing,"College Of Nursing, P D Hinduja National Hosp & Med Res Centre, Emerald Court Kondivita Lane Marol Pipe Line Andheri East, Mumbai, Distt.- Mumbai, Maharashtra, Pin Code- 400059",National Health And Education And Society,Mumbai,Maharashtra,Private,B.Sc(N),30 (Thirty),2025-2026,2,https://online.indiannursingcouncil.org/Reports/YearlyReportByState.aspx,2026-09-11T11:27:50.024232
9,College Of Nursing,"College Of Nursing, P D Hinduja National Hosp & Med Res Centre, Emerald Court Kondivita Lane Marol Pipe Line Andheri East, Mumbai, Distt.- Mumbai, Maharashtra, Pin Code- 400059",National Health And Education And Society,Mumbai,Maharashtra,Private,M. Sc (N),25 Med-Surg-12 Obg-4 Paed-4 Chn-5,2025-2026,2,https://online.indiannursingcouncil.org/Reports/YearlyReportByState.aspx,2026-09-11T11:27:50.024232
10,College Of Nursing,"College Of Nursing, Sir J J Group Of Hospitals Byculla , Mumbai, Distt.- Mumbai, Maharashtra, Pin Code- 400008",Maharashtra State Govt.,Mumbai,Maharashtra,Government,B.Sc(N),50 (Fifty),2025-2026,2,https://online.indiannursingcouncil.org/Reports/YearlyReportByState.aspx,2026-09-11T11:27:50.024232
11,College Of Nursing,"College Of Nursing,, Wanless Hospital, Miraj Medical Centre, Dr. A.G. Fletcher Road, Miraj, Distt.- Sangli, Maharashtra, Pin Code- 416410",Miraj Medical Centres,Sangli,Maharashtra,Private,B.Sc(N),50 (Fifty),2025-2026,2,https://online.indiannursingcouncil.org/Reports/YearlyReportByState.aspx,2026-09-11T11:27:50.024232
11,College Of Nursing,"College Of Nursing,, Wanless Hospital, Miraj Medical Centre, Dr. A.G. Fletcher Road, Miraj, Distt.- Sangli, Maharashtra, Pin Code- 416410",Miraj Medical Centres,Sangli,Maharashtra,Private,GNM,40 (Forty),2025-2026,2,https://online.indiannursingcouncil.org/Reports/YearlyReportByState.aspx,2026-09-11T11:27:50.024232
12,College Of Nursing,"College Of Nursing,Aiims,Nagpur, College Of Nursing,All India Institute Of Medical Sciences, Nagpur, Plot No. 2, Sector - 20, Mihan, Nagpur, Maharashtra, Pin: 441108, Nagpur, Distt.- Nagpur, Mahara",All India Institute Of Medical Sciences Nagpur,Nagpur,Maharashtra,Government,B.Sc(N),70 (Seventy),2025-2026,2,https://online.indiannursingcouncil.org/Reports/YearlyReportByState.aspx,2026-09-11T11:27:50.024232
12,College Of Nursing,"College Of Nursing,Aiims,Nagpur, College Of Nursing,All India Institute Of Medical Sciences, Nagpur, Plot No. 2, Sector - 20, Mihan, Nagpur, Maharashtra, Pin: 441108, Nagpur, Distt.- Nagpur, Mahara",All India Institute Of Medical Sciences Nagpur,Nagpur,Maharashtra,Government,M. Sc (N),06 (Six),2025-2026,2,https://online.indiannursingcouncil.org/Reports/YearlyReportByState.aspx,2026-09-11T11:27:50.024232
13,D E Societys Smt. Subhadra K. Jindal College Of Nursing,"D E Societys Smt. Subhadra K. Jindal College Of Nursing, Fergusson College Campus,Shivajinagar, Pune, Distt.- Pune, Maharashtra, Pin Code- 411004",Deccan Education Society,Pune,Maharashtra,Private,B.Sc(N),40 (Forty),2025-2026,2,https://online.indiannursingcouncil.org/Reports/YearlyReportByState.aspx,2026-09-11T11:27:50.024232
13,D E Societys Smt. Subhadra K. Jindal College Of Nursing,"D E Societys Smt. Subhadra K. Jindal College Of Nursing, Fergusson College Campus,Shivajinagar, Pune, Distt.- Pune, Maharashtra, Pin Code- 411004",Deccan Education Society,Pune,Maharashtra,Private,M. Sc (N),"15 (Fifteen) Obg-5, Med Surg-6, Psy-2, Chn-2",2025-2026,2,https://online.indiannursingcouncil.org/Reports/YearlyReportByState.aspx,2026-09-11T11:27:50.024232
14,D Y Patil Institute Of Nursing Education,"D Y Patil Institute Of Nursing Education,, Dr.D.Y.Patil Hospital Campus, Kadamwadi, Kolhapur, Distt.- Kolhapur, Maharashtra, Pin Code- 416003",D Y Patil Education Society,Kolhapur,Maharashtra,Private,GNM,30 (Thirty),2025-2026,2,https://online.indiannursingcouncil.org/Reports/YearlyReportByState.aspx,2026-09-11T11:27:50.024232
1,D Y Patil Institute Of Nursing Education,"D Y Patil Institute Of Nursing Education,, Dr.D.Y.Patil Hospital Campus, Kadamwadi, Kolhapur, Distt.- Kolhapur, Maharashtra, Pin Code- 416003",D Y Patil Education Society,Kolhapur,Maharashtra,Private,B.Sc(N),100 (One Hundred),2025-2026,3,https://online.indiannursingcouncil.org/Reports/YearlyReportByState.aspx,2026-09-11T11:27:58.233595
1,D Y Patil Institute Of Nursing Education,"D Y Patil Institute Of Nursing Education,, Dr.D.Y.Patil Hospital Campus, Kadamwadi, Kolhapur, Distt.- Kolhapur, Maharashtra, Pin Code- 416003",D Y Patil Education Society,Kolhapur,Maharashtra,Private,M. Sc (N),25 (Twenty Five) Chn-5 Med-Surg-5 Obg-5 Paed-5 Psy-5,2025-2026,3,https://online.indiannursingcouncil.org/Reports/YearlyReportByState.aspx,2026-09-11T11:27:58.233595
1,D Y Patil Institute Of Nursing Education,"D Y Patil Institute Of Nursing Education,, Dr.D.Y.Patil Hospital Campus, Kadamwadi, Kolhapur, Distt.- Kolhapur, Maharashtra, Pin Code- 416003",D Y Patil Education Society,Kolhapur,Maharashtra,Private,P B B.Sc(N),30 (Thirty),2025-2026,3,https://online.indiannursingcouncil.org/Reports/YearlyReportByState.aspx,2026-09-11T11:27:58.233595
2,Daga Memorial Hospital,"Daga Memorial Hospital, School Of Nursing Daga Memorial Hospital Gandhibag, Nagpur, Distt.- Nagpur, Maharashtra, Pin Code- 440018",Directorate Of Health Services,Nagpur,Maharashtra,Government,ANM,20 (Twenty),2025-2026,3,https://online.indiannursingcouncil.org/Reports/YearlyReportByState.aspx,2026-09-11T11:27:58.233595
3,Dayanand School Of Nursing,"Dayanand School Of Nursing, Near Nilgiri Hotel Vadoli, Talasari, Distt.- Palghar, Maharashtra, Pin Code- 401606",Maharatra Dayanand Society,Palghar,Maharashtra,Private,ANM,20 (Twenty),2025-2026,3,https://online.indiannursingcouncil.org/Reports/YearlyReportByState.aspx,2026-09-11T11:27:58.233595
3,Dayanand School Of Nursing,"Dayanand School Of Nursing, Near Nilgiri Hotel Vadoli, Talasari, Distt.- Palghar, Maharashtra, Pin Code- 401606",Maharatra Dayanand Society,Palghar,Maharashtra,Private,GNM,40 (Forty),2025-2026,3,https://online.indiannursingcouncil.org/Reports/YearlyReportByState.aspx,2026-09-11T11:27:58.233595
4,Dhareshwar Institute Of Nursing,"Dhareshwar Institute Of Nursing, Sr. No 48,Hissa No. 1/16, Indraprashta Nagar, Dhayari, Pune, Distt.- Pune, Maharashtra, Pin Code- 411041",Dhareshwar Vidya Va Krida Pratishthan,Pune,Maharashtra,Private,ANM,40 (Forty),2025-2026,3,https://online.indiannursingcouncil.org/Reports/YearlyReportByState.aspx,2026-09-11T11:27:58.233595
5,Dr D Y Patil College Of Nursing,"Dr D Y Patil College Of Nursing, Sector-7, Vidyanagar, Nerul, Navi Mumbai, Nerul, Distt.- Thane, Maharashtra, Pin Code- 400706",Padmashree Dr D Y Patil University,Thane,Maharashtra,Private,B.Sc(N),100 (One Hundred),2025-2026,3,https://online.indiannursingcouncil.org/Reports/YearlyReportByState.aspx,2026-09-11T11:27:58.233595
5,Dr D Y Patil College Of Nursing,"Dr D Y Patil College Of Nursing, Sector-7, Vidyanagar, Nerul, Navi Mumbai, Nerul, Distt.- Thane, Maharashtra, Pin Code- 400706",Padmashree Dr D Y Patil University,Thane,Maharashtra,Private,M. Sc (N),20 (Twenty) Paed-07 Med Surg-04 Obg-04 Chn-04 Psy-01,2025-2026,3,https://online.indiannursingcouncil.org/Reports/YearlyReportByState.aspx,2026-09-11T11:27:58.233595
5,Dr D Y Patil College Of Nursing,"Dr D Y Patil College Of Nursing, Sector-7, Vidyanagar, Nerul, Navi Mumbai, Nerul, Distt.- Thane, Maharashtra, Pin Code- 400706",Padmashree Dr D Y Patil University,Thane,Maharashtra,Private,P B B.Sc(N),20 (Twenty),2025-2026,3,https://online.indiannursingcouncil.org/Reports/YearlyReportByState.aspx,2026-09-11T11:27:58.233595
6,Dr Hedgewar College Of Nursing,"Dr Hedgewar College Of Nursing, C/O Dr Hedgewar Rugnalaya, Garkheda , Aurangabad , Distt.- Aurangabad, Maharashtra, Pin Code- 431005",Dr Babasaheb Ambedkar Vaidyakiya Pratishthan,Aurangabad,Maharashtra,Private,B.Sc(N),50 (Fifty),2025-2026,3,https://online.indiannursingcouncil.org/Reports/YearlyReportByState.aspx,2026-09-11T11:27:58.233595
7,Dr. Dalvi Hospital &Amp; Nursing Training School,"Dr. Dalvi Hospital &Amp; Nursing Training School, Dr. Rajendra Prasad Chowk, C.A Road, Garoba Maidan, Nagpur, Distt.- Nagpur, Maharashtra, Pin Code- 440008",Dr. Dalvi Memorial Hospital And Research Centre,Nagpur,Maharashtra,Private,ANM,40 (Forty),2025-2026,3,https://online.indiannursingcouncil.org/Reports/YearlyReportByState.aspx,2026-09-11T11:27:58.233595
8,Dr. Ketki Patil School Of Nursing,"Dr. Ketki Patil School Of Nursing, Jalgaon, Plot No. P-61, P-62, Additional Midc Area, Jalgaon, Jalgaon, Distt.- Jalgaon, Maharashtra, Pin Code- 425003","Godavari Foundation, Jalgaon",Jalgaon,Maharashtra,Private,GNM,40 (Forty),2025-2026,3,https://online.indiannursingcouncil.org/Reports/YearlyReportByState.aspx,2026-09-11T11:27:58.233595
9,Dr. Vithalrao Vikhe Patil Foundation's College Of Nursing,"Dr. Vithalrao Vikhe Patil Foundation's College Of Nursing, Opposite Govt. Milk Dairy,Vadgaon Gupta ,Post Midc Vilad Ghat, Ahmednagar , Distt.- Ahmednagar, Maharashtra, Pin Code- 414111",Padmashri Dr Vithalrao Vikhe Patil Foundation,Ahmednagar,Maharashtra,Private,GNM,80 (Eighty),2025-2026,3,https://online.indiannursingcouncil.org/Reports/YearlyReportByState.aspx,2026-09-11T11:27:58.233595
9,Dr. Vithalrao Vikhe Patil Foundation's College Of Nursing,"Dr. Vithalrao Vikhe Patil Foundation's College Of Nursing, Opposite Govt. Milk Dairy,Vadgaon Gupta ,Post Midc Vilad Ghat, Ahmednagar , Distt.- Ahmednagar, Maharashtra, Pin Code- 414111",Padmashri Dr Vithalrao Vikhe Patil Foundation,Ahmednagar,Maharashtra,Private,B.Sc(N),100 (One Hundred),2025-2026,3,https://online.indiannursingcouncil.org/Reports/YearlyReportByState.aspx,2026-09-11T11:27:58.233595
9,Dr. Vithalrao Vikhe Patil Foundation's College Of Nursing,"Dr. Vithalrao Vikhe Patil Foundation's College Of Nursing, Opposite Govt. Milk Dairy,Vadgaon Gupta ,Post Midc Vilad Ghat, Ahmednagar , Distt.- Ahmednagar, Maharashtra, Pin Code- 414111",Padmashri Dr Vithalrao Vikhe Patil Foundation,Ahmednagar,Maharashtra,Private,M. Sc (N),26 (Twenty Six),2025-2026,3,https://online.indiannursingcouncil.org/Reports/YearlyReportByState.aspx,2026-09-11T11:27:58.233595
9,Dr. Vithalrao Vikhe Patil Foundation's College Of Nursing,"Dr. Vithalrao Vikhe Patil Foundation's College Of Nursing, Opposite Govt. Milk Dairy,Vadgaon Gupta ,Post Midc Vilad Ghat, Ahmednagar , Distt.- Ahmednagar, Maharashtra, Pin Code- 414111",Padmashri Dr Vithalrao Vikhe Patil Foundation,Ahmednagar,Maharashtra,Private,P B B.Sc(N),60 (Sixty),2025-2026,3,https://online.indiannursingcouncil.org/Reports/YearlyReportByState.aspx,2026-09-11T11:27:58.233595
10,Evangeline Booth Hospital,"Evangeline Booth Hospital, The Salvation Army, Ahmednagar, Distt.- Ahmednagar, Maharashtra, Pin Code- 414001","The Salvation Army ,Indian Westernterritory",Ahmednagar,Maharashtra,Private,GNM,20 (Twenty),2025-2026,3,https://online.indiannursingcouncil.org/Reports/YearlyReportByState.aspx,2026-09-11T11:27:58.233595
11,Florence Nightingale Institute Of Nursing Education,"Florence Nightingale Institute Of Nursing Education, C/O. Administrative Officer, Plot.No-46, Sector-30, Vashi, Vill.- Vashi, Tehsil- Kalyan, Distt.- Thane, Maharashtra, Pin Code- 400705",Mahatma Gandhi Mission's,Thane,Maharashtra,Private,GNM,30 (Thirty),2025-2026,3,https://online.indiannursingcouncil.org/Reports/YearlyReportByState.aspx,2026-09-11T11:27:58.233595
12,General Hospital,"General Hospital, Sadar Bazar, Satara, Distt.- Satara, Maharashtra, Pin Code- 415001",Govt Inst,Satara,Maharashtra,Government,GNM,20 (Twenty),2025-2026,3,https://online.indiannursingcouncil.org/Reports/YearlyReportByState.aspx,2026-09-11T11:27:58.233595
13,General Hospital,"General Hospital, Training College Of Nursing,Padmbhushan Vasantdada Patil, Sangli, Distt.- Sangli, Maharashtra, Pin Code- 416416",,Sangli,Maharashtra,Government,GNM,20 (Twenty),2025-2026,3,https://online.indiannursingcouncil.org/Reports/YearlyReportByState.aspx,2026-09-11T11:27:58.233595
14,General Hospital,"General Hospital, Zashi Rani Squar, Near Post Office, Wardha, Distt.- Wardha, Maharashtra, Pin Code- 442001",,Wardha,Maharashtra,Government,ANM,20 (Twenty),2025-2026,3,https://online.indiannursingcouncil.org/Reports/YearlyReportByState.aspx,2026-09-11T11:27:58.233595
15,Global Healthcare Institute College Of Nursing,"Global Healthcare Institute College Of Nursing, Opp Muhs Nashik Dindori Road Chinchbari, Nashik, Distt.- Nashik, Maharashtra, Pin Code- 422004",Global Infotech India,Nashik,Maharashtra,Private,GNM,40 (Forty),2025-2026,3,https://online.indiannursingcouncil.org/Reports/YearlyReportByState.aspx,2026-09-11T11:27:58.233595
16,Godavari College Of Nursing,"Godavari College Of Nursing, Nh-6 , Gat No. 57/1, 57/2 , Khirdi Shivar, Jalgaon, Distt.- Jalgaon, Maharashtra, Pin Code- 425309",Godavari Foundation,Jalgaon,Maharashtra,Private,B.Sc(N),100 (One Hundred),2025-2026,3,https://online.indiannursingcouncil.org/Reports/YearlyReportByState.aspx,2026-09-11T11:27:58.233595
16,Godavari College Of Nursing,"Godavari College Of Nursing, Nh-6 , Gat No. 57/1, 57/2 , Khirdi Shivar, Jalgaon, Distt.- Jalgaon, Maharashtra, Pin Code- 425309",Godavari Foundation,Jalgaon,Maharashtra,Private,ANM,30 (Thirty),2025-2026,3,https://online.indiannursingcouncil.org/Reports/YearlyReportByState.aspx,2026-09-11T11:27:58.233595
16,Godavari College Of Nursing,"Godavari College Of Nursing, Nh-6 , Gat No. 57/1, 57/2 , Khirdi Shivar, Jalgaon, Distt.- Jalgaon, Maharashtra, Pin Code- 425309",Godavari Foundation,Jalgaon,Maharashtra,Private,M. Sc (N),25 (Twenty Five) Paed-5 Psy-5 Chn-5 Med-Surg-5 Obg-5,2025-2026,3,https://online.indiannursingcouncil.org/Reports/YearlyReportByState.aspx,2026-09-11T11:27:58.233595
16,Godavari College Of Nursing,"Godavari College Of Nursing, Nh-6 , Gat No. 57/1, 57/2 , Khirdi Shivar, Jalgaon, Distt.- Jalgaon, Maharashtra, Pin Code- 425309",Godavari Foundation,Jalgaon,Maharashtra,Private,P B B.Sc(N),50 (Fifty),2025-2026,3,https://online.indiannursingcouncil.org/Reports/YearlyReportByState.aspx,2026-09-11T11:27:58.233595
16,Godavari College Of Nursing,"Godavari College Of Nursing, Nh-6 , Gat No. 57/1, 57/2 , Khirdi Shivar, Jalgaon, Distt.- Jalgaon, Maharashtra, Pin Code- 425309",Godavari Foundation,Jalgaon,Maharashtra,Private,GNM,100 (One Hundred),2025-2026,3,https://online.indiannursingcouncil.org/Reports/YearlyReportByState.aspx,2026-09-11T11:27:58.233595
17,Gokuldas Tejpal Hospital,"Gokuldas Tejpal Hospital, Dhobi Talav, Mumbai, Distt.- Mumbai, Maharashtra, Pin Code- 400001",Government Of Maharashtra,Mumbai,Maharashtra,Government,GNM,25 (Twenty Five),2025-2026,3,https://online.indiannursingcouncil.org/Reports/YearlyReportByState.aspx,2026-09-11T11:27:58.233595
1,Government College Of Nursing,"Government College Of Nursing, Dr. Shankarrao Chavan Government Medical College And Hospital, Medical College And Hospital, Nanded, Nanded, Distt.- Beed, Maharashtra, Pin Code- 431606",Government Of Maharashtra,Beed,Maharashtra,Government,B.Sc(N),50 (Fifty),2025-2026,4,https://online.indiannursingcouncil.org/Reports/YearlyReportByState.aspx,2026-09-11T11:28:06.566624
2,Government Ranm Nursing School,"Government Ranm Nursing School, Rural Hospital Campus, At/Post Babhalgaon, Latur, Distt.- Latur, Maharashtra, Pin Code- 413512",Maharashtra,Latur,Maharashtra,Government,ANM,20 (Twenty),2025-2026,4,https://online.indiannursingcouncil.org/Reports/YearlyReportByState.aspx,2026-09-11T11:28:06.566624
3,Helen Rose School Of Nursing,"Helen Rose School Of Nursing, Umri Christian Hospital Umri Kelapur , Umri, Distt.- Yavatmal, Maharashtra, Pin Code- 445302",Umri Christian Hospital Trust,Yavatmal,Maharashtra,Private,ANM,20 (Twenty),2025-2026,4,https://online.indiannursingcouncil.org/Reports/YearlyReportByState.aspx,2026-09-11T11:28:06.566624
3,Helen Rose School Of Nursing,"Helen Rose School Of Nursing, Umri Christian Hospital Umri Kelapur , Umri, Distt.- Yavatmal, Maharashtra, Pin Code- 445302",Umri Christian Hospital Trust,Yavatmal,Maharashtra,Private,GNM,20 (Twenty),2025-2026,4,https://online.indiannursingcouncil.org/Reports/YearlyReportByState.aspx,2026-09-11T11:28:06.566624
4,Holy Family Institute Of Nursing Education,"Holy Family Institute Of Nursing Education, Premier Road, Kurla (W), Mumbai , Distt.- Mumbai, Maharashtra, Pin Code- 400070",The Bandra Holy Family Hospital Society,Mumbai,Maharashtra,Private,GNM,60 (Sixty),2025-2026,4,https://online.indiannursingcouncil.org/Reports/YearlyReportByState.aspx,2026-09-11T11:28:06.566624
5,Holy Spirit School Of Nursing,"Holy Spirit School Of Nursing, Holy Spirit Hospital Mahakali Caves Road, Mumbai, Distt.- Mumbai, Maharashtra, Pin Code- 400093",Society Of The Servants Of The Holy Spirit,Mumbai,Maharashtra,Private,GNM,30 (Thirty),2025-2026,4,https://online.indiannursingcouncil.org/Reports/YearlyReportByState.aspx,2026-09-11T11:28:06.566624
5,Holy Spirit School Of Nursing,"Holy Spirit School Of Nursing, Holy Spirit Hospital Mahakali Caves Road, Mumbai, Distt.- Mumbai, Maharashtra, Pin Code- 400093",Society Of The Servants Of The Holy Spirit,Mumbai,Maharashtra,Private,B.Sc(N),30 (Thirty),2025-2026,4,https://online.indiannursingcouncil.org/Reports/YearlyReportByState.aspx,2026-09-11T11:28:06.566624
5,Holy Spirit School Of Nursing,"Holy Spirit School Of Nursing, Holy Spirit Hospital Mahakali Caves Road, Mumbai, Distt.- Mumbai, Maharashtra, Pin Code- 400093",Society Of The Servants Of The Holy Spirit,Mumbai,Maharashtra,Private,P B B.Sc(N),20 (Twenty),2025-2026,4,https://online.indiannursingcouncil.org/Reports/YearlyReportByState.aspx,2026-09-11T11:28:06.566624
6,Indira Bahuuddeshiya Shikshan Sanstha School Of Nursing,"Indira Bahuuddeshiya Shikshan Sanstha School Of Nursing, Old Ajispur Road, Rajendra Nagar, Sagwan, Buldana, Distt.- Buldana, Maharashtra, Pin Code- 443001",Indira Bahuuddeshiya Shikshan Sanstha,Buldana,Maharashtra,Private,ANM,20 (Twenty),2025-2026,4,https://online.indiannursingcouncil.org/Reports/YearlyReportByState.aspx,2026-09-11T11:28:06.566624
7,Indira Gandhi Medical College Hospital,"Indira Gandhi Medical College Hospital, Principal,Training Collage Of Nursing I.G.G.M.C And H Nagpur, Ca Road , Nagpur, Distt.- Nagpur, Maharashtra, Pin Code- 440018",Maharashtra Government,Nagpur,Maharashtra,Government,GNM,40 (Forty),2025-2026,4,https://online.indiannursingcouncil.org/Reports/YearlyReportByState.aspx,2026-09-11T11:28:06.566624
8,Institute Of Nursing Education,"Institute Of Nursing Education, Bai Motalibai, Sir J. J. Group Of Hospitals, Byculla, Mumbai , Distt.- Mumbai, Maharashtra, Pin Code- 400008",Institute Of Nursing Education,Mumbai,Maharashtra,Government,M. Sc (N),25 (Twenty Five) 5 In Each Speciality,2025-2026,4,https://online.indiannursingcouncil.org/Reports/YearlyReportByState.aspx,2026-09-11T11:28:06.566624
8,Institute Of Nursing Education,"Institute Of Nursing Education, Bai Motalibai, Sir J. J. Group Of Hospitals, Byculla, Mumbai , Distt.- Mumbai, Maharashtra, Pin Code- 400008",Institute Of Nursing Education,Mumbai,Maharashtra,Government,P B B.Sc(N),50 (Fifty),2025-2026,4,https://online.indiannursingcouncil.org/Reports/YearlyReportByState.aspx,2026-09-11T11:28:06.566624
8,Institute Of Nursing Education,"Institute Of Nursing Education, Bai Motalibai, Sir J. J. Group Of Hospitals, Byculla, Mumbai , Distt.- Mumbai, Maharashtra, Pin Code- 400008",Institute Of Nursing Education,Mumbai,Maharashtra,Government,Post Basic Diploma in Paediatric Nursing,20 (Twenty),2025-2026,4,https://online.indiannursingcouncil.org/Reports/YearlyReportByState.aspx,2026-09-11T11:28:06.566624
9,Institute Of Nursing Education,"Institute Of Nursing Education,, Sr. No. 165/A, Malwadi, Hadapsar, Pune, Distt.- Pune, Maharashtra, Pin Code- 411028",Maharashtra Arogya Mandal,Pune,Maharashtra,Government,ANM,40 (Forty),2025-2026,4,https://online.indiannursingcouncil.org/Reports/YearlyReportByState.aspx,2026-09-11T11:28:06.566624
10,Itm Ihs College Of Nursing,"Itm Ihs College Of Nursing, Itm Campus,Sector-12,Plot No. 11, Panvel, Distt.- Raighar, Maharashtra, Pin Code- 410206",Institute For Technology And Management Trust,Raighar,Maharashtra,Private,B.Sc(N),40 (Forty),2025-2026,4,https://online.indiannursingcouncil.org/Reports/YearlyReportByState.aspx,2026-09-11T11:28:06.566624
11,Jeevak School Of Nursing,"Jeevak School Of Nursing, Chhatrapati Shahu Maharaj Complex,Dindori Road,Mhasrul.Nashik, Nashik, Distt.- Nashik, Maharashtra, Pin Code- 422004","Jeevak Foundation,Nashik",Nashik,Maharashtra,Private,ANM,30 (Thirty),2025-2026,4,https://online.indiannursingcouncil.org/Reports/YearlyReportByState.aspx,2026-09-11T11:28:06.566624
12,Jiius Mother Hawwa College Of Nursing,"Jiius Mother Hawwa College Of Nursing, Iimsr Noor Hospital At - Warudi Tq - Badnapur , Jalna, Distt.- Jalna, Maharashtra, Pin Code- 431202",Jamia Islamia Ishaatul Uloom,Jalna,Maharashtra,Private,B.Sc(N),50 (Fifty),2025-2026,4,https://online.indiannursingcouncil.org/Reports/YearlyReportByState.aspx,2026-09-11T11:28:06.566624
13,Jijamata Nursing School,"Jijamata Nursing School, A/P:Dahigaon-Ne,Tal:Shevgaon, Dist:Ahmednagar (Mh), Dahigaon-Ne, Distt.- Ahmednagar, Maharashtra, Pin Code- 414502",Janat Shikshan Prasarak Mandal,Ahmednagar,Maharashtra,Private,ANM,20 (Twenty),2025-2026,4,https://online.indiannursingcouncil.org/Reports/YearlyReportByState.aspx,2026-09-11T11:28:06.566624
14,K E M Hospital,"K E M Hospital, Parel, Mumbai , Distt.- Mumbai, Maharashtra, Pin Code- 400012",Muncipal Corporation Of Gr. Mumbai,Mumbai,Maharashtra,Government,GNM,100 (One Hundred),2025-2026,4,https://online.indiannursingcouncil.org/Reports/YearlyReportByState.aspx,2026-09-11T11:28:06.566624
15,K T Patil School Of Nursing,"K T Patil School Of Nursing, Siddharth Nagar,Barshi Road, Osmanabad, Distt.- Osmanabad, Maharashtra, Pin Code- 413501",Adarsh Shikshan Prasarak Mandal's,Osmanabad,Maharashtra,Private,ANM,20 (Twenty),2025-2026,4,https://online.indiannursingcouncil.org/Reports/YearlyReportByState.aspx,2026-09-11T11:28:06.566624
16,K.J.Somaiya School And College Of Nursing,"K.J.Somaiya School And College Of Nursing, 4Th Floor, K.J.Somaiya Hospital Complex, Near Everard Nagar, Near Eastern Express Highway, Sion, Vill.- Sion, Tehsil- Kurla, Distt.- Mumbai, Maharashtra,",K.J.Somaiya Medical Trust,Mumbai,Maharashtra,Private,GNM,40 (Forty),2025-2026,4,https://online.indiannursingcouncil.org/Reports/YearlyReportByState.aspx,2026-09-11T11:28:06.566624
16,K.J.Somaiya School And College Of Nursing,"K.J.Somaiya School And College Of Nursing, 4Th Floor, K.J.Somaiya Hospital Complex, Near Everard Nagar, Near Eastern Express Highway, Sion, Vill.- Sion, Tehsil- Kurla, Distt.- Mumbai, Maharashtra,",K.J.Somaiya Medical Trust,Mumbai,Maharashtra,Private,B.Sc(N),40 (Forty),2025-2026,4,https://online.indiannursingcouncil.org/Reports/YearlyReportByState.aspx,2026-09-11T11:28:06.566624
16,K.J.Somaiya School And College Of Nursing,"K.J.Somaiya School And College Of Nursing, 4Th Floor, K.J.Somaiya Hospital Complex, Near Everard Nagar, Near Eastern Express Highway, Sion, Vill.- Sion, Tehsil- Kurla, Distt.- Mumbai, Maharashtra,",K.J.Somaiya Medical Trust,Mumbai,Maharashtra,Private,M. Sc (N),15 (Fifteen),2025-2026,4,https://online.indiannursingcouncil.org/Reports/YearlyReportByState.aspx,2026-09-11T11:28:06.566624
17,Kamalnayan Bajaj Nursing College,"Kamalnayan Bajaj Nursing College, Gut No.: 43, Satara Parisar, Bajaj Marg, Beed Bypass Road, Aurangabad, Distt.- Aurangabad, Maharashtra, Pin Code- 431005",Mararnwada Medical And Research Instt,Aurangabad,Maharashtra,Private,B.Sc(N),50 (FIFTY),2025-2026,4,https://online.indiannursingcouncil.org/Reports/YearlyReportByState.aspx,2026-09-11T11:28:06.566624
17,Kamalnayan Bajaj Nursing College,"Kamalnayan Bajaj Nursing College, Gut No.: 43, Satara Parisar, Bajaj Marg, Beed Bypass Road, Aurangabad, Distt.- Aurangabad, Maharashtra, Pin Code- 431005",Mararnwada Medical And Research Instt,Aurangabad,Maharashtra,Private,M. Sc (N),"10 (Ten) Med-Surg-8, Paed-2,",2025-2026,4,https://online.indiannursingcouncil.org/Reports/YearlyReportByState.aspx,2026-09-11T11:28:06.566624
18,Karuna Nursing School,"Karuna Nursing School, Karuna Hospital, Yeola Road, Manmad, Manmad, Distt.- Nashik, Maharashtra, Pin Code- 423104",The Manmad St. Vincent Society,Nashik,Maharashtra,Private,ANM,30 (Thirty),2025-2026,4,https://online.indiannursingcouncil.org/Reports/YearlyReportByState.aspx,2026-09-11T11:28:06.566624
19,Kasal's Nursing Training School,"Kasal's Nursing Training School, A/P Gaorai, Gaorai , Distt.- Sindhudurga, Maharashtra, Pin Code- 416534",Shree Anant Smruti Charitable Trust,Sindhudurga,Maharashtra,Private,ANM,15 (Fifteen),2025-2026,4,https://online.indiannursingcouncil.org/Reports/YearlyReportByState.aspx,2026-09-11T11:28:06.566624
19,Kasal's Nursing Training School,"Kasal's Nursing Training School, A/P Gaorai, Gaorai , Distt.- Sindhudurga, Maharashtra, Pin Code- 416534",Shree Anant Smruti Charitable Trust,Sindhudurga,Maharashtra,Private,B.Sc(N),50 (Fifty),2025-2026,4,https://online.indiannursingcouncil.org/Reports/YearlyReportByState.aspx,2026-09-11T11:28:06.566624
20,Kasturba Nursing School,"Kasturba Nursing School , Kasturba Health Society,Sewagram, Wardha, Distt.- Wardha, Maharashtra, Pin Code- 442001",Kasturba Health Society,Wardha,Maharashtra,Private,GNM,40 (Forty),2025-2026,4,https://online.indiannursingcouncil.org/Reports/YearlyReportByState.aspx,2026-09-11T11:28:06.566624
20,Kasturba Nursing School,"Kasturba Nursing School , Kasturba Health Society,Sewagram, Wardha, Distt.- Wardha, Maharashtra, Pin Code- 442001",Kasturba Health Society,Wardha,Maharashtra,Private,B.Sc(N),40 (Forty),2025-2026,4,https://online.indiannursingcouncil.org/Reports/YearlyReportByState.aspx,2026-09-11T11:28:06.566624
1,Kasturba Nursing School,"Kasturba Nursing School , Kasturba Health Society,Sewagram, Wardha, Distt.- Wardha, Maharashtra, Pin Code- 442001",Kasturba Health Society,Wardha,Maharashtra,Private,M. Sc (N),"20 Med-Surg-5, Psy-5, Obg-5, Chn-5",2025-2026,5,https://online.indiannursingcouncil.org/Reports/YearlyReportByState.aspx,2026-09-11T11:28:14.612849
1,Kasturba Nursing School,"Kasturba Nursing School , Kasturba Health Society,Sewagram, Wardha, Distt.- Wardha, Maharashtra, Pin Code- 442001",Kasturba Health Society,Wardha,Maharashtra,Private,P B B.Sc(N),20 (Twenty),2025-2026,5,https://online.indiannursingcouncil.org/Reports/YearlyReportByState.aspx,2026-09-11T11:28:14.612849
2,Kedari Redekar Nursing School,"Kedari Redekar Nursing School, P-2 Midc Area,Shendri Mal, Gadhinglaj, Distt.- Kolhapur, Maharashtra, Pin Code- 416502",Late Kedari Redekar Shiskshan Sanshta,Kolhapur,Maharashtra,Private,ANM,30 (Thirty),2025-2026,5,https://online.indiannursingcouncil.org/Reports/YearlyReportByState.aspx,2026-09-11T11:28:14.612849
2,Kedari Redekar Nursing School,"Kedari Redekar Nursing School, P-2 Midc Area,Shendri Mal, Gadhinglaj, Distt.- Kolhapur, Maharashtra, Pin Code- 416502",Late Kedari Redekar Shiskshan Sanshta,Kolhapur,Maharashtra,Private,GNM,50 (Fifty),2025-2026,5,https://online.indiannursingcouncil.org/Reports/YearlyReportByState.aspx,2026-09-11T11:28:14.612849
3,King Edward Memorial Hsopital,"King Edward Memorial Hsopital, 489, Rasta Peth, Sardar Moodliar Road, Pune, Distt.- Pune, Maharashtra, Pin Code- 411011",King Edward Memorial Hospital Pune,Pune,Maharashtra,Private,GNM,20 (Twenty),2025-2026,5,https://online.indiannursingcouncil.org/Reports/YearlyReportByState.aspx,2026-09-11T11:28:14.612849
4,Krishna Institute Of Nursing Sciences,"Krishna Institute Of Nursing Sciences, Krishna Institute Of Medical Sciences Deemed University, Near Dhebewadi Road, Karad, Distt.- Satara, Maharashtra, Pin Code- 415539",Krishna Institute Of Medical Sciences University,Satara,Maharashtra,Private,B.Sc(N),150 (One Hundred Fifty),2025-2026,5,https://online.indiannursingcouncil.org/Reports/YearlyReportByState.aspx,2026-09-11T11:28:14.612849
4,Krishna Institute Of Nursing Sciences,"Krishna Institute Of Nursing Sciences, Krishna Institute Of Medical Sciences Deemed University, Near Dhebewadi Road, Karad, Distt.- Satara, Maharashtra, Pin Code- 415539",Krishna Institute Of Medical Sciences University,Satara,Maharashtra,Private,GNM,60 (Sixty),2025-2026,5,https://online.indiannursingcouncil.org/Reports/YearlyReportByState.aspx,2026-09-11T11:28:14.612849
4,Krishna Institute Of Nursing Sciences,"Krishna Institute Of Nursing Sciences, Krishna Institute Of Medical Sciences Deemed University, Near Dhebewadi Road, Karad, Distt.- Satara, Maharashtra, Pin Code- 415539",Krishna Institute Of Medical Sciences University,Satara,Maharashtra,Private,M. Sc (N),"20 (Twenty) Med-Surg-4, Obg-4, Chn-4, Paed-4, Psy-4",2025-2026,5,https://online.indiannursingcouncil.org/Reports/YearlyReportByState.aspx,2026-09-11T11:28:14.612849
4,Krishna Institute Of Nursing Sciences,"Krishna Institute Of Nursing Sciences, Krishna Institute Of Medical Sciences Deemed University, Near Dhebewadi Road, Karad, Distt.- Satara, Maharashtra, Pin Code- 415539",Krishna Institute Of Medical Sciences University,Satara,Maharashtra,Private,P B B.Sc(N),40 (Forty),2025-2026,5,https://online.indiannursingcouncil.org/Reports/YearlyReportByState.aspx,2026-09-11T11:28:14.612849
4,Krishna Institute Of Nursing Sciences,"Krishna Institute Of Nursing Sciences, Krishna Institute Of Medical Sciences Deemed University, Near Dhebewadi Road, Karad, Distt.- Satara, Maharashtra, Pin Code- 415539",Krishna Institute Of Medical Sciences University,Satara,Maharashtra,Private,NURSE PRACTITIONER IN CRITICAL CARE(NPCC),20 (Twenty),2025-2026,5,https://online.indiannursingcouncil.org/Reports/YearlyReportByState.aspx,2026-09-11T11:28:14.612849
5,Late Anusaya Savitribai Manikrao Thakoor Memorial School Of Nursing,"Late Anusaya Savitribai Manikrao Thakoor Memorial School Of Nursing , Samata Colony,Varale Road, Talegaon Dabhade Station, Pune, Distt.- Pune, Maharashtra, Pin Code- 410507",Sevadham Trust Pune,Pune,Maharashtra,Private,ANM,20 (Twenty),2025-2026,5,https://online.indiannursingcouncil.org/Reports/YearlyReportByState.aspx,2026-09-11T11:28:14.612849
5,Late Anusaya Savitribai Manikrao Thakoor Memorial School Of Nursing,"Late Anusaya Savitribai Manikrao Thakoor Memorial School Of Nursing , Samata Colony,Varale Road, Talegaon Dabhade Station, Pune, Distt.- Pune, Maharashtra, Pin Code- 410507",Sevadham Trust Pune,Pune,Maharashtra,Private,GNM,20 (Twenty),2025-2026,5,https://online.indiannursingcouncil.org/Reports/YearlyReportByState.aspx,2026-09-11T11:28:14.612849
6,Leelabai Thackersey Coll. Of Nsg.,"Leelabai Thackersey Coll. Of Nsg., S.N.D.T. Women's University, 5Th Floor, Patkar Hall Building, 1 N.T. Road, New Marine Lines, Mumbai, Distt.- Mumbai, Maharashtra, Pin Code- 400020",Maharashtra State Government,Mumbai,Maharashtra,Government,M. Sc (N),15,2025-2026,5,https://online.indiannursingcouncil.org/Reports/YearlyReportByState.aspx,2026-09-11T11:28:14.612849
6,Leelabai Thackersey Coll. Of Nsg.,"Leelabai Thackersey Coll. Of Nsg., S.N.D.T. Women's University, 5Th Floor, Patkar Hall Building, 1 N.T. Road, New Marine Lines, Mumbai, Distt.- Mumbai, Maharashtra, Pin Code- 400020",Maharashtra State Government,Mumbai,Maharashtra,Government,B.Sc(N),50 (Fifty),2025-2026,5,https://online.indiannursingcouncil.org/Reports/YearlyReportByState.aspx,2026-09-11T11:28:14.612849
7,Life Line School Of Nursing,"Life Line School Of Nursing, Opp St Stand, Navi Mumbai , Distt.- Raighar, Maharashtra, Pin Code- 410206",Late Abasaheb Uttamrao Bedse Charitabel Trust,Raighar,Maharashtra,Private,ANM,20 (Twenty),2025-2026,5,https://online.indiannursingcouncil.org/Reports/YearlyReportByState.aspx,2026-09-11T11:28:14.612849
8,M E S' College Of Nursing,"M E S' College Of Nursing, Ghanekhunt-Lote, Ghanekhunt - Lote, Distt.- Ratnagiri, Maharashtra, Pin Code- 415722",Maharashtra Education Society,Ratnagiri,Maharashtra,Private,B.Sc(N),50 (Fifty),2025-2026,5,https://online.indiannursingcouncil.org/Reports/YearlyReportByState.aspx,2026-09-11T11:28:14.612849
8,M E S' College Of Nursing,"M E S' College Of Nursing, Ghanekhunt-Lote, Ghanekhunt - Lote, Distt.- Ratnagiri, Maharashtra, Pin Code- 415722",Maharashtra Education Society,Ratnagiri,Maharashtra,Private,M. Sc (N),"20 (Twenty): CHN-03, MED-SURG-03, OBG-03, PAED.-03, PSY-08",2025-2026,5,https://online.indiannursingcouncil.org/Reports/YearlyReportByState.aspx,2026-09-11T11:28:14.612849
8,M E S' College Of Nursing,"M E S' College Of Nursing, Ghanekhunt-Lote, Ghanekhunt - Lote, Distt.- Ratnagiri, Maharashtra, Pin Code- 415722",Maharashtra Education Society,Ratnagiri,Maharashtra,Private,P B B.Sc(N),20 (Twenty),2025-2026,5,https://online.indiannursingcouncil.org/Reports/YearlyReportByState.aspx,2026-09-11T11:28:14.612849
8,M E S' College Of Nursing,"M E S' College Of Nursing, Ghanekhunt-Lote, Ghanekhunt - Lote, Distt.- Ratnagiri, Maharashtra, Pin Code- 415722",Maharashtra Education Society,Ratnagiri,Maharashtra,Private,ANM,30 (Thirty),2025-2026,5,https://online.indiannursingcouncil.org/Reports/YearlyReportByState.aspx,2026-09-11T11:28:14.612849
8,M E S' College Of Nursing,"M E S' College Of Nursing, Ghanekhunt-Lote, Ghanekhunt - Lote, Distt.- Ratnagiri, Maharashtra, Pin Code- 415722",Maharashtra Education Society,Ratnagiri,Maharashtra,Private,GNM,40 (Forty),2025-2026,5,https://online.indiannursingcouncil.org/Reports/YearlyReportByState.aspx,2026-09-11T11:28:14.612849
9,M G M College Of Nursing,"M G M College Of Nursing, M G M General Cum Super Specialty Hospital Campus, Plot No. 46, Sector-30, Vashi, Navi Mumbai, Distt.- Thane, Maharashtra, Pin Code- 400705",Mahatma Gandhi Mission,Thane,Maharashtra,Private,B.Sc(N),30 (Thirty),2025-2026,5,https://online.indiannursingcouncil.org/Reports/YearlyReportByState.aspx,2026-09-11T11:28:14.612849
10,M I T's Nursing College,"M I T's Nursing College, Mit Campus Satara Village Road Beed By Pass Road, Aurangabad, Distt.- Aurangabad, Maharashtra, Pin Code- 431010",Gramodhyogik Shikshan Mandal,Aurangabad,Maharashtra,Private,B.Sc(N),40 (Forty),2025-2026,5,https://online.indiannursingcouncil.org/Reports/YearlyReportByState.aspx,2026-09-11T11:28:14.612849
11,M V P Samaj's Institute Of Nursing Education,"M V P Samaj's Institute Of Nursing Education, Vasantdada Nagar, Adgaon, Distt.- Nashik, Maharashtra, Pin Code- 422003",Maratha Vidya Prasarak Samaj,Nashik,Maharashtra,Private,GNM,80 (Eighty),2025-2026,5,https://online.indiannursingcouncil.org/Reports/YearlyReportByState.aspx,2026-09-11T11:28:14.612849
11,M V P Samaj's Institute Of Nursing Education,"M V P Samaj's Institute Of Nursing Education, Vasantdada Nagar, Adgaon, Distt.- Nashik, Maharashtra, Pin Code- 422003",Maratha Vidya Prasarak Samaj,Nashik,Maharashtra,Private,B.Sc(N),80 (EIGHTY),2025-2026,5,https://online.indiannursingcouncil.org/Reports/YearlyReportByState.aspx,2026-09-11T11:28:14.612849
11,M V P Samaj's Institute Of Nursing Education,"M V P Samaj's Institute Of Nursing Education, Vasantdada Nagar, Adgaon, Distt.- Nashik, Maharashtra, Pin Code- 422003",Maratha Vidya Prasarak Samaj,Nashik,Maharashtra,Private,M. Sc (N),13 Paed-4 Obg-9,2025-2026,5,https://online.indiannursingcouncil.org/Reports/YearlyReportByState.aspx,2026-09-11T11:28:14.612849
12,Madhukarrao Mahalkalkar Nursing School,"Madhukarrao Mahalkalkar Nursing School,, Vaibhav Nagar, Narsala Road, Dighori, Umred Road, Nagpur, Distt.- Nagpur, Maharashtra, Pin Code- 440034",Ajay Bahu Uddeshiya Sewa Mandal,Nagpur,Maharashtra,Private,ANM,30 (Thiry),2025-2026,5,https://online.indiannursingcouncil.org/Reports/YearlyReportByState.aspx,2026-09-11T11:28:14.612849
13,Maeer College Of Nursing,"Maeer College Of Nursing , C/O Mimer Medical College And General Hospital Campus New Building 3Rd Floor Talegaon Dabhade Pune, Pune, Distt.- Pune, Maharashtra, Pin Code- 410507",Maharashtra Academy Of Engineering Education And Research,Pune,Maharashtra,Private,B.Sc(N),40 (Forty),2025-2026,5,https://online.indiannursingcouncil.org/Reports/YearlyReportByState.aspx,2026-09-11T11:28:14.612849
14,Maeer,"Maeer,S Vishwaraj Institute Of Nursing , Gate No, 499, Solapur - Pune Hwy, Near Loni Station, Kadamwak Vasti, Loni Kalbhor, Maharashtra 412201, Pune, Distt.- Pune, Maharashtra, Pin Code- 412201",Maharashtra Academy Of Engineering Education And Research,Pune,Maharashtra,Private,B.Sc(N),40 (Forty),2025-2026,5,https://online.indiannursingcouncil.org/Reports/YearlyReportByState.aspx,2026-09-11T11:28:14.612849
15,Maharashtra Institute Of Mental Health,"Maharashtra Institute Of Mental Health, Sassoon General Hospitals Campus, Pune, Distt.- Pune, Maharashtra, Pin Code- 411001",Government Of Maharashtra,Pune,Maharashtra,Government,M. Sc (N),10 Psy Nsg-10,2025-2026,5,https://online.indiannursingcouncil.org/Reports/YearlyReportByState.aspx,2026-09-11T11:28:14.612849
1,Maharashtra Institute Of Mental Health,"Maharashtra Institute Of Mental Health, Sassoon General Hospitals Campus, Pune, Distt.- Pune, Maharashtra, Pin Code- 411001",Government Of Maharashtra,Pune,Maharashtra,Government,Post Basic Diploma in Psychiatric nsg.,10 (Ten),2025-2026,6,https://online.indiannursingcouncil.org/Reports/YearlyReportByState.aspx,2026-09-11T11:28:24.000628
2,Maharashtra Nursing School,"Maharashtra Nursing School, Mimsr Medical College Campus, Ambajogai Road,Vishwanathpuram, Latur, Distt.- Latur, Maharashtra, Pin Code- 413512",Maharashtra Academy Of Engineering And Edu Res,Latur,Maharashtra,Private,GNM,20 (Twenty),2025-2026,6,https://online.indiannursingcouncil.org/Reports/YearlyReportByState.aspx,2026-09-11T11:28:24.000628
2,Maharashtra Nursing School,"Maharashtra Nursing School, Mimsr Medical College Campus, Ambajogai Road,Vishwanathpuram, Latur, Distt.- Latur, Maharashtra, Pin Code- 413512",Maharashtra Academy Of Engineering And Edu Res,Latur,Maharashtra,Private,B.Sc(N),50 (Fifty),2025-2026,6,https://online.indiannursingcouncil.org/Reports/YearlyReportByState.aspx,2026-09-11T11:28:24.000628
2,Maharashtra Nursing School,"Maharashtra Nursing School, Mimsr Medical College Campus, Ambajogai Road,Vishwanathpuram, Latur, Distt.- Latur, Maharashtra, Pin Code- 413512",Maharashtra Academy Of Engineering And Edu Res,Latur,Maharashtra,Private,P B B.Sc(N),20 (Twenty),2025-2026,6,https://online.indiannursingcouncil.org/Reports/YearlyReportByState.aspx,2026-09-11T11:28:24.000628
3,Mai Nursing School,"Mai Nursing School, Pushpasen Dnyanpeeth, A/P Wadihumarmala, Jayawant Nagar Tal Kudal , Sindhudurg, Distt.- Sindhudurga, Maharashtra, Pin Code- 416812",Indrayani Shikshan Prasarak Mandal,Sindhudurga,Maharashtra,Private,ANM,20 (Twenty),2025-2026,6,https://online.indiannursingcouncil.org/Reports/YearlyReportByState.aspx,2026-09-11T11:28:24.000628
4,Manav Sadhan Vikas Sanstha,"Manav Sadhan Vikas Sanstha, School Of Nursing, Aanav, Kudal, Distt.- Sindhudurga, Maharashtra, Pin Code- 416812",Manav Sadhan Vikas Sanstha,Sindhudurga,Maharashtra,Private,GNM,60 (Sixty),2025-2026,6,https://online.indiannursingcouncil.org/Reports/YearlyReportByState.aspx,2026-09-11T11:28:24.000628
5,Matoshri School Of Nursing,"Matoshri School Of Nursing, Near Odhagaon Aurangabad Highway Eklahare , Nashik, Distt.- Nashik, Maharashtra, Pin Code- 422105",Matoshri Education Society,Nashik,Maharashtra,Private,ANM,40 (Forty),2025-2026,6,https://online.indiannursingcouncil.org/Reports/YearlyReportByState.aspx,2026-09-11T11:28:24.000628
5,Matoshri School Of Nursing,"Matoshri School Of Nursing, Near Odhagaon Aurangabad Highway Eklahare , Nashik, Distt.- Nashik, Maharashtra, Pin Code- 422105",Matoshri Education Society,Nashik,Maharashtra,Private,B.Sc(N),30 (Thirty),2025-2026,6,https://online.indiannursingcouncil.org/Reports/YearlyReportByState.aspx,2026-09-11T11:28:24.000628
6,Matru Sewa Sangh School Of Nursing,"Matru Sewa Sangh School Of Nursing, Kothi Road Mahal, Nagpur, Distt.- Nagpur, Maharashtra, Pin Code- 440032","Matrusewa Sangh, Mahal, Nagpur",Nagpur,Maharashtra,Private,ANM,15 (Fifteen),2025-2026,6,https://online.indiannursingcouncil.org/Reports/YearlyReportByState.aspx,2026-09-11T11:28:24.000628
7,Mauli Nursing College,"Mauli Nursing College, Pingali Road Hatta, Pingali Road Hatta, Distt.- Parbhani, Maharashtra, Pin Code- 431401",Mauli Shikshan Prasarak Mandal,Parbhani,Maharashtra,Private,GNM,40 (Forty),2025-2026,6,https://online.indiannursingcouncil.org/Reports/YearlyReportByState.aspx,2026-09-11T11:28:24.000628
8,Mauli Shikshan Prasarak Mandal,"Mauli Shikshan Prasarak Mandal, Pingali Road Hatta, Pingali Road Hatta, Distt.- Parbhani, Maharashtra, Pin Code- 431401",Mauli Shikshan Prasarak Mandal,Parbhani,Maharashtra,Private,ANM,20 (Twenty),2025-2026,6,https://online.indiannursingcouncil.org/Reports/YearlyReportByState.aspx,2026-09-11T11:28:24.000628
9,Mgm Institute Of Health Sciences,"Mgm Institute Of Health Sciences, Plot No. 1 &Amp; 2, Sector - 1, Navi Mumbai, Distt.- Raighar, Maharashtra, Pin Code-",Mgm Institute Of Health Sciences,Raighar,Maharashtra,Private,Ph. D,04 (Four),2025-2026,6,https://online.indiannursingcouncil.org/Reports/YearlyReportByState.aspx,2026-09-11T11:28:24.000628
9,Mgm Institute Of Health Sciences,"Mgm Institute Of Health Sciences, Plot No. 1 &Amp; 2, Sector - 1, Navi Mumbai, Distt.- Raighar, Maharashtra, Pin Code-",Mgm Institute Of Health Sciences,Raighar,Maharashtra,Private,B.Sc(N),100 (One Hundred),2025-2026,6,https://online.indiannursingcouncil.org/Reports/YearlyReportByState.aspx,2026-09-11T11:28:24.000628
9,Mgm Institute Of Health Sciences,"Mgm Institute Of Health Sciences, Plot No. 1 &Amp; 2, Sector - 1, Navi Mumbai, Distt.- Raighar, Maharashtra, Pin Code-",Mgm Institute Of Health Sciences,Raighar,Maharashtra,Private,M. Sc (N),"25 (Twenty Five) Med-Surg-10, Psy-3, Paed-4, Chn-4, Obg-4",2025-2026,6,https://online.indiannursingcouncil.org/Reports/YearlyReportByState.aspx,2026-09-11T11:28:24.000628
9,Mgm Institute Of Health Sciences,"Mgm Institute Of Health Sciences, Plot No. 1 &Amp; 2, Sector - 1, Navi Mumbai, Distt.- Raighar, Maharashtra, Pin Code-",Mgm Institute Of Health Sciences,Raighar,Maharashtra,Private,P B B.Sc(N),30 (Thirty),2025-2026,6,https://online.indiannursingcouncil.org/Reports/YearlyReportByState.aspx,2026-09-11T11:28:24.000628
9,Mgm Institute Of Health Sciences,"Mgm Institute Of Health Sciences, Plot No. 1 &Amp; 2, Sector - 1, Navi Mumbai, Distt.- Raighar, Maharashtra, Pin Code-",Mgm Institute Of Health Sciences,Raighar,Maharashtra,Private,NURSE PRACTITIONER IN CRITICAL CARE(NPCC),20 (Twenty),2025-2026,6,https://online.indiannursingcouncil.org/Reports/YearlyReportByState.aspx,2026-09-11T11:28:24.000628
9,Mgm Institute Of Health Sciences,"Mgm Institute Of Health Sciences, Plot No. 1 &Amp; 2, Sector - 1, Navi Mumbai, Distt.- Raighar, Maharashtra, Pin Code-",Mgm Institute Of Health Sciences,Raighar,Maharashtra,Private,Nurse Practitioner in Emergency and Trauma Care,20 (Twenty),2025-2026,6,https://online.indiannursingcouncil.org/Reports/YearlyReportByState.aspx,2026-09-11T11:28:24.000628
10,Mother Teresa College Of Nursing,"Mother Teresa College Of Nursing,, Mahatma Gandhi Mission, N -6, C I D C O,, Aurangabad, Distt.- Aurangabad, Maharashtra, Pin Code- 431003","Mahatma Gandhi Mission,",Aurangabad,Maharashtra,Private,B.Sc(N),100 (One Hundred),2025-2026,6,https://online.indiannursingcouncil.org/Reports/YearlyReportByState.aspx,2026-09-11T11:28:24.000628
10,Mother Teresa College Of Nursing,"Mother Teresa College Of Nursing,, Mahatma Gandhi Mission, N -6, C I D C O,, Aurangabad, Distt.- Aurangabad, Maharashtra, Pin Code- 431003","Mahatma Gandhi Mission,",Aurangabad,Maharashtra,Private,ANM,40 (Forty),2025-2026,6,https://online.indiannursingcouncil.org/Reports/YearlyReportByState.aspx,2026-09-11T11:28:24.000628
10,Mother Teresa College Of Nursing,"Mother Teresa College Of Nursing,, Mahatma Gandhi Mission, N -6, C I D C O,, Aurangabad, Distt.- Aurangabad, Maharashtra, Pin Code- 431003","Mahatma Gandhi Mission,",Aurangabad,Maharashtra,Private,GNM,100 (One Hundred),2025-2026,6,https://online.indiannursingcouncil.org/Reports/YearlyReportByState.aspx,2026-09-11T11:28:24.000628
10,Mother Teresa College Of Nursing,"Mother Teresa College Of Nursing,, Mahatma Gandhi Mission, N -6, C I D C O,, Aurangabad, Distt.- Aurangabad, Maharashtra, Pin Code- 431003","Mahatma Gandhi Mission,",Aurangabad,Maharashtra,Private,P B B.Sc(N),40 (Forty),2025-2026,6,https://online.indiannursingcouncil.org/Reports/YearlyReportByState.aspx,2026-09-11T11:28:24.000628
11,Mrs. Kumudben Madanbhai Sura Nursing School,"Mrs. Kumudben Madanbhai Sura Nursing School, Indulal Complex, Above Rupee Bank, Lal Bahadur Shastri Marg, Pune, Distt.- Pune, Maharashtra, Pin Code- 411030",Janaseva Foundation,Pune,Maharashtra,Private,ANM,30 (Thirty),2025-2026,6,https://online.indiannursingcouncil.org/Reports/YearlyReportByState.aspx,2026-09-11T11:28:24.000628
12,N M Wadia Charitable Hospital,"N M Wadia Charitable Hospital, Dadasahed Gaikwad Solapur, Solapur, Distt.- Solapur, Maharashtra, Pin Code- 413001",,Solapur,Maharashtra,Private,GNM,20 (Twenty),2025-2026,6,https://online.indiannursingcouncil.org/Reports/YearlyReportByState.aspx,2026-09-11T11:28:24.000628
13,N M Wadia Hospital,"N M Wadia Hospital, School Of Nursing, 283, Shukrawar Peth, Pune , Distt.- Pune, Maharashtra, Pin Code- 411002",Poona Christian Medical Association,Pune,Maharashtra,Private,GNM,20 (Twenty),2025-2026,6,https://online.indiannursingcouncil.org/Reports/YearlyReportByState.aspx,2026-09-11T11:28:24.000628
14,Nazarene Nurses Training College,"Nazarene Nurses Training College, Reynolds Memorial Hospital &Amp; A.C., Pusad Road, Washim, Distt.- Washim, Maharashtra, Pin Code- 444505",Reynolds Memorial Hosp. And Affiliated Clinics Washim,Washim,Maharashtra,Private,B.Sc(N),40 (Forty),2025-2026,6,https://online.indiannursingcouncil.org/Reports/YearlyReportByState.aspx,2026-09-11T11:28:24.000628
14,Nazarene Nurses Training College,"Nazarene Nurses Training College, Reynolds Memorial Hospital &Amp; A.C., Pusad Road, Washim, Distt.- Washim, Maharashtra, Pin Code- 444505",Reynolds Memorial Hosp. And Affiliated Clinics Washim,Washim,Maharashtra,Private,ANM,20 (Twenty),2025-2026,6,https://online.indiannursingcouncil.org/Reports/YearlyReportByState.aspx,2026-09-11T11:28:24.000628
15,Nityaseva Hospital Nursing School,"Nityaseva Hospital Nursing School, Paithan Road , Shevgaon, Distt.- Ahmednagar, Maharashtra, Pin Code- 414502",Medical Mission Secular Institute,Ahmednagar,Maharashtra,Private,ANM,30 (Thirty),2025-2026,6,https://online.indiannursingcouncil.org/Reports/YearlyReportByState.aspx,2026-09-11T11:28:24.000628
16,Padmashree Dr D Y Patil College Of Nursing,"Padmashree Dr D Y Patil College Of Nursing, Sant Tukaram Nagar,Pimpri, Pune, Distt.- Pune, Maharashtra, Pin Code- 411018",Dr. D.Y. Patil Unitech Society,Pune,Maharashtra,Private,B.Sc(N),100 (Hundred),2025-2026,6,https://online.indiannursingcouncil.org/Reports/YearlyReportByState.aspx,2026-09-11T11:28:24.000628
16,Padmashree Dr D Y Patil College Of Nursing,"Padmashree Dr D Y Patil College Of Nursing, Sant Tukaram Nagar,Pimpri, Pune, Distt.- Pune, Maharashtra, Pin Code- 411018",Dr. D.Y. Patil Unitech Society,Pune,Maharashtra,Private,GNM,90 (Ninety),2025-2026,6,https://online.indiannursingcouncil.org/Reports/YearlyReportByState.aspx,2026-09-11T11:28:24.000628
1,Padmashree Dr D Y Patil College Of Nursing,"Padmashree Dr D Y Patil College Of Nursing, Sant Tukaram Nagar,Pimpri, Pune, Distt.- Pune, Maharashtra, Pin Code- 411018",Dr. D.Y. Patil Unitech Society,Pune,Maharashtra,Private,M. Sc (N),20 (Twenty),2025-2026,7,https://online.indiannursingcouncil.org/Reports/YearlyReportByState.aspx,2026-09-11T11:28:32.455867
1,Padmashree Dr D Y Patil College Of Nursing,"Padmashree Dr D Y Patil College Of Nursing, Sant Tukaram Nagar,Pimpri, Pune, Distt.- Pune, Maharashtra, Pin Code- 411018",Dr. D.Y. Patil Unitech Society,Pune,Maharashtra,Private,P B B.Sc(N),30 (Thirty),2025-2026,7,https://online.indiannursingcouncil.org/Reports/YearlyReportByState.aspx,2026-09-11T11:28:32.455867
1,Padmashree Dr D Y Patil College Of Nursing,"Padmashree Dr D Y Patil College Of Nursing, Sant Tukaram Nagar,Pimpri, Pune, Distt.- Pune, Maharashtra, Pin Code- 411018",Dr. D.Y. Patil Unitech Society,Pune,Maharashtra,Private,NURSE PRACTITIONER IN CRITICAL CARE(NPCC),25 (Twenty Five),2025-2026,7,https://online.indiannursingcouncil.org/Reports/YearlyReportByState.aspx,2026-09-11T11:28:32.455867
2,Parkar Medical Foundations School Of Nursing,"Parkar Medical Foundations School Of Nursing, 828, Parkar Hospital, Shivaji Nagar, Ratnagiri, Distt.- Ratnagiri, Maharashtra, Pin Code- 415639",Parkar Medical Foundation,Ratnagiri,Maharashtra,Private,ANM,20 (Twenty),2025-2026,7,https://online.indiannursingcouncil.org/Reports/YearlyReportByState.aspx,2026-09-11T11:28:32.455867
2,Parkar Medical Foundations School Of Nursing,"Parkar Medical Foundations School Of Nursing, 828, Parkar Hospital, Shivaji Nagar, Ratnagiri, Distt.- Ratnagiri, Maharashtra, Pin Code- 415639",Parkar Medical Foundation,Ratnagiri,Maharashtra,Private,GNM,20 (Twenty),2025-2026,7,https://online.indiannursingcouncil.org/Reports/YearlyReportByState.aspx,2026-09-11T11:28:32.455867
3,Parvatibai Mhaske Institute Of Nursing,"Parvatibai Mhaske Institute Of Nursing, Behind Chitanya Classic Hotel, Mhaske College Road, Bhplegaon Phata ,Nagapur,Ahmednagar, Ahmednagar, Distt.- Ahmednagar, Maharashtra, Pin Code- 414111",Kakasaheb Mhaske Medical Memorial Foundation,Ahmednagar,Maharashtra,Private,ANM,20 (TWENTY),2025-2026,7,https://online.indiannursingcouncil.org/Reports/YearlyReportByState.aspx,2026-09-11T11:28:32.455867
3,Parvatibai Mhaske Institute Of Nursing,"Parvatibai Mhaske Institute Of Nursing, Behind Chitanya Classic Hotel, Mhaske College Road, Bhplegaon Phata ,Nagapur,Ahmednagar, Ahmednagar, Distt.- Ahmednagar, Maharashtra, Pin Code- 414111",Kakasaheb Mhaske Medical Memorial Foundation,Ahmednagar,Maharashtra,Private,GNM,60 (Sixty),2025-2026,7,https://online.indiannursingcouncil.org/Reports/YearlyReportByState.aspx,2026-09-11T11:28:32.455867
4,Pimpri Nursing School,"Pimpri Nursing School, Chapekar Chowk, Chinchwad, Pune , Distt.- Pune, Maharashtra, Pin Code- 411033",Kamat Medical Foundation And Research Centre Ch Trust,Pune,Maharashtra,Private,GNM,30 (Thirty),2025-2026,7,https://online.indiannursingcouncil.org/Reports/YearlyReportByState.aspx,2026-09-11T11:28:32.455867
5,Poona Hospital And Research Centre School Of Nursing,"Poona Hospital And Research Centre School Of Nursing, 27, Sadashiv Peth, Pune , Distt.- Pune, Maharashtra, Pin Code- 411030",Rajashtani And Gujarati Charitable Foundation Trust,Pune,Maharashtra,Private,GNM,40 (Forty),2025-2026,7,https://online.indiannursingcouncil.org/Reports/YearlyReportByState.aspx,2026-09-11T11:28:32.455867
6,Sadhu Vaswani College Of Nursing,"Sadhu Vaswani College Of Nursing, 10, 10/1, Koregaon Road, Pune, Pune, Distt.- Pune, Maharashtra, Pin Code- 411001",Sadhu Vaswani Mission,Pune,Maharashtra,Private,B.Sc(N),50 (Fifty),2025-2026,7,https://online.indiannursingcouncil.org/Reports/YearlyReportByState.aspx,2026-09-11T11:28:32.455867
6,Sadhu Vaswani College Of Nursing,"Sadhu Vaswani College Of Nursing, 10, 10/1, Koregaon Road, Pune, Pune, Distt.- Pune, Maharashtra, Pin Code- 411001",Sadhu Vaswani Mission,Pune,Maharashtra,Private,M. Sc (N),"26 (Twenty Six) Obg-06, Med-Surg-08, Chn-06, Paed-03, Psy-03",2025-2026,7,https://online.indiannursingcouncil.org/Reports/YearlyReportByState.aspx,2026-09-11T11:28:32.455867
6,Sadhu Vaswani College Of Nursing,"Sadhu Vaswani College Of Nursing, 10, 10/1, Koregaon Road, Pune, Pune, Distt.- Pune, Maharashtra, Pin Code- 411001",Sadhu Vaswani Mission,Pune,Maharashtra,Private,P B B.Sc(N),30 (Thirty),2025-2026,7,https://online.indiannursingcouncil.org/Reports/YearlyReportByState.aspx,2026-09-11T11:28:32.455867
7,Sahyadri Seva Sanstha's Institute Of Nursing,"Sahyadri Seva Sanstha's Institute Of Nursing, Samrudhha Nagar,Opp:Amrut Garden Hotel, Near Jadhav Sankul,Trimbak Road, Satput, Satpur, Distt.- Nashik, Maharashtra, Pin Code- 422213",Sahyadri Seva Sanstha,Nashik,Maharashtra,Private,ANM,20 (Twenty),2025-2026,7,https://online.indiannursingcouncil.org/Reports/YearlyReportByState.aspx,2026-09-11T11:28:32.455867
8,Sant Gajanan Maharaj School Of Nursing,"Sant Gajanan Maharaj School Of Nursing, Site- Chionchewadi Mahagaon, Chinchewadi , Distt.- Kolhapur, Maharashtra, Pin Code- 416503",Sant Gajanan Maharaj Rural Hospital And Research Centre,Kolhapur,Maharashtra,Private,ANM,20 (Twenty),2025-2026,7,https://online.indiannursingcouncil.org/Reports/YearlyReportByState.aspx,2026-09-11T11:28:32.455867
8,Sant Gajanan Maharaj School Of Nursing,"Sant Gajanan Maharaj School Of Nursing, Site- Chionchewadi Mahagaon, Chinchewadi , Distt.- Kolhapur, Maharashtra, Pin Code- 416503",Sant Gajanan Maharaj Rural Hospital And Research Centre,Kolhapur,Maharashtra,Private,GNM,40 (Forty),2025-2026,7,https://online.indiannursingcouncil.org/Reports/YearlyReportByState.aspx,2026-09-11T11:28:32.455867
9,Sarswati Nursing School,"Sarswati Nursing School, At-Dhamanagaon (Juna) , Anjansingi Road, Dham,Angaon, Distt.- Amravati, Maharashtra, Pin Code- 444709",Aai Sarswati Bahuuddeshiya Mahila Vikas Sanstha,Amravati,Maharashtra,Private,ANM,20 (Twenty),2025-2026,7,https://online.indiannursingcouncil.org/Reports/YearlyReportByState.aspx,2026-09-11T11:28:32.455867
10,Sau Jebelina Nursing School,"Sau Jebelina Nursing School, Gargoti, Gargoti , Distt.- Kolhapur, Maharashtra, Pin Code- 416209",Shri Manvel Bardeskar Education Society,Kolhapur,Maharashtra,Private,ANM,20 (Twenty),2025-2026,7,https://online.indiannursingcouncil.org/Reports/YearlyReportByState.aspx,2026-09-11T11:28:32.455867
11,Sau Minatai Thakre Institute Of Nursing Education,"Sau Minatai Thakre Institute Of Nursing Education, B-Wing, Rgmc Hostel Bldg.Opp.S.T.Workshop, Hansnagar, Khopat, Thane , Distt.- Thane, Maharashtra, Pin Code- 400602",Thane Municipal Corporation,Thane,Maharashtra,Government,GNM,30 (Thirty),2025-2026,7,https://online.indiannursingcouncil.org/Reports/YearlyReportByState.aspx,2026-09-11T11:28:32.455867
12,School Of Nursing District Hospital For Women,"School Of Nursing District Hospital For Women, Shri Krushna Peth, Amravati, Distt.- Amravati, Maharashtra, Pin Code- 444601",Maharashtra,Amravati,Maharashtra,Government,ANM,40 (Forty),2025-2026,7,https://online.indiannursingcouncil.org/Reports/YearlyReportByState.aspx,2026-09-11T11:28:32.455867
13,School Of Nursing,"School Of Nursing, Jalna Mission Hospital , Durga Mata Road,Jalna, Jalna , Distt.- Jalna, Maharashtra, Pin Code- 431203",Poona Christian Medical Association,Jalna,Maharashtra,Private,GNM,20 (Twenty),2025-2026,7,https://online.indiannursingcouncil.org/Reports/YearlyReportByState.aspx,2026-09-11T11:28:32.455867
14,School Of Nursing,"School Of Nursing,Guru Nanak Hospital , S-341, Gandhi Nagar, Bandra (E), Mumbai, Distt.- Mumbai, Maharashtra, Pin Code- 400051",Guru Nanak Quin Centenary Hospital Trust,Mumbai,Maharashtra,Private,GNM,20 (Twenty),2025-2026,7,https://online.indiannursingcouncil.org/Reports/YearlyReportByState.aspx,2026-09-11T11:28:32.455867
15,Seth Tarachand Ramnath Charitable Ayurvedic Hospital,"Seth Tarachand Ramnath Charitable Ayurvedic Hospital, 580/2,Rasta Peth, Nanal Shastri Path , Pune , Distt.- Pune, Maharashtra, Pin Code- 411011",Seth Tarachand Ramnath Charitable Ayurvedic Hospital Trusts,Pune,Maharashtra,Private,ANM,20 (Twenty,2025-2026,7,https://online.indiannursingcouncil.org/Reports/YearlyReportByState.aspx,2026-09-11T11:28:32.455867
16,Seva Mandal Education Society's College Of Nursing Smt. Shardaben Champaklal Nanavati Institute Of Polytechnics School Of Nursing,"Seva Mandal Education Society's College Of Nursing Smt. Shardaben Champaklal Nanavati Institute Of Polytechnics School Of Nursing , 338, R.A. Kidwai Road, Matunga, Mumbai , Distt.- Mumbai, Mahar",Seva Mandal Education Society,Mumbai,Maharashtra,Private,ANM,40 (Forty),2025-2026,7,https://online.indiannursingcouncil.org/Reports/YearlyReportByState.aspx,2026-09-11T11:28:32.455867
17,Seva Nursing School,"Seva Nursing School, Sakhar Kamgar Hospital Trust,Ward No-6,Subhash Colony,Newasa Road, Shrirampur, Distt.- Ahmednagar, Maharashtra, Pin Code- 413709",Sakhar Kamgar Hospital Trust,Ahmednagar,Maharashtra,Private,ANM,35 (Thirty Five),2025-2026,7,https://online.indiannursingcouncil.org/Reports/YearlyReportByState.aspx,2026-09-11T11:28:32.455867
18,Shakuntala Institute Of Nursing Education,"Shakuntala Institute Of Nursing Education, Shirwal, Shirwal, Distt.- Satara, Maharashtra, Pin Code- 412801",Shree Seva Medical Foundation,Satara,Maharashtra,Private,ANM,20 (Twenty),2025-2026,7,https://online.indiannursingcouncil.org/Reports/YearlyReportByState.aspx,2026-09-11T11:28:32.455867
19,Shalinitai Meghe College Of Nursing,"Shalinitai Meghe College Of Nursing, Hingna Road, Wanadongri, Nagpur, Hingna, Distt.- Nagpur, Maharashtra, Pin Code- 441110",Datta Meghe Institute Of Higher Education And Research,Nagpur,Maharashtra,Private,GNM,100 (One Hundred),2025-2026,7,https://online.indiannursingcouncil.org/Reports/YearlyReportByState.aspx,2026-09-11T11:28:32.455867
19,Shalinitai Meghe College Of Nursing,"Shalinitai Meghe College Of Nursing, Hingna Road, Wanadongri, Nagpur, Hingna, Distt.- Nagpur, Maharashtra, Pin Code- 441110",Datta Meghe Institute Of Higher Education And Research,Nagpur,Maharashtra,Private,B.Sc(N),100 (One Hundred),2025-2026,7,https://online.indiannursingcouncil.org/Reports/YearlyReportByState.aspx,2026-09-11T11:28:32.455867
20,Shalinitai Meghe College Of Nursing,"Shalinitai Meghe College Of Nursing, Salod Hirapur, Wardha, Wardha, Distt.- Wardha, Maharashtra, Pin Code- 442001",Datta Meghe Institute Of Medical Sciences,Wardha,Maharashtra,Private,GNM,60 (Sixty),2025-2026,7,https://online.indiannursingcouncil.org/Reports/YearlyReportByState.aspx,2026-09-11T11:28:32.455867
20,Shalinitai Meghe College Of Nursing,"Shalinitai Meghe College Of Nursing, Salod Hirapur, Wardha, Wardha, Distt.- Wardha, Maharashtra, Pin Code- 442001",Datta Meghe Institute Of Medical Sciences,Wardha,Maharashtra,Private,B.Sc(N),100 (One Hundred),2025-2026,7,https://online.indiannursingcouncil.org/Reports/YearlyReportByState.aspx,2026-09-11T11:28:32.455867
21,Shree Saraswati College Of Nursing,"Shree Saraswati College Of Nursing, At Post Tondavali,Nandgaon-Phonda Road, Tondavli , Distt.- Sindhudurga, Maharashtra, Pin Code- 416601",Sindhudurg Education Society,Sindhudurga,Maharashtra,Private,B.Sc(N),30 (Thirty),2025-2026,7,https://online.indiannursingcouncil.org/Reports/YearlyReportByState.aspx,2026-09-11T11:28:32.455867
1,Shree Saraswati College Of Nursing,"Shree Saraswati College Of Nursing, At Post Tondavali,Nandgaon-Phonda Road, Tondavli , Distt.- Sindhudurga, Maharashtra, Pin Code- 416601",Sindhudurg Education Society,Sindhudurga,Maharashtra,Private,ANM,20 (Twenty),2025-2026,8,https://online.indiannursingcouncil.org/Reports/YearlyReportByState.aspx,2026-09-11T11:28:40.473986
2,Shree Saraswati School Of Nursing,"Shree Saraswati School Of Nursing, Ap- Tondavali, Nandgaon-Phonda Raod, Kankavali, Distt.- Sindhudurga, Maharashtra, Pin Code- 416601",Sindhudurg Education Society,Sindhudurga,Maharashtra,Private,GNM,50 (Fifty),2025-2026,8,https://online.indiannursingcouncil.org/Reports/YearlyReportByState.aspx,2026-09-11T11:28:40.473986
3,Shri Harilal Bhagwati Municipal Gen Hospital,"Shri Harilal Bhagwati Municipal Gen Hospital, S.V.P.Road,Borivali West, Mumbai, Distt.- Mumbai, Maharashtra, Pin Code- 400103",Brihan Mumbai Maha Nagarpalika,Mumbai,Maharashtra,Government,GNM,20 (Twenty),2025-2026,8,https://online.indiannursingcouncil.org/Reports/YearlyReportByState.aspx,2026-09-11T11:28:40.473986
4,Shri Shivaji Shikshan Prasarak Mandal's College Of Nursing,"Shri Shivaji Shikshan Prasarak Mandal's College Of Nursing, Jagdale Mama Hospital Compound, Shivaji Nagar, Barshi, Distt.- Solapur, Maharashtra, Pin Code- 413411","Shri Shivaji Shikshan Prasarak Mandal, Barshi, Dist-Solapur",Solapur,Maharashtra,Private,B.Sc(N),50 (Fifty),2025-2026,8,https://online.indiannursingcouncil.org/Reports/YearlyReportByState.aspx,2026-09-11T11:28:40.473986
4,Shri Shivaji Shikshan Prasarak Mandal's College Of Nursing,"Shri Shivaji Shikshan Prasarak Mandal's College Of Nursing, Jagdale Mama Hospital Compound, Shivaji Nagar, Barshi, Distt.- Solapur, Maharashtra, Pin Code- 413411","Shri Shivaji Shikshan Prasarak Mandal, Barshi, Dist-Solapur",Solapur,Maharashtra,Private,ANM,30 (Thirty),2025-2026,8,https://online.indiannursingcouncil.org/Reports/YearlyReportByState.aspx,2026-09-11T11:28:40.473986
4,Shri Shivaji Shikshan Prasarak Mandal's College Of Nursing,"Shri Shivaji Shikshan Prasarak Mandal's College Of Nursing, Jagdale Mama Hospital Compound, Shivaji Nagar, Barshi, Distt.- Solapur, Maharashtra, Pin Code- 413411","Shri Shivaji Shikshan Prasarak Mandal, Barshi, Dist-Solapur",Solapur,Maharashtra,Private,GNM,20 (Twenty),2025-2026,8,https://online.indiannursingcouncil.org/Reports/YearlyReportByState.aspx,2026-09-11T11:28:40.473986
5,Shri Sureshdada Deshmukh Institute Of Nursing,"Shri Sureshdada Deshmukh Institute Of Nursing, Rangnath Maharaj Nagar, Parbhani , Distt.- Parbhani, Maharashtra, Pin Code- 431401",Shri Sureshraoji Deshmukh Mitra Mandal,Parbhani,Maharashtra,Private,ANM,20 (Twenty),2025-2026,8,https://online.indiannursingcouncil.org/Reports/YearlyReportByState.aspx,2026-09-11T11:28:40.473986
6,Sindhutai Vikhe Patil College Of Nursing,"Sindhutai Vikhe Patil College Of Nursing, At Post Chincholi Tal Sinnar Dist Nashik, Sinnar, Distt.- Nashik, Maharashtra, Pin Code- 422102",Pravara Rural Education Society,Nashik,Maharashtra,Private,GNM,40 (Forty),2025-2026,8,https://online.indiannursingcouncil.org/Reports/YearlyReportByState.aspx,2026-09-11T11:28:40.473986
6,Sindhutai Vikhe Patil College Of Nursing,"Sindhutai Vikhe Patil College Of Nursing, At Post Chincholi Tal Sinnar Dist Nashik, Sinnar, Distt.- Nashik, Maharashtra, Pin Code- 422102",Pravara Rural Education Society,Nashik,Maharashtra,Private,B.Sc(N),40 (Forty),2025-2026,8,https://online.indiannursingcouncil.org/Reports/YearlyReportByState.aspx,2026-09-11T11:28:40.473986
7,Sinhgad College Of Nursing,"Sinhgad College Of Nursing, S No 49/1, Smt Kashibai Navale, General Hospital, , Distt.- Pune, Maharashtra, Pin Code- 0",Singhad Technical Education Soc,Pune,Maharashtra,Private,B.Sc(N),50 (Fifty),2025-2026,8,https://online.indiannursingcouncil.org/Reports/YearlyReportByState.aspx,2026-09-11T11:28:40.473986
7,Sinhgad College Of Nursing,"Sinhgad College Of Nursing, S No 49/1, Smt Kashibai Navale, General Hospital, , Distt.- Pune, Maharashtra, Pin Code- 0",Singhad Technical Education Soc,Pune,Maharashtra,Private,M. Sc (N),25 (Twenty Five),2025-2026,8,https://online.indiannursingcouncil.org/Reports/YearlyReportByState.aspx,2026-09-11T11:28:40.473986
7,Sinhgad College Of Nursing,"Sinhgad College Of Nursing, S No 49/1, Smt Kashibai Navale, General Hospital, , Distt.- Pune, Maharashtra, Pin Code- 0",Singhad Technical Education Soc,Pune,Maharashtra,Private,P B B.Sc(N),50 (Fifty),2025-2026,8,https://online.indiannursingcouncil.org/Reports/YearlyReportByState.aspx,2026-09-11T11:28:40.473986
8,Sir Dr. M S Gosavi Institute Of Nursing Education Training &Amp; Research,"Sir Dr. M S Gosavi Institute Of Nursing Education Training &Amp; Research, Sir Dr. M S Gosavi Cener For Excellence, Prin. T A Kulkarni Vidya Nagar, Near Jogging Track, Krushi Nagar, College Road, Nashik",Gokhale Education Society,Nashik,Maharashtra,Private,M. Sc (N),"10 (Ten) Med-Surg-5, Obg-5",2025-2026,8,https://online.indiannursingcouncil.org/Reports/YearlyReportByState.aspx,2026-09-11T11:28:40.473986
8,Sir Dr. M S Gosavi Institute Of Nursing Education Training &Amp; Research,"Sir Dr. M S Gosavi Institute Of Nursing Education Training &Amp; Research, Sir Dr. M S Gosavi Cener For Excellence, Prin. T A Kulkarni Vidya Nagar, Near Jogging Track, Krushi Nagar, College Road, Nashik",Gokhale Education Society,Nashik,Maharashtra,Private,B.Sc(N),50 (Fifty),2025-2026,8,https://online.indiannursingcouncil.org/Reports/YearlyReportByState.aspx,2026-09-11T11:28:40.473986
8,Sir Dr. M S Gosavi Institute Of Nursing Education Training &Amp; Research,"Sir Dr. M S Gosavi Institute Of Nursing Education Training &Amp; Research, Sir Dr. M S Gosavi Cener For Excellence, Prin. T A Kulkarni Vidya Nagar, Near Jogging Track, Krushi Nagar, College Road, Nashik",Gokhale Education Society,Nashik,Maharashtra,Private,GNM,50 (Fifty),2025-2026,8,https://online.indiannursingcouncil.org/Reports/YearlyReportByState.aspx,2026-09-11T11:28:40.473986
9,Sir Hurkisondas Nurrotumdas Hospital Research Centre College Of Nursing,"Sir Hurkisondas Nurrotumdas Hospital Research Centre College Of Nursing, C/O Reliance Industries Ltd Indiranagar, Fossbery Road,Sewri, Sewree, Distt.- Mumbai, Maharashtra, Pin Code- 400033",Sir H N Hospital And Research Centre,Mumbai,Maharashtra,Private,B.Sc(N),30 (Thirty),2025-2026,8,https://online.indiannursingcouncil.org/Reports/YearlyReportByState.aspx,2026-09-11T11:28:40.473986
10,Sitabai Nargundkar College Of Nursing For Women,"Sitabai Nargundkar College Of Nursing For Women, Mouje Sukali Gupchup, Nagpur , Distt.- Nagpur, Maharashtra, Pin Code- 441110",Maharshi Karve Stree Shikshan Sanstha,Nagpur,Maharashtra,Private,B.Sc(N),80 (Eighty),2025-2026,8,https://online.indiannursingcouncil.org/Reports/YearlyReportByState.aspx,2026-09-11T11:28:40.473986
10,Sitabai Nargundkar College Of Nursing For Women,"Sitabai Nargundkar College Of Nursing For Women, Mouje Sukali Gupchup, Nagpur , Distt.- Nagpur, Maharashtra, Pin Code- 441110",Maharshi Karve Stree Shikshan Sanstha,Nagpur,Maharashtra,Private,P B B.Sc(N),50 (Fifty),2025-2026,8,https://online.indiannursingcouncil.org/Reports/YearlyReportByState.aspx,2026-09-11T11:28:40.473986
11,Smbt Institute Of Nursing,"Smbt Institute Of Nursing, Nandi Hills Dhamnagoan Ghoti Tal Igatpuri Dist Nashik Maharashtra India, Igatpuri, Distt.- Nashik, Maharashtra, Pin Code- 422403",Smbt Sevabhavi Trust,Nashik,Maharashtra,Private,B.Sc(N),(100 (One Hundred),2025-2026,8,https://online.indiannursingcouncil.org/Reports/YearlyReportByState.aspx,2026-09-11T11:28:40.473986
11,Smbt Institute Of Nursing,"Smbt Institute Of Nursing, Nandi Hills Dhamnagoan Ghoti Tal Igatpuri Dist Nashik Maharashtra India, Igatpuri, Distt.- Nashik, Maharashtra, Pin Code- 422403",Smbt Sevabhavi Trust,Nashik,Maharashtra,Private,M. Sc (N),30 (Thirty) 6 In Each Speciality,2025-2026,8,https://online.indiannursingcouncil.org/Reports/YearlyReportByState.aspx,2026-09-11T11:28:40.473986
12,Smt D Y Sawant Nursing (Ranm) School,"Smt D Y Sawant Nursing (Ranm) School, Nardas Nagar, Tembhi Pada Road, Bhandup (West) , Mumbai, Distt.- Mumbai, Maharashtra, Pin Code- 40078",Sindhudurg Education Society,Mumbai,Maharashtra,Private,ANM,20 (Twenty),2025-2026,8,https://online.indiannursingcouncil.org/Reports/YearlyReportByState.aspx,2026-09-11T11:28:40.473986
13,Smt Radhikabai Meghe Memorial College Of Nursing,"Smt Radhikabai Meghe Memorial College Of Nursing, Near Pnb Bank Paloti Road Jnmc Campus Sawangi( Meghe), Wardha , Distt.- Wardha, Maharashtra, Pin Code- 442001",Datta Meghe Institute Of Medical Sciences,Wardha,Maharashtra,Private,ANM,60 (Sixty),2025-2026,8,https://online.indiannursingcouncil.org/Reports/YearlyReportByState.aspx,2026-09-11T11:28:40.473986
13,Smt Radhikabai Meghe Memorial College Of Nursing,"Smt Radhikabai Meghe Memorial College Of Nursing, Near Pnb Bank Paloti Road Jnmc Campus Sawangi( Meghe), Wardha , Distt.- Wardha, Maharashtra, Pin Code- 442001",Datta Meghe Institute Of Medical Sciences,Wardha,Maharashtra,Private,GNM,100 (One Hundred),2025-2026,8,https://online.indiannursingcouncil.org/Reports/YearlyReportByState.aspx,2026-09-11T11:28:40.473986
13,Smt Radhikabai Meghe Memorial College Of Nursing,"Smt Radhikabai Meghe Memorial College Of Nursing, Near Pnb Bank Paloti Road Jnmc Campus Sawangi( Meghe), Wardha , Distt.- Wardha, Maharashtra, Pin Code- 442001",Datta Meghe Institute Of Medical Sciences,Wardha,Maharashtra,Private,B.Sc(N),100 (Hundred),2025-2026,8,https://online.indiannursingcouncil.org/Reports/YearlyReportByState.aspx,2026-09-11T11:28:40.473986
13,Smt Radhikabai Meghe Memorial College Of Nursing,"Smt Radhikabai Meghe Memorial College Of Nursing, Near Pnb Bank Paloti Road Jnmc Campus Sawangi( Meghe), Wardha , Distt.- Wardha, Maharashtra, Pin Code- 442001",Datta Meghe Institute Of Medical Sciences,Wardha,Maharashtra,Private,M. Sc (N),25 (Twenty Five),2025-2026,8,https://online.indiannursingcouncil.org/Reports/YearlyReportByState.aspx,2026-09-11T11:28:40.473986
13,Smt Radhikabai Meghe Memorial College Of Nursing,"Smt Radhikabai Meghe Memorial College Of Nursing, Near Pnb Bank Paloti Road Jnmc Campus Sawangi( Meghe), Wardha , Distt.- Wardha, Maharashtra, Pin Code- 442001",Datta Meghe Institute Of Medical Sciences,Wardha,Maharashtra,Private,P B B.Sc(N),50 (Fifty),2025-2026,8,https://online.indiannursingcouncil.org/Reports/YearlyReportByState.aspx,2026-09-11T11:28:40.473986
14,Smt Sumitrabai Thakre Trining School Of Nursing,"Smt Sumitrabai Thakre Trining School Of Nursing, Plot No. P-3, M.I.D.C Area, Darwha Road, Lohara (Bhoyar) , Yavatmal , Distt.- Yavatmal, Maharashtra, Pin Code- 445001",Navasanjeevan Shikshah Prakash Mandal,Yavatmal,Maharashtra,Private,ANM,30 (Thirty),2025-2026,8,https://online.indiannursingcouncil.org/Reports/YearlyReportByState.aspx,2026-09-11T11:28:40.473986
14,Smt Sumitrabai Thakre Trining School Of Nursing,"Smt Sumitrabai Thakre Trining School Of Nursing, Plot No. P-3, M.I.D.C Area, Darwha Road, Lohara (Bhoyar) , Yavatmal , Distt.- Yavatmal, Maharashtra, Pin Code- 445001",Navasanjeevan Shikshah Prakash Mandal,Yavatmal,Maharashtra,Private,B.Sc(N),40 (Forty),2025-2026,8,https://online.indiannursingcouncil.org/Reports/YearlyReportByState.aspx,2026-09-11T11:28:40.473986
15,Smt. Bakul Tambat Institute Of Nursing Edu.,"Smt. Bakul Tambat Institute Of Nursing Edu., Karvenagar, Pune , Distt.- Pune, Maharashtra, Pin Code- 411052",Maharshi Karve Stree Shikshan Samstha,Pune,Maharashtra,Private,P B B.Sc(N),40 (Forty),2025-2026,8,https://online.indiannursingcouncil.org/Reports/YearlyReportByState.aspx,2026-09-11T11:28:40.473986
1,Smt. Bakul Tambat Institute Of Nursing Edu.,"Smt. Bakul Tambat Institute Of Nursing Edu., Karvenagar, Pune , Distt.- Pune, Maharashtra, Pin Code- 411052",Maharshi Karve Stree Shikshan Samstha,Pune,Maharashtra,Private,M. Sc (N),10 (Ten) Med Surg-5 Psy-3 Obg-2,2025-2026,9,https://online.indiannursingcouncil.org/Reports/YearlyReportByState.aspx,2026-09-11T11:28:48.248984
1,Smt. Bakul Tambat Institute Of Nursing Edu.,"Smt. Bakul Tambat Institute Of Nursing Edu., Karvenagar, Pune , Distt.- Pune, Maharashtra, Pin Code- 411052",Maharshi Karve Stree Shikshan Samstha,Pune,Maharashtra,Private,GNM,80 (Eighty),2025-2026,9,https://online.indiannursingcouncil.org/Reports/YearlyReportByState.aspx,2026-09-11T11:28:48.248984
1,Smt. Bakul Tambat Institute Of Nursing Edu.,"Smt. Bakul Tambat Institute Of Nursing Edu., Karvenagar, Pune , Distt.- Pune, Maharashtra, Pin Code- 411052",Maharshi Karve Stree Shikshan Samstha,Pune,Maharashtra,Private,B.Sc(N),50 (Fifty),2025-2026,9,https://online.indiannursingcouncil.org/Reports/YearlyReportByState.aspx,2026-09-11T11:28:48.248984
2,Smt. Kamalaben Patel Institute Of Nursing Education,"Smt. Kamalaben Patel Institute Of Nursing Education, At Post - Kumbhari, Solapur, Distt.- Solapur, Maharashtra, Pin Code- 413006",M M Patel Public Charitable Trusts,Solapur,Maharashtra,Private,ANM,20 (Twenty),2025-2026,9,https://online.indiannursingcouncil.org/Reports/YearlyReportByState.aspx,2026-09-11T11:28:48.248984
3,Smt. Sindhutai Eknathrao Vikhe Patil College Of Nursing,"Smt. Sindhutai Eknathrao Vikhe Patil College Of Nursing, Pravara Institute Of Medical Sciences, (Deemed To Be University), Loni Bk, Distt.- Ahmednagar, Maharashtra, Pin Code- 413736",Pravara Medical Trust,Ahmednagar,Maharashtra,Private,GNM,100 (One Hundred),2025-2026,9,https://online.indiannursingcouncil.org/Reports/YearlyReportByState.aspx,2026-09-11T11:28:48.248984
3,Smt. Sindhutai Eknathrao Vikhe Patil College Of Nursing,"Smt. Sindhutai Eknathrao Vikhe Patil College Of Nursing, Pravara Institute Of Medical Sciences, (Deemed To Be University), Loni Bk, Distt.- Ahmednagar, Maharashtra, Pin Code- 413736",Pravara Medical Trust,Ahmednagar,Maharashtra,Private,B.Sc(N),100 (One Hundred),2025-2026,9,https://online.indiannursingcouncil.org/Reports/YearlyReportByState.aspx,2026-09-11T11:28:48.248984
3,Smt. Sindhutai Eknathrao Vikhe Patil College Of Nursing,"Smt. Sindhutai Eknathrao Vikhe Patil College Of Nursing, Pravara Institute Of Medical Sciences, (Deemed To Be University), Loni Bk, Distt.- Ahmednagar, Maharashtra, Pin Code- 413736",Pravara Medical Trust,Ahmednagar,Maharashtra,Private,M. Sc (N),25 (Twenty Five) Med-Surg-5 Chn-5 Paed-5 Obg-5 Psy-5,2025-2026,9,https://online.indiannursingcouncil.org/Reports/YearlyReportByState.aspx,2026-09-11T11:28:48.248984
3,Smt. Sindhutai Eknathrao Vikhe Patil College Of Nursing,"Smt. Sindhutai Eknathrao Vikhe Patil College Of Nursing, Pravara Institute Of Medical Sciences, (Deemed To Be University), Loni Bk, Distt.- Ahmednagar, Maharashtra, Pin Code- 413736",Pravara Medical Trust,Ahmednagar,Maharashtra,Private,P B B.Sc(N),25 (Twenty Five),2025-2026,9,https://online.indiannursingcouncil.org/Reports/YearlyReportByState.aspx,2026-09-11T11:28:48.248984
4,St Luke's Hospital,"St Luke's Hospital, School Of Nursing, Shrirampur , Shrirampur, Distt.- Ahmednagar, Maharashtra, Pin Code- 413709",,Ahmednagar,Maharashtra,Private,GNM,25 (Twenty Five),2025-2026,9,https://online.indiannursingcouncil.org/Reports/YearlyReportByState.aspx,2026-09-11T11:28:48.248984
4,St Luke's Hospital,"St Luke's Hospital, School Of Nursing, Shrirampur , Shrirampur, Distt.- Ahmednagar, Maharashtra, Pin Code- 413709",,Ahmednagar,Maharashtra,Private,B.Sc(N),50 (Fifty),2025-2026,9,https://online.indiannursingcouncil.org/Reports/YearlyReportByState.aspx,2026-09-11T11:28:48.248984
5,St. Andrews College Of Nursing,"St. Andrews College Of Nursing, N M Wadia Hospital Campus, 283, Shukrawar Peth, Pune, Pune, Distt.- Pune, Maharashtra, Pin Code- 411002",St Andrews International Academy,Pune,Maharashtra,Private,B.Sc(N),40 (Forty),2025-2026,9,https://online.indiannursingcouncil.org/Reports/YearlyReportByState.aspx,2026-09-11T11:28:48.248984
5,St. Andrews College Of Nursing,"St. Andrews College Of Nursing, N M Wadia Hospital Campus, 283, Shukrawar Peth, Pune, Pune, Distt.- Pune, Maharashtra, Pin Code- 411002",St Andrews International Academy,Pune,Maharashtra,Private,M. Sc (N),5 (Five) Chn- 5,2025-2026,9,https://online.indiannursingcouncil.org/Reports/YearlyReportByState.aspx,2026-09-11T11:28:48.248984
5,St. Andrews College Of Nursing,"St. Andrews College Of Nursing, N M Wadia Hospital Campus, 283, Shukrawar Peth, Pune, Pune, Distt.- Pune, Maharashtra, Pin Code- 411002",St Andrews International Academy,Pune,Maharashtra,Private,P B B.Sc(N),30 (Thirty),2025-2026,9,https://online.indiannursingcouncil.org/Reports/YearlyReportByState.aspx,2026-09-11T11:28:48.248984
6,St. Georges Training College Of Nursing,"St. Georges Training College Of Nursing, St. Georges Hospital Fort Bombay, Bombay, Distt.- Mumbai, Maharashtra, Pin Code- 400001",,Mumbai,Maharashtra,Government,GNM,20 (Twenty),2025-2026,9,https://online.indiannursingcouncil.org/Reports/YearlyReportByState.aspx,2026-09-11T11:28:48.248984
7,Sumantai Wasnik Institute Of Nursing,"Sumantai Wasnik Institute Of Nursing, Kha No 142/1, Shivpriya Nagar, Opp. Ganesh Nagar, Dabha , Nagpur, Distt.- Nagpur, Maharashtra, Pin Code- 440023",Indian Youth Welfare Multipurpose Society,Nagpur,Maharashtra,Private,B.Sc(N),40 (Forty),2025-2026,9,https://online.indiannursingcouncil.org/Reports/YearlyReportByState.aspx,2026-09-11T11:28:48.248984
7,Sumantai Wasnik Institute Of Nursing,"Sumantai Wasnik Institute Of Nursing, Kha No 142/1, Shivpriya Nagar, Opp. Ganesh Nagar, Dabha , Nagpur, Distt.- Nagpur, Maharashtra, Pin Code- 440023",Indian Youth Welfare Multipurpose Society,Nagpur,Maharashtra,Private,ANM,20 (Twenty),2025-2026,9,https://online.indiannursingcouncil.org/Reports/YearlyReportByState.aspx,2026-09-11T11:28:48.248984
8,Suretech College Of Nursing,"Suretech College Of Nursing, 120/2K, Ashokvan, National Highway No.7, Wardha Road,Post Rui, Nagpur, Distt.- Nagpur, Maharashtra, Pin Code- 441108",Dnyanpath Bahuuddeshiya Shikshan Prasarak Mandal,Nagpur,Maharashtra,Private,B.Sc(N),60 (Sixty),2025-2026,9,https://online.indiannursingcouncil.org/Reports/YearlyReportByState.aspx,2026-09-11T11:28:48.248984
8,Suretech College Of Nursing,"Suretech College Of Nursing, 120/2K, Ashokvan, National Highway No.7, Wardha Road,Post Rui, Nagpur, Distt.- Nagpur, Maharashtra, Pin Code- 441108",Dnyanpath Bahuuddeshiya Shikshan Prasarak Mandal,Nagpur,Maharashtra,Private,ANM,40 (Forty),2025-2026,9,https://online.indiannursingcouncil.org/Reports/YearlyReportByState.aspx,2026-09-11T11:28:48.248984
8,Suretech College Of Nursing,"Suretech College Of Nursing, 120/2K, Ashokvan, National Highway No.7, Wardha Road,Post Rui, Nagpur, Distt.- Nagpur, Maharashtra, Pin Code- 441108",Dnyanpath Bahuuddeshiya Shikshan Prasarak Mandal,Nagpur,Maharashtra,Private,GNM,60 (Sixty),2025-2026,9,https://online.indiannursingcouncil.org/Reports/YearlyReportByState.aspx,2026-09-11T11:28:48.248984
9,Svjct's Samarth Nursing College,"Svjct's Samarth Nursing College,Dervan, Shree Kshetra Dervan , Dervan, Distt.- Ratnagiri, Maharashtra, Pin Code- 415606",Shri Vithalrao Joshi Charities Trust,Ratnagiri,Maharashtra,Private,B.Sc(N),50 (Fifty),2025-2026,9,https://online.indiannursingcouncil.org/Reports/YearlyReportByState.aspx,2026-09-11T11:28:48.248984
9,Svjct's Samarth Nursing College,"Svjct's Samarth Nursing College,Dervan, Shree Kshetra Dervan , Dervan, Distt.- Ratnagiri, Maharashtra, Pin Code- 415606",Shri Vithalrao Joshi Charities Trust,Ratnagiri,Maharashtra,Private,M. Sc (N),"23 (Twenty Three) Med.-Surg.- 04. Paed.-05, Psy.-05, Obg-04, Chn-05",2025-2026,9,https://online.indiannursingcouncil.org/Reports/YearlyReportByState.aspx,2026-09-11T11:28:48.248984
9,Svjct's Samarth Nursing College,"Svjct's Samarth Nursing College,Dervan, Shree Kshetra Dervan , Dervan, Distt.- Ratnagiri, Maharashtra, Pin Code- 415606",Shri Vithalrao Joshi Charities Trust,Ratnagiri,Maharashtra,Private,P B B.Sc(N),20 (Twenty),2025-2026,9,https://online.indiannursingcouncil.org/Reports/YearlyReportByState.aspx,2026-09-11T11:28:48.248984
9,Svjct's Samarth Nursing College,"Svjct's Samarth Nursing College,Dervan, Shree Kshetra Dervan , Dervan, Distt.- Ratnagiri, Maharashtra, Pin Code- 415606",Shri Vithalrao Joshi Charities Trust,Ratnagiri,Maharashtra,Private,ANM,20 (Twenty),2025-2026,9,https://online.indiannursingcouncil.org/Reports/YearlyReportByState.aspx,2026-09-11T11:28:48.248984
9,Svjct's Samarth Nursing College,"Svjct's Samarth Nursing College,Dervan, Shree Kshetra Dervan , Dervan, Distt.- Ratnagiri, Maharashtra, Pin Code- 415606",Shri Vithalrao Joshi Charities Trust,Ratnagiri,Maharashtra,Private,GNM,60 (Sixty),2025-2026,9,https://online.indiannursingcouncil.org/Reports/YearlyReportByState.aspx,2026-09-11T11:28:48.248984
10,Swatantra Senani Uttamroaji Patil Nursing College,"Swatantra Senani Uttamroaji Patil Nursing College, Shivaji Nagar East (E) Sector Moraymangal Karayala Road , Aurangabad, Distt.- Aurangabad, Maharashtra, Pin Code- 431009",K R U M B Shikshan Prasanak Mandle,Aurangabad,Maharashtra,Private,P B B.Sc(N),30 (Thirty),2025-2026,9,https://online.indiannursingcouncil.org/Reports/YearlyReportByState.aspx,2026-09-11T11:28:48.248984
10,Swatantra Senani Uttamroaji Patil Nursing College,"Swatantra Senani Uttamroaji Patil Nursing College, Shivaji Nagar East (E) Sector Moraymangal Karayala Road , Aurangabad, Distt.- Aurangabad, Maharashtra, Pin Code- 431009",K R U M B Shikshan Prasanak Mandle,Aurangabad,Maharashtra,Private,B.Sc(N),50 (Fifty),2025-2026,9,https://online.indiannursingcouncil.org/Reports/YearlyReportByState.aspx,2026-09-11T11:28:48.248984
11,Symbiosis College Of Nursing,"Symbiosis College Of Nursing, Symbiosis International(Deemed University) Gram: Lavale, Pune, Distt.- Pune, Maharashtra, Pin Code- 411004",Symbiosis Society,Pune,Maharashtra,Private,P B B.Sc(N),60 (Sixty),2025-2026,9,https://online.indiannursingcouncil.org/Reports/YearlyReportByState.aspx,2026-09-11T11:28:48.248984
11,Symbiosis College Of Nursing,"Symbiosis College Of Nursing, Symbiosis International(Deemed University) Gram: Lavale, Pune, Distt.- Pune, Maharashtra, Pin Code- 411004",Symbiosis Society,Pune,Maharashtra,Private,B.Sc(N),80 (Eighty),2025-2026,9,https://online.indiannursingcouncil.org/Reports/YearlyReportByState.aspx,2026-09-11T11:28:48.248984
11,Symbiosis College Of Nursing,"Symbiosis College Of Nursing, Symbiosis International(Deemed University) Gram: Lavale, Pune, Distt.- Pune, Maharashtra, Pin Code- 411004",Symbiosis Society,Pune,Maharashtra,Private,M. Sc (N),30 (THIRTY) : MED-SURG-10 PSY-10 CHN-5 OBG-5,2025-2026,9,https://online.indiannursingcouncil.org/Reports/YearlyReportByState.aspx,2026-09-11T11:28:48.248984
1,Talegaon General Hosp Convalescent Home' S,"Talegaon General Hosp Convalescent Home' S, Talegaon General Hospital Convalescent Home, Behind Post Office, General Hospital Campus, Near Railway Station, Talegaon Dabhade, Pune-410507, Talegao",Talegaon General Hospital And Convalescent Home,Pune,Maharashtra,Private,GNM,20 (Twenty),2025-2026,10,https://online.indiannursingcouncil.org/Reports/YearlyReportByState.aspx,2026-09-11T11:28:55.655732
2,Tata Memorial Hospital,"Tata Memorial Hospital, College Of Nursing, Dr Ernest Borges Road , Mumbai , Distt.- Mumbai, Maharashtra, Pin Code- 400012",Tata Memorail Centre,Mumbai,Maharashtra,Private,M. Sc (N),10 (Ten) Med-Surg- Oncology- 10,2025-2026,10,https://online.indiannursingcouncil.org/Reports/YearlyReportByState.aspx,2026-09-11T11:28:55.655732
2,Tata Memorial Hospital,"Tata Memorial Hospital, College Of Nursing, Dr Ernest Borges Road , Mumbai , Distt.- Mumbai, Maharashtra, Pin Code- 400012",Tata Memorail Centre,Mumbai,Maharashtra,Private,Post Basic Diploma in Oncology Nursing,30 (Thirty),2025-2026,10,https://online.indiannursingcouncil.org/Reports/YearlyReportByState.aspx,2026-09-11T11:28:55.655732
3,Tehmi Grant Institute Of Nursing Education,"Tehmi Grant Institute Of Nursing Education, Opp. Hotel Meru, 13 Tadiwala Road, Pune, Distt.- Pune, Maharashtra, Pin Code- 411001",Grant Medical Foundation,Pune,Maharashtra,Private,B.Sc(N),50 (Fifty),2025-2026,10,https://online.indiannursingcouncil.org/Reports/YearlyReportByState.aspx,2026-09-11T11:28:55.655732
3,Tehmi Grant Institute Of Nursing Education,"Tehmi Grant Institute Of Nursing Education, Opp. Hotel Meru, 13 Tadiwala Road, Pune, Distt.- Pune, Maharashtra, Pin Code- 411001",Grant Medical Foundation,Pune,Maharashtra,Private,M. Sc (N),18 (Eighteen),2025-2026,10,https://online.indiannursingcouncil.org/Reports/YearlyReportByState.aspx,2026-09-11T11:28:55.655732
4,The Yash Foundations College Of Nursing And Medical Research Institute,"The Yash Foundations College Of Nursing And Medical Research Institute, Ratnagiri , P-79, Near Airport, Midc, Mirjole, Ratnagiri, Distt.- Ratnagiri, Maharashtra, Pin Code- 415639",The Yash Foundation,Ratnagiri,Maharashtra,Private,B.Sc(N),50 (Fifty),2025-2026,10,https://online.indiannursingcouncil.org/Reports/YearlyReportByState.aspx,2026-09-11T11:28:55.655732
4,The Yash Foundations College Of Nursing And Medical Research Institute,"The Yash Foundations College Of Nursing And Medical Research Institute, Ratnagiri , P-79, Near Airport, Midc, Mirjole, Ratnagiri, Distt.- Ratnagiri, Maharashtra, Pin Code- 415639",The Yash Foundation,Ratnagiri,Maharashtra,Private,ANM,30 (Thirty),2025-2026,10,https://online.indiannursingcouncil.org/Reports/YearlyReportByState.aspx,2026-09-11T11:28:55.655732
5,Tilak Maharashtra University,"Tilak Maharashtra University,, Institute Of Nursing Education Res., Vidyapeeth Bhavan,, Pune, Distt.- Pune, Maharashtra, Pin Code- 411037",Tilak Maharashtra University,Pune,Maharashtra,Private,B.Sc(N),60 (Sixty),2025-2026,10,https://online.indiannursingcouncil.org/Reports/YearlyReportByState.aspx,2026-09-11T11:28:55.655732
5,Tilak Maharashtra University,"Tilak Maharashtra University,, Institute Of Nursing Education Res., Vidyapeeth Bhavan,, Pune, Distt.- Pune, Maharashtra, Pin Code- 411037",Tilak Maharashtra University,Pune,Maharashtra,Private,ANM,20 (Twenty),2025-2026,10,https://online.indiannursingcouncil.org/Reports/YearlyReportByState.aspx,2026-09-11T11:28:55.655732
6,Training School Of Nursing General Hospital,"Training School Of Nursing General Hospital, Shri Vasantrao Naik Government Medical College Hospital Campus, Yavatmal, Distt.- Yavatmal, Maharashtra, Pin Code- 445001",Civil Surgeon General Hospital,Yavatmal,Maharashtra,Government,ANM,30 (Thirty),2025-2026,10,https://online.indiannursingcouncil.org/Reports/YearlyReportByState.aspx,2026-09-11T11:28:55.655732
7,Training School Of Nursing,"Training School Of Nursing, District Hospital, 3Rd Floor Chest Hospital District Hospital Campus, Pune, Distt.- Pune, Maharashtra, Pin Code- 411027",,Pune,Maharashtra,Private,ANM,20 (Twenty),2025-2026,10,https://online.indiannursingcouncil.org/Reports/YearlyReportByState.aspx,2026-09-11T11:28:55.655732
8,Uma Institute Of Nursing Sciences,"Uma Institute Of Nursing Sciences, Jath, Near Hotel Vrundavan, Vijaypur Road, Jath Tal Jath Dist Sangli 416404, Jath, Distt.- Sangli, Maharashtra, Pin Code- 416404","Uma Charitable Trust, Jath",Sangli,Maharashtra,Private,P B B.Sc(N),40 (Forty),2025-2026,10,https://online.indiannursingcouncil.org/Reports/YearlyReportByState.aspx,2026-09-11T11:28:55.655732
8,Uma Institute Of Nursing Sciences,"Uma Institute Of Nursing Sciences, Jath, Near Hotel Vrundavan, Vijaypur Road, Jath Tal Jath Dist Sangli 416404, Jath, Distt.- Sangli, Maharashtra, Pin Code- 416404","Uma Charitable Trust, Jath",Sangli,Maharashtra,Private,GNM,60 (Sixty),2025-2026,10,https://online.indiannursingcouncil.org/Reports/YearlyReportByState.aspx,2026-09-11T11:28:55.655732
8,Uma Institute Of Nursing Sciences,"Uma Institute Of Nursing Sciences, Jath, Near Hotel Vrundavan, Vijaypur Road, Jath Tal Jath Dist Sangli 416404, Jath, Distt.- Sangli, Maharashtra, Pin Code- 416404","Uma Charitable Trust, Jath",Sangli,Maharashtra,Private,B.Sc(N),60 (Sixty),2025-2026,10,https://online.indiannursingcouncil.org/Reports/YearlyReportByState.aspx,2026-09-11T11:28:55.655732
9,Vision Nursing School,"Vision Nursing School, Laddhad Hospital, Wankhede Lay Out, Buldana, Buldana, Distt.- Buldana, Maharashtra, Pin Code- 443001",Vision Buldana Educational And Welfare Society,Buldana,Maharashtra,Private,ANM,20 (Twenty),2025-2026,10,https://online.indiannursingcouncil.org/Reports/YearlyReportByState.aspx,2026-09-11T11:28:55.655732
9,Vision Nursing School,"Vision Nursing School, Laddhad Hospital, Wankhede Lay Out, Buldana, Buldana, Distt.- Buldana, Maharashtra, Pin Code- 443001",Vision Buldana Educational And Welfare Society,Buldana,Maharashtra,Private,B.Sc(N),40 (Forty),2025-2026,10,https://online.indiannursingcouncil.org/Reports/YearlyReportByState.aspx,2026-09-11T11:28:55.655732
10,Vspm's Madhuribai Deshmukh Institute Of Nursing Education,"Vspm's Madhuribai Deshmukh Institute Of Nursing Education , Lata Mangeshkar Hospital, Digdoh Hills, Hingna Road, A, Distt.- Nagpur, Maharashtra, Pin Code- 440019",Vidya Shikshan Prasarak Mandal,Nagpur,Maharashtra,Private,B.Sc(N),100 (One Hundred),2025-2026,10,https://online.indiannursingcouncil.org/Reports/YearlyReportByState.aspx,2026-09-11T11:28:55.655732
10,Vspm's Madhuribai Deshmukh Institute Of Nursing Education,"Vspm's Madhuribai Deshmukh Institute Of Nursing Education , Lata Mangeshkar Hospital, Digdoh Hills, Hingna Road, A, Distt.- Nagpur, Maharashtra, Pin Code- 440019",Vidya Shikshan Prasarak Mandal,Nagpur,Maharashtra,Private,M. Sc (N),"25 (Twenty Five) Chn- 2, Med-Surg.- 8, Obg- 11, Paed-2, Psy-2",2025-2026,10,https://online.indiannursingcouncil.org/Reports/YearlyReportByState.aspx,2026-09-11T11:28:55.655732
10,Vspm's Madhuribai Deshmukh Institute Of Nursing Education,"Vspm's Madhuribai Deshmukh Institute Of Nursing Education , Lata Mangeshkar Hospital, Digdoh Hills, Hingna Road, A, Distt.- Nagpur, Maharashtra, Pin Code- 440019",Vidya Shikshan Prasarak Mandal,Nagpur,Maharashtra,Private,P B B.Sc(N),20 (Twenty),2025-2026,10,https://online.indiannursingcouncil.org/Reports/YearlyReportByState.aspx,2026-09-11T11:28:55.655732
10,Vspm's Madhuribai Deshmukh Institute Of Nursing Education,"Vspm's Madhuribai Deshmukh Institute Of Nursing Education , Lata Mangeshkar Hospital, Digdoh Hills, Hingna Road, A, Distt.- Nagpur, Maharashtra, Pin Code- 440019",Vidya Shikshan Prasarak Mandal,Nagpur,Maharashtra,Private,GNM,100 (One Hundred),2025-2026,10,https://online.indiannursingcouncil.org/Reports/YearlyReportByState.aspx,2026-09-11T11:28:55.655732
