sl_no,institution_name_raw,institution_address_raw,trust_name,district_name,state,sector,programme,annual_intake,academic_year,page_number,source_url,extraction_timestamp
1,A E C S Maaruti School Of Nursing,"A E C S Maaruti School Of Nursing, #99,Near Maaruti Dental College, Off Bannerghatta Road,Kammanahalli,, Bangalore , Distt.- Bangalore, Karnataka, Pin Code- 0",Amrith Educational And Cultural Society,Bangalore,Karnataka,Private,GNM,60 (Sixty),2025-2026,1,https://online.indiannursingcouncil.org/Reports/YearlyReportByState.aspx,2026-09-11T11:18:41.808583
1,A E C S Maaruti School Of Nursing,"A E C S Maaruti School Of Nursing, #99,Near Maaruti Dental College, Off Bannerghatta Road,Kammanahalli,, Bangalore , Distt.- Bangalore, Karnataka, Pin Code- 0",Amrith Educational And Cultural Society,Bangalore,Karnataka,Private,B.Sc(N),60 (Sixty),2025-2026,1,https://online.indiannursingcouncil.org/Reports/YearlyReportByState.aspx,2026-09-11T11:18:41.808583
1,A E C S Maaruti School Of Nursing,"A E C S Maaruti School Of Nursing, #99,Near Maaruti Dental College, Off Bannerghatta Road,Kammanahalli,, Bangalore , Distt.- Bangalore, Karnataka, Pin Code- 0",Amrith Educational And Cultural Society,Bangalore,Karnataka,Private,M. Sc (N),25: 5 In Each Speciality,2025-2026,1,https://online.indiannursingcouncil.org/Reports/YearlyReportByState.aspx,2026-09-11T11:18:41.808583
1,A E C S Maaruti School Of Nursing,"A E C S Maaruti School Of Nursing, #99,Near Maaruti Dental College, Off Bannerghatta Road,Kammanahalli,, Bangalore , Distt.- Bangalore, Karnataka, Pin Code- 0",Amrith Educational And Cultural Society,Bangalore,Karnataka,Private,P B B.Sc(N),40 (Forty),2025-2026,1,https://online.indiannursingcouncil.org/Reports/YearlyReportByState.aspx,2026-09-11T11:18:41.808583
2,A E C S Pavan School Of Nursing,"A E C S Pavan School Of Nursing, Byepass Road,P.B.No15,Harohalli Garden, Kolar, Distt.- Kolar, Karnataka, Pin Code- 563102",Amrith Educational And Cultural Society,Kolar,Karnataka,Private,GNM,60 (Sixty),2025-2026,1,https://online.indiannursingcouncil.org/Reports/YearlyReportByState.aspx,2026-09-11T11:18:41.808583
2,A E C S Pavan School Of Nursing,"A E C S Pavan School Of Nursing, Byepass Road,P.B.No15,Harohalli Garden, Kolar, Distt.- Kolar, Karnataka, Pin Code- 563102",Amrith Educational And Cultural Society,Kolar,Karnataka,Private,B.Sc(N),60 (Sixty),2025-2026,1,https://online.indiannursingcouncil.org/Reports/YearlyReportByState.aspx,2026-09-11T11:18:41.808583
2,A E C S Pavan School Of Nursing,"A E C S Pavan School Of Nursing, Byepass Road,P.B.No15,Harohalli Garden, Kolar, Distt.- Kolar, Karnataka, Pin Code- 563102",Amrith Educational And Cultural Society,Kolar,Karnataka,Private,M. Sc (N),"30 (Thirty) Med-Surg-10, Paed-10, Obg-10",2025-2026,1,https://online.indiannursingcouncil.org/Reports/YearlyReportByState.aspx,2026-09-11T11:18:41.808583
2,A E C S Pavan School Of Nursing,"A E C S Pavan School Of Nursing, Byepass Road,P.B.No15,Harohalli Garden, Kolar, Distt.- Kolar, Karnataka, Pin Code- 563102",Amrith Educational And Cultural Society,Kolar,Karnataka,Private,P B B.Sc(N),40 (Forty),2025-2026,1,https://online.indiannursingcouncil.org/Reports/YearlyReportByState.aspx,2026-09-11T11:18:41.808583
3,A Shama Rao Nursing School,"A Shama Rao Nursing School, Valachil Padavu, Arkula, Farangipete Post, Mangalore, Mangalore, Distt.- Dakshina Kannada, Karnataka, Pin Code- 574143",A.Shama Rao Foundation Or Srinivas Group Of Colleges,Dakshina Kannada,Karnataka,Private,GNM,60 (Sixty),2025-2026,1,https://online.indiannursingcouncil.org/Reports/YearlyReportByState.aspx,2026-09-11T11:18:41.808583
3,A Shama Rao Nursing School,"A Shama Rao Nursing School, Valachil Padavu, Arkula, Farangipete Post, Mangalore, Mangalore, Distt.- Dakshina Kannada, Karnataka, Pin Code- 574143",A.Shama Rao Foundation Or Srinivas Group Of Colleges,Dakshina Kannada,Karnataka,Private,B.Sc(N),100 (Hundred),2025-2026,1,https://online.indiannursingcouncil.org/Reports/YearlyReportByState.aspx,2026-09-11T11:18:41.808583
3,A Shama Rao Nursing School,"A Shama Rao Nursing School, Valachil Padavu, Arkula, Farangipete Post, Mangalore, Mangalore, Distt.- Dakshina Kannada, Karnataka, Pin Code- 574143",A.Shama Rao Foundation Or Srinivas Group Of Colleges,Dakshina Kannada,Karnataka,Private,M. Sc (N),"10 (Ten) Psy- 02, Obg- 03, Chn- 03, Med Surg- 02",2025-2026,1,https://online.indiannursingcouncil.org/Reports/YearlyReportByState.aspx,2026-09-11T11:18:41.808583
4,A V K College Of Nursing,"A V K College Of Nursing, No.8/9,27Th Cross,Opp Monotype Busstand,Banashanakri Iind Stage, Bangalore, Distt.- Bangalore, Karnataka, Pin Code- 560070",Adarsha Vidya Kendra Trust,Bangalore,Karnataka,Private,B.Sc(N),60 (Sixty),2025-2026,1,https://online.indiannursingcouncil.org/Reports/YearlyReportByState.aspx,2026-09-11T11:18:41.808583
4,A V K College Of Nursing,"A V K College Of Nursing, No.8/9,27Th Cross,Opp Monotype Busstand,Banashanakri Iind Stage, Bangalore, Distt.- Bangalore, Karnataka, Pin Code- 560070",Adarsha Vidya Kendra Trust,Bangalore,Karnataka,Private,P B B.Sc(N),40 (Forty),2025-2026,1,https://online.indiannursingcouncil.org/Reports/YearlyReportByState.aspx,2026-09-11T11:18:41.808583
4,A V K College Of Nursing,"A V K College Of Nursing, No.8/9,27Th Cross,Opp Monotype Busstand,Banashanakri Iind Stage, Bangalore, Distt.- Bangalore, Karnataka, Pin Code- 560070",Adarsha Vidya Kendra Trust,Bangalore,Karnataka,Private,GNM,60 (Sixty),2025-2026,1,https://online.indiannursingcouncil.org/Reports/YearlyReportByState.aspx,2026-09-11T11:18:41.808583
5,Aaffinity College Of Nursing,"Aaffinity College Of Nursing, No.33,Bheemanahalli, B.M Road, Bidadi, Ramanagara 562109, Bidadi, Distt.- Ramanagara, Karnataka, Pin Code- 562109",Dks Charitable Institute Trust,Ramanagara,Karnataka,Private,B.Sc(N),40 (Forty),2025-2026,1,https://online.indiannursingcouncil.org/Reports/YearlyReportByState.aspx,2026-09-11T11:18:41.808583
6,Abhaya College Of Nursing,"Abhaya College Of Nursing, Kumbalagodu Main Road. Off Kanakapura Road, Thathaguni Post, Kengeri Hobli, , Bangalore, Distt.- Bangalore, Karnataka, Pin Code- 560082",Jayalakshmi Muniswamaiah Memorial Trust,Bangalore,Karnataka,Private,B.Sc(N),60 (Sixty),2025-2026,1,https://online.indiannursingcouncil.org/Reports/YearlyReportByState.aspx,2026-09-11T11:18:41.808583
6,Abhaya College Of Nursing,"Abhaya College Of Nursing, Kumbalagodu Main Road. Off Kanakapura Road, Thathaguni Post, Kengeri Hobli, , Bangalore, Distt.- Bangalore, Karnataka, Pin Code- 560082",Jayalakshmi Muniswamaiah Memorial Trust,Bangalore,Karnataka,Private,GNM,40 (Forty),2025-2026,1,https://online.indiannursingcouncil.org/Reports/YearlyReportByState.aspx,2026-09-11T11:18:41.808583
7,Abu Karnataka School Of Nursing,"Abu Karnataka School Of Nursing,, Shaikh Roza Near Aland Check-Post , Gulbarga, Distt.- Gulbarga, Karnataka, Pin Code- 585101",Karnataka Educational And Welfare Trust,Gulbarga,Karnataka,Private,GNM,30 (Thirty),2025-2026,1,https://online.indiannursingcouncil.org/Reports/YearlyReportByState.aspx,2026-09-11T11:18:41.808583
8,Acharya College Of Nursing,"Acharya College Of Nursing, No. 51, Cholanagar, R T Nagar Post, Bangalore, Bangalore, Distt.- Bangalore, Karnataka, Pin Code- 560032",Samagra Sikshana Samithi Trust,Bangalore,Karnataka,Private,B.Sc(N),60 (Sixty),2025-2026,1,https://online.indiannursingcouncil.org/Reports/YearlyReportByState.aspx,2026-09-11T11:18:41.808583
8,Acharya College Of Nursing,"Acharya College Of Nursing, No. 51, Cholanagar, R T Nagar Post, Bangalore, Bangalore, Distt.- Bangalore, Karnataka, Pin Code- 560032",Samagra Sikshana Samithi Trust,Bangalore,Karnataka,Private,M. Sc (N),15 (Fifteen),2025-2026,1,https://online.indiannursingcouncil.org/Reports/YearlyReportByState.aspx,2026-09-11T11:18:41.808583
9,Aditya School Of Nursing,"Aditya School Of Nursing, No-12, Kogilu Main Road, Yelahanka, , Bangalore, Distt.- Bangalore, Karnataka, Pin Code- 560064",S S R Medical Educational And Charitable Trust,Bangalore,Karnataka,Private,GNM,40 (Forty),2025-2026,1,https://online.indiannursingcouncil.org/Reports/YearlyReportByState.aspx,2026-09-11T11:18:41.808583
9,Aditya School Of Nursing,"Aditya School Of Nursing, No-12, Kogilu Main Road, Yelahanka, , Bangalore, Distt.- Bangalore, Karnataka, Pin Code- 560064",S S R Medical Educational And Charitable Trust,Bangalore,Karnataka,Private,B.Sc(N),60 (Sixty),2025-2026,1,https://online.indiannursingcouncil.org/Reports/YearlyReportByState.aspx,2026-09-11T11:18:41.808583
9,Aditya School Of Nursing,"Aditya School Of Nursing, No-12, Kogilu Main Road, Yelahanka, , Bangalore, Distt.- Bangalore, Karnataka, Pin Code- 560064",S S R Medical Educational And Charitable Trust,Bangalore,Karnataka,Private,M. Sc (N),"25 (Twenty Five) Med Surg-5, Psy-5, Chn-5, Paed-5, Obg-5",2025-2026,1,https://online.indiannursingcouncil.org/Reports/YearlyReportByState.aspx,2026-09-11T11:18:41.808583
9,Aditya School Of Nursing,"Aditya School Of Nursing, No-12, Kogilu Main Road, Yelahanka, , Bangalore, Distt.- Bangalore, Karnataka, Pin Code- 560064",S S R Medical Educational And Charitable Trust,Bangalore,Karnataka,Private,P B B.Sc(N),50 (Fifty),2025-2026,1,https://online.indiannursingcouncil.org/Reports/YearlyReportByState.aspx,2026-09-11T11:18:41.808583
10,Adventist College Of Nursing,"Adventist College Of Nursing,, Lowry Memorial College Campus,Opp.K R Puram Railway Station,, Dooravaninagar, Distt.- Bangalore, Karnataka, Pin Code- 560016","Professionals Education And Charitable Trust,",Bangalore,Karnataka,Private,B.Sc(N),40 (Forty),2025-2026,1,https://online.indiannursingcouncil.org/Reports/YearlyReportByState.aspx,2026-09-11T11:18:41.808583
10,Adventist College Of Nursing,"Adventist College Of Nursing,, Lowry Memorial College Campus,Opp.K R Puram Railway Station,, Dooravaninagar, Distt.- Bangalore, Karnataka, Pin Code- 560016","Professionals Education And Charitable Trust,",Bangalore,Karnataka,Private,M. Sc (N),15 (Fifteen),2025-2026,1,https://online.indiannursingcouncil.org/Reports/YearlyReportByState.aspx,2026-09-11T11:18:41.808583
11,Aishwarya Institute Of Nursing Sciences.,"Aishwarya Institute Of Nursing Sciences., Survey No: 146 & 147, B.M.Road, Marakada Doddi, Near H.K.V Nagar, Maddur., Maddur, Distt.- Mandya, Karnataka, Pin Code- 571428",Aishwarya Educational And Charitable Trust,Mandya,Karnataka,Private,GNM,60 (Sixty),2025-2026,1,https://online.indiannursingcouncil.org/Reports/YearlyReportByState.aspx,2026-09-11T11:18:41.808583
11,Aishwarya Institute Of Nursing Sciences.,"Aishwarya Institute Of Nursing Sciences., Survey No: 146 & 147, B.M.Road, Marakada Doddi, Near H.K.V Nagar, Maddur., Maddur, Distt.- Mandya, Karnataka, Pin Code- 571428",Aishwarya Educational And Charitable Trust,Mandya,Karnataka,Private,B.Sc(N),40 (Forty),2025-2026,1,https://online.indiannursingcouncil.org/Reports/YearlyReportByState.aspx,2026-09-11T11:18:41.808583
1,Aishwarya School Of Nursing,"Aishwarya School Of Nursing, 42/65, Jnanaganga Nagar, Opp. To Bangalore University Quarters Mysore Magadi Ring Road, Bangalore -56, Bangalore, Distt.- Bangalore, Karnataka, Pin Code- 560056",Aishwarya Educational And Charitable Trust,Bangalore,Karnataka,Private,GNM,40 (Forty),2025-2026,2,https://online.indiannursingcouncil.org/Reports/YearlyReportByState.aspx,2026-09-11T11:18:51.157519
1,Aishwarya School Of Nursing,"Aishwarya School Of Nursing, 42/65, Jnanaganga Nagar, Opp. To Bangalore University Quarters Mysore Magadi Ring Road, Bangalore -56, Bangalore, Distt.- Bangalore, Karnataka, Pin Code- 560056",Aishwarya Educational And Charitable Trust,Bangalore,Karnataka,Private,B.Sc(N),40 (Forty),2025-2026,2,https://online.indiannursingcouncil.org/Reports/YearlyReportByState.aspx,2026-09-11T11:18:51.157519
2,Akash Nursing College,"Akash Nursing College, Ward No.22, Prasannahalli Main Road, Devanahalli,, Bangalore, Distt.- Bangalore Rural, Karnataka, Pin Code- 562110",Akash Education And Development Trust,Bangalore Rural,Karnataka,Private,B.Sc(N),100 (One Hundred),2025-2026,2,https://online.indiannursingcouncil.org/Reports/YearlyReportByState.aspx,2026-09-11T11:18:51.157519
3,Akshaya College Of Nursing,"Akshaya College Of Nursing, Lingapur Village, Obalapura Post, Tumkur - Koratagere Post, Tumkur, Distt.- Tumkur, Karnataka, Pin Code- 572106",Akshaya Education Society,Tumkur,Karnataka,Private,M. Sc (N),20 (Twenty),2025-2026,2,https://online.indiannursingcouncil.org/Reports/YearlyReportByState.aspx,2026-09-11T11:18:51.157519
3,Akshaya College Of Nursing,"Akshaya College Of Nursing, Lingapur Village, Obalapura Post, Tumkur - Koratagere Post, Tumkur, Distt.- Tumkur, Karnataka, Pin Code- 572106",Akshaya Education Society,Tumkur,Karnataka,Private,GNM,40 (Forty),2025-2026,2,https://online.indiannursingcouncil.org/Reports/YearlyReportByState.aspx,2026-09-11T11:18:51.157519
3,Akshaya College Of Nursing,"Akshaya College Of Nursing, Lingapur Village, Obalapura Post, Tumkur - Koratagere Post, Tumkur, Distt.- Tumkur, Karnataka, Pin Code- 572106",Akshaya Education Society,Tumkur,Karnataka,Private,B.Sc(N),40 (Forty),2025-2026,2,https://online.indiannursingcouncil.org/Reports/YearlyReportByState.aspx,2026-09-11T11:18:51.157519
4,Al-Ameen Fatima School Of Nursing,"Al-Ameen Fatima School Of Nursing, Al-Ameen Medical College Hospital Campus, Athani Road Vijayapur, Vijayapur, Distt.- Vijayapura, Karnataka, Pin Code- 586108",Al-Ameen Charitable Fund Trust,Vijayapura,Karnataka,Private,GNM,40 (Forty),2025-2026,2,https://online.indiannursingcouncil.org/Reports/YearlyReportByState.aspx,2026-09-11T11:18:51.157519
4,Al-Ameen Fatima School Of Nursing,"Al-Ameen Fatima School Of Nursing, Al-Ameen Medical College Hospital Campus, Athani Road Vijayapur, Vijayapur, Distt.- Vijayapura, Karnataka, Pin Code- 586108",Al-Ameen Charitable Fund Trust,Vijayapura,Karnataka,Private,B.Sc(N),60 (Sixty),2025-2026,2,https://online.indiannursingcouncil.org/Reports/YearlyReportByState.aspx,2026-09-11T11:18:51.157519
4,Al-Ameen Fatima School Of Nursing,"Al-Ameen Fatima School Of Nursing, Al-Ameen Medical College Hospital Campus, Athani Road Vijayapur, Vijayapur, Distt.- Vijayapura, Karnataka, Pin Code- 586108",Al-Ameen Charitable Fund Trust,Vijayapura,Karnataka,Private,M. Sc (N),25 (Twenty Five) 05 In Each Speciality,2025-2026,2,https://online.indiannursingcouncil.org/Reports/YearlyReportByState.aspx,2026-09-11T11:18:51.157519
4,Al-Ameen Fatima School Of Nursing,"Al-Ameen Fatima School Of Nursing, Al-Ameen Medical College Hospital Campus, Athani Road Vijayapur, Vijayapur, Distt.- Vijayapura, Karnataka, Pin Code- 586108",Al-Ameen Charitable Fund Trust,Vijayapura,Karnataka,Private,P B B.Sc(N),30 (Thirty),2025-2026,2,https://online.indiannursingcouncil.org/Reports/YearlyReportByState.aspx,2026-09-11T11:18:51.157519
5,Al-Kareem School Of Nursing,"Al-Kareem School Of Nursing, Plot No.3 Sy. No.123, Badepur, Darshanapur Guda Layout, Near Masjid-E-Umra, Behind Sangtrashwadi City Bus Stand, Darga Road,, Gulbarga, Distt.- Gulbarga, Karnataka, Pin",Syed Barey Educational And Charitable Trust,Gulbarga,Karnataka,Private,GNM,50 (Fifty),2025-2026,2,https://online.indiannursingcouncil.org/Reports/YearlyReportByState.aspx,2026-09-11T11:18:51.157519
6,Alva's Institute Of Nursing Sciences,"Alva's Institute Of Nursing Sciences, Alvas Health Centre Complex, Near New Bus Stand, Moodbidri, Distt.- Dakshina Kannada, Karnataka, Pin Code- 574227",Alvas Education Foundation,Dakshina Kannada,Karnataka,Private,GNM,60 (Sixty),2025-2026,2,https://online.indiannursingcouncil.org/Reports/YearlyReportByState.aspx,2026-09-11T11:18:51.157519
6,Alva's Institute Of Nursing Sciences,"Alva's Institute Of Nursing Sciences, Alvas Health Centre Complex, Near New Bus Stand, Moodbidri, Distt.- Dakshina Kannada, Karnataka, Pin Code- 574227",Alvas Education Foundation,Dakshina Kannada,Karnataka,Private,B.Sc(N),60 (Sixty),2025-2026,2,https://online.indiannursingcouncil.org/Reports/YearlyReportByState.aspx,2026-09-11T11:18:51.157519
6,Alva's Institute Of Nursing Sciences,"Alva's Institute Of Nursing Sciences, Alvas Health Centre Complex, Near New Bus Stand, Moodbidri, Distt.- Dakshina Kannada, Karnataka, Pin Code- 574227",Alvas Education Foundation,Dakshina Kannada,Karnataka,Private,M. Sc (N),"25 (Twenty Five) Med-Surg-8, Obg-7, Paed-5, Chn-5",2025-2026,2,https://online.indiannursingcouncil.org/Reports/YearlyReportByState.aspx,2026-09-11T11:18:51.157519
7,Ambika School Of Nursing,"Ambika School Of Nursing, Thymagundlu Road T. Begur Nelamangala ( Taluk )Bangalore Rural Karnataka , T. Begur, Distt.- Bangalore Rural, Karnataka, Pin Code- 562123",Ambika Institute Of Education Society,Bangalore Rural,Karnataka,Private,GNM,40 (Forty),2025-2026,2,https://online.indiannursingcouncil.org/Reports/YearlyReportByState.aspx,2026-09-11T11:18:51.157519
7,Ambika School Of Nursing,"Ambika School Of Nursing, Thymagundlu Road T. Begur Nelamangala ( Taluk )Bangalore Rural Karnataka , T. Begur, Distt.- Bangalore Rural, Karnataka, Pin Code- 562123",Ambika Institute Of Education Society,Bangalore Rural,Karnataka,Private,B.Sc(N),45 (Forty-Five),2025-2026,2,https://online.indiannursingcouncil.org/Reports/YearlyReportByState.aspx,2026-09-11T11:18:51.157519
8,Amrutha School Of Nursing,"Amrutha School Of Nursing, Behind Onake Obavva Stadium , Chitradurga, Distt.- Chitradurga, Karnataka, Pin Code- 577501",Sri Devarajurs Vidya Samsthe,Chitradurga,Karnataka,Private,GNM,30 (Thirty),2025-2026,2,https://online.indiannursingcouncil.org/Reports/YearlyReportByState.aspx,2026-09-11T11:18:51.157519
9,Ananya School Of Nursing,"Ananya School Of Nursing, No 39/1 Vinayaka Nagar, Near Chikka Banavara, Hesaragatta Main Road, Chikkabanavara, Bangalore-560 090, Bangalore, Distt.- Bangalore, Karnataka, Pin Code- 560090",Maj Foundation,Bangalore,Karnataka,Private,GNM,60 (Sixty),2025-2026,2,https://online.indiannursingcouncil.org/Reports/YearlyReportByState.aspx,2026-09-11T11:18:51.157519
10,Anirudh College Of Nursing,"Anirudh College Of Nursing, Einstin Block, Lingapura, Obalapura Post, Tumkur Koratagere Main Road, Tumkur, Tumkur, Distt.- Tumkur, Karnataka, Pin Code- 572106",Akshaya Education Trust,Tumkur,Karnataka,Private,B.Sc(N),40 (Forty),2025-2026,2,https://online.indiannursingcouncil.org/Reports/YearlyReportByState.aspx,2026-09-11T11:18:51.157519
11,Anupama School Of Nurisng,"Anupama School Of Nurisng, West Of Chord Road, 2Nd Stage, Mahalakshmipuram, Bangalore, Distt.- Bangalore, Karnataka, Pin Code- 560086",Gayathri Educational Society,Bangalore,Karnataka,Private,GNM,60 (Sixty),2025-2026,2,https://online.indiannursingcouncil.org/Reports/YearlyReportByState.aspx,2026-09-11T11:18:51.157519
12,Anuradha School Of Nursing,"Anuradha School Of Nursing, Sy.No78/5, Sreegandhakaval, Hegganahalicross, Sunkadakatte, Bangalore, Distt.- Bangalore, Karnataka, Pin Code- 560091",Anuradha Education Trust,Bangalore,Karnataka,Private,GNM,60 (Sixty),2025-2026,2,https://online.indiannursingcouncil.org/Reports/YearlyReportByState.aspx,2026-09-11T11:18:51.157519
12,Anuradha School Of Nursing,"Anuradha School Of Nursing, Sy.No78/5, Sreegandhakaval, Hegganahalicross, Sunkadakatte, Bangalore, Distt.- Bangalore, Karnataka, Pin Code- 560091",Anuradha Education Trust,Bangalore,Karnataka,Private,B.Sc(N),60 (Sixty),2025-2026,2,https://online.indiannursingcouncil.org/Reports/YearlyReportByState.aspx,2026-09-11T11:18:51.157519
12,Anuradha School Of Nursing,"Anuradha School Of Nursing, Sy.No78/5, Sreegandhakaval, Hegganahalicross, Sunkadakatte, Bangalore, Distt.- Bangalore, Karnataka, Pin Code- 560091",Anuradha Education Trust,Bangalore,Karnataka,Private,M. Sc (N),25 (Twenty Five) Five In Each Specialty,2025-2026,2,https://online.indiannursingcouncil.org/Reports/YearlyReportByState.aspx,2026-09-11T11:18:51.157519
12,Anuradha School Of Nursing,"Anuradha School Of Nursing, Sy.No78/5, Sreegandhakaval, Hegganahalicross, Sunkadakatte, Bangalore, Distt.- Bangalore, Karnataka, Pin Code- 560091",Anuradha Education Trust,Bangalore,Karnataka,Private,P B B.Sc(N),50 (Fifty),2025-2026,2,https://online.indiannursingcouncil.org/Reports/YearlyReportByState.aspx,2026-09-11T11:18:51.157519
13,Aristotle School Of Nursing,"Aristotle School Of Nursing,, Andersonpet, Kolar Gold Fields, Distt.- Kolar, Karnataka, Pin Code- 563113",Aristotle Educational Trust,Kolar,Karnataka,Private,GNM,40 (Forty),2025-2026,2,https://online.indiannursingcouncil.org/Reports/YearlyReportByState.aspx,2026-09-11T11:18:51.157519
14,Aruna School Of Nursing,"Aruna School Of Nursing, Ring Road, Maralur , Tumkur , Distt.- Tumkur, Karnataka, Pin Code- 572105",Aruna Educational Trust,Tumkur,Karnataka,Private,GNM,60 (Sixty),2025-2026,2,https://online.indiannursingcouncil.org/Reports/YearlyReportByState.aspx,2026-09-11T11:18:51.157519
14,Aruna School Of Nursing,"Aruna School Of Nursing, Ring Road, Maralur , Tumkur , Distt.- Tumkur, Karnataka, Pin Code- 572105",Aruna Educational Trust,Tumkur,Karnataka,Private,B.Sc(N),60 (Sixty),2025-2026,2,https://online.indiannursingcouncil.org/Reports/YearlyReportByState.aspx,2026-09-11T11:18:51.157519
14,Aruna School Of Nursing,"Aruna School Of Nursing, Ring Road, Maralur , Tumkur , Distt.- Tumkur, Karnataka, Pin Code- 572105",Aruna Educational Trust,Tumkur,Karnataka,Private,M. Sc (N),25 5 In Each Speciality,2025-2026,2,https://online.indiannursingcouncil.org/Reports/YearlyReportByState.aspx,2026-09-11T11:18:51.157519
14,Aruna School Of Nursing,"Aruna School Of Nursing, Ring Road, Maralur , Tumkur , Distt.- Tumkur, Karnataka, Pin Code- 572105",Aruna Educational Trust,Tumkur,Karnataka,Private,P B B.Sc(N),40 (Forty),2025-2026,2,https://online.indiannursingcouncil.org/Reports/YearlyReportByState.aspx,2026-09-11T11:18:51.157519
15,Ashrith School Of Nursing,"Ashrith School Of Nursing, Nh66, Kota,, Udupi, Distt.- Udupi, Karnataka, Pin Code- 576221",Ashrith Trust,Udupi,Karnataka,Private,GNM,50 (Fifty),2025-2026,2,https://online.indiannursingcouncil.org/Reports/YearlyReportByState.aspx,2026-09-11T11:18:51.157519
1,Ashrith School Of Nursing,"Ashrith School Of Nursing, Nh66, Kota,, Udupi, Distt.- Udupi, Karnataka, Pin Code- 576221",Ashrith Trust,Udupi,Karnataka,Private,B.Sc(N),40 (Forty),2025-2026,3,https://online.indiannursingcouncil.org/Reports/YearlyReportByState.aspx,2026-09-11T11:18:59.215418
2,Ashwini College Of Nursing,"Ashwini College Of Nursing, Behind Ashwini Ayurvedic Medical College, Ring Road, Maralur, Tumkur, Distt.- Tumkur, Karnataka, Pin Code- 572105",Ashwini Educational Foundation,Tumkur,Karnataka,Private,B.Sc(N),60 (Sixty),2025-2026,3,https://online.indiannursingcouncil.org/Reports/YearlyReportByState.aspx,2026-09-11T11:18:59.215418
2,Ashwini College Of Nursing,"Ashwini College Of Nursing, Behind Ashwini Ayurvedic Medical College, Ring Road, Maralur, Tumkur, Distt.- Tumkur, Karnataka, Pin Code- 572105",Ashwini Educational Foundation,Tumkur,Karnataka,Private,P B B.Sc(N),30 (Thirty),2025-2026,3,https://online.indiannursingcouncil.org/Reports/YearlyReportByState.aspx,2026-09-11T11:18:59.215418
3,Ashwini School Of Nursing,"Ashwini School Of Nursing, Shri Vinayaka No.1656/2-2A S.S. Layout A Block Shamanur Road Davangere 577004, Davangere, Distt.- Davanagere, Karnataka, Pin Code- 577004",Prerana Educational Trust,Davanagere,Karnataka,Private,GNM,40 (Forty),2025-2026,3,https://online.indiannursingcouncil.org/Reports/YearlyReportByState.aspx,2026-09-11T11:18:59.215418
4,Aster College Of Nursing,"Aster College Of Nursing , No.43/2, New Airport Road, Nh-7, Sahakarnagar, Bengaluru , Distt.- Bangalore, Karnataka, Pin Code- 560092",Aster Dm Foundation Trust,Bangalore,Karnataka,Private,B.Sc(N),60 (Sixty),2025-2026,3,https://online.indiannursingcouncil.org/Reports/YearlyReportByState.aspx,2026-09-11T11:18:59.215418
5,Athena College Of Nursing,"Athena College Of Nursing, Falnir Road, Mangaluru, Mangaluru, Distt.- Dakshina Kannada, Karnataka, Pin Code- 575001",Akshath Charitable Trust,Dakshina Kannada,Karnataka,Private,B.Sc(N),80 (Eighty),2025-2026,3,https://online.indiannursingcouncil.org/Reports/YearlyReportByState.aspx,2026-09-11T11:18:59.215418
5,Athena College Of Nursing,"Athena College Of Nursing, Falnir Road, Mangaluru, Mangaluru, Distt.- Dakshina Kannada, Karnataka, Pin Code- 575001",Akshath Charitable Trust,Dakshina Kannada,Karnataka,Private,GNM,40 (Forty),2025-2026,3,https://online.indiannursingcouncil.org/Reports/YearlyReportByState.aspx,2026-09-11T11:18:59.215418
5,Athena College Of Nursing,"Athena College Of Nursing, Falnir Road, Mangaluru, Mangaluru, Distt.- Dakshina Kannada, Karnataka, Pin Code- 575001",Akshath Charitable Trust,Dakshina Kannada,Karnataka,Private,M. Sc (N),25 Med-Surg-5 Chn-5 Paed-5 Psy 5 Obg-5,2025-2026,3,https://online.indiannursingcouncil.org/Reports/YearlyReportByState.aspx,2026-09-11T11:18:59.215418
5,Athena College Of Nursing,"Athena College Of Nursing, Falnir Road, Mangaluru, Mangaluru, Distt.- Dakshina Kannada, Karnataka, Pin Code- 575001",Akshath Charitable Trust,Dakshina Kannada,Karnataka,Private,P B B.Sc(N),50 (Fifty),2025-2026,3,https://online.indiannursingcouncil.org/Reports/YearlyReportByState.aspx,2026-09-11T11:18:59.215418
6,Athena Institute Of Nursing,"Athena Institute Of Nursing, No-75, Kannur Village, Bidrahalli Hobli, Bengaluru- 562149 , Bengaluru, Distt.- Bangalore, Karnataka, Pin Code- 562149",Athena Education Foundation,Bangalore,Karnataka,Private,GNM,60 (Sixty),2025-2026,3,https://online.indiannursingcouncil.org/Reports/YearlyReportByState.aspx,2026-09-11T11:18:59.215418
6,Athena Institute Of Nursing,"Athena Institute Of Nursing, No-75, Kannur Village, Bidrahalli Hobli, Bengaluru- 562149 , Bengaluru, Distt.- Bangalore, Karnataka, Pin Code- 562149",Athena Education Foundation,Bangalore,Karnataka,Private,B.Sc(N),40 (Forty),2025-2026,3,https://online.indiannursingcouncil.org/Reports/YearlyReportByState.aspx,2026-09-11T11:18:59.215418
7,Avishkar College Of Nursing,"Avishkar College Of Nursing, Sy No 2/8, 2/9, 2/2, Kamakshipura, Hesaraghatta, Hobli, Vill.- Hesaraghatta, Hobli, Tehsil- Bangalore North, Distt.- Bangalore, Karnataka, Pin Code- 560064",Aditya Avishkar Foundation,Bangalore,Karnataka,Private,B.Sc(N),30 (Thirty),2025-2026,3,https://online.indiannursingcouncil.org/Reports/YearlyReportByState.aspx,2026-09-11T11:18:59.215418
8,Ayesha School Of Nursing,"Ayesha School Of Nursing, Okaly Complex University Road,, Gulbarga, Distt.- Gulbarga, Karnataka, Pin Code- 585105",Islamia Education Trust,Gulbarga,Karnataka,Private,GNM,60 (Sixty),2025-2026,3,https://online.indiannursingcouncil.org/Reports/YearlyReportByState.aspx,2026-09-11T11:18:59.215418
9,B G S College Of Nursing,"B G S College Of Nursing, Apollo Bgs Hospital Adichunchanagiri Road Kuvempunagar, Mysore , Distt.- Mysore, Karnataka, Pin Code- 570023",Sri Adichunchanagiri Shikshana Trust,Mysore,Karnataka,Private,GNM,60 (Sixty),2025-2026,3,https://online.indiannursingcouncil.org/Reports/YearlyReportByState.aspx,2026-09-11T11:18:59.215418
9,B G S College Of Nursing,"B G S College Of Nursing, Apollo Bgs Hospital Adichunchanagiri Road Kuvempunagar, Mysore , Distt.- Mysore, Karnataka, Pin Code- 570023",Sri Adichunchanagiri Shikshana Trust,Mysore,Karnataka,Private,M. Sc (N),25 (Twenty Five) 5 In Each Speciality,2025-2026,3,https://online.indiannursingcouncil.org/Reports/YearlyReportByState.aspx,2026-09-11T11:18:59.215418
9,B G S College Of Nursing,"B G S College Of Nursing, Apollo Bgs Hospital Adichunchanagiri Road Kuvempunagar, Mysore , Distt.- Mysore, Karnataka, Pin Code- 570023",Sri Adichunchanagiri Shikshana Trust,Mysore,Karnataka,Private,B.Sc(N),80 (Eighty),2025-2026,3,https://online.indiannursingcouncil.org/Reports/YearlyReportByState.aspx,2026-09-11T11:18:59.215418
10,B G S Global Institute Of Nursing Sciences,"B G S Global Institute Of Nursing Sciences, No.26, Bgs Health & Education City, Uttarahalli Road, Kengeri, Bangalore, Bangalore, Distt.- Bangalore, Karnataka, Pin Code- 560060",Bgs Health And Education Trust,Bangalore,Karnataka,Private,B.Sc(N),250 (Two Hundred Fifty),2025-2026,3,https://online.indiannursingcouncil.org/Reports/YearlyReportByState.aspx,2026-09-11T11:18:59.215418
11,B L D E A's Shri B M Patil Institute Of Nursing Sciences,"B L D E A's Shri B M Patil Institute Of Nursing Sciences, Smt. Bangaramma Sajjan Campus, Solapur Road, Bijapur , Bijapur, Distt.- Vijayapura, Karnataka, Pin Code- 586103",Blde Association,Vijayapura,Karnataka,Private,M. Sc (N),20 (Twenty) 4 In Each Speciality,2025-2026,3,https://online.indiannursingcouncil.org/Reports/YearlyReportByState.aspx,2026-09-11T11:18:59.215418
11,B L D E A's Shri B M Patil Institute Of Nursing Sciences,"B L D E A's Shri B M Patil Institute Of Nursing Sciences, Smt. Bangaramma Sajjan Campus, Solapur Road, Bijapur , Bijapur, Distt.- Vijayapura, Karnataka, Pin Code- 586103",Blde Association,Vijayapura,Karnataka,Private,P B B.Sc(N),40 (Forty),2025-2026,3,https://online.indiannursingcouncil.org/Reports/YearlyReportByState.aspx,2026-09-11T11:18:59.215418
11,B L D E A's Shri B M Patil Institute Of Nursing Sciences,"B L D E A's Shri B M Patil Institute Of Nursing Sciences, Smt. Bangaramma Sajjan Campus, Solapur Road, Bijapur , Bijapur, Distt.- Vijayapura, Karnataka, Pin Code- 586103",Blde Association,Vijayapura,Karnataka,Private,GNM,80 (Eighty),2025-2026,3,https://online.indiannursingcouncil.org/Reports/YearlyReportByState.aspx,2026-09-11T11:18:59.215418
11,B L D E A's Shri B M Patil Institute Of Nursing Sciences,"B L D E A's Shri B M Patil Institute Of Nursing Sciences, Smt. Bangaramma Sajjan Campus, Solapur Road, Bijapur , Bijapur, Distt.- Vijayapura, Karnataka, Pin Code- 586103",Blde Association,Vijayapura,Karnataka,Private,B.Sc(N),100 (One Hundred),2025-2026,3,https://online.indiannursingcouncil.org/Reports/YearlyReportByState.aspx,2026-09-11T11:18:59.215418
12,B M S Hospital Nursing School,"B M S Hospital Nursing School, Sy. No. 618, Sri Mallikarjuna Swamy Temple Street, Nr Colony, Bangalore, Bangalore, Distt.- Bangalore, Karnataka, Pin Code- 560019",International Education Society,Bangalore,Karnataka,Private,GNM,60 (Sixty),2025-2026,3,https://online.indiannursingcouncil.org/Reports/YearlyReportByState.aspx,2026-09-11T11:18:59.215418
12,B M S Hospital Nursing School,"B M S Hospital Nursing School, Sy. No. 618, Sri Mallikarjuna Swamy Temple Street, Nr Colony, Bangalore, Bangalore, Distt.- Bangalore, Karnataka, Pin Code- 560019",International Education Society,Bangalore,Karnataka,Private,B.Sc(N),60 (Sixty),2025-2026,3,https://online.indiannursingcouncil.org/Reports/YearlyReportByState.aspx,2026-09-11T11:18:59.215418
12,B M S Hospital Nursing School,"B M S Hospital Nursing School, Sy. No. 618, Sri Mallikarjuna Swamy Temple Street, Nr Colony, Bangalore, Bangalore, Distt.- Bangalore, Karnataka, Pin Code- 560019",International Education Society,Bangalore,Karnataka,Private,M. Sc (N),"20 ; Psy-4, Med-Surg-4, Obg-4, Chn-4, Paed-4",2025-2026,3,https://online.indiannursingcouncil.org/Reports/YearlyReportByState.aspx,2026-09-11T11:18:59.215418
12,B M S Hospital Nursing School,"B M S Hospital Nursing School, Sy. No. 618, Sri Mallikarjuna Swamy Temple Street, Nr Colony, Bangalore, Bangalore, Distt.- Bangalore, Karnataka, Pin Code- 560019",International Education Society,Bangalore,Karnataka,Private,P B B.Sc(N),50 (Fifty),2025-2026,3,https://online.indiannursingcouncil.org/Reports/YearlyReportByState.aspx,2026-09-11T11:18:59.215418
13,B T L School Of Nursing,"B T L School Of Nursing,, No.259B,Bommasandra Industrial Area,Hosur Road, Bangalore, Distt.- Bangalore, Karnataka, Pin Code- 560099",Btl Educational Trust For Rural Development,Bangalore,Karnataka,Private,GNM,50 (Fifty),2025-2026,3,https://online.indiannursingcouncil.org/Reports/YearlyReportByState.aspx,2026-09-11T11:18:59.215418
13,B T L School Of Nursing,"B T L School Of Nursing,, No.259B,Bommasandra Industrial Area,Hosur Road, Bangalore, Distt.- Bangalore, Karnataka, Pin Code- 560099",Btl Educational Trust For Rural Development,Bangalore,Karnataka,Private,B.Sc(N),40 (Forty),2025-2026,3,https://online.indiannursingcouncil.org/Reports/YearlyReportByState.aspx,2026-09-11T11:18:59.215418
14,Bajaj School Of Nursing,"Bajaj School Of Nursing, Al-Ameen Colony H.No. 14-5-237 Bagnam 147 Halladkeri(K) Hyderabad Road , Bidar, Distt.- Bidar, Karnataka, Pin Code- 585403",Nehru Educational Trust,Bidar,Karnataka,Private,GNM,40 (Forty),2025-2026,3,https://online.indiannursingcouncil.org/Reports/YearlyReportByState.aspx,2026-09-11T11:18:59.215418
15,Banaswadi College Of Nursing,"Banaswadi College Of Nursing,, 33/1 Byrathi Extn.Opp.Bible College,Hennor,Bagalur,Kottanoor Post, Bangalore, Distt.- Bangalore, Karnataka, Pin Code- 560077",Sree Manjunatheswara Charitable Trust,Bangalore,Karnataka,Private,B.Sc(N),40 (Forty),2025-2026,3,https://online.indiannursingcouncil.org/Reports/YearlyReportByState.aspx,2026-09-11T11:18:59.215418
15,Banaswadi College Of Nursing,"Banaswadi College Of Nursing,, 33/1 Byrathi Extn.Opp.Bible College,Hennor,Bagalur,Kottanoor Post, Bangalore, Distt.- Bangalore, Karnataka, Pin Code- 560077",Sree Manjunatheswara Charitable Trust,Bangalore,Karnataka,Private,P B B.Sc(N),30 (Thirty),2025-2026,3,https://online.indiannursingcouncil.org/Reports/YearlyReportByState.aspx,2026-09-11T11:18:59.215418
1,Bangalore City School Of Nursing,"Bangalore City School Of Nursing, 160, Chelikere Main Road, Bansawadi Outer Ring Road, Kalyan Nagar, Bangalore, Bangalore , Distt.- Bangalore, Karnataka, Pin Code- 560043",Ramakrishna Education Trust,Bangalore,Karnataka,Private,GNM,40 (Forty),2025-2026,4,https://online.indiannursingcouncil.org/Reports/YearlyReportByState.aspx,2026-09-11T11:19:07.692198
1,Bangalore City School Of Nursing,"Bangalore City School Of Nursing, 160, Chelikere Main Road, Bansawadi Outer Ring Road, Kalyan Nagar, Bangalore, Bangalore , Distt.- Bangalore, Karnataka, Pin Code- 560043",Ramakrishna Education Trust,Bangalore,Karnataka,Private,B.Sc(N),60 (Sixty),2025-2026,4,https://online.indiannursingcouncil.org/Reports/YearlyReportByState.aspx,2026-09-11T11:19:07.692198
1,Bangalore City School Of Nursing,"Bangalore City School Of Nursing, 160, Chelikere Main Road, Bansawadi Outer Ring Road, Kalyan Nagar, Bangalore, Bangalore , Distt.- Bangalore, Karnataka, Pin Code- 560043",Ramakrishna Education Trust,Bangalore,Karnataka,Private,M. Sc (N),15 : 3 In Each Speciality,2025-2026,4,https://online.indiannursingcouncil.org/Reports/YearlyReportByState.aspx,2026-09-11T11:19:07.692198
1,Bangalore City School Of Nursing,"Bangalore City School Of Nursing, 160, Chelikere Main Road, Bansawadi Outer Ring Road, Kalyan Nagar, Bangalore, Bangalore , Distt.- Bangalore, Karnataka, Pin Code- 560043",Ramakrishna Education Trust,Bangalore,Karnataka,Private,P B B.Sc(N),20 (Twenty),2025-2026,4,https://online.indiannursingcouncil.org/Reports/YearlyReportByState.aspx,2026-09-11T11:19:07.692198
2,Bangalore College Of Nursing,"Bangalore College Of Nursing, Heelalige Village, Chandapura Post, Anekal Taluk, Bengaluru, Bengaluru, Distt.- Bangalore, Karnataka, Pin Code- 560099",Bangalore Educational Trust,Bangalore,Karnataka,Private,B.Sc(N),40 (Forty),2025-2026,4,https://online.indiannursingcouncil.org/Reports/YearlyReportByState.aspx,2026-09-11T11:19:07.692198
2,Bangalore College Of Nursing,"Bangalore College Of Nursing, Heelalige Village, Chandapura Post, Anekal Taluk, Bengaluru, Bengaluru, Distt.- Bangalore, Karnataka, Pin Code- 560099",Bangalore Educational Trust,Bangalore,Karnataka,Private,GNM,40 (Forty),2025-2026,4,https://online.indiannursingcouncil.org/Reports/YearlyReportByState.aspx,2026-09-11T11:19:07.692198
3,Bangalore Institute Of Nursing,"Bangalore Institute Of Nursing, 33/1 Byrathi Extension Opp. To Bible College , Bangalore, Distt.- Bangalore, Karnataka, Pin Code- 560077",Poornima Education Trust,Bangalore,Karnataka,Private,GNM,50 (Fifty),2025-2026,4,https://online.indiannursingcouncil.org/Reports/YearlyReportByState.aspx,2026-09-11T11:19:07.692198
4,Bangalore Little Flower College Of Nursing,"Bangalore Little Flower College Of Nursing, No. 32, Kadusonnapanahalli, Hennur Bagalur Road, Kannur Po, Bangalore, Bangalore, Distt.- Bangalore, Karnataka, Pin Code- 560077",Mother Teresa Health Welfare And Charitable Trust,Bangalore,Karnataka,Private,B.Sc(N),40 (Forty),2025-2026,4,https://online.indiannursingcouncil.org/Reports/YearlyReportByState.aspx,2026-09-11T11:19:07.692198
5,Bapuji College Of Nursing,"Bapuji College Of Nursing, S.S.Genaral Hospital,K.R.Road, Davangere, Distt.- Davanagere, Karnataka, Pin Code- 577001",Bapuji Educational Association,Davanagere,Karnataka,Private,P B B.Sc(N),60 (Sixty),2025-2026,4,https://online.indiannursingcouncil.org/Reports/YearlyReportByState.aspx,2026-09-11T11:19:07.692198
5,Bapuji College Of Nursing,"Bapuji College Of Nursing, S.S.Genaral Hospital,K.R.Road, Davangere, Distt.- Davanagere, Karnataka, Pin Code- 577001",Bapuji Educational Association,Davanagere,Karnataka,Private,B.Sc(N),100 (Hundred),2025-2026,4,https://online.indiannursingcouncil.org/Reports/YearlyReportByState.aspx,2026-09-11T11:19:07.692198
5,Bapuji College Of Nursing,"Bapuji College Of Nursing, S.S.Genaral Hospital,K.R.Road, Davangere, Distt.- Davanagere, Karnataka, Pin Code- 577001",Bapuji Educational Association,Davanagere,Karnataka,Private,GNM,100 (Hundred),2025-2026,4,https://online.indiannursingcouncil.org/Reports/YearlyReportByState.aspx,2026-09-11T11:19:07.692198
5,Bapuji College Of Nursing,"Bapuji College Of Nursing, S.S.Genaral Hospital,K.R.Road, Davangere, Distt.- Davanagere, Karnataka, Pin Code- 577001",Bapuji Educational Association,Davanagere,Karnataka,Private,M. Sc (N),"25; Paed-3, Psy-3, Chn-5, Med-Surg-7, Obg-7",2025-2026,4,https://online.indiannursingcouncil.org/Reports/YearlyReportByState.aspx,2026-09-11T11:19:07.692198
6,Bapuji College Of Nursing,"Bapuji College Of Nursing, Savalanga Raod, Opp. A.G. College, Channamumbapura, , Shivamogga, Distt.- Shimoga, Karnataka, Pin Code- 577225",Bapuji Vidya Samsthe Honnali,Shimoga,Karnataka,Private,B.Sc(N),50 (Fifty),2025-2026,4,https://online.indiannursingcouncil.org/Reports/YearlyReportByState.aspx,2026-09-11T11:19:07.692198
6,Bapuji College Of Nursing,"Bapuji College Of Nursing, Savalanga Raod, Opp. A.G. College, Channamumbapura, , Shivamogga, Distt.- Shimoga, Karnataka, Pin Code- 577225",Bapuji Vidya Samsthe Honnali,Shimoga,Karnataka,Private,GNM,60 (Sixty),2025-2026,4,https://online.indiannursingcouncil.org/Reports/YearlyReportByState.aspx,2026-09-11T11:19:07.692198
7,Bellary Institute Of Nursing,"Bellary Institute Of Nursing, 195/C 8Th Cross, M.V Nagar, Kappagal Road Ballari, Ballari, Distt.- Bellary, Karnataka, Pin Code- 583103",Balaji Vidya Academy,Bellary,Karnataka,Private,GNM,60 (Sixty),2025-2026,4,https://online.indiannursingcouncil.org/Reports/YearlyReportByState.aspx,2026-09-11T11:19:07.692198
7,Bellary Institute Of Nursing,"Bellary Institute Of Nursing, 195/C 8Th Cross, M.V Nagar, Kappagal Road Ballari, Ballari, Distt.- Bellary, Karnataka, Pin Code- 583103",Balaji Vidya Academy,Bellary,Karnataka,Private,B.Sc(N),60 (Sixty),2025-2026,4,https://online.indiannursingcouncil.org/Reports/YearlyReportByState.aspx,2026-09-11T11:19:07.692198
8,Best School Of Nursing,"Best School Of Nursing, 3Rd Cross, 2Nd Main, Vidyanagar (East), Bellary., Bellary, Distt.- Bellary, Karnataka, Pin Code- 583104",Bellary Educational Service Trust,Bellary,Karnataka,Private,GNM,60 (Sixty),2025-2026,4,https://online.indiannursingcouncil.org/Reports/YearlyReportByState.aspx,2026-09-11T11:19:07.692198
9,Bethel Medical Institute Of Nursing Sciences,"Bethel Medical Institute Of Nursing Sciences, Bethel Medical Mission Group Bethel Medical Mission Campus, Bethel Street Preethi Nagar Near Laggere Brideg, Bangalore, Distt.- Bangalore, Karnataka,",B C Trust,Bangalore,Karnataka,Private,B.Sc(N),50 (Fifty),2025-2026,4,https://online.indiannursingcouncil.org/Reports/YearlyReportByState.aspx,2026-09-11T11:19:07.692198
10,Bgs Vijnatham Institute Of Nursing Sciences,"Bgs Vijnatham Institute Of Nursing Sciences, Bgs Vijnatham South Campus, Nagarur, Dasanapura Hobli, Bengaluru North Taluk, Bengaluru Urban District, Karnataka 562123, Bengaluru, Distt.- Bangalore,",Adichunchanagiri University,Bangalore,Karnataka,Private,B.Sc(N),250 (Two Hundred Fifty),2025-2026,4,https://online.indiannursingcouncil.org/Reports/YearlyReportByState.aspx,2026-09-11T11:19:07.692198
11,Bharathi College And School Of Nursing,"Bharathi College And School Of Nursing, St. Mary's Church Campus, Tumkur Highway, Arishinakunte., Bangalore, Distt.- Bangalore Rural, Karnataka, Pin Code- 562123",Bharathi Educational Society,Bangalore Rural,Karnataka,Private,GNM,40 (Forty),2025-2026,4,https://online.indiannursingcouncil.org/Reports/YearlyReportByState.aspx,2026-09-11T11:19:07.692198
11,Bharathi College And School Of Nursing,"Bharathi College And School Of Nursing, St. Mary's Church Campus, Tumkur Highway, Arishinakunte., Bangalore, Distt.- Bangalore Rural, Karnataka, Pin Code- 562123",Bharathi Educational Society,Bangalore Rural,Karnataka,Private,B.Sc(N),40 (Forty),2025-2026,4,https://online.indiannursingcouncil.org/Reports/YearlyReportByState.aspx,2026-09-11T11:19:07.692198
11,Bharathi College And School Of Nursing,"Bharathi College And School Of Nursing, St. Mary's Church Campus, Tumkur Highway, Arishinakunte., Bangalore, Distt.- Bangalore Rural, Karnataka, Pin Code- 562123",Bharathi Educational Society,Bangalore Rural,Karnataka,Private,P B B.Sc(N),30 (Thirty),2025-2026,4,https://online.indiannursingcouncil.org/Reports/YearlyReportByState.aspx,2026-09-11T11:19:07.692198
12,Bhuvan College Of Nursing,"Bhuvan College Of Nursing, Venkatala,Yelahanka, Bangalore, Distt.- Bangalore, Karnataka, Pin Code- 560064",Cuddapah Education Society,Bangalore,Karnataka,Private,B.Sc(N),40 (Forty),2025-2026,4,https://online.indiannursingcouncil.org/Reports/YearlyReportByState.aspx,2026-09-11T11:19:07.692198
12,Bhuvan College Of Nursing,"Bhuvan College Of Nursing, Venkatala,Yelahanka, Bangalore, Distt.- Bangalore, Karnataka, Pin Code- 560064",Cuddapah Education Society,Bangalore,Karnataka,Private,M. Sc (N),19 (Nineteen) Psy-4 Paed-5 Obg-5 Med-Surg-5,2025-2026,4,https://online.indiannursingcouncil.org/Reports/YearlyReportByState.aspx,2026-09-11T11:19:07.692198
12,Bhuvan College Of Nursing,"Bhuvan College Of Nursing, Venkatala,Yelahanka, Bangalore, Distt.- Bangalore, Karnataka, Pin Code- 560064",Cuddapah Education Society,Bangalore,Karnataka,Private,P B B.Sc(N),30 (Thirty),2025-2026,4,https://online.indiannursingcouncil.org/Reports/YearlyReportByState.aspx,2026-09-11T11:19:07.692198
12,Bhuvan College Of Nursing,"Bhuvan College Of Nursing, Venkatala,Yelahanka, Bangalore, Distt.- Bangalore, Karnataka, Pin Code- 560064",Cuddapah Education Society,Bangalore,Karnataka,Private,GNM,40 (Forty),2025-2026,4,https://online.indiannursingcouncil.org/Reports/YearlyReportByState.aspx,2026-09-11T11:19:07.692198
13,Bilwa Institute Of Nursing,"Bilwa Institute Of Nursing, #19/C,Kappagal Road,Gandhi Nagara, Bellary, Distt.- Bellary, Karnataka, Pin Code- 583101",Sri Durga Vidyavardaka Sangha,Bellary,Karnataka,Private,GNM,30 (Thirty),2025-2026,4,https://online.indiannursingcouncil.org/Reports/YearlyReportByState.aspx,2026-09-11T11:19:07.692198
14,Brite College Of Nursing,"Brite College Of Nursing, Sy No 69,Bwssb Colony,Pipeline Road,Chikkagollarahatti,Magadi Main Road,Vishwaneedam Post, Bangalore, Distt.- Bangalore, Karnataka, Pin Code- 560091",Amala Jyothi Vidya Kendra Trust,Bangalore,Karnataka,Private,M. Sc (N),"25 ; Med-Surg-5, Chn-5, Paed-5, Obg-5, Psy-5",2025-2026,4,https://online.indiannursingcouncil.org/Reports/YearlyReportByState.aspx,2026-09-11T11:19:07.692198
14,Brite College Of Nursing,"Brite College Of Nursing, Sy No 69,Bwssb Colony,Pipeline Road,Chikkagollarahatti,Magadi Main Road,Vishwaneedam Post, Bangalore, Distt.- Bangalore, Karnataka, Pin Code- 560091",Amala Jyothi Vidya Kendra Trust,Bangalore,Karnataka,Private,P B B.Sc(N),50 (Fifty),2025-2026,4,https://online.indiannursingcouncil.org/Reports/YearlyReportByState.aspx,2026-09-11T11:19:07.692198
14,Brite College Of Nursing,"Brite College Of Nursing, Sy No 69,Bwssb Colony,Pipeline Road,Chikkagollarahatti,Magadi Main Road,Vishwaneedam Post, Bangalore, Distt.- Bangalore, Karnataka, Pin Code- 560091",Amala Jyothi Vidya Kendra Trust,Bangalore,Karnataka,Private,GNM,60 (Sixty),2025-2026,4,https://online.indiannursingcouncil.org/Reports/YearlyReportByState.aspx,2026-09-11T11:19:07.692198
1,Brite College Of Nursing,"Brite College Of Nursing, Sy No 69,Bwssb Colony,Pipeline Road,Chikkagollarahatti,Magadi Main Road,Vishwaneedam Post, Bangalore, Distt.- Bangalore, Karnataka, Pin Code- 560091",Amala Jyothi Vidya Kendra Trust,Bangalore,Karnataka,Private,B.Sc(N),60 (Sixty),2025-2026,5,https://online.indiannursingcouncil.org/Reports/YearlyReportByState.aspx,2026-09-11T11:19:16.876338
2,C S I School Of Nursing,"C S I School Of Nursing, Church Of South India Hospital, No 4, Hazarath Kambhal Posh Road, Vill.- Bangalore, Tehsil- Bangalore South, Distt.- Bangalore, Karnataka, Pin Code- 560051",The Church Of South India Trust Association,Bangalore,Karnataka,Private,GNM,45 (Forty Five),2025-2026,5,https://online.indiannursingcouncil.org/Reports/YearlyReportByState.aspx,2026-09-11T11:19:16.876338
3,C.S.I. Redfern Memorial School Of Nursing,"C.S.I. Redfern Memorial School Of Nursing , Mission Hospital Compound R C Road Hassan, Hassan, Distt.- Hassan, Karnataka, Pin Code- 573201",The Cherch Of South India Trust Association,Hassan,Karnataka,Private,GNM,60 (Sixty),2025-2026,5,https://online.indiannursingcouncil.org/Reports/YearlyReportByState.aspx,2026-09-11T11:19:16.876338
4,C.S.I.Lombard Memorial College Of Nursing,"C.S.I.Lombard Memorial College Of Nursing, Lombard Memorial Hospital (C S I Hosp.) P.B.No. 5, Mission Road, Udupi, Udupi, Distt.- Udupi, Karnataka, Pin Code- 576101",,Udupi,Karnataka,Private,GNM,45 (Forty Five),2025-2026,5,https://online.indiannursingcouncil.org/Reports/YearlyReportByState.aspx,2026-09-11T11:19:16.876338
4,C.S.I.Lombard Memorial College Of Nursing,"C.S.I.Lombard Memorial College Of Nursing, Lombard Memorial Hospital (C S I Hosp.) P.B.No. 5, Mission Road, Udupi, Udupi, Distt.- Udupi, Karnataka, Pin Code- 576101",,Udupi,Karnataka,Private,B.Sc(N),60 (Sixty),2025-2026,5,https://online.indiannursingcouncil.org/Reports/YearlyReportByState.aspx,2026-09-11T11:19:16.876338
5,Canara College Of Nursing,"Canara College Of Nursing, Prafulla Enclave, Haldy Road, Koteshwar Post, , Koteshwar, Distt.- Udupi, Karnataka, Pin Code- 576222",Bailur Educational Trust,Udupi,Karnataka,Private,B.Sc(N),60 (Sixty),2025-2026,5,https://online.indiannursingcouncil.org/Reports/YearlyReportByState.aspx,2026-09-11T11:19:16.876338
6,Cauvery School Of Nursing,"Cauvery School Of Nursing, 131/1,2D,2E,2F,Kbl Layout,Alanahalli ,Mysore, Mysore, Distt.- Mysore, Karnataka, Pin Code- 570028",Dr.Chandrashekar Foundation,Mysore,Karnataka,Private,GNM,50 (Fifty),2025-2026,5,https://online.indiannursingcouncil.org/Reports/YearlyReportByState.aspx,2026-09-11T11:19:16.876338
6,Cauvery School Of Nursing,"Cauvery School Of Nursing, 131/1,2D,2E,2F,Kbl Layout,Alanahalli ,Mysore, Mysore, Distt.- Mysore, Karnataka, Pin Code- 570028",Dr.Chandrashekar Foundation,Mysore,Karnataka,Private,B.Sc(N),60 (Sixty),2025-2026,5,https://online.indiannursingcouncil.org/Reports/YearlyReportByState.aspx,2026-09-11T11:19:16.876338
6,Cauvery School Of Nursing,"Cauvery School Of Nursing, 131/1,2D,2E,2F,Kbl Layout,Alanahalli ,Mysore, Mysore, Distt.- Mysore, Karnataka, Pin Code- 570028",Dr.Chandrashekar Foundation,Mysore,Karnataka,Private,M. Sc (N),15 (Fifteen) Obg-5 Chn 5 Paed-5,2025-2026,5,https://online.indiannursingcouncil.org/Reports/YearlyReportByState.aspx,2026-09-11T11:19:16.876338
6,Cauvery School Of Nursing,"Cauvery School Of Nursing, 131/1,2D,2E,2F,Kbl Layout,Alanahalli ,Mysore, Mysore, Distt.- Mysore, Karnataka, Pin Code- 570028",Dr.Chandrashekar Foundation,Mysore,Karnataka,Private,P B B.Sc(N),30 (Thirty),2025-2026,5,https://online.indiannursingcouncil.org/Reports/YearlyReportByState.aspx,2026-09-11T11:19:16.876338
6,Cauvery School Of Nursing,"Cauvery School Of Nursing, 131/1,2D,2E,2F,Kbl Layout,Alanahalli ,Mysore, Mysore, Distt.- Mysore, Karnataka, Pin Code- 570028",Dr.Chandrashekar Foundation,Mysore,Karnataka,Private,NURSE PRACTITIONER IN CRITICAL CARE(NPCC),15 (Fifteen),2025-2026,5,https://online.indiannursingcouncil.org/Reports/YearlyReportByState.aspx,2026-09-11T11:19:16.876338
7,Chaitanya School Of Nursing,"Chaitanya School Of Nursing,, Janapriya Township, Kadabagere Post, Near Byandhalli , Magadi Main Road , Bangalore, Distt.- Bangalore, Karnataka, Pin Code- 562130",Chaitanya Educational Society,Bangalore,Karnataka,Private,GNM,30 (Thirty),2025-2026,5,https://online.indiannursingcouncil.org/Reports/YearlyReportByState.aspx,2026-09-11T11:19:16.876338
8,Charkos College Of Nursing,"Charkos College Of Nursing, #5, C-1, A-1 Block, 3Rd Stage,Vijaya Nagar, Mysuru-570030, Mysuru, Distt.- Mysore, Karnataka, Pin Code- 570030",Sunanda Education Trust,Mysore,Karnataka,Private,B.Sc(N),40 (Forty),2025-2026,5,https://online.indiannursingcouncil.org/Reports/YearlyReportByState.aspx,2026-09-11T11:19:16.876338
9,Chikkaballapur Institute Of Nursing Sciences,"Chikkaballapur Institute Of Nursing Sciences , Aroor At Post (Peresandra) Chikkaballapur Dist Chikkaballapur Tq, Chikkaballapur, Distt.- Chikkaballapura, Karnataka, Pin Code- 562101",Karnataka,Chikkaballapura,Karnataka,Government,B.Sc(N),100 (One Hundred),2025-2026,5,https://online.indiannursingcouncil.org/Reports/YearlyReportByState.aspx,2026-09-11T11:19:16.876338
10,Chinai College Of Nursing,"Chinai College Of Nursing,, No,378 A Block S. Madiwala Samanduru Post Anekal- Hosur Main Road, Vill.- S. Madiwala, Tehsil- Anekal, Distt.- Bangalore, Karnataka, Pin Code- 562106",Thirumala Charitable Society,Bangalore,Karnataka,Private,GNM,50 (Fifty),2025-2026,5,https://online.indiannursingcouncil.org/Reports/YearlyReportByState.aspx,2026-09-11T11:19:16.876338
10,Chinai College Of Nursing,"Chinai College Of Nursing,, No,378 A Block S. Madiwala Samanduru Post Anekal- Hosur Main Road, Vill.- S. Madiwala, Tehsil- Anekal, Distt.- Bangalore, Karnataka, Pin Code- 562106",Thirumala Charitable Society,Bangalore,Karnataka,Private,B.Sc(N),60 (Sixty),2025-2026,5,https://online.indiannursingcouncil.org/Reports/YearlyReportByState.aspx,2026-09-11T11:19:16.876338
10,Chinai College Of Nursing,"Chinai College Of Nursing,, No,378 A Block S. Madiwala Samanduru Post Anekal- Hosur Main Road, Vill.- S. Madiwala, Tehsil- Anekal, Distt.- Bangalore, Karnataka, Pin Code- 562106",Thirumala Charitable Society,Bangalore,Karnataka,Private,M. Sc (N),25 ; 5 In Each Speciality,2025-2026,5,https://online.indiannursingcouncil.org/Reports/YearlyReportByState.aspx,2026-09-11T11:19:16.876338
10,Chinai College Of Nursing,"Chinai College Of Nursing,, No,378 A Block S. Madiwala Samanduru Post Anekal- Hosur Main Road, Vill.- S. Madiwala, Tehsil- Anekal, Distt.- Bangalore, Karnataka, Pin Code- 562106",Thirumala Charitable Society,Bangalore,Karnataka,Private,P B B.Sc(N),40 (Forty),2025-2026,5,https://online.indiannursingcouncil.org/Reports/YearlyReportByState.aspx,2026-09-11T11:19:16.876338
11,Chinmaya Institute Of Nursing,"Chinmaya Institute Of Nursing, Cmh Compound Cmh Road Indiranagar Bangalore, Bangalore, Distt.- Bangalore, Karnataka, Pin Code- 560038",Karnataka Chinmaya Seva Trust,Bangalore,Karnataka,Private,B.Sc(N),40 (Forty),2025-2026,5,https://online.indiannursingcouncil.org/Reports/YearlyReportByState.aspx,2026-09-11T11:19:16.876338
12,Christian College Of Nursing,"Christian College Of Nursing, #150/6, Horamavu Agara, Hennur Main Road, Horamavu Post, Bangalore , Distt.- Bangalore, Karnataka, Pin Code- 560043",Sri Rajaram Mohanroy Educational Trust,Bangalore,Karnataka,Private,M. Sc (N),16 (Sixteen),2025-2026,5,https://online.indiannursingcouncil.org/Reports/YearlyReportByState.aspx,2026-09-11T11:19:16.876338
12,Christian College Of Nursing,"Christian College Of Nursing, #150/6, Horamavu Agara, Hennur Main Road, Horamavu Post, Bangalore , Distt.- Bangalore, Karnataka, Pin Code- 560043",Sri Rajaram Mohanroy Educational Trust,Bangalore,Karnataka,Private,P B B.Sc(N),30 (Thirty),2025-2026,5,https://online.indiannursingcouncil.org/Reports/YearlyReportByState.aspx,2026-09-11T11:19:16.876338
12,Christian College Of Nursing,"Christian College Of Nursing, #150/6, Horamavu Agara, Hennur Main Road, Horamavu Post, Bangalore , Distt.- Bangalore, Karnataka, Pin Code- 560043",Sri Rajaram Mohanroy Educational Trust,Bangalore,Karnataka,Private,GNM,60 (Sixty),2025-2026,5,https://online.indiannursingcouncil.org/Reports/YearlyReportByState.aspx,2026-09-11T11:19:16.876338
12,Christian College Of Nursing,"Christian College Of Nursing, #150/6, Horamavu Agara, Hennur Main Road, Horamavu Post, Bangalore , Distt.- Bangalore, Karnataka, Pin Code- 560043",Sri Rajaram Mohanroy Educational Trust,Bangalore,Karnataka,Private,B.Sc(N),50 (Fifty),2025-2026,5,https://online.indiannursingcouncil.org/Reports/YearlyReportByState.aspx,2026-09-11T11:19:16.876338
13,City College Of Nursing,"City College Of Nursing, Instt. Of Nursing, City Enclave Shakti Nagar, Mangalore, Distt.- Dakshina Kannada, Karnataka, Pin Code- 575016",City Hospital Charitable Trust,Dakshina Kannada,Karnataka,Private,GNM,60 (Sixty),2025-2026,5,https://online.indiannursingcouncil.org/Reports/YearlyReportByState.aspx,2026-09-11T11:19:16.876338
14,Cnk College Of Nursing,"Cnk College Of Nursing, #12,Cholanayakanahalli,Rt Nagar Post Hebbal Bangalore-32, Banglore, Distt.- Bangalore, Karnataka, Pin Code- 560032",Karnataka,Bangalore,Karnataka,Private,GNM,60 (Sixty),2025-2026,5,https://online.indiannursingcouncil.org/Reports/YearlyReportByState.aspx,2026-09-11T11:19:16.876338
14,Cnk College Of Nursing,"Cnk College Of Nursing, #12,Cholanayakanahalli,Rt Nagar Post Hebbal Bangalore-32, Banglore, Distt.- Bangalore, Karnataka, Pin Code- 560032",Karnataka,Bangalore,Karnataka,Private,B.Sc(N),60 (Sixty),2025-2026,5,https://online.indiannursingcouncil.org/Reports/YearlyReportByState.aspx,2026-09-11T11:19:16.876338
15,College Of Nursing,"College Of Nursing, College Of Nursing Command Hospital Airforce Bangalore Old Airport Road Agaram Po, Bangalore, Distt.- Bangalore, Karnataka, Pin Code- 560007",Indian Airforce,Bangalore,Karnataka,Government,B.Sc(N),40 (Forty),2025-2026,5,https://online.indiannursingcouncil.org/Reports/YearlyReportByState.aspx,2026-09-11T11:19:16.876338
15,College Of Nursing,"College Of Nursing, College Of Nursing Command Hospital Airforce Bangalore Old Airport Road Agaram Po, Bangalore, Distt.- Bangalore, Karnataka, Pin Code- 560007",Indian Airforce,Bangalore,Karnataka,Government,Post Basic Diploma in Emergency &amp; Disaster Nursing,20 (Twenty),2025-2026,5,https://online.indiannursingcouncil.org/Reports/YearlyReportByState.aspx,2026-09-11T11:19:16.876338
15,College Of Nursing,"College Of Nursing, College Of Nursing Command Hospital Airforce Bangalore Old Airport Road Agaram Po, Bangalore, Distt.- Bangalore, Karnataka, Pin Code- 560007",Indian Airforce,Bangalore,Karnataka,Government,Nurse Practitioner in Midwifery,20 (Twenty),2025-2026,5,https://online.indiannursingcouncil.org/Reports/YearlyReportByState.aspx,2026-09-11T11:19:16.876338
16,College Of Nursing,"College Of Nursing, V I M S, Vims Campus, Ballari, Distt.- Bellary, Karnataka, Pin Code- 583104",Vijayanagar Institute Of Medical Sciences,Bellary,Karnataka,Government,GNM,30 (Thirty),2025-2026,5,https://online.indiannursingcouncil.org/Reports/YearlyReportByState.aspx,2026-09-11T11:19:16.876338
1,College Of Nursing,"College Of Nursing,, National Institute Of Mental Health & Neuro Sciences, , Distt.- Bangalore, Karnataka, Pin Code- 560029",Nimans Deemed University,Bangalore,Karnataka,Government,B.Sc(N),85 (Eighty Five),2025-2026,6,https://online.indiannursingcouncil.org/Reports/YearlyReportByState.aspx,2026-09-11T11:19:24.718343
1,College Of Nursing,"College Of Nursing,, National Institute Of Mental Health & Neuro Sciences, , Distt.- Bangalore, Karnataka, Pin Code- 560029",Nimans Deemed University,Bangalore,Karnataka,Government,M. Sc (N),10 (Ten) Psychiatric-10,2025-2026,6,https://online.indiannursingcouncil.org/Reports/YearlyReportByState.aspx,2026-09-11T11:19:24.718343
2,Columbia College Of Nursing,"Columbia College Of Nursing, No 71, Mariyappana Palya, Gnanabharathi Post, Kengeri Hobli,, Bangalore, Distt.- Bangalore, Karnataka, Pin Code- 560056",Srinidhi Educational Trust,Bangalore,Karnataka,Private,B.Sc(N),60 (Sixty),2025-2026,6,https://online.indiannursingcouncil.org/Reports/YearlyReportByState.aspx,2026-09-11T11:19:24.718343
2,Columbia College Of Nursing,"Columbia College Of Nursing, No 71, Mariyappana Palya, Gnanabharathi Post, Kengeri Hobli,, Bangalore, Distt.- Bangalore, Karnataka, Pin Code- 560056",Srinidhi Educational Trust,Bangalore,Karnataka,Private,M. Sc (N),25 (Twenty Five) 5 (Five) In Each Speciality,2025-2026,6,https://online.indiannursingcouncil.org/Reports/YearlyReportByState.aspx,2026-09-11T11:19:24.718343
2,Columbia College Of Nursing,"Columbia College Of Nursing, No 71, Mariyappana Palya, Gnanabharathi Post, Kengeri Hobli,, Bangalore, Distt.- Bangalore, Karnataka, Pin Code- 560056",Srinidhi Educational Trust,Bangalore,Karnataka,Private,P B B.Sc(N),20 (Twenty),2025-2026,6,https://online.indiannursingcouncil.org/Reports/YearlyReportByState.aspx,2026-09-11T11:19:24.718343
3,Cura College Of Nursing,"Cura College Of Nursing, 16/1A, 12Th Cross, Kanaka Nagar, R T Nagar Post, Hebbal, Bangalore-560032, Bengaluru, Distt.- Bangalore, Karnataka, Pin Code- 560032",Ambara Educational And Charitable Trust,Bangalore,Karnataka,Private,B.Sc(N),40 (Forty),2025-2026,6,https://online.indiannursingcouncil.org/Reports/YearlyReportByState.aspx,2026-09-11T11:19:24.718343
4,Dayananda Sagar College Of Nursing,"Dayananda Sagar College Of Nursing, Devarakaggalahalli,Harohalli,Kanakapura Road, , Distt.- Ramanagara, Karnataka, Pin Code- 562112",Dayananda Sagar University,Ramanagara,Karnataka,Private,B.Sc(N),115 (One Hundred Fifteen),2025-2026,6,https://online.indiannursingcouncil.org/Reports/YearlyReportByState.aspx,2026-09-11T11:19:24.718343
4,Dayananda Sagar College Of Nursing,"Dayananda Sagar College Of Nursing, Devarakaggalahalli,Harohalli,Kanakapura Road, , Distt.- Ramanagara, Karnataka, Pin Code- 562112",Dayananda Sagar University,Ramanagara,Karnataka,Private,M. Sc (N),"20 (Twenty) Med-Surg-4, Obg-4, Paed-4, Psy-4, Chn-4",2025-2026,6,https://online.indiannursingcouncil.org/Reports/YearlyReportByState.aspx,2026-09-11T11:19:24.718343
4,Dayananda Sagar College Of Nursing,"Dayananda Sagar College Of Nursing, Devarakaggalahalli,Harohalli,Kanakapura Road, , Distt.- Ramanagara, Karnataka, Pin Code- 562112",Dayananda Sagar University,Ramanagara,Karnataka,Private,P B B.Sc(N),30 (Thirty),2025-2026,6,https://online.indiannursingcouncil.org/Reports/YearlyReportByState.aspx,2026-09-11T11:19:24.718343
5,Devaraja College Of Nursing,"Devaraja College Of Nursing, Iii Floor,New Kolar Nursing Home,Kellukote,Layout,Kuvempu Nagar, Kolar, Distt.- Kolar, Karnataka, Pin Code- 563101",Sri Channegowda Educational Trust,Kolar,Karnataka,Private,B.Sc(N),40 (Forty),2025-2026,6,https://online.indiannursingcouncil.org/Reports/YearlyReportByState.aspx,2026-09-11T11:19:24.718343
6,Dhanwantari School Of Nursing,"Dhanwantari School Of Nursing, #41/3, Vinayak Nagar, Chikkabanavara, Bangalore, Distt.- Bangalore, Karnataka, Pin Code- 560090",M A J Foundation,Bangalore,Karnataka,Private,GNM,60 (Sixty),2025-2026,6,https://online.indiannursingcouncil.org/Reports/YearlyReportByState.aspx,2026-09-11T11:19:24.718343
6,Dhanwantari School Of Nursing,"Dhanwantari School Of Nursing, #41/3, Vinayak Nagar, Chikkabanavara, Bangalore, Distt.- Bangalore, Karnataka, Pin Code- 560090",M A J Foundation,Bangalore,Karnataka,Private,B.Sc(N),40 (Forty),2025-2026,6,https://online.indiannursingcouncil.org/Reports/YearlyReportByState.aspx,2026-09-11T11:19:24.718343
6,Dhanwantari School Of Nursing,"Dhanwantari School Of Nursing, #41/3, Vinayak Nagar, Chikkabanavara, Bangalore, Distt.- Bangalore, Karnataka, Pin Code- 560090",M A J Foundation,Bangalore,Karnataka,Private,M. Sc (N),"20 ; Med-Surg-3, Psy-8, Paed-3, Chn-3, Obg-3",2025-2026,6,https://online.indiannursingcouncil.org/Reports/YearlyReportByState.aspx,2026-09-11T11:19:24.718343
6,Dhanwantari School Of Nursing,"Dhanwantari School Of Nursing, #41/3, Vinayak Nagar, Chikkabanavara, Bangalore, Distt.- Bangalore, Karnataka, Pin Code- 560090",M A J Foundation,Bangalore,Karnataka,Private,P B B.Sc(N),40 (Forty),2025-2026,6,https://online.indiannursingcouncil.org/Reports/YearlyReportByState.aspx,2026-09-11T11:19:24.718343
7,Dharwad Institute Of Mental Health And Neuro Science,"Dharwad Institute Of Mental Health And Neuro Science, Dharwad Institute Of Mental Health And Neurosciences, Belgaum Road, , Dharwad, Distt.- Dharwar, Karnataka, Pin Code- 580008",Karnataka State Goveroment,Dharwar,Karnataka,Government,M. Sc (N),6 - Psy Nursing,2025-2026,6,https://online.indiannursingcouncil.org/Reports/YearlyReportByState.aspx,2026-09-11T11:19:24.718343
8,Divine Grace School Of Nursing,"Divine Grace School Of Nursing, B M Road,Archakarahalli, Ramanagara, Distt.- Ramanagara, Karnataka, Pin Code- 562159",Sri Lakshmi Venkateshwara Edu Trust,Ramanagara,Karnataka,Private,GNM,40 (Forty),2025-2026,6,https://online.indiannursingcouncil.org/Reports/YearlyReportByState.aspx,2026-09-11T11:19:24.718343
9,Divine Institute Of Nursing Science,"Divine Institute Of Nursing Science, 1-1279/06/109 Near Ddpi Office, Mazjid-E-Almarif Road, Kalaburagi, Gulbarga, Distt.- Gulbarga, Karnataka, Pin Code- 585102",Lakshmi Educational Cultural Society,Gulbarga,Karnataka,Private,GNM,30 (Thirty),2025-2026,6,https://online.indiannursingcouncil.org/Reports/YearlyReportByState.aspx,2026-09-11T11:19:24.718343
9,Divine Institute Of Nursing Science,"Divine Institute Of Nursing Science, 1-1279/06/109 Near Ddpi Office, Mazjid-E-Almarif Road, Kalaburagi, Gulbarga, Distt.- Gulbarga, Karnataka, Pin Code- 585102",Lakshmi Educational Cultural Society,Gulbarga,Karnataka,Private,B.Sc(N),40 (Forty),2025-2026,6,https://online.indiannursingcouncil.org/Reports/YearlyReportByState.aspx,2026-09-11T11:19:24.718343
10,Dr John's School Of Nursing,"Dr John's School Of Nursing, #13, 13Th 'A' Main,Sector A, Yelahanka New Town, Bengaluru-560064., Bengaluru, Distt.- Bangalore, Karnataka, Pin Code- 560064",Vijayanagar Educational Trust,Bangalore,Karnataka,Private,GNM,40 (Forty),2025-2026,6,https://online.indiannursingcouncil.org/Reports/YearlyReportByState.aspx,2026-09-11T11:19:24.718343
11,Dr M V Shetty College Of Nursing,"Dr M V Shetty College Of Nursing , Vidyanagar Panjimogaru Post, Mangaluru, Distt.- Dakshina Kannada, Karnataka, Pin Code- 575013",Dr M V Shetty Memorial Trust,Dakshina Kannada,Karnataka,Private,M. Sc (N),30 (Thirty),2025-2026,6,https://online.indiannursingcouncil.org/Reports/YearlyReportByState.aspx,2026-09-11T11:19:24.718343
11,Dr M V Shetty College Of Nursing,"Dr M V Shetty College Of Nursing , Vidyanagar Panjimogaru Post, Mangaluru, Distt.- Dakshina Kannada, Karnataka, Pin Code- 575013",Dr M V Shetty Memorial Trust,Dakshina Kannada,Karnataka,Private,GNM,40 (Forty),2025-2026,6,https://online.indiannursingcouncil.org/Reports/YearlyReportByState.aspx,2026-09-11T11:19:24.718343
11,Dr M V Shetty College Of Nursing,"Dr M V Shetty College Of Nursing , Vidyanagar Panjimogaru Post, Mangaluru, Distt.- Dakshina Kannada, Karnataka, Pin Code- 575013",Dr M V Shetty Memorial Trust,Dakshina Kannada,Karnataka,Private,B.Sc(N),60 (Sixty),2025-2026,6,https://online.indiannursingcouncil.org/Reports/YearlyReportByState.aspx,2026-09-11T11:19:24.718343
11,Dr M V Shetty College Of Nursing,"Dr M V Shetty College Of Nursing , Vidyanagar Panjimogaru Post, Mangaluru, Distt.- Dakshina Kannada, Karnataka, Pin Code- 575013",Dr M V Shetty Memorial Trust,Dakshina Kannada,Karnataka,Private,P B B.Sc(N),35 (Thirty Five),2025-2026,6,https://online.indiannursingcouncil.org/Reports/YearlyReportByState.aspx,2026-09-11T11:19:24.718343
12,Dr S R K School Of Nursing,"Dr S R K School Of Nursing, Katthalli Road, Humnabad, Distt.- Bidar, Karnataka, Pin Code- 585330",Dr S Radhakrishnan Education Soc,Bidar,Karnataka,Private,GNM,40 (Forty),2025-2026,6,https://online.indiannursingcouncil.org/Reports/YearlyReportByState.aspx,2026-09-11T11:19:24.718343
13,Dr Syamala Reddy School Of Nursing,"Dr Syamala Reddy School Of Nursing, 111/1, Sgr College Main Road, Munnekolala, Marathahalli, Bangalore, Bangalore, Distt.- Bangalore, Karnataka, Pin Code- 560037",Sgr Technical And Educational Society,Bangalore,Karnataka,Private,GNM,60 (Sixty),2025-2026,6,https://online.indiannursingcouncil.org/Reports/YearlyReportByState.aspx,2026-09-11T11:19:24.718343
13,Dr Syamala Reddy School Of Nursing,"Dr Syamala Reddy School Of Nursing, 111/1, Sgr College Main Road, Munnekolala, Marathahalli, Bangalore, Bangalore, Distt.- Bangalore, Karnataka, Pin Code- 560037",Sgr Technical And Educational Society,Bangalore,Karnataka,Private,B.Sc(N),40 (Forty),2025-2026,6,https://online.indiannursingcouncil.org/Reports/YearlyReportByState.aspx,2026-09-11T11:19:24.718343
14,Dr. B R Ambedkar Institute Of Nursing,"Dr. B R Ambedkar Institute Of Nursing, No.24, Dr.B.R.Amc Campus, K.G.Halli, Bangalore, Distt.- Bangalore, Karnataka, Pin Code- 560045",Ananda Social And Educational Trust,Bangalore,Karnataka,Private,GNM,50 (Fifty),2025-2026,6,https://online.indiannursingcouncil.org/Reports/YearlyReportByState.aspx,2026-09-11T11:19:24.718343
14,Dr. B R Ambedkar Institute Of Nursing,"Dr. B R Ambedkar Institute Of Nursing, No.24, Dr.B.R.Amc Campus, K.G.Halli, Bangalore, Distt.- Bangalore, Karnataka, Pin Code- 560045",Ananda Social And Educational Trust,Bangalore,Karnataka,Private,B.Sc(N),250 (Two Hundred Fifty),2025-2026,6,https://online.indiannursingcouncil.org/Reports/YearlyReportByState.aspx,2026-09-11T11:19:24.718343
14,Dr. B R Ambedkar Institute Of Nursing,"Dr. B R Ambedkar Institute Of Nursing, No.24, Dr.B.R.Amc Campus, K.G.Halli, Bangalore, Distt.- Bangalore, Karnataka, Pin Code- 560045",Ananda Social And Educational Trust,Bangalore,Karnataka,Private,M. Sc (N),25 (Twenty Five),2025-2026,6,https://online.indiannursingcouncil.org/Reports/YearlyReportByState.aspx,2026-09-11T11:19:24.718343
14,Dr. B R Ambedkar Institute Of Nursing,"Dr. B R Ambedkar Institute Of Nursing, No.24, Dr.B.R.Amc Campus, K.G.Halli, Bangalore, Distt.- Bangalore, Karnataka, Pin Code- 560045",Ananda Social And Educational Trust,Bangalore,Karnataka,Private,P B B.Sc(N),50 (Fifty),2025-2026,6,https://online.indiannursingcouncil.org/Reports/YearlyReportByState.aspx,2026-09-11T11:19:24.718343
1,Dr. B R Ambedkar Institute Of Nursing,"Dr. B R Ambedkar Institute Of Nursing, No.24, Dr.B.R.Amc Campus, K.G.Halli, Bangalore, Distt.- Bangalore, Karnataka, Pin Code- 560045",Ananda Social And Educational Trust,Bangalore,Karnataka,Private,NURSE PRACTITIONER IN CRITICAL CARE(NPCC),05 (Five),2025-2026,7,https://online.indiannursingcouncil.org/Reports/YearlyReportByState.aspx,2026-09-11T11:19:34.003150
2,Dr. K.T.B. School Of Nursing,"Dr. K.T.B. School Of Nursing, #38/2, 2Nd Cross, 3Rd Block, Thirumenahalli, Yelahanka, Bangalore, Distt.- Bangalore, Karnataka, Pin Code- 560077",Aj Foundation,Bangalore,Karnataka,Private,GNM,60 (Sixty),2025-2026,7,https://online.indiannursingcouncil.org/Reports/YearlyReportByState.aspx,2026-09-11T11:19:34.003150
3,E S I C College Of Nursing-Gulbarga,"E S I C College Of Nursing-Gulbarga , Esic Medical College Campus, Sedam Road,, Gulbarga, Distt.- Gulbarga, Karnataka, Pin Code- 585106","Esic Corporation,Under Ministry Labour And Employment",Gulbarga,Karnataka,Government,B.Sc(N),100 (One Hundred),2025-2026,7,https://online.indiannursingcouncil.org/Reports/YearlyReportByState.aspx,2026-09-11T11:19:34.003150
4,East Point School Of Nursing,"East Point School Of Nursing, Jnana Prabha Campus # 147 Bidarahalli Virgonagar Post, Bangalore, Distt.- Bangalore, Karnataka, Pin Code- 560049",M.G Charitable Trust,Bangalore,Karnataka,Private,GNM,50 (Fifty),2025-2026,7,https://online.indiannursingcouncil.org/Reports/YearlyReportByState.aspx,2026-09-11T11:19:34.003150
4,East Point School Of Nursing,"East Point School Of Nursing, Jnana Prabha Campus # 147 Bidarahalli Virgonagar Post, Bangalore, Distt.- Bangalore, Karnataka, Pin Code- 560049",M.G Charitable Trust,Bangalore,Karnataka,Private,B.Sc(N),100 (One Hundred),2025-2026,7,https://online.indiannursingcouncil.org/Reports/YearlyReportByState.aspx,2026-09-11T11:19:34.003150
5,East West College Of Nursing,"East West College Of Nursing,, 1#63, Bel Layout, Off Magadi Road, Vishwaneedam Post , Bangalore, Distt.- Bangalore, Karnataka, Pin Code- 560010",Subramanya Education Society,Bangalore,Karnataka,Private,M. Sc (N),"20; Med-Surg-4, Psy-4, Obg-4, Paed-4, Chn-4",2025-2026,7,https://online.indiannursingcouncil.org/Reports/YearlyReportByState.aspx,2026-09-11T11:19:34.003150
5,East West College Of Nursing,"East West College Of Nursing,, 1#63, Bel Layout, Off Magadi Road, Vishwaneedam Post , Bangalore, Distt.- Bangalore, Karnataka, Pin Code- 560010",Subramanya Education Society,Bangalore,Karnataka,Private,P B B.Sc(N),30 (Thirty),2025-2026,7,https://online.indiannursingcouncil.org/Reports/YearlyReportByState.aspx,2026-09-11T11:19:34.003150
5,East West College Of Nursing,"East West College Of Nursing,, 1#63, Bel Layout, Off Magadi Road, Vishwaneedam Post , Bangalore, Distt.- Bangalore, Karnataka, Pin Code- 560010",Subramanya Education Society,Bangalore,Karnataka,Private,B.Sc(N),60 (Sixty),2025-2026,7,https://online.indiannursingcouncil.org/Reports/YearlyReportByState.aspx,2026-09-11T11:19:34.003150
5,East West College Of Nursing,"East West College Of Nursing,, 1#63, Bel Layout, Off Magadi Road, Vishwaneedam Post , Bangalore, Distt.- Bangalore, Karnataka, Pin Code- 560010",Subramanya Education Society,Bangalore,Karnataka,Private,GNM,70 (Seventy),2025-2026,7,https://online.indiannursingcouncil.org/Reports/YearlyReportByState.aspx,2026-09-11T11:19:34.003150
6,Ellen Thoburn Cowen Memorial Hospital Of,"Ellen Thoburn Cowen Memorial Hospital Of, Ellen Thoburn Cowen Memorial (Etcm) Hospital, P. O. Box No. 4, Kolar, Karnataka , Kolar, Distt.- Kolar, Karnataka, Pin Code- 563101",The Executive Board Of Methodist Church In India,Kolar,Karnataka,Private,GNM,40 (Forty),2025-2026,7,https://online.indiannursingcouncil.org/Reports/YearlyReportByState.aspx,2026-09-11T11:19:34.003150
6,Ellen Thoburn Cowen Memorial Hospital Of,"Ellen Thoburn Cowen Memorial Hospital Of, Ellen Thoburn Cowen Memorial (Etcm) Hospital, P. O. Box No. 4, Kolar, Karnataka , Kolar, Distt.- Kolar, Karnataka, Pin Code- 563101",The Executive Board Of Methodist Church In India,Kolar,Karnataka,Private,B.Sc(N),40 (Forty),2025-2026,7,https://online.indiannursingcouncil.org/Reports/YearlyReportByState.aspx,2026-09-11T11:19:34.003150
6,Ellen Thoburn Cowen Memorial Hospital Of,"Ellen Thoburn Cowen Memorial Hospital Of, Ellen Thoburn Cowen Memorial (Etcm) Hospital, P. O. Box No. 4, Kolar, Karnataka , Kolar, Distt.- Kolar, Karnataka, Pin Code- 563101",The Executive Board Of Methodist Church In India,Kolar,Karnataka,Private,M. Sc (N),17 (Seventeen),2025-2026,7,https://online.indiannursingcouncil.org/Reports/YearlyReportByState.aspx,2026-09-11T11:19:34.003150
7,Employees State Insurance Corporation College Of Nursing,"Employees State Insurance Corporation College Of Nursing, #70, Appareddy Palya,7Th Main, Indiranagar, (New Building Opposte Esi Hospital), , Bangalore, Distt.- Bangalore, Karnataka, Pin Code- 5600",Employees State Insurance Corporation,Bangalore,Karnataka,Government,B.Sc(N),100 (One Hundred),2025-2026,7,https://online.indiannursingcouncil.org/Reports/YearlyReportByState.aspx,2026-09-11T11:19:34.003150
8,Enlight School Of Nursing,"Enlight School Of Nursing, Pipeline Road, Magadi Main Road, Vishwaneedam Post, Bangalore, Bangalore, Distt.- Bangalore, Karnataka, Pin Code- 560091",Enlight Educational Trust,Bangalore,Karnataka,Private,GNM,60 (Sixty),2025-2026,7,https://online.indiannursingcouncil.org/Reports/YearlyReportByState.aspx,2026-09-11T11:19:34.003150
9,Ess Vee College Of Nursing And Universal School Of Nursing,"Ess Vee College Of Nursing And Universal School Of Nursing , #240/1 Sri Manjunath Opposite Dhobighat Thippenahalli Ward No 40 Doddabidarakallu Yeshwanthapura Hobli Bangalore , Bangalore , Distt.-",Associated Educational And Charitable Trust,Bangalore,Karnataka,Private,GNM,40 (Forty),2025-2026,7,https://online.indiannursingcouncil.org/Reports/YearlyReportByState.aspx,2026-09-11T11:19:34.003150
9,Ess Vee College Of Nursing And Universal School Of Nursing,"Ess Vee College Of Nursing And Universal School Of Nursing , #240/1 Sri Manjunath Opposite Dhobighat Thippenahalli Ward No 40 Doddabidarakallu Yeshwanthapura Hobli Bangalore , Bangalore , Distt.-",Associated Educational And Charitable Trust,Bangalore,Karnataka,Private,B.Sc(N),40 (Forty),2025-2026,7,https://online.indiannursingcouncil.org/Reports/YearlyReportByState.aspx,2026-09-11T11:19:34.003150
10,Faith Institute Of Nursing Sciences,"Faith Institute Of Nursing Sciences,, Ramachandrapura, Jalahalli P O, Bangalore, Distt.- Bangalore, Karnataka, Pin Code- 560089",Indian Minority Educational And Charitable Trust,Bangalore,Karnataka,Private,GNM,40 (Forty),2025-2026,7,https://online.indiannursingcouncil.org/Reports/YearlyReportByState.aspx,2026-09-11T11:19:34.003150
10,Faith Institute Of Nursing Sciences,"Faith Institute Of Nursing Sciences,, Ramachandrapura, Jalahalli P O, Bangalore, Distt.- Bangalore, Karnataka, Pin Code- 560089",Indian Minority Educational And Charitable Trust,Bangalore,Karnataka,Private,B.Sc(N),40 (Forty),2025-2026,7,https://online.indiannursingcouncil.org/Reports/YearlyReportByState.aspx,2026-09-11T11:19:34.003150
11,Faran School Of Nursing,"Faran School Of Nursing, No. 16, P-29, Kannur Village And Post, Bagalur Main Road, Vill.- Kannur, Tehsil- Bangalore East, Distt.- Bangalore, Karnataka, Pin Code- 562149",Faran Educational Trust,Bangalore,Karnataka,Private,GNM,50 (Fifty),2025-2026,7,https://online.indiannursingcouncil.org/Reports/YearlyReportByState.aspx,2026-09-11T11:19:34.003150
11,Faran School Of Nursing,"Faran School Of Nursing, No. 16, P-29, Kannur Village And Post, Bagalur Main Road, Vill.- Kannur, Tehsil- Bangalore East, Distt.- Bangalore, Karnataka, Pin Code- 562149",Faran Educational Trust,Bangalore,Karnataka,Private,B.Sc(N),60 (Sixty),2025-2026,7,https://online.indiannursingcouncil.org/Reports/YearlyReportByState.aspx,2026-09-11T11:19:34.003150
11,Faran School Of Nursing,"Faran School Of Nursing, No. 16, P-29, Kannur Village And Post, Bagalur Main Road, Vill.- Kannur, Tehsil- Bangalore East, Distt.- Bangalore, Karnataka, Pin Code- 562149",Faran Educational Trust,Bangalore,Karnataka,Private,M. Sc (N),"20 : Med-Surg-4, Psy-4, Chn-4, Obg-4, Paed-4",2025-2026,7,https://online.indiannursingcouncil.org/Reports/YearlyReportByState.aspx,2026-09-11T11:19:34.003150
11,Faran School Of Nursing,"Faran School Of Nursing, No. 16, P-29, Kannur Village And Post, Bagalur Main Road, Vill.- Kannur, Tehsil- Bangalore East, Distt.- Bangalore, Karnataka, Pin Code- 562149",Faran Educational Trust,Bangalore,Karnataka,Private,P B B.Sc(N),30 (Thirty),2025-2026,7,https://online.indiannursingcouncil.org/Reports/YearlyReportByState.aspx,2026-09-11T11:19:34.003150
12,Father Mathews College Of Nursing,"Father Mathews College Of Nursing,, #22,Chokkanahalli Hegde Nagar,Main Road,Jakkur Post, Yelahanka, Vill.- Chokkanahalli, Tehsil- Bangalore North, Distt.- Bangalore, Karnataka, Pin Code- 560064",Sri Maruthi Education Trust,Bangalore,Karnataka,Private,B.Sc(N),40 (Forty),2025-2026,7,https://online.indiannursingcouncil.org/Reports/YearlyReportByState.aspx,2026-09-11T11:19:34.003150
13,Father Muller Nursing College Thumbay,"Father Muller Nursing College Thumbay, Thumbay, Bantwal , Thumbay, Distt.- Dakshina Kannada, Karnataka, Pin Code- 574143",Father Muller Charitable Institutions,Dakshina Kannada,Karnataka,Private,B.Sc(N),40 (Forty),2025-2026,7,https://online.indiannursingcouncil.org/Reports/YearlyReportByState.aspx,2026-09-11T11:19:34.003150
14,Federal College Of Nursing,"Federal College Of Nursing,, Kariyammana Agrahara Near Outer Ring Road Opp.Intel, Bellandur Post Bangalore , Bangalore, Distt.- Bangalore, Karnataka, Pin Code- 560103",J S Venkataswamappa And Kempamma Memorial Trust,Bangalore,Karnataka,Private,B.Sc(N),40 (Forty),2025-2026,7,https://online.indiannursingcouncil.org/Reports/YearlyReportByState.aspx,2026-09-11T11:19:34.003150
15,Florence College Of Nursing,"Florence College Of Nursing, # 509, 1 'D' Main,3Rd Block Kalyannagar, Hrbr Layout, Bangalore, Distt.- Bangalore, Karnataka, Pin Code- 560043",Devanahalli Rural Education Trust,Bangalore,Karnataka,Private,B.Sc(N),60 (Sixty),2025-2026,7,https://online.indiannursingcouncil.org/Reports/YearlyReportByState.aspx,2026-09-11T11:19:34.003150
15,Florence College Of Nursing,"Florence College Of Nursing, # 509, 1 'D' Main,3Rd Block Kalyannagar, Hrbr Layout, Bangalore, Distt.- Bangalore, Karnataka, Pin Code- 560043",Devanahalli Rural Education Trust,Bangalore,Karnataka,Private,M. Sc (N),25 (Twenty Five) 5 (Five) In Each Specialty,2025-2026,7,https://online.indiannursingcouncil.org/Reports/YearlyReportByState.aspx,2026-09-11T11:19:34.003150
15,Florence College Of Nursing,"Florence College Of Nursing, # 509, 1 'D' Main,3Rd Block Kalyannagar, Hrbr Layout, Bangalore, Distt.- Bangalore, Karnataka, Pin Code- 560043",Devanahalli Rural Education Trust,Bangalore,Karnataka,Private,P B B.Sc(N),40 (Forty),2025-2026,7,https://online.indiannursingcouncil.org/Reports/YearlyReportByState.aspx,2026-09-11T11:19:34.003150
15,Florence College Of Nursing,"Florence College Of Nursing, # 509, 1 'D' Main,3Rd Block Kalyannagar, Hrbr Layout, Bangalore, Distt.- Bangalore, Karnataka, Pin Code- 560043",Devanahalli Rural Education Trust,Bangalore,Karnataka,Private,GNM,60 (Sixty),2025-2026,7,https://online.indiannursingcouncil.org/Reports/YearlyReportByState.aspx,2026-09-11T11:19:34.003150
16,Fr Mullers College Of Nursing,"Fr Mullers College Of Nursing, Father Muller Road Kankanady Post, Mangalore, Distt.- Dakshina Kannada, Karnataka, Pin Code- 575002",Father Muller Charitable Institutions,Dakshina Kannada,Karnataka,Private,GNM,50 (Fifty),2025-2026,7,https://online.indiannursingcouncil.org/Reports/YearlyReportByState.aspx,2026-09-11T11:19:34.003150
1,Fr Mullers College Of Nursing,"Fr Mullers College Of Nursing, Father Muller Road Kankanady Post, Mangalore, Distt.- Dakshina Kannada, Karnataka, Pin Code- 575002",Father Muller Charitable Institutions,Dakshina Kannada,Karnataka,Private,B.Sc(N),250 (Two Hundred Fifty),2025-2026,8,https://online.indiannursingcouncil.org/Reports/YearlyReportByState.aspx,2026-09-11T11:19:41.875709
1,Fr Mullers College Of Nursing,"Fr Mullers College Of Nursing, Father Muller Road Kankanady Post, Mangalore, Distt.- Dakshina Kannada, Karnataka, Pin Code- 575002",Father Muller Charitable Institutions,Dakshina Kannada,Karnataka,Private,M. Sc (N),43 (Forty Three),2025-2026,8,https://online.indiannursingcouncil.org/Reports/YearlyReportByState.aspx,2026-09-11T11:19:41.875709
1,Fr Mullers College Of Nursing,"Fr Mullers College Of Nursing, Father Muller Road Kankanady Post, Mangalore, Distt.- Dakshina Kannada, Karnataka, Pin Code- 575002",Father Muller Charitable Institutions,Dakshina Kannada,Karnataka,Private,P B B.Sc(N),60 (Sixty),2025-2026,8,https://online.indiannursingcouncil.org/Reports/YearlyReportByState.aspx,2026-09-11T11:19:41.875709
2,G B College Of Nursing,"G B College Of Nursing, Jnanajyothinagar Malathahalli Bangalore, Bangalore, Distt.- Bangalore, Karnataka, Pin Code- 560056",Sri Vigneshwara Education And Charitable Trust,Bangalore,Karnataka,Private,B.Sc(N),60 (Sixty),2025-2026,8,https://online.indiannursingcouncil.org/Reports/YearlyReportByState.aspx,2026-09-11T11:19:41.875709
2,G B College Of Nursing,"G B College Of Nursing, Jnanajyothinagar Malathahalli Bangalore, Bangalore, Distt.- Bangalore, Karnataka, Pin Code- 560056",Sri Vigneshwara Education And Charitable Trust,Bangalore,Karnataka,Private,GNM,60 (Sixty),2025-2026,8,https://online.indiannursingcouncil.org/Reports/YearlyReportByState.aspx,2026-09-11T11:19:41.875709
3,G R R College Of Nursing,"G R R College Of Nursing, No 18, Roopa Mansion, 4Th Phase, 10Th Main, Thigalarapalya Main Road, Peenya Second Stage, Bengaluru, Distt.- Bangalore, Karnataka, Pin Code- 560058",G Rama Krishna Reddy Educational Trust,Bangalore,Karnataka,Private,B.Sc(N),40 (Forty),2025-2026,8,https://online.indiannursingcouncil.org/Reports/YearlyReportByState.aspx,2026-09-11T11:19:41.875709
3,G R R College Of Nursing,"G R R College Of Nursing, No 18, Roopa Mansion, 4Th Phase, 10Th Main, Thigalarapalya Main Road, Peenya Second Stage, Bengaluru, Distt.- Bangalore, Karnataka, Pin Code- 560058",G Rama Krishna Reddy Educational Trust,Bangalore,Karnataka,Private,P B B.Sc(N),30 (Thirty),2025-2026,8,https://online.indiannursingcouncil.org/Reports/YearlyReportByState.aspx,2026-09-11T11:19:41.875709
4,Gangothri Academy Of Nursing Education,"Gangothri Academy Of Nursing Education , Venkateshwara Farm, Rajivgandhi Nagar, Vishwaneedam Post, Bangalore, Distt.- Bangalore, Karnataka, Pin Code- 560091",Gangothri Education Trust,Bangalore,Karnataka,Private,B.Sc(N),60 (Sixty),2025-2026,8,https://online.indiannursingcouncil.org/Reports/YearlyReportByState.aspx,2026-09-11T11:19:41.875709
4,Gangothri Academy Of Nursing Education,"Gangothri Academy Of Nursing Education , Venkateshwara Farm, Rajivgandhi Nagar, Vishwaneedam Post, Bangalore, Distt.- Bangalore, Karnataka, Pin Code- 560091",Gangothri Education Trust,Bangalore,Karnataka,Private,GNM,40 (Forty),2025-2026,8,https://online.indiannursingcouncil.org/Reports/YearlyReportByState.aspx,2026-09-11T11:19:41.875709
5,Gayathri School Of Nursing,"Gayathri School Of Nursing, Gayathri Nursing Foundation, Kottigepalya, Off - Magadi Main Road , Bangalore - , Distt.- Bangalore, Karnataka, Pin Code- 560091",Sumukha Charitable Trust,Bangalore,Karnataka,Private,GNM,60 (Sixty),2025-2026,8,https://online.indiannursingcouncil.org/Reports/YearlyReportByState.aspx,2026-09-11T11:19:41.875709
5,Gayathri School Of Nursing,"Gayathri School Of Nursing, Gayathri Nursing Foundation, Kottigepalya, Off - Magadi Main Road , Bangalore - , Distt.- Bangalore, Karnataka, Pin Code- 560091",Sumukha Charitable Trust,Bangalore,Karnataka,Private,B.Sc(N),60 (Sixty),2025-2026,8,https://online.indiannursingcouncil.org/Reports/YearlyReportByState.aspx,2026-09-11T11:19:41.875709
5,Gayathri School Of Nursing,"Gayathri School Of Nursing, Gayathri Nursing Foundation, Kottigepalya, Off - Magadi Main Road , Bangalore - , Distt.- Bangalore, Karnataka, Pin Code- 560091",Sumukha Charitable Trust,Bangalore,Karnataka,Private,M. Sc (N),25 (Twenty Five),2025-2026,8,https://online.indiannursingcouncil.org/Reports/YearlyReportByState.aspx,2026-09-11T11:19:41.875709
5,Gayathri School Of Nursing,"Gayathri School Of Nursing, Gayathri Nursing Foundation, Kottigepalya, Off - Magadi Main Road , Bangalore - , Distt.- Bangalore, Karnataka, Pin Code- 560091",Sumukha Charitable Trust,Bangalore,Karnataka,Private,P B B.Sc(N),50 (Fifty),2025-2026,8,https://online.indiannursingcouncil.org/Reports/YearlyReportByState.aspx,2026-09-11T11:19:41.875709
6,Global College Of Nursing,"Global College Of Nursing, Gat Campus,Ideal Town Shiph, Bangarappa Nagar Rajarajeshwari Nagar, Banagalore, Distt.- Bangalore, Karnataka, Pin Code- 560098",National Education Foundation,Bangalore,Karnataka,Private,B.Sc(N),60 (Sixty),2025-2026,8,https://online.indiannursingcouncil.org/Reports/YearlyReportByState.aspx,2026-09-11T11:19:41.875709
6,Global College Of Nursing,"Global College Of Nursing, Gat Campus,Ideal Town Shiph, Bangarappa Nagar Rajarajeshwari Nagar, Banagalore, Distt.- Bangalore, Karnataka, Pin Code- 560098",National Education Foundation,Bangalore,Karnataka,Private,M. Sc (N),"25 (Twenty Five) Med Surg-7, Obg-8, Chn-5, Psy- 5",2025-2026,8,https://online.indiannursingcouncil.org/Reports/YearlyReportByState.aspx,2026-09-11T11:19:41.875709
6,Global College Of Nursing,"Global College Of Nursing, Gat Campus,Ideal Town Shiph, Bangarappa Nagar Rajarajeshwari Nagar, Banagalore, Distt.- Bangalore, Karnataka, Pin Code- 560098",National Education Foundation,Bangalore,Karnataka,Private,P B B.Sc(N),40 (Forty),2025-2026,8,https://online.indiannursingcouncil.org/Reports/YearlyReportByState.aspx,2026-09-11T11:19:41.875709
6,Global College Of Nursing,"Global College Of Nursing, Gat Campus,Ideal Town Shiph, Bangarappa Nagar Rajarajeshwari Nagar, Banagalore, Distt.- Bangalore, Karnataka, Pin Code- 560098",National Education Foundation,Bangalore,Karnataka,Private,GNM,60 (Sixty),2025-2026,8,https://online.indiannursingcouncil.org/Reports/YearlyReportByState.aspx,2026-09-11T11:19:41.875709
7,Gnanodaya Institute Of Nursing,"Gnanodaya Institute Of Nursing, Sosale,(Hasuvatti),T,N.Pura (Tq) Mysore , Mysore, Distt.- Mysore, Karnataka, Pin Code- 571120",Gnanodaya Education Trust,Mysore,Karnataka,Private,GNM,40 (Forty),2025-2026,8,https://online.indiannursingcouncil.org/Reports/YearlyReportByState.aspx,2026-09-11T11:19:41.875709
8,Goldfinch College Of Nursing,"Goldfinch College Of Nursing, Sy No. 63, Kadamba Layout, Malathahalli , Bangalore, Distt.- Bangalore, Karnataka, Pin Code- 560056",Vinayaka Educational Trust,Bangalore,Karnataka,Private,B.Sc(N),40 (Forty),2025-2026,8,https://online.indiannursingcouncil.org/Reports/YearlyReportByState.aspx,2026-09-11T11:19:41.875709
8,Goldfinch College Of Nursing,"Goldfinch College Of Nursing, Sy No. 63, Kadamba Layout, Malathahalli , Bangalore, Distt.- Bangalore, Karnataka, Pin Code- 560056",Vinayaka Educational Trust,Bangalore,Karnataka,Private,GNM,40 (Forty),2025-2026,8,https://online.indiannursingcouncil.org/Reports/YearlyReportByState.aspx,2026-09-11T11:19:41.875709
8,Goldfinch College Of Nursing,"Goldfinch College Of Nursing, Sy No. 63, Kadamba Layout, Malathahalli , Bangalore, Distt.- Bangalore, Karnataka, Pin Code- 560056",Vinayaka Educational Trust,Bangalore,Karnataka,Private,M. Sc (N),25 (Twenty Five) 5 In Each Speciality,2025-2026,8,https://online.indiannursingcouncil.org/Reports/YearlyReportByState.aspx,2026-09-11T11:19:41.875709
8,Goldfinch College Of Nursing,"Goldfinch College Of Nursing, Sy No. 63, Kadamba Layout, Malathahalli , Bangalore, Distt.- Bangalore, Karnataka, Pin Code- 560056",Vinayaka Educational Trust,Bangalore,Karnataka,Private,P B B.Sc(N),40 (Forty),2025-2026,8,https://online.indiannursingcouncil.org/Reports/YearlyReportByState.aspx,2026-09-11T11:19:41.875709
9,Gopala Gowda Shanthaveri Memorial College Of Nursing,"Gopala Gowda Shanthaveri Memorial College Of Nursing, T Narasipura Road, Nazarbad, Mysore, Mysore, Distt.- Mysore, Karnataka, Pin Code- 570010",Gopala Gowda Shanthaveri Memorial Hospital Trust,Mysore,Karnataka,Private,M. Sc (N),"22 Med-Surg-5, Psy-2, Chn-5, Obg-5, Paed-5",2025-2026,8,https://online.indiannursingcouncil.org/Reports/YearlyReportByState.aspx,2026-09-11T11:19:41.875709
9,Gopala Gowda Shanthaveri Memorial College Of Nursing,"Gopala Gowda Shanthaveri Memorial College Of Nursing, T Narasipura Road, Nazarbad, Mysore, Mysore, Distt.- Mysore, Karnataka, Pin Code- 570010",Gopala Gowda Shanthaveri Memorial Hospital Trust,Mysore,Karnataka,Private,GNM,60 (Sixty),2025-2026,8,https://online.indiannursingcouncil.org/Reports/YearlyReportByState.aspx,2026-09-11T11:19:41.875709
9,Gopala Gowda Shanthaveri Memorial College Of Nursing,"Gopala Gowda Shanthaveri Memorial College Of Nursing, T Narasipura Road, Nazarbad, Mysore, Mysore, Distt.- Mysore, Karnataka, Pin Code- 570010",Gopala Gowda Shanthaveri Memorial Hospital Trust,Mysore,Karnataka,Private,B.Sc(N),60 (Sixty),2025-2026,8,https://online.indiannursingcouncil.org/Reports/YearlyReportByState.aspx,2026-09-11T11:19:41.875709
10,Goutham Institute Of Nursing Science And Research Centre,"Goutham Institute Of Nursing Science And Research Centre, No.258, 5Th Main Road, Manjunath Nagar, Ist Stage Rajajinagar, Bangalore, Distt.- Bangalore, Karnataka, Pin Code- 560010",Goutham Instt. Of Med. Sciences And Technology,Bangalore,Karnataka,Private,GNM,60 (Sixty),2025-2026,8,https://online.indiannursingcouncil.org/Reports/YearlyReportByState.aspx,2026-09-11T11:19:41.875709
10,Goutham Institute Of Nursing Science And Research Centre,"Goutham Institute Of Nursing Science And Research Centre, No.258, 5Th Main Road, Manjunath Nagar, Ist Stage Rajajinagar, Bangalore, Distt.- Bangalore, Karnataka, Pin Code- 560010",Goutham Instt. Of Med. Sciences And Technology,Bangalore,Karnataka,Private,B.Sc(N),60 (Sixty),2025-2026,8,https://online.indiannursingcouncil.org/Reports/YearlyReportByState.aspx,2026-09-11T11:19:41.875709
10,Goutham Institute Of Nursing Science And Research Centre,"Goutham Institute Of Nursing Science And Research Centre, No.258, 5Th Main Road, Manjunath Nagar, Ist Stage Rajajinagar, Bangalore, Distt.- Bangalore, Karnataka, Pin Code- 560010",Goutham Instt. Of Med. Sciences And Technology,Bangalore,Karnataka,Private,M. Sc (N),25 ; 5 In Each Speciality,2025-2026,8,https://online.indiannursingcouncil.org/Reports/YearlyReportByState.aspx,2026-09-11T11:19:41.875709
10,Goutham Institute Of Nursing Science And Research Centre,"Goutham Institute Of Nursing Science And Research Centre, No.258, 5Th Main Road, Manjunath Nagar, Ist Stage Rajajinagar, Bangalore, Distt.- Bangalore, Karnataka, Pin Code- 560010",Goutham Instt. Of Med. Sciences And Technology,Bangalore,Karnataka,Private,P B B.Sc(N),40 (Forty),2025-2026,8,https://online.indiannursingcouncil.org/Reports/YearlyReportByState.aspx,2026-09-11T11:19:41.875709
11,Government College Of Nursing,"Government College Of Nursing,, Behind Dc Residence Bm Road , Hassan, Distt.- Hassan, Karnataka, Pin Code- 573201",Hassan Institute Of Medical Science,Hassan,Karnataka,Government,B.Sc(N),100 (One Hundred),2025-2026,8,https://online.indiannursingcouncil.org/Reports/YearlyReportByState.aspx,2026-09-11T11:19:41.875709
1,Government College Of Nursing,"Government College Of Nursing,, Behind Dc Residence Bm Road , Hassan, Distt.- Hassan, Karnataka, Pin Code- 573201",Hassan Institute Of Medical Science,Hassan,Karnataka,Government,M. Sc (N),20 : 4 In Each Speciality,2025-2026,9,https://online.indiannursingcouncil.org/Reports/YearlyReportByState.aspx,2026-09-11T11:19:50.195423
1,Government College Of Nursing,"Government College Of Nursing,, Behind Dc Residence Bm Road , Hassan, Distt.- Hassan, Karnataka, Pin Code- 573201",Hassan Institute Of Medical Science,Hassan,Karnataka,Government,P B B.Sc(N),30 (Thirty),2025-2026,9,https://online.indiannursingcouncil.org/Reports/YearlyReportByState.aspx,2026-09-11T11:19:50.195423
2,Government School Of Nursing,"Government School Of Nursing, Bims Hospital, Dr.B.R.Ambedkar Road, Belgaum , Distt.- Belgaum, Karnataka, Pin Code- 590001",Karnataka,Belgaum,Karnataka,Government,GNM,51 (Fifty One),2025-2026,9,https://online.indiannursingcouncil.org/Reports/YearlyReportByState.aspx,2026-09-11T11:19:50.195423
3,Government School Of Nursing,"Government School Of Nursing, Chitageri Government District Hospital, Davangere, Distt.- Davanagere, Karnataka, Pin Code- 577004",Karnataka,Davanagere,Karnataka,Government,GNM,50 (Fifty),2025-2026,9,https://online.indiannursingcouncil.org/Reports/YearlyReportByState.aspx,2026-09-11T11:19:50.195423
4,Government School Of Nursing,"Government School Of Nursing, District Hospital Chitradurga , Chitradurga, Distt.- Chitradurga, Karnataka, Pin Code- 577501",Karnataka,Chitradurga,Karnataka,Government,GNM,20 (Twenty),2025-2026,9,https://online.indiannursingcouncil.org/Reports/YearlyReportByState.aspx,2026-09-11T11:19:50.195423
5,Government School Of Nursing,"Government School Of Nursing, Fort, Bengalore, Bengaluru, Distt.- Bangalore, Karnataka, Pin Code- 560002",Bmcri,Bangalore,Karnataka,Government,GNM,45 (Forty Five),2025-2026,9,https://online.indiannursingcouncil.org/Reports/YearlyReportByState.aspx,2026-09-11T11:19:50.195423
6,Government School Of Nursing,"Government School Of Nursing, Government School Of Nursing District Hospital Bijapur , Bijapur, Distt.- Vijayapura, Karnataka, Pin Code- 586102",Karanatak,Vijayapura,Karnataka,Government,GNM,30 (Thirty),2025-2026,9,https://online.indiannursingcouncil.org/Reports/YearlyReportByState.aspx,2026-09-11T11:19:50.195423
7,Govt. Nursing College,"Govt. Nursing College, Mysore Medical College, Irwin Road, , Mysore , Distt.- Mysore, Karnataka, Pin Code- 570001",Mysore Medical College And Research Institute,Mysore,Karnataka,Government,B.Sc(N),100 (One Hundred),2025-2026,9,https://online.indiannursingcouncil.org/Reports/YearlyReportByState.aspx,2026-09-11T11:19:50.195423
8,Green City College Of Nursing,"Green City College Of Nursing, No.259/B, Bommasandra Industrial Area, Hosur Road, Bangalore, Distt.- Bangalore, Karnataka, Pin Code- 560099",Btl Educational Trust For Rural Development,Bangalore,Karnataka,Private,B.Sc(N),60 (Sixty),2025-2026,9,https://online.indiannursingcouncil.org/Reports/YearlyReportByState.aspx,2026-09-11T11:19:50.195423
9,Grv Nursing Institutes,"Grv Nursing Institutes, No 21/3 Next To Grv Lake Arasanahalli Ivc Road Devanahalli Taluk Bangalore Karnataka, Bangalore, Distt.- Bangalore, Karnataka, Pin Code- 560032",G.V Vidhyadeep Business Management,Bangalore,Karnataka,Private,GNM,60 (Sixty),2025-2026,9,https://online.indiannursingcouncil.org/Reports/YearlyReportByState.aspx,2026-09-11T11:19:50.195423
9,Grv Nursing Institutes,"Grv Nursing Institutes, No 21/3 Next To Grv Lake Arasanahalli Ivc Road Devanahalli Taluk Bangalore Karnataka, Bangalore, Distt.- Bangalore, Karnataka, Pin Code- 560032",G.V Vidhyadeep Business Management,Bangalore,Karnataka,Private,B.Sc(N),40 (Forty),2025-2026,9,https://online.indiannursingcouncil.org/Reports/YearlyReportByState.aspx,2026-09-11T11:19:50.195423
10,H K E Societys Colege Of Nursing,"H K E Societys Colege Of Nursing, Basaveshwar Teaching General Hospital Campus, Sedam Road Gulbarga, Kalaburagi, Distt.- Gulbarga, Karnataka, Pin Code- 585105",Hyderabad Karnataka Education Society,Gulbarga,Karnataka,Private,GNM,50 (Fifty),2025-2026,9,https://online.indiannursingcouncil.org/Reports/YearlyReportByState.aspx,2026-09-11T11:19:50.195423
10,H K E Societys Colege Of Nursing,"H K E Societys Colege Of Nursing, Basaveshwar Teaching General Hospital Campus, Sedam Road Gulbarga, Kalaburagi, Distt.- Gulbarga, Karnataka, Pin Code- 585105",Hyderabad Karnataka Education Society,Gulbarga,Karnataka,Private,B.Sc(N),60 (Sixty),2025-2026,9,https://online.indiannursingcouncil.org/Reports/YearlyReportByState.aspx,2026-09-11T11:19:50.195423
10,H K E Societys Colege Of Nursing,"H K E Societys Colege Of Nursing, Basaveshwar Teaching General Hospital Campus, Sedam Road Gulbarga, Kalaburagi, Distt.- Gulbarga, Karnataka, Pin Code- 585105",Hyderabad Karnataka Education Society,Gulbarga,Karnataka,Private,M. Sc (N),"10: Med-Surg-4, Obg-3, Chn-3",2025-2026,9,https://online.indiannursingcouncil.org/Reports/YearlyReportByState.aspx,2026-09-11T11:19:50.195423
10,H K E Societys Colege Of Nursing,"H K E Societys Colege Of Nursing, Basaveshwar Teaching General Hospital Campus, Sedam Road Gulbarga, Kalaburagi, Distt.- Gulbarga, Karnataka, Pin Code- 585105",Hyderabad Karnataka Education Society,Gulbarga,Karnataka,Private,P B B.Sc(N),30 (Thirty),2025-2026,9,https://online.indiannursingcouncil.org/Reports/YearlyReportByState.aspx,2026-09-11T11:19:50.195423
11,H K School And College Of Nursing,"H K School And College Of Nursing, Jayashankar Building, Mes Ring Road, Jalahalli, Bangalore, Distt.- Bangalore, Karnataka, Pin Code- 560013",Harihara Educational Trust,Bangalore,Karnataka,Private,GNM,40 (Forty),2025-2026,9,https://online.indiannursingcouncil.org/Reports/YearlyReportByState.aspx,2026-09-11T11:19:50.195423
11,H K School And College Of Nursing,"H K School And College Of Nursing, Jayashankar Building, Mes Ring Road, Jalahalli, Bangalore, Distt.- Bangalore, Karnataka, Pin Code- 560013",Harihara Educational Trust,Bangalore,Karnataka,Private,B.Sc(N),40 (Forty),2025-2026,9,https://online.indiannursingcouncil.org/Reports/YearlyReportByState.aspx,2026-09-11T11:19:50.195423
12,H M R School Of Nursing,"H M R School Of Nursing, #48/2, 4Th Cross, Behind Ashrya Hospital, Magadi Main Road, Vishvaneedam Post, Sunkadakatte, Bangalore, Distt.- Bangalore, Karnataka, Pin Code- 560091",Pavithra Institute Of Education Trust,Bangalore,Karnataka,Private,GNM,40 (Forty),2025-2026,9,https://online.indiannursingcouncil.org/Reports/YearlyReportByState.aspx,2026-09-11T11:19:50.195423
13,H N S School Of Nursing,"H N S School Of Nursing, No-1-760 Upper, Lane Near Old City Bus Stand, Behind Vithal Mandir, Station Bazar, Gulbarga, Distt.- Gulbarga, Karnataka, Pin Code- 585102",Kusnoor Education Trust,Gulbarga,Karnataka,Private,GNM,30 (Thirty),2025-2026,9,https://online.indiannursingcouncil.org/Reports/YearlyReportByState.aspx,2026-09-11T11:19:50.195423
14,H.T.Sasnur Institute Of Nursing Sciences,"H.T.Sasnur Institute Of Nursing Sciences,Vijayapur, Sasnur Hospital Campus,Station Road, City, Distt.- Vijayapura, Karnataka, Pin Code- 586104","Dr.Hanamanthrao Tuljaram Sasnur Memorial Education Society,Vijayapur",Vijayapura,Karnataka,Private,B.Sc(N),40 (Forty),2025-2026,9,https://online.indiannursingcouncil.org/Reports/YearlyReportByState.aspx,2026-09-11T11:19:50.195423
15,Harsha School Of Nursing,"Harsha School Of Nursing, No.193/4,Nh-4 ,Sondekoppa Circle, Nelamangala, Nelamangala, Distt.- Bangalore Rural, Karnataka, Pin Code- 562123",Srinivasa Charitable Trust,Bangalore Rural,Karnataka,Private,GNM,80 (Eighty),2025-2026,9,https://online.indiannursingcouncil.org/Reports/YearlyReportByState.aspx,2026-09-11T11:19:50.195423
15,Harsha School Of Nursing,"Harsha School Of Nursing, No.193/4,Nh-4 ,Sondekoppa Circle, Nelamangala, Nelamangala, Distt.- Bangalore Rural, Karnataka, Pin Code- 562123",Srinivasa Charitable Trust,Bangalore Rural,Karnataka,Private,B.Sc(N),60 (Sixty),2025-2026,9,https://online.indiannursingcouncil.org/Reports/YearlyReportByState.aspx,2026-09-11T11:19:50.195423
15,Harsha School Of Nursing,"Harsha School Of Nursing, No.193/4,Nh-4 ,Sondekoppa Circle, Nelamangala, Nelamangala, Distt.- Bangalore Rural, Karnataka, Pin Code- 562123",Srinivasa Charitable Trust,Bangalore Rural,Karnataka,Private,M. Sc (N),25 (Twenty Five) 5 In Each Speciality,2025-2026,9,https://online.indiannursingcouncil.org/Reports/YearlyReportByState.aspx,2026-09-11T11:19:50.195423
15,Harsha School Of Nursing,"Harsha School Of Nursing, No.193/4,Nh-4 ,Sondekoppa Circle, Nelamangala, Nelamangala, Distt.- Bangalore Rural, Karnataka, Pin Code- 562123",Srinivasa Charitable Trust,Bangalore Rural,Karnataka,Private,P B B.Sc(N),50 (Fifty),2025-2026,9,https://online.indiannursingcouncil.org/Reports/YearlyReportByState.aspx,2026-09-11T11:19:50.195423
16,Harshika School Of Nursing,"Harshika School Of Nursing, Horamavuagara, Hennur Bengaluru, Bengaluru, Distt.- Bangalore, Karnataka, Pin Code- 560043",Sugnana Education Trust,Bangalore,Karnataka,Private,GNM,60 (Sixty),2025-2026,9,https://online.indiannursingcouncil.org/Reports/YearlyReportByState.aspx,2026-09-11T11:19:50.195423
17,Heritage City College Of Nursing,"Heritage City College Of Nursing, C-1, New Kantharaj Urs Road, Kuvempunagara (Opp.Apollo Hospital), , Mysore, Distt.- Mysore, Karnataka, Pin Code- 570023",Mysore Minority Educational Trust,Mysore,Karnataka,Private,B.Sc(N),40 (Forty),2025-2026,9,https://online.indiannursingcouncil.org/Reports/YearlyReportByState.aspx,2026-09-11T11:19:50.195423
18,Highland College Of Nursing,"Highland College Of Nursing, Mother Theresa Road, Kankanady, Highland Hospitals,,Mangaluru, Karnataka-575002, Mangalore, Distt.- Dakshina Kannada, Karnataka, Pin Code- 575002",Prerana Educational Trust,Dakshina Kannada,Karnataka,Private,B.Sc(N),40 (Forty),2025-2026,9,https://online.indiannursingcouncil.org/Reports/YearlyReportByState.aspx,2026-09-11T11:19:50.195423
19,Hill View Institute Of Nursing,"Hill View Institute Of Nursing, No.174/2,Saladoddi,Agara Village,Kanakapura Main Road, Bangalore, Distt.- Bangalore, Karnataka, Pin Code- 560082",Mariyapp Memorial Trust,Bangalore,Karnataka,Private,B.Sc(N),40 (Forty),2025-2026,9,https://online.indiannursingcouncil.org/Reports/YearlyReportByState.aspx,2026-09-11T11:19:50.195423
20,Hillside College Of Nursing,"Hillside College Of Nursing, No.9,Raghuvanahalli,Gubbalala Cross,Kanakapuraa Main Road,Bangalore, Bangalore, Distt.- Bangalore, Karnataka, Pin Code- 560081",Bheemchandra Education Trust,Bangalore,Karnataka,Private,B.Sc(N),60 (Sixty),2025-2026,9,https://online.indiannursingcouncil.org/Reports/YearlyReportByState.aspx,2026-09-11T11:19:50.195423
20,Hillside College Of Nursing,"Hillside College Of Nursing, No.9,Raghuvanahalli,Gubbalala Cross,Kanakapuraa Main Road,Bangalore, Bangalore, Distt.- Bangalore, Karnataka, Pin Code- 560081",Bheemchandra Education Trust,Bangalore,Karnataka,Private,GNM,40 (Forty),2025-2026,9,https://online.indiannursingcouncil.org/Reports/YearlyReportByState.aspx,2026-09-11T11:19:50.195423
1,Hillside College Of Nursing,"Hillside College Of Nursing, No.9,Raghuvanahalli,Gubbalala Cross,Kanakapuraa Main Road,Bangalore, Bangalore, Distt.- Bangalore, Karnataka, Pin Code- 560081",Bheemchandra Education Trust,Bangalore,Karnataka,Private,P B B.Sc(N),20 (Twenty),2025-2026,10,https://online.indiannursingcouncil.org/Reports/YearlyReportByState.aspx,2026-09-11T11:19:58.262892
2,Hita School Of Nursing,"Hita School Of Nursing , Nh4 Indira Nagar Nelmangala Bangalore Rural, Nelamangala, Distt.- Bangalore Rural, Karnataka, Pin Code- 562123",Kshatriya Educational Trust,Bangalore Rural,Karnataka,Private,GNM,60 (Sixty),2025-2026,10,https://online.indiannursingcouncil.org/Reports/YearlyReportByState.aspx,2026-09-11T11:19:58.262892
2,Hita School Of Nursing,"Hita School Of Nursing , Nh4 Indira Nagar Nelmangala Bangalore Rural, Nelamangala, Distt.- Bangalore Rural, Karnataka, Pin Code- 562123",Kshatriya Educational Trust,Bangalore Rural,Karnataka,Private,B.Sc(N),40 (Forty),2025-2026,10,https://online.indiannursingcouncil.org/Reports/YearlyReportByState.aspx,2026-09-11T11:19:58.262892
3,Holy Cross College Of Nursing,"Holy Cross College Of Nursing, Kamagere P.O, Kollegal Taluk, Chamarajanagara District, Karnataka., Kollegal, Distt.- Chamaraja Nagara, Karnataka, Pin Code- 571443",Society Of Sisters Of The Holy Cross,Chamaraja Nagara,Karnataka,Private,B.Sc(N),40 (Forty),2025-2026,10,https://online.indiannursingcouncil.org/Reports/YearlyReportByState.aspx,2026-09-11T11:19:58.262892
3,Holy Cross College Of Nursing,"Holy Cross College Of Nursing, Kamagere P.O, Kollegal Taluk, Chamarajanagara District, Karnataka., Kollegal, Distt.- Chamaraja Nagara, Karnataka, Pin Code- 571443",Society Of Sisters Of The Holy Cross,Chamaraja Nagara,Karnataka,Private,GNM,40 (Forty),2025-2026,10,https://online.indiannursingcouncil.org/Reports/YearlyReportByState.aspx,2026-09-11T11:19:58.262892
4,Holy Mother Institute Of Nursing,"Holy Mother Institute Of Nursing, Kariyammana Agrahara Near Outer Ring Road ,Opp.Intel Bellandur Post Bangalore, Bangalore, Distt.- Bangalore, Karnataka, Pin Code- 560103",Nisarga Education Society,Bangalore,Karnataka,Private,GNM,40 (Forty),2025-2026,10,https://online.indiannursingcouncil.org/Reports/YearlyReportByState.aspx,2026-09-11T11:19:58.262892
5,Hoskote Mission Institute Of Nursing,"Hoskote Mission Institute Of Nursing, Hoskote Mission Institute Of Nursing, Mission Hospital Road, Hoskote, Distt.- Bangalore Rural, Karnataka, Pin Code- 562114",Mar Thoma Evangelistic Association,Bangalore Rural,Karnataka,Private,B.Sc(N),50 (Fifty),2025-2026,10,https://online.indiannursingcouncil.org/Reports/YearlyReportByState.aspx,2026-09-11T11:19:58.262892
5,Hoskote Mission Institute Of Nursing,"Hoskote Mission Institute Of Nursing, Hoskote Mission Institute Of Nursing, Mission Hospital Road, Hoskote, Distt.- Bangalore Rural, Karnataka, Pin Code- 562114",Mar Thoma Evangelistic Association,Bangalore Rural,Karnataka,Private,M. Sc (N),15 Med-Surg-5 Chn-3 Obg-2 Psy-2 Paed-3,2025-2026,10,https://online.indiannursingcouncil.org/Reports/YearlyReportByState.aspx,2026-09-11T11:19:58.262892
6,Ikon Nursing College,"Ikon Nursing College, No.32, Bheemanahalli, B M Main Road, Bidadi, Distt.- Bangalore Rural, Karnataka, Pin Code- 562109",D K S Charitable Trust,Bangalore Rural,Karnataka,Private,B.Sc(N),60 (Sixty),2025-2026,10,https://online.indiannursingcouncil.org/Reports/YearlyReportByState.aspx,2026-09-11T11:19:58.262892
6,Ikon Nursing College,"Ikon Nursing College, No.32, Bheemanahalli, B M Main Road, Bidadi, Distt.- Bangalore Rural, Karnataka, Pin Code- 562109",D K S Charitable Trust,Bangalore Rural,Karnataka,Private,M. Sc (N),20 (Twenty) 5 In Each Except Chn,2025-2026,10,https://online.indiannursingcouncil.org/Reports/YearlyReportByState.aspx,2026-09-11T11:19:58.262892
6,Ikon Nursing College,"Ikon Nursing College, No.32, Bheemanahalli, B M Main Road, Bidadi, Distt.- Bangalore Rural, Karnataka, Pin Code- 562109",D K S Charitable Trust,Bangalore Rural,Karnataka,Private,GNM,60 (Sixty),2025-2026,10,https://online.indiannursingcouncil.org/Reports/YearlyReportByState.aspx,2026-09-11T11:19:58.262892
7,Indian Academy College Of Nursing,"Indian Academy College Of Nursing, Hennur Main Road, Hennur Cross, Kalyanagar Po, Bangalore, Distt.- Bangalore, Karnataka, Pin Code- 560043",Indian Academy Education Trust,Bangalore,Karnataka,Private,M. Sc (N),20 (Twenty),2025-2026,10,https://online.indiannursingcouncil.org/Reports/YearlyReportByState.aspx,2026-09-11T11:19:58.262892
7,Indian Academy College Of Nursing,"Indian Academy College Of Nursing, Hennur Main Road, Hennur Cross, Kalyanagar Po, Bangalore, Distt.- Bangalore, Karnataka, Pin Code- 560043",Indian Academy Education Trust,Bangalore,Karnataka,Private,P B B.Sc(N),30 (Thirty),2025-2026,10,https://online.indiannursingcouncil.org/Reports/YearlyReportByState.aspx,2026-09-11T11:19:58.262892
7,Indian Academy College Of Nursing,"Indian Academy College Of Nursing, Hennur Main Road, Hennur Cross, Kalyanagar Po, Bangalore, Distt.- Bangalore, Karnataka, Pin Code- 560043",Indian Academy Education Trust,Bangalore,Karnataka,Private,GNM,60 (Sixty),2025-2026,10,https://online.indiannursingcouncil.org/Reports/YearlyReportByState.aspx,2026-09-11T11:19:58.262892
7,Indian Academy College Of Nursing,"Indian Academy College Of Nursing, Hennur Main Road, Hennur Cross, Kalyanagar Po, Bangalore, Distt.- Bangalore, Karnataka, Pin Code- 560043",Indian Academy Education Trust,Bangalore,Karnataka,Private,B.Sc(N),60 (Sixty),2025-2026,10,https://online.indiannursingcouncil.org/Reports/YearlyReportByState.aspx,2026-09-11T11:19:58.262892
8,Indian Institute Of Nursing,"Indian Institute Of Nursing, #50, Azeez Manzil, Vijayanagar Colony, Cantonment, Bellary, Distt.- Bellary, Karnataka, Pin Code- 583104",Jawahar Minority Educational And Charitable Trust,Bellary,Karnataka,Private,GNM,40 (Forty),2025-2026,10,https://online.indiannursingcouncil.org/Reports/YearlyReportByState.aspx,2026-09-11T11:19:58.262892
8,Indian Institute Of Nursing,"Indian Institute Of Nursing, #50, Azeez Manzil, Vijayanagar Colony, Cantonment, Bellary, Distt.- Bellary, Karnataka, Pin Code- 583104",Jawahar Minority Educational And Charitable Trust,Bellary,Karnataka,Private,B.Sc(N),40 (Forty),2025-2026,10,https://online.indiannursingcouncil.org/Reports/YearlyReportByState.aspx,2026-09-11T11:19:58.262892
8,Indian Institute Of Nursing,"Indian Institute Of Nursing, #50, Azeez Manzil, Vijayanagar Colony, Cantonment, Bellary, Distt.- Bellary, Karnataka, Pin Code- 583104",Jawahar Minority Educational And Charitable Trust,Bellary,Karnataka,Private,M. Sc (N),15 (Fifteen),2025-2026,10,https://online.indiannursingcouncil.org/Reports/YearlyReportByState.aspx,2026-09-11T11:19:58.262892
8,Indian Institute Of Nursing,"Indian Institute Of Nursing, #50, Azeez Manzil, Vijayanagar Colony, Cantonment, Bellary, Distt.- Bellary, Karnataka, Pin Code- 583104",Jawahar Minority Educational And Charitable Trust,Bellary,Karnataka,Private,P B B.Sc(N),20 (Twenty),2025-2026,10,https://online.indiannursingcouncil.org/Reports/YearlyReportByState.aspx,2026-09-11T11:19:58.262892
9,Indiana College Of Nursing,"Indiana College Of Nursing, Mahaveer Circle, Kankanady 'B' Village, Ujjodi,Near Ioc Petrol Pump, Mangalore - 575002, Mangalore, Distt.- Dakshina Kannada, Karnataka, Pin Code- 575002",Indiana Educational Trust,Dakshina Kannada,Karnataka,Private,B.Sc(N),40 (Forty),2025-2026,10,https://online.indiannursingcouncil.org/Reports/YearlyReportByState.aspx,2026-09-11T11:19:58.262892
10,Indira Gandhi College Of Nursing,"Indira Gandhi College Of Nursing, #23 Chokkanahalli Yelahanka Hobli , Bangalore, Distt.- Bangalore, Karnataka, Pin Code- 560064",Indira Priyadarshini Education And Char Trust,Bangalore,Karnataka,Private,B.Sc(N),50 (Fifty),2025-2026,10,https://online.indiannursingcouncil.org/Reports/YearlyReportByState.aspx,2026-09-11T11:19:58.262892
11,Indira Gandhi School Of Nursing,"Indira Gandhi School Of Nursing, Behind Shadimahal, Vinayaka Ext/Assessment No59/2 Yalakkinagara Tarikere Road , Hosadurga Town, Distt.- Chitradurga, Karnataka, Pin Code- 577527",Sri Ramanjaneya Educational Rural And Urban Devolpment Society,Chitradurga,Karnataka,Private,GNM,40 (Forty),2025-2026,10,https://online.indiannursingcouncil.org/Reports/YearlyReportByState.aspx,2026-09-11T11:19:58.262892
12,Indoglobe College Of Nursing,"Indoglobe College Of Nursing, Survey No. 25/6, Huralichikkanahalli, Chikkabanavara Post, Hesaragattamain Road, , Distt.- Bangalore, Karnataka, Pin Code- 560090",Pavana Educational Trust,Bangalore,Karnataka,Private,GNM,40 (Forty),2025-2026,10,https://online.indiannursingcouncil.org/Reports/YearlyReportByState.aspx,2026-09-11T11:19:58.262892
12,Indoglobe College Of Nursing,"Indoglobe College Of Nursing, Survey No. 25/6, Huralichikkanahalli, Chikkabanavara Post, Hesaragattamain Road, , Distt.- Bangalore, Karnataka, Pin Code- 560090",Pavana Educational Trust,Bangalore,Karnataka,Private,B.Sc(N),40 (Forty),2025-2026,10,https://online.indiannursingcouncil.org/Reports/YearlyReportByState.aspx,2026-09-11T11:19:58.262892
13,Institute Of Nursing,"Institute Of Nursing, Sardar Veeranagouda Mahila Vidya Peeth Institute Of Nursing Vidyanagar Hubli, Vill.- Hubli, Tehsil- Hubli, Distt.- Dharwar, Karnataka, Pin Code- 580021",S V P Mahila Vidhya Peeth,Dharwar,Karnataka,Private,GNM,30 (Thirty),2025-2026,10,https://online.indiannursingcouncil.org/Reports/YearlyReportByState.aspx,2026-09-11T11:19:58.262892
14,J S S College Of Nursing Chamarajanagar,"J S S College Of Nursing Chamarajanagar, Jss College Of Nursing, Jss Women's College Campus B R Hills Double Road Chamarajanagar , Chamarajanagar, Distt.- Chamaraja Nagara, Karnataka, Pin Code- 57","J S S Mahavidyapeetha,Mysore",Chamaraja Nagara,Karnataka,Private,B.Sc(N),40 (Forty),2025-2026,10,https://online.indiannursingcouncil.org/Reports/YearlyReportByState.aspx,2026-09-11T11:19:58.262892
15,J S S College Of Nursing,"J S S College Of Nursing, Ramanuja Road, Mysore, Distt.- Mysore, Karnataka, Pin Code- 570004",Jss Mahavidyapeetha,Mysore,Karnataka,Private,B.Sc(N),100 (One Hundred),2025-2026,10,https://online.indiannursingcouncil.org/Reports/YearlyReportByState.aspx,2026-09-11T11:19:58.262892
15,J S S College Of Nursing,"J S S College Of Nursing, Ramanuja Road, Mysore, Distt.- Mysore, Karnataka, Pin Code- 570004",Jss Mahavidyapeetha,Mysore,Karnataka,Private,M. Sc (N),30 (Thirty) Med-Surg-10 Paed-5 Psy-5 Chn-5 Obg-5,2025-2026,10,https://online.indiannursingcouncil.org/Reports/YearlyReportByState.aspx,2026-09-11T11:19:58.262892
15,J S S College Of Nursing,"J S S College Of Nursing, Ramanuja Road, Mysore, Distt.- Mysore, Karnataka, Pin Code- 570004",Jss Mahavidyapeetha,Mysore,Karnataka,Private,P B B.Sc(N),50 (Fifty),2025-2026,10,https://online.indiannursingcouncil.org/Reports/YearlyReportByState.aspx,2026-09-11T11:19:58.262892
16,J S S School Of Nursing,"J S S School Of Nursing, Jss Women's College Campus, B.R. Hills Road, , Chamaraja Nagara, Distt.- Chamaraja Nagara, Karnataka, Pin Code- 571313","Jagadguru Sri Shivarathreeswara Mahavidyapeetha,",Chamaraja Nagara,Karnataka,Private,GNM,60 (Sixty),2025-2026,10,https://online.indiannursingcouncil.org/Reports/YearlyReportByState.aspx,2026-09-11T11:19:58.262892
1,J S S School Of Nursing,"J S S School Of Nursing, Ramanuja Road, Vill.- Mysuru, Tehsil- Mysore, Distt.- Mysore, Karnataka, Pin Code- 570004",Jagadguru Sri Shivarathreeswara Medical Service Trust,Mysore,Karnataka,Private,GNM,100 (One Hundred),2025-2026,11,https://online.indiannursingcouncil.org/Reports/YearlyReportByState.aspx,2026-09-11T11:20:06.392177
2,J S S School Of Nursing,"J S S School Of Nursing,, Jss Women's College Campus Vidyanagar, Kollegal, Vill.- Kollegal, Tehsil- Mysore, Distt.- Mysore, Karnataka, Pin Code- 571440",J S S Mahavidyapeetha,Mysore,Karnataka,Private,GNM,60 (Sixty),2025-2026,11,https://online.indiannursingcouncil.org/Reports/YearlyReportByState.aspx,2026-09-11T11:20:06.392177
3,Jahan Institute Of Nursing Sciences,"Jahan Institute Of Nursing Sciences, No 465/1 Marsur Post Anekal Taluk Bangalore 562106, Bangalore, Distt.- Bangalore, Karnataka, Pin Code- 562106",Prerana Educational And Charitable Trust,Bangalore,Karnataka,Private,GNM,40 (Forty),2025-2026,11,https://online.indiannursingcouncil.org/Reports/YearlyReportByState.aspx,2026-09-11T11:20:06.392177
3,Jahan Institute Of Nursing Sciences,"Jahan Institute Of Nursing Sciences, No 465/1 Marsur Post Anekal Taluk Bangalore 562106, Bangalore, Distt.- Bangalore, Karnataka, Pin Code- 562106",Prerana Educational And Charitable Trust,Bangalore,Karnataka,Private,B.Sc(N),40 (Forty),2025-2026,11,https://online.indiannursingcouncil.org/Reports/YearlyReportByState.aspx,2026-09-11T11:20:06.392177
4,Janapriya College Of Nursing,"Janapriya College Of Nursing, Plot No.563/A Kiadb Growth H N Pura Road, Hassan, Distt.- Hassan, Karnataka, Pin Code- 573201",Janapriya Charitable Trust,Hassan,Karnataka,Private,B.Sc(N),40 (Forty),2025-2026,11,https://online.indiannursingcouncil.org/Reports/YearlyReportByState.aspx,2026-09-11T11:20:06.392177
5,Janhavi School Of Nursing,"Janhavi School Of Nursing, No 1 Sathya Sagara Opp Jmit Circle Davangere Road , Chitradurga , Distt.- Chitradurga, Karnataka, Pin Code- 577501",Janhavi Education Society Registered,Chitradurga,Karnataka,Private,GNM,50 (Fifty),2025-2026,11,https://online.indiannursingcouncil.org/Reports/YearlyReportByState.aspx,2026-09-11T11:20:06.392177
6,Jasmine Schoolof Nursing,"Jasmine Schoolof Nursing,, Bilal Colony, Chidri Road, Bidar, Distt.- Bidar, Karnataka, Pin Code- 585403",Jasmine Education And Charitable Trust,Bidar,Karnataka,Private,GNM,40 (Forty),2025-2026,11,https://online.indiannursingcouncil.org/Reports/YearlyReportByState.aspx,2026-09-11T11:20:06.392177
7,Jes Mother Teresa College Of Nursing,"Jes Mother Teresa College Of Nursing, Mes Ring Road, Jalahalli, Bangalore , Bangalore , Distt.- Bangalore, Karnataka, Pin Code- 560013",Jalahalli Education Society,Bangalore,Karnataka,Private,GNM,40 (Forty),2025-2026,11,https://online.indiannursingcouncil.org/Reports/YearlyReportByState.aspx,2026-09-11T11:20:06.392177
7,Jes Mother Teresa College Of Nursing,"Jes Mother Teresa College Of Nursing, Mes Ring Road, Jalahalli, Bangalore , Bangalore , Distt.- Bangalore, Karnataka, Pin Code- 560013",Jalahalli Education Society,Bangalore,Karnataka,Private,B.Sc(N),50 (Fifty),2025-2026,11,https://online.indiannursingcouncil.org/Reports/YearlyReportByState.aspx,2026-09-11T11:20:06.392177
7,Jes Mother Teresa College Of Nursing,"Jes Mother Teresa College Of Nursing, Mes Ring Road, Jalahalli, Bangalore , Bangalore , Distt.- Bangalore, Karnataka, Pin Code- 560013",Jalahalli Education Society,Bangalore,Karnataka,Private,P B B.Sc(N),40 (Forty),2025-2026,11,https://online.indiannursingcouncil.org/Reports/YearlyReportByState.aspx,2026-09-11T11:20:06.392177
8,Josco College Of Nursing,"Josco College Of Nursing, 106/2 Infant Jesus Campus,Mylanahalli P.O,Madure Road, Nelamangala, Distt.- Bangalore Rural, Karnataka, Pin Code- 562123",Infant Jesus Educational And Charitable Trust,Bangalore Rural,Karnataka,Private,B.Sc(N),50 (Fifty),2025-2026,11,https://online.indiannursingcouncil.org/Reports/YearlyReportByState.aspx,2026-09-11T11:20:06.392177
8,Josco College Of Nursing,"Josco College Of Nursing, 106/2 Infant Jesus Campus,Mylanahalli P.O,Madure Road, Nelamangala, Distt.- Bangalore Rural, Karnataka, Pin Code- 562123",Infant Jesus Educational And Charitable Trust,Bangalore Rural,Karnataka,Private,M. Sc (N),"20; Med-Surg-4, Obg-4, Chn-4, Psy-4, Paed-4",2025-2026,11,https://online.indiannursingcouncil.org/Reports/YearlyReportByState.aspx,2026-09-11T11:20:06.392177
9,Joshi School Of Nursing,"Joshi School Of Nursing, No 662/1027, Ullal Main Road, Muneshwara Nagar Mallathahalli, Bangalore , Distt.- Bangalore, Karnataka, Pin Code- 560056",Joshi Charitable Trust,Bangalore,Karnataka,Private,GNM,50 (Fifty),2025-2026,11,https://online.indiannursingcouncil.org/Reports/YearlyReportByState.aspx,2026-09-11T11:20:06.392177
10,Jupiter College Of Nursing,"Jupiter College Of Nursing, # 225, Behind Tata Motors, Arishinakunte, Off Tumkur Road, , Bangalore, Distt.- Bangalore Rural, Karnataka, Pin Code- 562123",Lalithamma Educational And Charitable Trust,Bangalore Rural,Karnataka,Private,P B B.Sc(N),30 (Thirty),2025-2026,11,https://online.indiannursingcouncil.org/Reports/YearlyReportByState.aspx,2026-09-11T11:20:06.392177
10,Jupiter College Of Nursing,"Jupiter College Of Nursing, # 225, Behind Tata Motors, Arishinakunte, Off Tumkur Road, , Bangalore, Distt.- Bangalore Rural, Karnataka, Pin Code- 562123",Lalithamma Educational And Charitable Trust,Bangalore Rural,Karnataka,Private,GNM,60 (Sixty),2025-2026,11,https://online.indiannursingcouncil.org/Reports/YearlyReportByState.aspx,2026-09-11T11:20:06.392177
10,Jupiter College Of Nursing,"Jupiter College Of Nursing, # 225, Behind Tata Motors, Arishinakunte, Off Tumkur Road, , Bangalore, Distt.- Bangalore Rural, Karnataka, Pin Code- 562123",Lalithamma Educational And Charitable Trust,Bangalore Rural,Karnataka,Private,M. Sc (N),15 (Fifteen) Chn-5 Obg-5 Psy-5,2025-2026,11,https://online.indiannursingcouncil.org/Reports/YearlyReportByState.aspx,2026-09-11T11:20:06.392177
10,Jupiter College Of Nursing,"Jupiter College Of Nursing, # 225, Behind Tata Motors, Arishinakunte, Off Tumkur Road, , Bangalore, Distt.- Bangalore Rural, Karnataka, Pin Code- 562123",Lalithamma Educational And Charitable Trust,Bangalore Rural,Karnataka,Private,B.Sc(N),60 (Sixty),2025-2026,11,https://online.indiannursingcouncil.org/Reports/YearlyReportByState.aspx,2026-09-11T11:20:06.392177
11,K K E C S College Of Nursing,"K K E C S College Of Nursing, Oorgaumept Guttakamdenahalli [ Panchyat] Kgf, Kgf, Distt.- Kolar, Karnataka, Pin Code- 563118",Karnataka Kaveri Educ And Cul Soc,Kolar,Karnataka,Private,B.Sc(N),40 (Forty),2025-2026,11,https://online.indiannursingcouncil.org/Reports/YearlyReportByState.aspx,2026-09-11T11:20:06.392177
12,K L E Institute Of Nursing Sciences,"K L E Institute Of Nursing Sciences, Gokak, Kle Society's Hospital Main Road , Gokak, Distt.- Belgaum, Karnataka, Pin Code- 591307",Karnataka Lingayat Education Society.,Belgaum,Karnataka,Private,GNM,60 (Sixty),2025-2026,11,https://online.indiannursingcouncil.org/Reports/YearlyReportByState.aspx,2026-09-11T11:20:06.392177
13,K L E Society's Centenary Institute Of Nursing Sciences,"K L E Society's Centenary Institute Of Nursing Sciences, Yallur Road, , Belagavi, Distt.- Belgaum, Karnataka, Pin Code- 590005",Karnataka Lingayat Education Society,Belgaum,Karnataka,Private,GNM,60 (Sixty),2025-2026,11,https://online.indiannursingcouncil.org/Reports/YearlyReportByState.aspx,2026-09-11T11:20:06.392177
13,K L E Society's Centenary Institute Of Nursing Sciences,"K L E Society's Centenary Institute Of Nursing Sciences, Yallur Road, , Belagavi, Distt.- Belgaum, Karnataka, Pin Code- 590005",Karnataka Lingayat Education Society,Belgaum,Karnataka,Private,B.Sc(N),40 (Forty),2025-2026,11,https://online.indiannursingcouncil.org/Reports/YearlyReportByState.aspx,2026-09-11T11:20:06.392177
14,K L E Society's Institute Of Nursing Sciences,"K L E Society's Institute Of Nursing Sciences, Dandeli, Dess Bangur Independent Pusc College Building, Dandeli, Distt.- Uttara Kannada, Karnataka, Pin Code- 581325",Karnatak Lingayat Education Society,Uttara Kannada,Karnataka,Private,GNM,50 (Fifty),2025-2026,11,https://online.indiannursingcouncil.org/Reports/YearlyReportByState.aspx,2026-09-11T11:20:06.392177
15,K L E Society's Institute Of Nursing Sciences,"K L E Society's Institute Of Nursing Sciences, Kle Campus , Ankola, Distt.- Uttara Kannada, Karnataka, Pin Code- 581314",Karnataka Lingayat Education Society,Uttara Kannada,Karnataka,Private,GNM,50 (Fifty),2025-2026,11,https://online.indiannursingcouncil.org/Reports/YearlyReportByState.aspx,2026-09-11T11:20:06.392177
15,K L E Society's Institute Of Nursing Sciences,"K L E Society's Institute Of Nursing Sciences, Kle Campus , Ankola, Distt.- Uttara Kannada, Karnataka, Pin Code- 581314",Karnataka Lingayat Education Society,Uttara Kannada,Karnataka,Private,B.Sc(N),50 (Fifty),2025-2026,11,https://online.indiannursingcouncil.org/Reports/YearlyReportByState.aspx,2026-09-11T11:20:06.392177
16,K L E University's Institute Of Nursing Sciences,"K L E University's Institute Of Nursing Sciences, Nehru Nagar, Belgaum, Belgaum, Distt.- Belgaum, Karnataka, Pin Code- 590010",K.L.E.Society,Belgaum,Karnataka,Private,GNM,100 (ONE HUNDRED),2025-2026,11,https://online.indiannursingcouncil.org/Reports/YearlyReportByState.aspx,2026-09-11T11:20:06.392177
16,K L E University's Institute Of Nursing Sciences,"K L E University's Institute Of Nursing Sciences, Nehru Nagar, Belgaum, Belgaum, Distt.- Belgaum, Karnataka, Pin Code- 590010",K.L.E.Society,Belgaum,Karnataka,Private,B.Sc(N),100 (One Hundred),2025-2026,11,https://online.indiannursingcouncil.org/Reports/YearlyReportByState.aspx,2026-09-11T11:20:06.392177
16,K L E University's Institute Of Nursing Sciences,"K L E University's Institute Of Nursing Sciences, Nehru Nagar, Belgaum, Belgaum, Distt.- Belgaum, Karnataka, Pin Code- 590010",K.L.E.Society,Belgaum,Karnataka,Private,M. Sc (N),"30 (Thirty) Med-Surg-10, Obg-5, Chn-5, Paed-5, Psy-5",2025-2026,11,https://online.indiannursingcouncil.org/Reports/YearlyReportByState.aspx,2026-09-11T11:20:06.392177
16,K L E University's Institute Of Nursing Sciences,"K L E University's Institute Of Nursing Sciences, Nehru Nagar, Belgaum, Belgaum, Distt.- Belgaum, Karnataka, Pin Code- 590010",K.L.E.Society,Belgaum,Karnataka,Private,P B B.Sc(N),50 (Fifty),2025-2026,11,https://online.indiannursingcouncil.org/Reports/YearlyReportByState.aspx,2026-09-11T11:20:06.392177
16,K L E University's Institute Of Nursing Sciences,"K L E University's Institute Of Nursing Sciences, Nehru Nagar, Belgaum, Belgaum, Distt.- Belgaum, Karnataka, Pin Code- 590010",K.L.E.Society,Belgaum,Karnataka,Private,NURSE PRACTITIONER IN CRITICAL CARE(NPCC),10 (Ten),2025-2026,11,https://online.indiannursingcouncil.org/Reports/YearlyReportByState.aspx,2026-09-11T11:20:06.392177
17,K N N School Of Nursing,"K N N School Of Nursing, 23/B, Khb Satellite Town, Yelahanka New Town, , Bangalore, Distt.- Bangalore, Karnataka, Pin Code- 560064",Sushruta Medical Trust,Bangalore,Karnataka,Private,GNM,60 (Sixty),2025-2026,11,https://online.indiannursingcouncil.org/Reports/YearlyReportByState.aspx,2026-09-11T11:20:06.392177
1,K N N School Of Nursing,"K N N School Of Nursing, 23/B, Khb Satellite Town, Yelahanka New Town, , Bangalore, Distt.- Bangalore, Karnataka, Pin Code- 560064",Sushruta Medical Trust,Bangalore,Karnataka,Private,B.Sc(N),60 (Sixty),2025-2026,12,https://online.indiannursingcouncil.org/Reports/YearlyReportByState.aspx,2026-09-11T11:20:14.275754
1,K N N School Of Nursing,"K N N School Of Nursing, 23/B, Khb Satellite Town, Yelahanka New Town, , Bangalore, Distt.- Bangalore, Karnataka, Pin Code- 560064",Sushruta Medical Trust,Bangalore,Karnataka,Private,M. Sc (N),25 : 5 In Each Speciality,2025-2026,12,https://online.indiannursingcouncil.org/Reports/YearlyReportByState.aspx,2026-09-11T11:20:14.275754
1,K N N School Of Nursing,"K N N School Of Nursing, 23/B, Khb Satellite Town, Yelahanka New Town, , Bangalore, Distt.- Bangalore, Karnataka, Pin Code- 560064",Sushruta Medical Trust,Bangalore,Karnataka,Private,P B B.Sc(N),50 (Fifty),2025-2026,12,https://online.indiannursingcouncil.org/Reports/YearlyReportByState.aspx,2026-09-11T11:20:14.275754
2,K R School Of Nursing,"K R School Of Nursing, Sy. No. 30/1 30/2, Opp. Chamundeshwari Temple, Ravugodlu, Uttarahalli Hobli, Kanakapura Main Road, , Bengaluru, Distt.- Bangalore, Karnataka, Pin Code- 560082",K R Educational Trust,Bangalore,Karnataka,Private,GNM,50 (Fifty),2025-2026,12,https://online.indiannursingcouncil.org/Reports/YearlyReportByState.aspx,2026-09-11T11:20:14.275754
2,K R School Of Nursing,"K R School Of Nursing, Sy. No. 30/1 30/2, Opp. Chamundeshwari Temple, Ravugodlu, Uttarahalli Hobli, Kanakapura Main Road, , Bengaluru, Distt.- Bangalore, Karnataka, Pin Code- 560082",K R Educational Trust,Bangalore,Karnataka,Private,B.Sc(N),60 (Sixty),2025-2026,12,https://online.indiannursingcouncil.org/Reports/YearlyReportByState.aspx,2026-09-11T11:20:14.275754
2,K R School Of Nursing,"K R School Of Nursing, Sy. No. 30/1 30/2, Opp. Chamundeshwari Temple, Ravugodlu, Uttarahalli Hobli, Kanakapura Main Road, , Bengaluru, Distt.- Bangalore, Karnataka, Pin Code- 560082",K R Educational Trust,Bangalore,Karnataka,Private,M. Sc (N),20 (Twenty) Med-Surg-5 Chn-4 Psy-4 Obg-4 Paed-3,2025-2026,12,https://online.indiannursingcouncil.org/Reports/YearlyReportByState.aspx,2026-09-11T11:20:14.275754
2,K R School Of Nursing,"K R School Of Nursing, Sy. No. 30/1 30/2, Opp. Chamundeshwari Temple, Ravugodlu, Uttarahalli Hobli, Kanakapura Main Road, , Bengaluru, Distt.- Bangalore, Karnataka, Pin Code- 560082",K R Educational Trust,Bangalore,Karnataka,Private,P B B.Sc(N),40 (Forty),2025-2026,12,https://online.indiannursingcouncil.org/Reports/YearlyReportByState.aspx,2026-09-11T11:20:14.275754
3,K T G College Of Nursing,"K T G College Of Nursing, Heggannahalli Cross, Sunkadakatte Vishwaneedam P O, Bangalore, Distt.- Bangalore, Karnataka, Pin Code- 560091",Ktg Educational Trust,Bangalore,Karnataka,Private,P B B.Sc(N),50 (Fifty),2025-2026,12,https://online.indiannursingcouncil.org/Reports/YearlyReportByState.aspx,2026-09-11T11:20:14.275754
3,K T G College Of Nursing,"K T G College Of Nursing, Heggannahalli Cross, Sunkadakatte Vishwaneedam P O, Bangalore, Distt.- Bangalore, Karnataka, Pin Code- 560091",Ktg Educational Trust,Bangalore,Karnataka,Private,M. Sc (N),25 (Twenty Five) 5 In Each Speciality,2025-2026,12,https://online.indiannursingcouncil.org/Reports/YearlyReportByState.aspx,2026-09-11T11:20:14.275754
3,K T G College Of Nursing,"K T G College Of Nursing, Heggannahalli Cross, Sunkadakatte Vishwaneedam P O, Bangalore, Distt.- Bangalore, Karnataka, Pin Code- 560091",Ktg Educational Trust,Bangalore,Karnataka,Private,B.Sc(N),60 (Sixty),2025-2026,12,https://online.indiannursingcouncil.org/Reports/YearlyReportByState.aspx,2026-09-11T11:20:14.275754
3,K T G College Of Nursing,"K T G College Of Nursing, Heggannahalli Cross, Sunkadakatte Vishwaneedam P O, Bangalore, Distt.- Bangalore, Karnataka, Pin Code- 560091",Ktg Educational Trust,Bangalore,Karnataka,Private,GNM,60 (Sixty),2025-2026,12,https://online.indiannursingcouncil.org/Reports/YearlyReportByState.aspx,2026-09-11T11:20:14.275754
4,K V G Institute Of Nursing,"K V G Institute Of Nursing, Sullia, D.K 574239 , Sullia, Distt.- Dakshina Kannada, Karnataka, Pin Code- 574239",Academy Of Liberal Education,Dakshina Kannada,Karnataka,Private,GNM,60 (Sixty),2025-2026,12,https://online.indiannursingcouncil.org/Reports/YearlyReportByState.aspx,2026-09-11T11:20:14.275754
5,Kalipalya Chanappa Institution Of Nursing,"Kalipalya Chanappa Institution Of Nursing, No 6930 Nh4 Bypass Road Mathrushree Hospital Nelamangala, Nelamangala, Distt.- Bangalore Rural, Karnataka, Pin Code- 562123",Huchamma Chanappa Charitable Trust,Bangalore Rural,Karnataka,Private,B.Sc(N),40 (Forty),2025-2026,12,https://online.indiannursingcouncil.org/Reports/YearlyReportByState.aspx,2026-09-11T11:20:14.275754
6,Kalpatharu School Of Nursing,"Kalpatharu School Of Nursing, Halekote, Apmc Road, Belthangady, Distt.- Dakshina Kannada, Karnataka, Pin Code- 574214",Kalpatharu Education Trust,Dakshina Kannada,Karnataka,Private,GNM,60 (Sixty),2025-2026,12,https://online.indiannursingcouncil.org/Reports/YearlyReportByState.aspx,2026-09-11T11:20:14.275754
7,Kamala- Krishna Royale Nursing College,"Kamala- Krishna Royale Nursing College, #450, O.T.C Road, Cottonpet, , Bengaluru, Distt.- Bangalore, Karnataka, Pin Code- 560053",Karthik Foundation,Bangalore,Karnataka,Private,B.Sc(N),40 (Forty),2025-2026,12,https://online.indiannursingcouncil.org/Reports/YearlyReportByState.aspx,2026-09-11T11:20:14.275754
7,Kamala- Krishna Royale Nursing College,"Kamala- Krishna Royale Nursing College, #450, O.T.C Road, Cottonpet, , Bengaluru, Distt.- Bangalore, Karnataka, Pin Code- 560053",Karthik Foundation,Bangalore,Karnataka,Private,GNM,30 (Thirty),2025-2026,12,https://online.indiannursingcouncil.org/Reports/YearlyReportByState.aspx,2026-09-11T11:20:14.275754
8,Kanachur College Of Nursing,"Kanachur College Of Nursing, University Road,, Deralakatte, Distt.- Dakshina Kannada, Karnataka, Pin Code- 575018",Kanachur Islamic Education Trust,Dakshina Kannada,Karnataka,Private,B.Sc(N),250 (Two Hundred Fifty),2025-2026,12,https://online.indiannursingcouncil.org/Reports/YearlyReportByState.aspx,2026-09-11T11:20:14.275754
9,Karnataka College Of Nursing,"Karnataka College Of Nursing,, #33/2 Thirumenahalli, Hegde Nagar Main Road, Yelahanka Hobli, Bangalore, Distt.- Bangalore, Karnataka, Pin Code- 560064",Karnataka Educational Trust,Bangalore,Karnataka,Private,M. Sc (N),25 (Twenty Five) Ped-5 Med-Surg-5 Psy-5 Chn-5 Obg-5,2025-2026,12,https://online.indiannursingcouncil.org/Reports/YearlyReportByState.aspx,2026-09-11T11:20:14.275754
9,Karnataka College Of Nursing,"Karnataka College Of Nursing,, #33/2 Thirumenahalli, Hegde Nagar Main Road, Yelahanka Hobli, Bangalore, Distt.- Bangalore, Karnataka, Pin Code- 560064",Karnataka Educational Trust,Bangalore,Karnataka,Private,P B B.Sc(N),30 (Thirty),2025-2026,12,https://online.indiannursingcouncil.org/Reports/YearlyReportByState.aspx,2026-09-11T11:20:14.275754
9,Karnataka College Of Nursing,"Karnataka College Of Nursing,, #33/2 Thirumenahalli, Hegde Nagar Main Road, Yelahanka Hobli, Bangalore, Distt.- Bangalore, Karnataka, Pin Code- 560064",Karnataka Educational Trust,Bangalore,Karnataka,Private,GNM,40 (Forty),2025-2026,12,https://online.indiannursingcouncil.org/Reports/YearlyReportByState.aspx,2026-09-11T11:20:14.275754
9,Karnataka College Of Nursing,"Karnataka College Of Nursing,, #33/2 Thirumenahalli, Hegde Nagar Main Road, Yelahanka Hobli, Bangalore, Distt.- Bangalore, Karnataka, Pin Code- 560064",Karnataka Educational Trust,Bangalore,Karnataka,Private,B.Sc(N),60 (Sixty),2025-2026,12,https://online.indiannursingcouncil.org/Reports/YearlyReportByState.aspx,2026-09-11T11:20:14.275754
10,Karnataka Institute Of Medical Sciences,"Karnataka Institute Of Medical Sciences, School Of Nursingvidya Nagar Kims Campus Hubballi, Vill.- Hubballi, Tehsil- Hubli, Distt.- Dharwar, Karnataka, Pin Code- 580021",Karnataka State Government,Dharwar,Karnataka,Government,GNM,60 (Sixty),2025-2026,12,https://online.indiannursingcouncil.org/Reports/YearlyReportByState.aspx,2026-09-11T11:20:14.275754
10,Karnataka Institute Of Medical Sciences,"Karnataka Institute Of Medical Sciences, School Of Nursingvidya Nagar Kims Campus Hubballi, Vill.- Hubballi, Tehsil- Hubli, Distt.- Dharwar, Karnataka, Pin Code- 580021",Karnataka State Government,Dharwar,Karnataka,Government,NURSE PRACTITIONER IN CRITICAL CARE(NPCC),05 (Five),2025-2026,12,https://online.indiannursingcouncil.org/Reports/YearlyReportByState.aspx,2026-09-11T11:20:14.275754
11,Kaveri School Of Nursing,"Kaveri School Of Nursing,, Aps School Premesis Hosur Road Anekal , Bangalore , Distt.- Bangalore, Karnataka, Pin Code- 562106",Kaveri Education Society,Bangalore,Karnataka,Private,GNM,30 (Thirty),2025-2026,12,https://online.indiannursingcouncil.org/Reports/YearlyReportByState.aspx,2026-09-11T11:20:14.275754
12,Kempegowda College Of Nursing,"Kempegowda College Of Nursing, K R Road V V Puram Bangalore , Bangalore, Distt.- Bangalore, Karnataka, Pin Code- 560004",Rajya Vokkaligara Sangha,Bangalore,Karnataka,Private,B.Sc(N),100 (One Hundred),2025-2026,12,https://online.indiannursingcouncil.org/Reports/YearlyReportByState.aspx,2026-09-11T11:20:14.275754
12,Kempegowda College Of Nursing,"Kempegowda College Of Nursing, K R Road V V Puram Bangalore , Bangalore, Distt.- Bangalore, Karnataka, Pin Code- 560004",Rajya Vokkaligara Sangha,Bangalore,Karnataka,Private,GNM,60 (Sixty),2025-2026,12,https://online.indiannursingcouncil.org/Reports/YearlyReportByState.aspx,2026-09-11T11:20:14.275754
12,Kempegowda College Of Nursing,"Kempegowda College Of Nursing, K R Road V V Puram Bangalore , Bangalore, Distt.- Bangalore, Karnataka, Pin Code- 560004",Rajya Vokkaligara Sangha,Bangalore,Karnataka,Private,M. Sc (N),"23 (Twenty Three) Chn-5, Obg-5, Psy-4, Paed-4, Med-Surg-5,",2025-2026,12,https://online.indiannursingcouncil.org/Reports/YearlyReportByState.aspx,2026-09-11T11:20:14.275754
12,Kempegowda College Of Nursing,"Kempegowda College Of Nursing, K R Road V V Puram Bangalore , Bangalore, Distt.- Bangalore, Karnataka, Pin Code- 560004",Rajya Vokkaligara Sangha,Bangalore,Karnataka,Private,P B B.Sc(N),50 (Fifty),2025-2026,12,https://online.indiannursingcouncil.org/Reports/YearlyReportByState.aspx,2026-09-11T11:20:14.275754
12,Kempegowda College Of Nursing,"Kempegowda College Of Nursing, K R Road V V Puram Bangalore , Bangalore, Distt.- Bangalore, Karnataka, Pin Code- 560004",Rajya Vokkaligara Sangha,Bangalore,Karnataka,Private,NURSE PRACTITIONER IN CRITICAL CARE(NPCC),20 (Twenty),2025-2026,12,https://online.indiannursingcouncil.org/Reports/YearlyReportByState.aspx,2026-09-11T11:20:14.275754
13,Khaja Banda Nawaz School Of Nursing,"Khaja Banda Nawaz School Of Nursing, Khaja Nagri Complex, Station Road, Gulbarga, Distt.- Gulbarga, Karnataka, Pin Code- 585102",Khaja Education Society,Gulbarga,Karnataka,Private,GNM,60 (Sixty),2025-2026,12,https://online.indiannursingcouncil.org/Reports/YearlyReportByState.aspx,2026-09-11T11:20:14.275754
1,Khaja Banda Nawaz School Of Nursing,"Khaja Banda Nawaz School Of Nursing, Khaja Nagri Complex, Station Road, Gulbarga, Distt.- Gulbarga, Karnataka, Pin Code- 585102",Khaja Education Society,Gulbarga,Karnataka,Private,B.Sc(N),40 (Forty),2025-2026,13,https://online.indiannursingcouncil.org/Reports/YearlyReportByState.aspx,2026-09-11T11:20:23.768980
2,Kidwai Memorial Institute Of Oncology College Of Nursing,"Kidwai Memorial Institute Of Oncology College Of Nursing, Dr. M. H. Marigowda Road, , Bangalore, Distt.- Bangalore, Karnataka, Pin Code- 560029",Kidwai Memorial Institute Of Oncology,Bangalore,Karnataka,Government,M. Sc (N),"24 (Twenty Four) Paed- 06, Med-Surg.- 06, Obg- 04, Chn- 04, Psy- 04",2025-2026,13,https://online.indiannursingcouncil.org/Reports/YearlyReportByState.aspx,2026-09-11T11:20:23.768980
2,Kidwai Memorial Institute Of Oncology College Of Nursing,"Kidwai Memorial Institute Of Oncology College Of Nursing, Dr. M. H. Marigowda Road, , Bangalore, Distt.- Bangalore, Karnataka, Pin Code- 560029",Kidwai Memorial Institute Of Oncology,Bangalore,Karnataka,Government,Post Basic Diploma in Oncology Nursing,15 (Fifteen),2025-2026,13,https://online.indiannursingcouncil.org/Reports/YearlyReportByState.aspx,2026-09-11T11:20:23.768980
3,Kiran College Of Nursing,"Kiran College Of Nursing, Janapriya Township, Kadabagere Cross, Magadi Road, Bangalore, Bangalore, Distt.- Bangalore, Karnataka, Pin Code- 562130",Sri Sai Educational,Bangalore,Karnataka,Private,B.Sc(N),40 (Forty),2025-2026,13,https://online.indiannursingcouncil.org/Reports/YearlyReportByState.aspx,2026-09-11T11:20:23.768980
4,Koshys College Of Nursing,"Koshys College Of Nursing, 31/1,Hennur,Bagalur Road,Kannur Post, Bangalore, Distt.- Bangalore, Karnataka, Pin Code- 562149",Koshys Educational Trust,Bangalore,Karnataka,Private,B.Sc(N),60 (Sixty),2025-2026,13,https://online.indiannursingcouncil.org/Reports/YearlyReportByState.aspx,2026-09-11T11:20:23.768980
4,Koshys College Of Nursing,"Koshys College Of Nursing, 31/1,Hennur,Bagalur Road,Kannur Post, Bangalore, Distt.- Bangalore, Karnataka, Pin Code- 562149",Koshys Educational Trust,Bangalore,Karnataka,Private,M. Sc (N),"26 ;Obg-7, Med-Surg-7, Paed-7,Chn-5",2025-2026,13,https://online.indiannursingcouncil.org/Reports/YearlyReportByState.aspx,2026-09-11T11:20:23.768980
4,Koshys College Of Nursing,"Koshys College Of Nursing, 31/1,Hennur,Bagalur Road,Kannur Post, Bangalore, Distt.- Bangalore, Karnataka, Pin Code- 562149",Koshys Educational Trust,Bangalore,Karnataka,Private,P B B.Sc(N),45 (Forty Five),2025-2026,13,https://online.indiannursingcouncil.org/Reports/YearlyReportByState.aspx,2026-09-11T11:20:23.768980
4,Koshys College Of Nursing,"Koshys College Of Nursing, 31/1,Hennur,Bagalur Road,Kannur Post, Bangalore, Distt.- Bangalore, Karnataka, Pin Code- 562149",Koshys Educational Trust,Bangalore,Karnataka,Private,GNM,60 (Sixty),2025-2026,13,https://online.indiannursingcouncil.org/Reports/YearlyReportByState.aspx,2026-09-11T11:20:23.768980
5,Kreda School Of Nursing,"Kreda School Of Nursing, No.- 61 , Janapriya Township, Mgadi Main Road, Kadabagere Post, Bengaluru, Distt.- Bangalore, Karnataka, Pin Code- 562130",S S Educational Trust,Bangalore,Karnataka,Private,GNM,60 (Sixty),2025-2026,13,https://online.indiannursingcouncil.org/Reports/YearlyReportByState.aspx,2026-09-11T11:20:23.768980
6,Kripa Institute Of Nursing Science,"Kripa Institute Of Nursing Science, No 98, Near Sub Post Office,Kodigehalli Village, Kenchenapura, Bangalore, Bangalore, Distt.- Bangalore, Karnataka, Pin Code- 560091",Kripa Charitable Trust,Bangalore,Karnataka,Private,B.Sc(N),40 (Forty),2025-2026,13,https://online.indiannursingcouncil.org/Reports/YearlyReportByState.aspx,2026-09-11T11:20:23.768980
6,Kripa Institute Of Nursing Science,"Kripa Institute Of Nursing Science, No 98, Near Sub Post Office,Kodigehalli Village, Kenchenapura, Bangalore, Bangalore, Distt.- Bangalore, Karnataka, Pin Code- 560091",Kripa Charitable Trust,Bangalore,Karnataka,Private,GNM,30 (Thirty),2025-2026,13,https://online.indiannursingcouncil.org/Reports/YearlyReportByState.aspx,2026-09-11T11:20:23.768980
7,Krishna College Of Nursing,"Krishna College Of Nursing, Antharagange Road,Muneshwar Nagar, Kolar Gold Fields, Distt.- Kolar, Karnataka, Pin Code- 563101",Scheduled Caste And Minority Welfare Association Kolar,Kolar,Karnataka,Private,B.Sc(N),40 (Forty),2025-2026,13,https://online.indiannursingcouncil.org/Reports/YearlyReportByState.aspx,2026-09-11T11:20:23.768980
8,Krupanidhi Institute Of Nursing,"Krupanidhi Institute Of Nursing, No.12/1,Chikkabellandur Village Carmelrampost, Varthur Hobli, Bangalore, Bangalore, Distt.- Bangalore, Karnataka, Pin Code- 560035",Krupanidhi Educational Trust,Bangalore,Karnataka,Private,GNM,60 (Sixty),2025-2026,13,https://online.indiannursingcouncil.org/Reports/YearlyReportByState.aspx,2026-09-11T11:20:23.768980
9,Ksnr Institute Of Nursing,"Ksnr Institute Of Nursing, Rk Hospital Compound S N Pet Main Road Bellary 583101, Bellary, Distt.- Bellary, Karnataka, Pin Code- 583101",Rk Education And Charitable Trust,Bellary,Karnataka,Private,GNM,60 (Sixty),2025-2026,13,https://online.indiannursingcouncil.org/Reports/YearlyReportByState.aspx,2026-09-11T11:20:23.768980
10,Kumuda School Of Nursing,"Kumuda School Of Nursing, S.Nijalingappa Layout, Davangere, Davangere , Distt.- Davanagere, Karnataka, Pin Code- 577004",Priyadarshini Education Society,Davanagere,Karnataka,Private,M. Sc (N),"10 ; Med-Surg-5, Paed-5",2025-2026,13,https://online.indiannursingcouncil.org/Reports/YearlyReportByState.aspx,2026-09-11T11:20:23.768980
10,Kumuda School Of Nursing,"Kumuda School Of Nursing, S.Nijalingappa Layout, Davangere, Davangere , Distt.- Davanagere, Karnataka, Pin Code- 577004",Priyadarshini Education Society,Davanagere,Karnataka,Private,GNM,30 (Thirty),2025-2026,13,https://online.indiannursingcouncil.org/Reports/YearlyReportByState.aspx,2026-09-11T11:20:23.768980
10,Kumuda School Of Nursing,"Kumuda School Of Nursing, S.Nijalingappa Layout, Davangere, Davangere , Distt.- Davanagere, Karnataka, Pin Code- 577004",Priyadarshini Education Society,Davanagere,Karnataka,Private,B.Sc(N),50 (Fifty),2025-2026,13,https://online.indiannursingcouncil.org/Reports/YearlyReportByState.aspx,2026-09-11T11:20:23.768980
10,Kumuda School Of Nursing,"Kumuda School Of Nursing, S.Nijalingappa Layout, Davangere, Davangere , Distt.- Davanagere, Karnataka, Pin Code- 577004",Priyadarshini Education Society,Davanagere,Karnataka,Private,P B B.Sc(N),30 (Thirty),2025-2026,13,https://online.indiannursingcouncil.org/Reports/YearlyReportByState.aspx,2026-09-11T11:20:23.768980
11,Laasya College Of Nursing And Laasya School Of Nursing,"Laasya College Of Nursing And Laasya School Of Nursing, #125/1, Hill Rock Road, Brahmadevagutte Ramchandrappa Circle Kodigehalli, Bangalore, Distt.- Bangalore, Karnataka, Pin Code- 560091",Good Shephered Education Trust,Bangalore,Karnataka,Private,GNM,40 (Forty),2025-2026,13,https://online.indiannursingcouncil.org/Reports/YearlyReportByState.aspx,2026-09-11T11:20:23.768980
11,Laasya College Of Nursing And Laasya School Of Nursing,"Laasya College Of Nursing And Laasya School Of Nursing, #125/1, Hill Rock Road, Brahmadevagutte Ramchandrappa Circle Kodigehalli, Bangalore, Distt.- Bangalore, Karnataka, Pin Code- 560091",Good Shephered Education Trust,Bangalore,Karnataka,Private,B.Sc(N),40 (Forty),2025-2026,13,https://online.indiannursingcouncil.org/Reports/YearlyReportByState.aspx,2026-09-11T11:20:23.768980
12,Laxmi Memorial College And Institute Of Nursing,"Laxmi Memorial College And Institute Of Nursing , A.J. Towers Balmatta Mangaluru , Mangaluru, Distt.- Dakshina Kannada, Karnataka, Pin Code- 575002",Laxmi Memorial Education Trust,Dakshina Kannada,Karnataka,Private,GNM,50 (Fifty),2025-2026,13,https://online.indiannursingcouncil.org/Reports/YearlyReportByState.aspx,2026-09-11T11:20:23.768980
12,Laxmi Memorial College And Institute Of Nursing,"Laxmi Memorial College And Institute Of Nursing , A.J. Towers Balmatta Mangaluru , Mangaluru, Distt.- Dakshina Kannada, Karnataka, Pin Code- 575002",Laxmi Memorial Education Trust,Dakshina Kannada,Karnataka,Private,B.Sc(N),250 (Two Hundred Fifty),2025-2026,13,https://online.indiannursingcouncil.org/Reports/YearlyReportByState.aspx,2026-09-11T11:20:23.768980
12,Laxmi Memorial College And Institute Of Nursing,"Laxmi Memorial College And Institute Of Nursing , A.J. Towers Balmatta Mangaluru , Mangaluru, Distt.- Dakshina Kannada, Karnataka, Pin Code- 575002",Laxmi Memorial Education Trust,Dakshina Kannada,Karnataka,Private,M. Sc (N),"35 (Thirty Five) Med-Surg7, Obg-7, Chn-7, Psy-7, Paed-7",2025-2026,13,https://online.indiannursingcouncil.org/Reports/YearlyReportByState.aspx,2026-09-11T11:20:23.768980
12,Laxmi Memorial College And Institute Of Nursing,"Laxmi Memorial College And Institute Of Nursing , A.J. Towers Balmatta Mangaluru , Mangaluru, Distt.- Dakshina Kannada, Karnataka, Pin Code- 575002",Laxmi Memorial Education Trust,Dakshina Kannada,Karnataka,Private,P B B.Sc(N),60 (Sixty),2025-2026,13,https://online.indiannursingcouncil.org/Reports/YearlyReportByState.aspx,2026-09-11T11:20:23.768980
12,Laxmi Memorial College And Institute Of Nursing,"Laxmi Memorial College And Institute Of Nursing , A.J. Towers Balmatta Mangaluru , Mangaluru, Distt.- Dakshina Kannada, Karnataka, Pin Code- 575002",Laxmi Memorial Education Trust,Dakshina Kannada,Karnataka,Private,NURSE PRACTITIONER IN CRITICAL CARE(NPCC),10 (Ten),2025-2026,13,https://online.indiannursingcouncil.org/Reports/YearlyReportByState.aspx,2026-09-11T11:20:23.768980
13,Life Line School Of Nursing,"Life Line School Of Nursing, # 1127, 15Th Cross, Anjaneya Temple Street, R.K Hegde Nagar, Dr. S K Nagar Post, Bangalore, Bangalore, Distt.- Bangalore, Karnataka, Pin Code- 560077",Hazrat Syed Pasha Education Society,Bangalore,Karnataka,Private,GNM,40 (Forty),2025-2026,13,https://online.indiannursingcouncil.org/Reports/YearlyReportByState.aspx,2026-09-11T11:20:23.768980
14,Lima Institute Of Nursing Sciences And Lima School Of Nursing,"Lima Institute Of Nursing Sciences And Lima School Of Nursing, Gg Farm, Nh4, Tumkar Road, Dasanapura, Bangalore, Distt.- Bangalore, Karnataka, Pin Code- 562123",Sri Basaveshwara Trust,Bangalore,Karnataka,Private,GNM,40 (Forty),2025-2026,13,https://online.indiannursingcouncil.org/Reports/YearlyReportByState.aspx,2026-09-11T11:20:23.768980
14,Lima Institute Of Nursing Sciences And Lima School Of Nursing,"Lima Institute Of Nursing Sciences And Lima School Of Nursing, Gg Farm, Nh4, Tumkar Road, Dasanapura, Bangalore, Distt.- Bangalore, Karnataka, Pin Code- 562123",Sri Basaveshwara Trust,Bangalore,Karnataka,Private,B.Sc(N),40 (Forty),2025-2026,13,https://online.indiannursingcouncil.org/Reports/YearlyReportByState.aspx,2026-09-11T11:20:23.768980
15,M E S Institute Of Nursing,"M E S Institute Of Nursing, College Road, Vidyanagar, Sirsi , Distt.- Uttara Kannada, Karnataka, Pin Code- 581402","Modern Education Society,",Uttara Kannada,Karnataka,Private,GNM,40 (Forty),2025-2026,13,https://online.indiannursingcouncil.org/Reports/YearlyReportByState.aspx,2026-09-11T11:20:23.768980
16,M J Adarsha Nursing School,"M J Adarsha Nursing School, #42, Kengari Outer Ring Road, Jnananganga Nagar, Mariyappanpalya, Bangalore, Distt.- Bangalore, Karnataka, Pin Code- 560043",Adhyayana Vidya Trust,Bangalore,Karnataka,Private,GNM,40 (Forty),2025-2026,13,https://online.indiannursingcouncil.org/Reports/YearlyReportByState.aspx,2026-09-11T11:20:23.768980
1,M J Adarsha Nursing School,"M J Adarsha Nursing School, #42, Kengari Outer Ring Road, Jnananganga Nagar, Mariyappanpalya, Bangalore, Distt.- Bangalore, Karnataka, Pin Code- 560043",Adhyayana Vidya Trust,Bangalore,Karnataka,Private,B.Sc(N),60 (Sixty),2025-2026,14,https://online.indiannursingcouncil.org/Reports/YearlyReportByState.aspx,2026-09-11T11:20:31.591319
1,M J Adarsha Nursing School,"M J Adarsha Nursing School, #42, Kengari Outer Ring Road, Jnananganga Nagar, Mariyappanpalya, Bangalore, Distt.- Bangalore, Karnataka, Pin Code- 560043",Adhyayana Vidya Trust,Bangalore,Karnataka,Private,M. Sc (N),"20 ; Med-Surg-5, Obg-5, Paed-5, Chn-5",2025-2026,14,https://online.indiannursingcouncil.org/Reports/YearlyReportByState.aspx,2026-09-11T11:20:31.591319
1,M J Adarsha Nursing School,"M J Adarsha Nursing School, #42, Kengari Outer Ring Road, Jnananganga Nagar, Mariyappanpalya, Bangalore, Distt.- Bangalore, Karnataka, Pin Code- 560043",Adhyayana Vidya Trust,Bangalore,Karnataka,Private,P B B.Sc(N),30 (Thirty),2025-2026,14,https://online.indiannursingcouncil.org/Reports/YearlyReportByState.aspx,2026-09-11T11:20:31.591319
2,M R M College Of Nursing,"M R M College Of Nursing, Ashwini Road Madikeri, Madikeri, Distt.- Kodagu, Karnataka, Pin Code- 571201",Dr Mohan Reddy Memorial Trust,Kodagu,Karnataka,Private,B.Sc(N),40 (Forty),2025-2026,14,https://online.indiannursingcouncil.org/Reports/YearlyReportByState.aspx,2026-09-11T11:20:31.591319
3,M S College Of Nursing,"M S College Of Nursing, No 149/96 , Bommenahalli , Mandur Post, Bangalore 49, Vill.- Bommenahalli, Tehsil- Bangalore East, Distt.- Bangalore, Karnataka, Pin Code- 560049",Spoorti Foundation - A Trust For Medical Relief And Care,Bangalore,Karnataka,Private,B.Sc(N),40 (Forty),2025-2026,14,https://online.indiannursingcouncil.org/Reports/YearlyReportByState.aspx,2026-09-11T11:20:31.591319
3,M S College Of Nursing,"M S College Of Nursing, No 149/96 , Bommenahalli , Mandur Post, Bangalore 49, Vill.- Bommenahalli, Tehsil- Bangalore East, Distt.- Bangalore, Karnataka, Pin Code- 560049",Spoorti Foundation - A Trust For Medical Relief And Care,Bangalore,Karnataka,Private,GNM,60 (Sixty),2025-2026,14,https://online.indiannursingcouncil.org/Reports/YearlyReportByState.aspx,2026-09-11T11:20:31.591319
4,M S Ramaiah Institute Of Nursing,"M S Ramaiah Institute Of Nursing, M.S.Ramaiah Nagara, Msrit Post , , Distt.- Bangalore, Karnataka, Pin Code- 560054",,Bangalore,Karnataka,Private,GNM,60 (Sixty),2025-2026,14,https://online.indiannursingcouncil.org/Reports/YearlyReportByState.aspx,2026-09-11T11:20:31.591319
4,M S Ramaiah Institute Of Nursing,"M S Ramaiah Institute Of Nursing, M.S.Ramaiah Nagara, Msrit Post , , Distt.- Bangalore, Karnataka, Pin Code- 560054",,Bangalore,Karnataka,Private,B.Sc(N),100 (One Hundred),2025-2026,14,https://online.indiannursingcouncil.org/Reports/YearlyReportByState.aspx,2026-09-11T11:20:31.591319
4,M S Ramaiah Institute Of Nursing,"M S Ramaiah Institute Of Nursing, M.S.Ramaiah Nagara, Msrit Post , , Distt.- Bangalore, Karnataka, Pin Code- 560054",,Bangalore,Karnataka,Private,M. Sc (N),"35 (Thirty Five) Med. Surg-15, Chn-5, Paed-5, Obg-5, Psy-5",2025-2026,14,https://online.indiannursingcouncil.org/Reports/YearlyReportByState.aspx,2026-09-11T11:20:31.591319
4,M S Ramaiah Institute Of Nursing,"M S Ramaiah Institute Of Nursing, M.S.Ramaiah Nagara, Msrit Post , , Distt.- Bangalore, Karnataka, Pin Code- 560054",,Bangalore,Karnataka,Private,P B B.Sc(N),30 (Thirty),2025-2026,14,https://online.indiannursingcouncil.org/Reports/YearlyReportByState.aspx,2026-09-11T11:20:31.591319
5,M V J College Of Nursing,"M V J College Of Nursing, Nh-4, Dandupalya,Kolathur Post,, Hoskote, Distt.- Bangalore Rural, Karnataka, Pin Code- 562114",Venkatesha Education Society,Bangalore Rural,Karnataka,Private,B.Sc(N),300 (Three Hundred),2025-2026,14,https://online.indiannursingcouncil.org/Reports/YearlyReportByState.aspx,2026-09-11T11:20:31.591319
5,M V J College Of Nursing,"M V J College Of Nursing, Nh-4, Dandupalya,Kolathur Post,, Hoskote, Distt.- Bangalore Rural, Karnataka, Pin Code- 562114",Venkatesha Education Society,Bangalore Rural,Karnataka,Private,NURSE PRACTITIONER IN CRITICAL CARE(NPCC),10 (Ten),2025-2026,14,https://online.indiannursingcouncil.org/Reports/YearlyReportByState.aspx,2026-09-11T11:20:31.591319
6,M V M Institute Of Nursing Sciences,"M V M Institute Of Nursing Sciences, # 1336/72/2,Vikas Layout Maruthinagar, Venkatala, Yelahanka, Bangalore, Distt.- Bangalore, Karnataka, Pin Code- 560064",Mvm Suma Educational Trust,Bangalore,Karnataka,Private,GNM,50 (Fifty),2025-2026,14,https://online.indiannursingcouncil.org/Reports/YearlyReportByState.aspx,2026-09-11T11:20:31.591319
7,Madhu Schoolof Nursing,"Madhu Schoolof Nursing,, #1954/55, 8Th Main 'E' Block, Ii Stage, Rajajinagara , Bengaluru, Distt.- Bangalore, Karnataka, Pin Code- 560010",Madhu Educational Trust,Bangalore,Karnataka,Private,GNM,50 (Fifty),2025-2026,14,https://online.indiannursingcouncil.org/Reports/YearlyReportByState.aspx,2026-09-11T11:20:31.591319
8,Mahalakshmi School Of Nursing,"Mahalakshmi School Of Nursing, Mahalakshmi School Of Nursing #375 1St Main Road Lakshmimidevi Nagar Legere, Bangalore, Distt.- Bangalore, Karnataka, Pin Code- 560058",Supra Education Trust,Bangalore,Karnataka,Private,GNM,40 (Forty),2025-2026,14,https://online.indiannursingcouncil.org/Reports/YearlyReportByState.aspx,2026-09-11T11:20:31.591319
9,Mahatma Gandhi Professional School Of Nursing,"Mahatma Gandhi Professional School Of Nursing,, 41/P2, Kanmanike, Kengeri, Mysore Road, Bangalore, Distt.- Bangalore, Karnataka, Pin Code- 0",Professional Educational And Charitable Trust,Bangalore,Karnataka,Private,GNM,60 (Sixty),2025-2026,14,https://online.indiannursingcouncil.org/Reports/YearlyReportByState.aspx,2026-09-11T11:20:31.591319
9,Mahatma Gandhi Professional School Of Nursing,"Mahatma Gandhi Professional School Of Nursing,, 41/P2, Kanmanike, Kengeri, Mysore Road, Bangalore, Distt.- Bangalore, Karnataka, Pin Code- 0",Professional Educational And Charitable Trust,Bangalore,Karnataka,Private,B.Sc(N),50 (Fifty),2025-2026,14,https://online.indiannursingcouncil.org/Reports/YearlyReportByState.aspx,2026-09-11T11:20:31.591319
9,Mahatma Gandhi Professional School Of Nursing,"Mahatma Gandhi Professional School Of Nursing,, 41/P2, Kanmanike, Kengeri, Mysore Road, Bangalore, Distt.- Bangalore, Karnataka, Pin Code- 0",Professional Educational And Charitable Trust,Bangalore,Karnataka,Private,M. Sc (N),12 ; 3 In Each Speciality Except Psy,2025-2026,14,https://online.indiannursingcouncil.org/Reports/YearlyReportByState.aspx,2026-09-11T11:20:31.591319
9,Mahatma Gandhi Professional School Of Nursing,"Mahatma Gandhi Professional School Of Nursing,, 41/P2, Kanmanike, Kengeri, Mysore Road, Bangalore, Distt.- Bangalore, Karnataka, Pin Code- 0",Professional Educational And Charitable Trust,Bangalore,Karnataka,Private,P B B.Sc(N),30 (Thirty),2025-2026,14,https://online.indiannursingcouncil.org/Reports/YearlyReportByState.aspx,2026-09-11T11:20:31.591319
10,Mallige College Of Nursing,"Mallige College Of Nursing, #71, Silvepura, Chikkabanavara Post, Bangalore, Distt.- Bangalore, Karnataka, Pin Code- 560090",Mallige Education Foundation,Bangalore,Karnataka,Private,M. Sc (N),"9 (Nine) Chn-3, Paed-3, Med-Syrg-3",2025-2026,14,https://online.indiannursingcouncil.org/Reports/YearlyReportByState.aspx,2026-09-11T11:20:31.591319
10,Mallige College Of Nursing,"Mallige College Of Nursing, #71, Silvepura, Chikkabanavara Post, Bangalore, Distt.- Bangalore, Karnataka, Pin Code- 560090",Mallige Education Foundation,Bangalore,Karnataka,Private,B.Sc(N),50 (Fifty),2025-2026,14,https://online.indiannursingcouncil.org/Reports/YearlyReportByState.aspx,2026-09-11T11:20:31.591319
11,Manasa School Of Nursing,"Manasa School Of Nursing, Malur-Hosur Road, Malur, Distt.- Kolar, Karnataka, Pin Code- 563130",Sri Venkateshwara Educational Trust,Kolar,Karnataka,Private,GNM,40 (Forty),2025-2026,14,https://online.indiannursingcouncil.org/Reports/YearlyReportByState.aspx,2026-09-11T11:20:31.591319
11,Manasa School Of Nursing,"Manasa School Of Nursing, Malur-Hosur Road, Malur, Distt.- Kolar, Karnataka, Pin Code- 563130",Sri Venkateshwara Educational Trust,Kolar,Karnataka,Private,B.Sc(N),50 (Fifty),2025-2026,14,https://online.indiannursingcouncil.org/Reports/YearlyReportByState.aspx,2026-09-11T11:20:31.591319
11,Manasa School Of Nursing,"Manasa School Of Nursing, Malur-Hosur Road, Malur, Distt.- Kolar, Karnataka, Pin Code- 563130",Sri Venkateshwara Educational Trust,Kolar,Karnataka,Private,M. Sc (N),10 ;2 In Each Specility,2025-2026,14,https://online.indiannursingcouncil.org/Reports/YearlyReportByState.aspx,2026-09-11T11:20:31.591319
11,Manasa School Of Nursing,"Manasa School Of Nursing, Malur-Hosur Road, Malur, Distt.- Kolar, Karnataka, Pin Code- 563130",Sri Venkateshwara Educational Trust,Kolar,Karnataka,Private,P B B.Sc(N),30 (Thirty),2025-2026,14,https://online.indiannursingcouncil.org/Reports/YearlyReportByState.aspx,2026-09-11T11:20:31.591319
12,Mangala College Of Nursing,"Mangala College Of Nursing, Plot No Ia, Kiadb,Industrial Area, B.Katihally, B.M.Road, Hassan, Distt.- Hassan, Karnataka, Pin Code- 573201",Mangala Education Trust,Hassan,Karnataka,Private,B.Sc(N),40 (Forty),2025-2026,14,https://online.indiannursingcouncil.org/Reports/YearlyReportByState.aspx,2026-09-11T11:20:31.591319
12,Mangala College Of Nursing,"Mangala College Of Nursing, Plot No Ia, Kiadb,Industrial Area, B.Katihally, B.M.Road, Hassan, Distt.- Hassan, Karnataka, Pin Code- 573201",Mangala Education Trust,Hassan,Karnataka,Private,GNM,60 (Sixty),2025-2026,14,https://online.indiannursingcouncil.org/Reports/YearlyReportByState.aspx,2026-09-11T11:20:31.591319
13,Mangalore College Of Nursing,"Mangalore College Of Nursing, Door No. 2-331/6/0, Nithyananda Nagar, Post Derelekkatte, Mangalore, Distt.- Dakshina Kannada, Karnataka, Pin Code- 575018",Ullal Charitable Trust,Dakshina Kannada,Karnataka,Private,GNM,60 (Sixty),2025-2026,14,https://online.indiannursingcouncil.org/Reports/YearlyReportByState.aspx,2026-09-11T11:20:31.591319
13,Mangalore College Of Nursing,"Mangalore College Of Nursing, Door No. 2-331/6/0, Nithyananda Nagar, Post Derelekkatte, Mangalore, Distt.- Dakshina Kannada, Karnataka, Pin Code- 575018",Ullal Charitable Trust,Dakshina Kannada,Karnataka,Private,B.Sc(N),60 (Sixty),2025-2026,14,https://online.indiannursingcouncil.org/Reports/YearlyReportByState.aspx,2026-09-11T11:20:31.591319
13,Mangalore College Of Nursing,"Mangalore College Of Nursing, Door No. 2-331/6/0, Nithyananda Nagar, Post Derelekkatte, Mangalore, Distt.- Dakshina Kannada, Karnataka, Pin Code- 575018",Ullal Charitable Trust,Dakshina Kannada,Karnataka,Private,P B B.Sc(N),30 (Thirty),2025-2026,14,https://online.indiannursingcouncil.org/Reports/YearlyReportByState.aspx,2026-09-11T11:20:31.591319
1,Manipal College Of Nursing,"Manipal College Of Nursing, A Constituent Of Manipal Academy Of Higher Education (Mahe),Manipal Madhav Nagar Manipal, Udupi, Distt.- Udupi, Karnataka, Pin Code- 576104",Manipal University,Udupi,Karnataka,Private,NURSE PRACTITIONER IN CRITICAL CARE(NPCC),20 (Twenty),2025-2026,15,https://online.indiannursingcouncil.org/Reports/YearlyReportByState.aspx,2026-09-11T11:20:39.994796
1,Manipal College Of Nursing,"Manipal College Of Nursing, A Constituent Of Manipal Academy Of Higher Education (Mahe),Manipal Madhav Nagar Manipal, Udupi, Distt.- Udupi, Karnataka, Pin Code- 576104",Manipal University,Udupi,Karnataka,Private,GNM,60 (Sixty),2025-2026,15,https://online.indiannursingcouncil.org/Reports/YearlyReportByState.aspx,2026-09-11T11:20:39.994796
1,Manipal College Of Nursing,"Manipal College Of Nursing, A Constituent Of Manipal Academy Of Higher Education (Mahe),Manipal Madhav Nagar Manipal, Udupi, Distt.- Udupi, Karnataka, Pin Code- 576104",Manipal University,Udupi,Karnataka,Private,B.Sc(N),200 (Two Hundred),2025-2026,15,https://online.indiannursingcouncil.org/Reports/YearlyReportByState.aspx,2026-09-11T11:20:39.994796
1,Manipal College Of Nursing,"Manipal College Of Nursing, A Constituent Of Manipal Academy Of Higher Education (Mahe),Manipal Madhav Nagar Manipal, Udupi, Distt.- Udupi, Karnataka, Pin Code- 576104",Manipal University,Udupi,Karnataka,Private,M. Sc (N),"Med-Surg-09, CHN-04, OBG-04, Paed-04, Psy-04",2025-2026,15,https://online.indiannursingcouncil.org/Reports/YearlyReportByState.aspx,2026-09-11T11:20:39.994796
1,Manipal College Of Nursing,"Manipal College Of Nursing, A Constituent Of Manipal Academy Of Higher Education (Mahe),Manipal Madhav Nagar Manipal, Udupi, Distt.- Udupi, Karnataka, Pin Code- 576104",Manipal University,Udupi,Karnataka,Private,Post Basic Diploma in Operation Room Nursing,15 (Fifteen),2025-2026,15,https://online.indiannursingcouncil.org/Reports/YearlyReportByState.aspx,2026-09-11T11:20:39.994796
1,Manipal College Of Nursing,"Manipal College Of Nursing, A Constituent Of Manipal Academy Of Higher Education (Mahe),Manipal Madhav Nagar Manipal, Udupi, Distt.- Udupi, Karnataka, Pin Code- 576104",Manipal University,Udupi,Karnataka,Private,P B B.Sc(N),25 (Twenty Five),2025-2026,15,https://online.indiannursingcouncil.org/Reports/YearlyReportByState.aspx,2026-09-11T11:20:39.994796
1,Manipal College Of Nursing,"Manipal College Of Nursing, A Constituent Of Manipal Academy Of Higher Education (Mahe),Manipal Madhav Nagar Manipal, Udupi, Distt.- Udupi, Karnataka, Pin Code- 576104",Manipal University,Udupi,Karnataka,Private,Post Basic Diploma in Psychiatric nsg.,15 (Fifteen),2025-2026,15,https://online.indiannursingcouncil.org/Reports/YearlyReportByState.aspx,2026-09-11T11:20:39.994796
1,Manipal College Of Nursing,"Manipal College Of Nursing, A Constituent Of Manipal Academy Of Higher Education (Mahe),Manipal Madhav Nagar Manipal, Udupi, Distt.- Udupi, Karnataka, Pin Code- 576104",Manipal University,Udupi,Karnataka,Private,Post Basic Diploma in Emergency &amp; Disaster Nursing,15 (Fifteen),2025-2026,15,https://online.indiannursingcouncil.org/Reports/YearlyReportByState.aspx,2026-09-11T11:20:39.994796
1,Manipal College Of Nursing,"Manipal College Of Nursing, A Constituent Of Manipal Academy Of Higher Education (Mahe),Manipal Madhav Nagar Manipal, Udupi, Distt.- Udupi, Karnataka, Pin Code- 576104",Manipal University,Udupi,Karnataka,Private,Post Basic Diploma in Oncology Nursing,15 (Fifteen),2025-2026,15,https://online.indiannursingcouncil.org/Reports/YearlyReportByState.aspx,2026-09-11T11:20:39.994796
1,Manipal College Of Nursing,"Manipal College Of Nursing, A Constituent Of Manipal Academy Of Higher Education (Mahe),Manipal Madhav Nagar Manipal, Udupi, Distt.- Udupi, Karnataka, Pin Code- 576104",Manipal University,Udupi,Karnataka,Private,Post Basic Diploma in Ortho and Rehabilitation Nsg,15 (Fifteen),2025-2026,15,https://online.indiannursingcouncil.org/Reports/YearlyReportByState.aspx,2026-09-11T11:20:39.994796
1,Manipal College Of Nursing,"Manipal College Of Nursing, A Constituent Of Manipal Academy Of Higher Education (Mahe),Manipal Madhav Nagar Manipal, Udupi, Distt.- Udupi, Karnataka, Pin Code- 576104",Manipal University,Udupi,Karnataka,Private,Nurse Practitioner in Emergency and Trauma Care,05 (Five),2025-2026,15,https://online.indiannursingcouncil.org/Reports/YearlyReportByState.aspx,2026-09-11T11:20:39.994796
2,Manjunatha School Of Nursing,"Manjunatha School Of Nursing, No.39/1, R R Layout, Chikkabanavara, , Bangalore, Distt.- Bangalore, Karnataka, Pin Code- 560090",P K M Eduational Trust,Bangalore,Karnataka,Private,GNM,60 (Sixty),2025-2026,15,https://online.indiannursingcouncil.org/Reports/YearlyReportByState.aspx,2026-09-11T11:20:39.994796
2,Manjunatha School Of Nursing,"Manjunatha School Of Nursing, No.39/1, R R Layout, Chikkabanavara, , Bangalore, Distt.- Bangalore, Karnataka, Pin Code- 560090",P K M Eduational Trust,Bangalore,Karnataka,Private,B.Sc(N),60 (Sixty),2025-2026,15,https://online.indiannursingcouncil.org/Reports/YearlyReportByState.aspx,2026-09-11T11:20:39.994796
3,Manjushree College Of Nursing,"Manjushree College Of Nursing, #26, 3Rd Main, Opp. Amc, Kavalbyrasandraa,, Rt Nagar, Bangalore, Distt.- Bangalore, Karnataka, Pin Code- 560032",Manjushree Education Trust,Bangalore,Karnataka,Private,GNM,60 (Sixty),2025-2026,15,https://online.indiannursingcouncil.org/Reports/YearlyReportByState.aspx,2026-09-11T11:20:39.994796
3,Manjushree College Of Nursing,"Manjushree College Of Nursing, #26, 3Rd Main, Opp. Amc, Kavalbyrasandraa,, Rt Nagar, Bangalore, Distt.- Bangalore, Karnataka, Pin Code- 560032",Manjushree Education Trust,Bangalore,Karnataka,Private,B.Sc(N),60 (Sixty),2025-2026,15,https://online.indiannursingcouncil.org/Reports/YearlyReportByState.aspx,2026-09-11T11:20:39.994796
3,Manjushree College Of Nursing,"Manjushree College Of Nursing, #26, 3Rd Main, Opp. Amc, Kavalbyrasandraa,, Rt Nagar, Bangalore, Distt.- Bangalore, Karnataka, Pin Code- 560032",Manjushree Education Trust,Bangalore,Karnataka,Private,M. Sc (N),15 (Fifteen),2025-2026,15,https://online.indiannursingcouncil.org/Reports/YearlyReportByState.aspx,2026-09-11T11:20:39.994796
3,Manjushree College Of Nursing,"Manjushree College Of Nursing, #26, 3Rd Main, Opp. Amc, Kavalbyrasandraa,, Rt Nagar, Bangalore, Distt.- Bangalore, Karnataka, Pin Code- 560032",Manjushree Education Trust,Bangalore,Karnataka,Private,P B B.Sc(N),40 (Forty),2025-2026,15,https://online.indiannursingcouncil.org/Reports/YearlyReportByState.aspx,2026-09-11T11:20:39.994796
4,Manonidhi Institute Of Nursing,"Manonidhi Institute Of Nursing, 13/54 1 Cross, Behind District Hospital Double Road , Chamarajanagar, Distt.- Chamaraja Nagara, Karnataka, Pin Code- 571313",Manonidhi Charitable Trust,Chamaraja Nagara,Karnataka,Private,GNM,40 (Forty),2025-2026,15,https://online.indiannursingcouncil.org/Reports/YearlyReportByState.aspx,2026-09-11T11:20:39.994796
4,Manonidhi Institute Of Nursing,"Manonidhi Institute Of Nursing, 13/54 1 Cross, Behind District Hospital Double Road , Chamarajanagar, Distt.- Chamaraja Nagara, Karnataka, Pin Code- 571313",Manonidhi Charitable Trust,Chamaraja Nagara,Karnataka,Private,B.Sc(N),40 (Forty),2025-2026,15,https://online.indiannursingcouncil.org/Reports/YearlyReportByState.aspx,2026-09-11T11:20:39.994796
5,Maria School Of Nursing,"Maria School Of Nursing,, No 29/57, Chimney Hill, Pipe Line Road, Chikkabanavara Post, Bengaluru, Distt.- Bangalore, Karnataka, Pin Code- 560090",Maria Education Society,Bangalore,Karnataka,Private,GNM,40 (Forty),2025-2026,15,https://online.indiannursingcouncil.org/Reports/YearlyReportByState.aspx,2026-09-11T11:20:39.994796
6,Mariam School Of Nursing,"Mariam School Of Nursing, #5 Nmc Complex Devi Nagar Near Rmv Cluster , Bangalore, Distt.- Bangalore, Karnataka, Pin Code- 560094",Noor Education Trust,Bangalore,Karnataka,Private,GNM,40(Forty),2025-2026,15,https://online.indiannursingcouncil.org/Reports/YearlyReportByState.aspx,2026-09-11T11:20:39.994796
7,Martinluther School Of Nursing,"Martinluther School Of Nursing, Deenabandhu Colony, Karwar Road, Hubli, Distt.- Dharwar, Karnataka, Pin Code- 580029",Martinluther Institute Of Social Services,Dharwar,Karnataka,Private,GNM,40 (Forty),2025-2026,15,https://online.indiannursingcouncil.org/Reports/YearlyReportByState.aspx,2026-09-11T11:20:39.994796
8,Mary Matha School Of Nursing,"Mary Matha School Of Nursing, 69/70, 4Th Main Road, Pampa Ext, Kempapura, Banglore, Distt.- Bangalore, Karnataka, Pin Code- 560024",Mary Matha Educational Trust,Bangalore,Karnataka,Private,GNM,40 (Forty),2025-2026,15,https://online.indiannursingcouncil.org/Reports/YearlyReportByState.aspx,2026-09-11T11:20:39.994796
9,Masood School Of Nursing,"Masood School Of Nursing, Door No. 3E-12-1084/1, Bikarnakatta, Kulshekar Post , Mangaluru, Distt.- Dakshina Kannada, Karnataka, Pin Code- 575005",Masood Educational And Charitable Trust Regd,Dakshina Kannada,Karnataka,Private,GNM,30 (Thirty),2025-2026,15,https://online.indiannursingcouncil.org/Reports/YearlyReportByState.aspx,2026-09-11T11:20:39.994796
9,Masood School Of Nursing,"Masood School Of Nursing, Door No. 3E-12-1084/1, Bikarnakatta, Kulshekar Post , Mangaluru, Distt.- Dakshina Kannada, Karnataka, Pin Code- 575005",Masood Educational And Charitable Trust Regd,Dakshina Kannada,Karnataka,Private,B.Sc(N),60 (Sixty),2025-2026,15,https://online.indiannursingcouncil.org/Reports/YearlyReportByState.aspx,2026-09-11T11:20:39.994796
9,Masood School Of Nursing,"Masood School Of Nursing, Door No. 3E-12-1084/1, Bikarnakatta, Kulshekar Post , Mangaluru, Distt.- Dakshina Kannada, Karnataka, Pin Code- 575005",Masood Educational And Charitable Trust Regd,Dakshina Kannada,Karnataka,Private,M. Sc (N),"25 ;Med-Surg-5, Chn-5, Obg-5, Paed-5, Psy-5",2025-2026,15,https://online.indiannursingcouncil.org/Reports/YearlyReportByState.aspx,2026-09-11T11:20:39.994796
9,Masood School Of Nursing,"Masood School Of Nursing, Door No. 3E-12-1084/1, Bikarnakatta, Kulshekar Post , Mangaluru, Distt.- Dakshina Kannada, Karnataka, Pin Code- 575005",Masood Educational And Charitable Trust Regd,Dakshina Kannada,Karnataka,Private,P B B.Sc(N),50 (Fifty),2025-2026,15,https://online.indiannursingcouncil.org/Reports/YearlyReportByState.aspx,2026-09-11T11:20:39.994796
10,Mathrushree Institute Of Nursing,"Mathrushree Institute Of Nursing, No 16/2C Jakkasandra Hobli, Bangalore Rural, Distt.- Bangalore Rural, Karnataka, Pin Code- 562123",Mathrushree Charitable Trust,Bangalore Rural,Karnataka,Private,B.Sc(N),40 (Forty),2025-2026,15,https://online.indiannursingcouncil.org/Reports/YearlyReportByState.aspx,2026-09-11T11:20:39.994796
11,Matru School Of Nursing,"Matru School Of Nursing, No.4, Srigandhada Kaval, P.W.D Deviation Road, Hanumathanagar, Near Sunkadakatte,Bangalore, Bangalore, Distt.- Bangalore, Karnataka, Pin Code- 560091",Matru Educational Trust,Bangalore,Karnataka,Private,GNM,30 (Thirty),2025-2026,15,https://online.indiannursingcouncil.org/Reports/YearlyReportByState.aspx,2026-09-11T11:20:39.994796
1,Matru School Of Nursing,"Matru School Of Nursing, No.4, Srigandhada Kaval, P.W.D Deviation Road, Hanumathanagar, Near Sunkadakatte,Bangalore, Bangalore, Distt.- Bangalore, Karnataka, Pin Code- 560091",Matru Educational Trust,Bangalore,Karnataka,Private,B.Sc(N),40 (Forty),2025-2026,16,https://online.indiannursingcouncil.org/Reports/YearlyReportByState.aspx,2026-09-11T11:20:48.574812
2,Medi-Care Institute Of Nursing Sciences,"Medi-Care Institute Of Nursing Sciences, Survey No.3/8, Mylasandra, Kengeri,, Bangalore, Distt.- Bangalore, Karnataka, Pin Code- 560060",Edu-Vision Education Trust,Bangalore,Karnataka,Private,B.Sc(N),40 (Forty),2025-2026,16,https://online.indiannursingcouncil.org/Reports/YearlyReportByState.aspx,2026-09-11T11:20:48.574812
2,Medi-Care Institute Of Nursing Sciences,"Medi-Care Institute Of Nursing Sciences, Survey No.3/8, Mylasandra, Kengeri,, Bangalore, Distt.- Bangalore, Karnataka, Pin Code- 560060",Edu-Vision Education Trust,Bangalore,Karnataka,Private,GNM,60 (Sixty),2025-2026,16,https://online.indiannursingcouncil.org/Reports/YearlyReportByState.aspx,2026-09-11T11:20:48.574812
3,Metrounited Nursing College,"Metrounited Nursing College, Nh 2026, Sagar Road, Near Sharavathi Dental College, Golden City Layout, Shimoga, Distt.- Shimoga, Karnataka, Pin Code- 577204",Ideal Education Society,Shimoga,Karnataka,Private,B.Sc(N),60 (Sixty),2025-2026,16,https://online.indiannursingcouncil.org/Reports/YearlyReportByState.aspx,2026-09-11T11:20:48.574812
4,Milagres College Of Nursing,"Milagres College Of Nursing, St. Mother Theresa Road, Hampankatta, Mangalore, Distt.- Dakshina Kannada, Karnataka, Pin Code- 575001",Milagres Housing And Educational Society,Dakshina Kannada,Karnataka,Private,B.Sc(N),40 (Forty),2025-2026,16,https://online.indiannursingcouncil.org/Reports/YearlyReportByState.aspx,2026-09-11T11:20:48.574812
5,Miranda College Of Nursing,"Miranda College Of Nursing, Ca-29,5Th Phase,Khb Colony,Yelahanka New Town, , Bangalore , Distt.- Bangalore, Karnataka, Pin Code- 560064",Miranda Education Society,Bangalore,Karnataka,Private,M. Sc (N),"22 (Twenty Two) Med-Surg-5, Chn-5, Paed-4, Psy-4, Obg-4",2025-2026,16,https://online.indiannursingcouncil.org/Reports/YearlyReportByState.aspx,2026-09-11T11:20:48.574812
5,Miranda College Of Nursing,"Miranda College Of Nursing, Ca-29,5Th Phase,Khb Colony,Yelahanka New Town, , Bangalore , Distt.- Bangalore, Karnataka, Pin Code- 560064",Miranda Education Society,Bangalore,Karnataka,Private,P B B.Sc(N),30 (Thirty),2025-2026,16,https://online.indiannursingcouncil.org/Reports/YearlyReportByState.aspx,2026-09-11T11:20:48.574812
5,Miranda College Of Nursing,"Miranda College Of Nursing, Ca-29,5Th Phase,Khb Colony,Yelahanka New Town, , Bangalore , Distt.- Bangalore, Karnataka, Pin Code- 560064",Miranda Education Society,Bangalore,Karnataka,Private,B.Sc(N),60 (Sixty),2025-2026,16,https://online.indiannursingcouncil.org/Reports/YearlyReportByState.aspx,2026-09-11T11:20:48.574812
5,Miranda College Of Nursing,"Miranda College Of Nursing, Ca-29,5Th Phase,Khb Colony,Yelahanka New Town, , Bangalore , Distt.- Bangalore, Karnataka, Pin Code- 560064",Miranda Education Society,Bangalore,Karnataka,Private,GNM,60 (Sixty),2025-2026,16,https://online.indiannursingcouncil.org/Reports/YearlyReportByState.aspx,2026-09-11T11:20:48.574812
6,Mitra School Of Nursing,"Mitra School Of Nursing, Mitra Hospital Building, Old Post Office Road, Udupi , Distt.- Udupi, Karnataka, Pin Code- 576101",Mitra Charitable Trust,Udupi,Karnataka,Private,GNM,30 (Thirty),2025-2026,16,https://online.indiannursingcouncil.org/Reports/YearlyReportByState.aspx,2026-09-11T11:20:48.574812
7,Modern Institute Of Nursing,"Modern Institute Of Nursing,, #161/2,2Nd Cross,Satyadevi Palace,Preethi Nagar,Laggere, Bellary, Distt.- Bangalore, Karnataka, Pin Code- 560058",Modern Education Society,Bangalore,Karnataka,Private,GNM,40 (Forty),2025-2026,16,https://online.indiannursingcouncil.org/Reports/YearlyReportByState.aspx,2026-09-11T11:20:48.574812
8,Moodlakatte College Of Nursing,"Moodlakatte College Of Nursing, Moodalakatte College Of Nursing, Near Railway Station, Moodalakatte., Kundapura, Distt.- Udupi, Karnataka, Pin Code- 576217",Moodlakatte Education Trust,Udupi,Karnataka,Private,B.Sc(N),40 (Forty),2025-2026,16,https://online.indiannursingcouncil.org/Reports/YearlyReportByState.aspx,2026-09-11T11:20:48.574812
9,Mother Noorunnissa School Of Nursing,"Mother Noorunnissa School Of Nursing, Andersonpet Kgf Kolar District Karnataka, Kolar Gold Field, Distt.- Kolar, Karnataka, Pin Code- 563113",Mother Noorie Educational And Charitable Trust,Kolar,Karnataka,Private,GNM,40 (Forty),2025-2026,16,https://online.indiannursingcouncil.org/Reports/YearlyReportByState.aspx,2026-09-11T11:20:48.574812
10,Mother Teresa College Of Nursing,"Mother Teresa College Of Nursing, Door No. 2587, 3Rd Stage, Nethaji Circle, Dattagalli, Mysuru, Mysore, Distt.- Mysore, Karnataka, Pin Code- 570022",L.K. Memorial Charitable Trust,Mysore,Karnataka,Private,B.Sc(N),50 (Fifty),2025-2026,16,https://online.indiannursingcouncil.org/Reports/YearlyReportByState.aspx,2026-09-11T11:20:48.574812
10,Mother Teresa College Of Nursing,"Mother Teresa College Of Nursing, Door No. 2587, 3Rd Stage, Nethaji Circle, Dattagalli, Mysuru, Mysore, Distt.- Mysore, Karnataka, Pin Code- 570022",L.K. Memorial Charitable Trust,Mysore,Karnataka,Private,GNM,50 (Fifty),2025-2026,16,https://online.indiannursingcouncil.org/Reports/YearlyReportByState.aspx,2026-09-11T11:20:48.574812
11,Mother Teresa School Of Nursing,"Mother Teresa School Of Nursing, #15-4-343, Ganesh Nagar, Bidar, Vill.- Bidar, Tehsil- Bidar, Distt.- Bidar, Karnataka, Pin Code- 585403",Sri Chandrashekhar Educational Trust,Bidar,Karnataka,Private,GNM,40 (Forty),2025-2026,16,https://online.indiannursingcouncil.org/Reports/YearlyReportByState.aspx,2026-09-11T11:20:48.574812
12,Mother Theresa School Of Nursing,"Mother Theresa School Of Nursing, 94/1, Arasana Kunte, Danojipalya, Tumkur Road, Bangalore, Distt.- Bangalore Rural, Karnataka, Pin Code- 562123",Srinivasa Vidya Niketan,Bangalore Rural,Karnataka,Private,GNM,50 (Fifty),2025-2026,16,https://online.indiannursingcouncil.org/Reports/YearlyReportByState.aspx,2026-09-11T11:20:48.574812
13,Mother Theresa's School Of Nursing,"Mother Theresa's School Of Nursing, K. B. Extension, Opposite Fort, Chitradurga, Distt.- Chitradurga, Karnataka, Pin Code- 577501",District Madkarinayaka Association,Chitradurga,Karnataka,Private,GNM,40 (Forty),2025-2026,16,https://online.indiannursingcouncil.org/Reports/YearlyReportByState.aspx,2026-09-11T11:20:48.574812
14,Mount Carmel College Of Nursing,"Mount Carmel College Of Nursing, Block 4 Manganahalli Rd Sir M Vishweshwaraiah Layout, Vishweshwaraiah Layout, Smv Layout, Bengaluru, Karnataka 560110, Bangalore, Distt.- Bangalore, Karnataka, Pin",Mount Carmel Education And Charitable Trust,Bangalore,Karnataka,Private,B.Sc(N),40 (Forty),2025-2026,16,https://online.indiannursingcouncil.org/Reports/YearlyReportByState.aspx,2026-09-11T11:20:48.574812
15,Mount Shepherd School Of Nursing,"Mount Shepherd School Of Nursing, #489, Hesaraghatta Main Road, Near 8Th Mile Circle, T. Dasarahalli, Bangalore, Distt.- Bangalore, Karnataka, Pin Code- 560057",Varalakshmi Trust,Bangalore,Karnataka,Private,GNM,60 (Sixty),2025-2026,16,https://online.indiannursingcouncil.org/Reports/YearlyReportByState.aspx,2026-09-11T11:20:48.574812
15,Mount Shepherd School Of Nursing,"Mount Shepherd School Of Nursing, #489, Hesaraghatta Main Road, Near 8Th Mile Circle, T. Dasarahalli, Bangalore, Distt.- Bangalore, Karnataka, Pin Code- 560057",Varalakshmi Trust,Bangalore,Karnataka,Private,B.Sc(N),60 (Sixty),2025-2026,16,https://online.indiannursingcouncil.org/Reports/YearlyReportByState.aspx,2026-09-11T11:20:48.574812
15,Mount Shepherd School Of Nursing,"Mount Shepherd School Of Nursing, #489, Hesaraghatta Main Road, Near 8Th Mile Circle, T. Dasarahalli, Bangalore, Distt.- Bangalore, Karnataka, Pin Code- 560057",Varalakshmi Trust,Bangalore,Karnataka,Private,M. Sc (N),25 (Twenty Five) Paed-08 Med Surg-08 Obg-03 Chn-06,2025-2026,16,https://online.indiannursingcouncil.org/Reports/YearlyReportByState.aspx,2026-09-11T11:20:48.574812
15,Mount Shepherd School Of Nursing,"Mount Shepherd School Of Nursing, #489, Hesaraghatta Main Road, Near 8Th Mile Circle, T. Dasarahalli, Bangalore, Distt.- Bangalore, Karnataka, Pin Code- 560057",Varalakshmi Trust,Bangalore,Karnataka,Private,P B B.Sc(N),50 (Fifty),2025-2026,16,https://online.indiannursingcouncil.org/Reports/YearlyReportByState.aspx,2026-09-11T11:20:48.574812
16,Mudra College Of Nursing,"Mudra College Of Nursing, Ct Scan Center, 3Rd Main,K R Extension, Tiptur, Distt.- Tumkur, Karnataka, Pin Code- 572201",Neravu Charitable Trust,Tumkur,Karnataka,Private,B.Sc(N),40 (Forty),2025-2026,16,https://online.indiannursingcouncil.org/Reports/YearlyReportByState.aspx,2026-09-11T11:20:48.574812
17,Mythri School Of Nursing,"Mythri School Of Nursing, Nanjappa Layout ,By Pass Road, Shimoga , Distt.- Shimoga, Karnataka, Pin Code- 577203",Swamy Vivekananda Vidya Samste Trust,Shimoga,Karnataka,Private,GNM,60 (Sixty),2025-2026,16,https://online.indiannursingcouncil.org/Reports/YearlyReportByState.aspx,2026-09-11T11:20:48.574812
17,Mythri School Of Nursing,"Mythri School Of Nursing, Nanjappa Layout ,By Pass Road, Shimoga , Distt.- Shimoga, Karnataka, Pin Code- 577203",Swamy Vivekananda Vidya Samste Trust,Shimoga,Karnataka,Private,B.Sc(N),80 (Eighty),2025-2026,16,https://online.indiannursingcouncil.org/Reports/YearlyReportByState.aspx,2026-09-11T11:20:48.574812
18,N R College Of Nursing,"N R College Of Nursing, #78/79, Soladevanahalli Village,B.M. Reddy Road, Hesaraghatta Hobli, Bengaluru North Additional Taluk, Achit Nagar Post, Bengaluru - 560107, Bengaluru, Distt.- Bangalore, Ka",N.R.Charitable Trust,Bangalore,Karnataka,Private,B.Sc(N),60 (Sixty),2025-2026,16,https://online.indiannursingcouncil.org/Reports/YearlyReportByState.aspx,2026-09-11T11:20:48.574812
19,N S V K Trust,"N S V K Trust, Sri Venkateshwara School Of Nursing, Site No.20 Sy No.19/1, Kadirenahalli Village, Uttarahalli Hobli,, Bangalore, Distt.- Bangalore, Karnataka, Pin Code- 560070",Nsvk Trust,Bangalore,Karnataka,Private,GNM,50 (Fifty),2025-2026,16,https://online.indiannursingcouncil.org/Reports/YearlyReportByState.aspx,2026-09-11T11:20:48.574812
20,N.E.T College Of Nursing,"N.E.T College Of Nursing, N.E.T College Of Nursing, Jainpete, Belthangady, Dakshina Kannada, Karnataka-574214, Belthangady, Distt.- Dakshina Kannada, Karnataka, Pin Code- 574214",Nithi Educational Trust,Dakshina Kannada,Karnataka,Private,B.Sc(N),40 (Forty),2025-2026,16,https://online.indiannursingcouncil.org/Reports/YearlyReportByState.aspx,2026-09-11T11:20:48.574812
21,Nagesh School Of Nursing,"Nagesh School Of Nursing,, Bhagyashree Towers, Near Hemavathi Office, B M Road, , Channarayapatna, Distt.- Hassan, Karnataka, Pin Code- 573116",Nagesh Education Trust,Hassan,Karnataka,Private,GNM,50 (Fifty),2025-2026,16,https://online.indiannursingcouncil.org/Reports/YearlyReportByState.aspx,2026-09-11T11:20:48.574812
1,Nagesh School Of Nursing,"Nagesh School Of Nursing,, Bhagyashree Towers, Near Hemavathi Office, B M Road, , Channarayapatna, Distt.- Hassan, Karnataka, Pin Code- 573116",Nagesh Education Trust,Hassan,Karnataka,Private,B.Sc(N),30 (Thirty),2025-2026,17,https://online.indiannursingcouncil.org/Reports/YearlyReportByState.aspx,2026-09-11T11:20:56.515560
2,Nanjappa Institute Of Nursing Sciences College Of Nursing,"Nanjappa Institute Of Nursing Sciences College Of Nursing, # 5603&5619, Gadikoppa, Sagar Road, Shivamogga, Distt.- Shimoga, Karnataka, Pin Code- 577205",Nanjappa Trust,Shimoga,Karnataka,Private,GNM,60 (Sixty),2025-2026,17,https://online.indiannursingcouncil.org/Reports/YearlyReportByState.aspx,2026-09-11T11:20:56.515560
2,Nanjappa Institute Of Nursing Sciences College Of Nursing,"Nanjappa Institute Of Nursing Sciences College Of Nursing, # 5603&5619, Gadikoppa, Sagar Road, Shivamogga, Distt.- Shimoga, Karnataka, Pin Code- 577205",Nanjappa Trust,Shimoga,Karnataka,Private,B.Sc(N),100 (One Hundred),2025-2026,17,https://online.indiannursingcouncil.org/Reports/YearlyReportByState.aspx,2026-09-11T11:20:56.515560
2,Nanjappa Institute Of Nursing Sciences College Of Nursing,"Nanjappa Institute Of Nursing Sciences College Of Nursing, # 5603&5619, Gadikoppa, Sagar Road, Shivamogga, Distt.- Shimoga, Karnataka, Pin Code- 577205",Nanjappa Trust,Shimoga,Karnataka,Private,M. Sc (N),"15 (Fifteen) Paed-4, Obg-4, Med-Surg-4, Chn-3",2025-2026,17,https://online.indiannursingcouncil.org/Reports/YearlyReportByState.aspx,2026-09-11T11:20:56.515560
2,Nanjappa Institute Of Nursing Sciences College Of Nursing,"Nanjappa Institute Of Nursing Sciences College Of Nursing, # 5603&5619, Gadikoppa, Sagar Road, Shivamogga, Distt.- Shimoga, Karnataka, Pin Code- 577205",Nanjappa Trust,Shimoga,Karnataka,Private,P B B.Sc(N),45 (Forty Five),2025-2026,17,https://online.indiannursingcouncil.org/Reports/YearlyReportByState.aspx,2026-09-11T11:20:56.515560
3,Narayana Hrudayalaya School Of Nursing,"Narayana Hrudayalaya School Of Nursing, #258/A Bommasandra Industrial Area, Anekal Taluk, Bangalore, Bangalore, Distt.- Bangalore, Karnataka, Pin Code- 560099",Narayana Hrudayalaya Foundations,Bangalore,Karnataka,Private,GNM,60 (Sixty),2025-2026,17,https://online.indiannursingcouncil.org/Reports/YearlyReportByState.aspx,2026-09-11T11:20:56.515560
3,Narayana Hrudayalaya School Of Nursing,"Narayana Hrudayalaya School Of Nursing, #258/A Bommasandra Industrial Area, Anekal Taluk, Bangalore, Bangalore, Distt.- Bangalore, Karnataka, Pin Code- 560099",Narayana Hrudayalaya Foundations,Bangalore,Karnataka,Private,B.Sc(N),100 (One Hundred),2025-2026,17,https://online.indiannursingcouncil.org/Reports/YearlyReportByState.aspx,2026-09-11T11:20:56.515560
3,Narayana Hrudayalaya School Of Nursing,"Narayana Hrudayalaya School Of Nursing, #258/A Bommasandra Industrial Area, Anekal Taluk, Bangalore, Bangalore, Distt.- Bangalore, Karnataka, Pin Code- 560099",Narayana Hrudayalaya Foundations,Bangalore,Karnataka,Private,M. Sc (N),"17 : Paed-3, Obg-4, Med-Surg-8, Psy-2",2025-2026,17,https://online.indiannursingcouncil.org/Reports/YearlyReportByState.aspx,2026-09-11T11:20:56.515560
3,Narayana Hrudayalaya School Of Nursing,"Narayana Hrudayalaya School Of Nursing, #258/A Bommasandra Industrial Area, Anekal Taluk, Bangalore, Bangalore, Distt.- Bangalore, Karnataka, Pin Code- 560099",Narayana Hrudayalaya Foundations,Bangalore,Karnataka,Private,P B B.Sc(N),40 (Forty),2025-2026,17,https://online.indiannursingcouncil.org/Reports/YearlyReportByState.aspx,2026-09-11T11:20:56.515560
3,Narayana Hrudayalaya School Of Nursing,"Narayana Hrudayalaya School Of Nursing, #258/A Bommasandra Industrial Area, Anekal Taluk, Bangalore, Bangalore, Distt.- Bangalore, Karnataka, Pin Code- 560099",Narayana Hrudayalaya Foundations,Bangalore,Karnataka,Private,NURSE PRACTITIONER IN CRITICAL CARE(NPCC),30 (Thirty),2025-2026,17,https://online.indiannursingcouncil.org/Reports/YearlyReportByState.aspx,2026-09-11T11:20:56.515560
4,National School Of Nursing,"National School Of Nursing,, Yeshwanthapura Hobli, Hegganahalli Cross, Sunkadakatte Vishwaneedam Post Magadi Road, Bangalore, Bangalore, Distt.- Bangalore, Karnataka, Pin Code- 560091",National Women Empowerment Academy,Bangalore,Karnataka,Private,GNM,40 (Forty),2025-2026,17,https://online.indiannursingcouncil.org/Reports/YearlyReportByState.aspx,2026-09-11T11:20:56.515560
4,National School Of Nursing,"National School Of Nursing,, Yeshwanthapura Hobli, Hegganahalli Cross, Sunkadakatte Vishwaneedam Post Magadi Road, Bangalore, Bangalore, Distt.- Bangalore, Karnataka, Pin Code- 560091",National Women Empowerment Academy,Bangalore,Karnataka,Private,B.Sc(N),60 (Sixty),2025-2026,17,https://online.indiannursingcouncil.org/Reports/YearlyReportByState.aspx,2026-09-11T11:20:56.515560
4,National School Of Nursing,"National School Of Nursing,, Yeshwanthapura Hobli, Hegganahalli Cross, Sunkadakatte Vishwaneedam Post Magadi Road, Bangalore, Bangalore, Distt.- Bangalore, Karnataka, Pin Code- 560091",National Women Empowerment Academy,Bangalore,Karnataka,Private,M. Sc (N),"25 (Twenty Five) Chn-5, Med-Surg-5, Obg-5, Psy-5, Paed-5",2025-2026,17,https://online.indiannursingcouncil.org/Reports/YearlyReportByState.aspx,2026-09-11T11:20:56.515560
4,National School Of Nursing,"National School Of Nursing,, Yeshwanthapura Hobli, Hegganahalli Cross, Sunkadakatte Vishwaneedam Post Magadi Road, Bangalore, Bangalore, Distt.- Bangalore, Karnataka, Pin Code- 560091",National Women Empowerment Academy,Bangalore,Karnataka,Private,P B B.Sc(N),30 (Thirty),2025-2026,17,https://online.indiannursingcouncil.org/Reports/YearlyReportByState.aspx,2026-09-11T11:20:56.515560
5,Navaneetham School Of Nursing,"Navaneetham School Of Nursing, #132/1, 5Th Cross, Pt Layout, Horamavu, Horamavu , Distt.- Bangalore, Karnataka, Pin Code- 560043",Smt. Mehra's Education Society,Bangalore,Karnataka,Private,GNM,40 (Forty),2025-2026,17,https://online.indiannursingcouncil.org/Reports/YearlyReportByState.aspx,2026-09-11T11:20:56.515560
6,Navodaya College Of Nursing,"Navodaya College Of Nursing, Pb No-26,Navodaya Nagar,Mantralayam Road, Raichur, Distt.- Raichur, Karnataka, Pin Code- 584103",Navodaya Education Trust,Raichur,Karnataka,Private,P B B.Sc(N),50 (Fifty),2025-2026,17,https://online.indiannursingcouncil.org/Reports/YearlyReportByState.aspx,2026-09-11T11:20:56.515560
6,Navodaya College Of Nursing,"Navodaya College Of Nursing, Pb No-26,Navodaya Nagar,Mantralayam Road, Raichur, Distt.- Raichur, Karnataka, Pin Code- 584103",Navodaya Education Trust,Raichur,Karnataka,Private,M. Sc (N),"20; Med-Surg-5, Paed-5, Obg-5, Chn-5",2025-2026,17,https://online.indiannursingcouncil.org/Reports/YearlyReportByState.aspx,2026-09-11T11:20:56.515560
6,Navodaya College Of Nursing,"Navodaya College Of Nursing, Pb No-26,Navodaya Nagar,Mantralayam Road, Raichur, Distt.- Raichur, Karnataka, Pin Code- 584103",Navodaya Education Trust,Raichur,Karnataka,Private,GNM,90 (Ninety),2025-2026,17,https://online.indiannursingcouncil.org/Reports/YearlyReportByState.aspx,2026-09-11T11:20:56.515560
6,Navodaya College Of Nursing,"Navodaya College Of Nursing, Pb No-26,Navodaya Nagar,Mantralayam Road, Raichur, Distt.- Raichur, Karnataka, Pin Code- 584103",Navodaya Education Trust,Raichur,Karnataka,Private,B.Sc(N),100 (One Hundred),2025-2026,17,https://online.indiannursingcouncil.org/Reports/YearlyReportByState.aspx,2026-09-11T11:20:56.515560
7,Nethaji Institute Of Nursing Sciences,"Nethaji Institute Of Nursing Sciences , Mannagudda, Mangaluru, Distt.- Dakshina Kannada, Karnataka, Pin Code- 575003",Premakanthi Educational And Charitable Trust R,Dakshina Kannada,Karnataka,Private,B.Sc(N),50 (Fifty),2025-2026,17,https://online.indiannursingcouncil.org/Reports/YearlyReportByState.aspx,2026-09-11T11:20:56.515560
7,Nethaji Institute Of Nursing Sciences,"Nethaji Institute Of Nursing Sciences , Mannagudda, Mangaluru, Distt.- Dakshina Kannada, Karnataka, Pin Code- 575003",Premakanthi Educational And Charitable Trust R,Dakshina Kannada,Karnataka,Private,P B B.Sc(N),30 (Thirty),2025-2026,17,https://online.indiannursingcouncil.org/Reports/YearlyReportByState.aspx,2026-09-11T11:20:56.515560
8,New City Hospital School Of Nursing,"New City Hospital School Of Nursing, Opposite To Shanishwara Temple,Kadabettu, Vill.- Udupi, Tehsil- Udupi, Distt.- Udupi, Karnataka, Pin Code- 576101",New City Hospital Education Trust,Udupi,Karnataka,Private,GNM,40 (Forty),2025-2026,17,https://online.indiannursingcouncil.org/Reports/YearlyReportByState.aspx,2026-09-11T11:20:56.515560
8,New City Hospital School Of Nursing,"New City Hospital School Of Nursing, Opposite To Shanishwara Temple,Kadabettu, Vill.- Udupi, Tehsil- Udupi, Distt.- Udupi, Karnataka, Pin Code- 576101",New City Hospital Education Trust,Udupi,Karnataka,Private,B.Sc(N),60 (Sixty),2025-2026,17,https://online.indiannursingcouncil.org/Reports/YearlyReportByState.aspx,2026-09-11T11:20:56.515560
9,New Mangala College Of Nursing,"New Mangala College Of Nursing, Vidyanagar, P.O. Pedamale, Neermarga, , Mangaluru, Distt.- Dakshina Kannada, Karnataka, Pin Code- 575029",Mangala Charitable Trust,Dakshina Kannada,Karnataka,Private,B.Sc(N),60 (Sixty),2025-2026,17,https://online.indiannursingcouncil.org/Reports/YearlyReportByState.aspx,2026-09-11T11:20:56.515560
9,New Mangala College Of Nursing,"New Mangala College Of Nursing, Vidyanagar, P.O. Pedamale, Neermarga, , Mangaluru, Distt.- Dakshina Kannada, Karnataka, Pin Code- 575029",Mangala Charitable Trust,Dakshina Kannada,Karnataka,Private,M. Sc (N),05 (Five),2025-2026,17,https://online.indiannursingcouncil.org/Reports/YearlyReportByState.aspx,2026-09-11T11:20:56.515560
10,New Pragathi College / Institute Of Nursing,"New Pragathi College / Institute Of Nursing, No. 33/24, Byrathi Extension, Hennur Bagalur Main Road, Kothanur Post., Bengaluru, Distt.- Bangalore, Karnataka, Pin Code- 560077",Shri Basaveshwara Educational Trust (R),Bangalore,Karnataka,Private,B.Sc(N),40 (Forty),2025-2026,17,https://online.indiannursingcouncil.org/Reports/YearlyReportByState.aspx,2026-09-11T11:20:56.515560
10,New Pragathi College / Institute Of Nursing,"New Pragathi College / Institute Of Nursing, No. 33/24, Byrathi Extension, Hennur Bagalur Main Road, Kothanur Post., Bengaluru, Distt.- Bangalore, Karnataka, Pin Code- 560077",Shri Basaveshwara Educational Trust (R),Bangalore,Karnataka,Private,GNM,60 (Sixty),2025-2026,17,https://online.indiannursingcouncil.org/Reports/YearlyReportByState.aspx,2026-09-11T11:20:56.515560
11,New Royal College Of Nursing,"New Royal College Of Nursing, Survey No: 147/1, Hirandahalli Main Road,Hirandahalli,, Vill.- Hirandahalli, Tehsil- Bangalore East, Distt.- Bangalore, Karnataka, Pin Code- 560049",M.G.Charitable Trust,Bangalore,Karnataka,Private,B.Sc(N),50 (Fifty),2025-2026,17,https://online.indiannursingcouncil.org/Reports/YearlyReportByState.aspx,2026-09-11T11:20:56.515560
12,New Sarvodaya School Of Nursing,"New Sarvodaya School Of Nursing, # 11/2, Beside Raheja Park Apartment, Magadi Main Road, Agrahara Dasarahalli , , Distt.- Bangalore, Karnataka, Pin Code- 560079",Sarvodaya Education Trust,Bangalore,Karnataka,Private,GNM,60 (Sixty),2025-2026,17,https://online.indiannursingcouncil.org/Reports/YearlyReportByState.aspx,2026-09-11T11:20:56.515560
12,New Sarvodaya School Of Nursing,"New Sarvodaya School Of Nursing, # 11/2, Beside Raheja Park Apartment, Magadi Main Road, Agrahara Dasarahalli , , Distt.- Bangalore, Karnataka, Pin Code- 560079",Sarvodaya Education Trust,Bangalore,Karnataka,Private,B.Sc(N),60 (Sixty),2025-2026,17,https://online.indiannursingcouncil.org/Reports/YearlyReportByState.aspx,2026-09-11T11:20:56.515560
1,New Sarvodaya School Of Nursing,"New Sarvodaya School Of Nursing, # 11/2, Beside Raheja Park Apartment, Magadi Main Road, Agrahara Dasarahalli , , Distt.- Bangalore, Karnataka, Pin Code- 560079",Sarvodaya Education Trust,Bangalore,Karnataka,Private,M. Sc (N),"25 (Twenty Five) Med Surg-5, Psy-5, Chn-5, Paed-5, Obg-5",2025-2026,18,https://online.indiannursingcouncil.org/Reports/YearlyReportByState.aspx,2026-09-11T11:21:04.509200
1,New Sarvodaya School Of Nursing,"New Sarvodaya School Of Nursing, # 11/2, Beside Raheja Park Apartment, Magadi Main Road, Agrahara Dasarahalli , , Distt.- Bangalore, Karnataka, Pin Code- 560079",Sarvodaya Education Trust,Bangalore,Karnataka,Private,P B B.Sc(N),50 (Fifty),2025-2026,18,https://online.indiannursingcouncil.org/Reports/YearlyReportByState.aspx,2026-09-11T11:21:04.509200
2,New Sri Shanthini College Of Nursing,"New Sri Shanthini College Of Nursing,, Sy No:18-318/319, Kuduregere Colony, Dasanapura Hobli, Alur Post, Bangalore, Distt.- Bangalore, Karnataka, Pin Code- 562162",Shirdi Vidya Academy Trust,Bangalore,Karnataka,Private,B.Sc(N),50 (Fifty),2025-2026,18,https://online.indiannursingcouncil.org/Reports/YearlyReportByState.aspx,2026-09-11T11:21:04.509200
3,Nhf College Of Nursing,"Nhf College Of Nursing, #29 Block18, Khatha No 69/A, Madhuvana Layout, Srirampura 2Nd Stage. Mysuru, Mysuru, Distt.- Mysore, Karnataka, Pin Code- 570023",Narayana Hrudayalaya Foundations,Mysore,Karnataka,Private,B.Sc(N),40 (Forty),2025-2026,18,https://online.indiannursingcouncil.org/Reports/YearlyReportByState.aspx,2026-09-11T11:21:04.509200
4,Nida College Of Nursing,"Nida College Of Nursing, 18-3-304/5, H A Q Colony Chidri, Bidar, Distt.- Bidar, Karnataka, Pin Code- 585403",Karnataka Education Trust,Bidar,Karnataka,Private,B.Sc(N),40 (Forty),2025-2026,18,https://online.indiannursingcouncil.org/Reports/YearlyReportByState.aspx,2026-09-11T11:21:04.509200
4,Nida College Of Nursing,"Nida College Of Nursing, 18-3-304/5, H A Q Colony Chidri, Bidar, Distt.- Bidar, Karnataka, Pin Code- 585403",Karnataka Education Trust,Bidar,Karnataka,Private,GNM,50 (Fifty),2025-2026,18,https://online.indiannursingcouncil.org/Reports/YearlyReportByState.aspx,2026-09-11T11:21:04.509200
5,Nidhi College Of Nursing,"Nidhi College Of Nursing,, Jyothinagar, Near Coffee Curing Works, Chikmagalur, Distt.- Chikmagalur, Karnataka, Pin Code- 577102",Nidhi Education Society,Chikmagalur,Karnataka,Private,B.Sc(N),60 (Sixty),2025-2026,18,https://online.indiannursingcouncil.org/Reports/YearlyReportByState.aspx,2026-09-11T11:21:04.509200
6,Nirmala College Of Nursing,"Nirmala College Of Nursing, Nirmala Hospital, Old Town,, Bhadravathi , Distt.- Shimoga, Karnataka, Pin Code- 577303",St Charles Medical Society,Shimoga,Karnataka,Private,B.Sc(N),60 (Sixty),2025-2026,18,https://online.indiannursingcouncil.org/Reports/YearlyReportByState.aspx,2026-09-11T11:21:04.509200
6,Nirmala College Of Nursing,"Nirmala College Of Nursing, Nirmala Hospital, Old Town,, Bhadravathi , Distt.- Shimoga, Karnataka, Pin Code- 577303",St Charles Medical Society,Shimoga,Karnataka,Private,GNM,50 (Fifty),2025-2026,18,https://online.indiannursingcouncil.org/Reports/YearlyReportByState.aspx,2026-09-11T11:21:04.509200
7,Nirmala School Of Nursing,"Nirmala School Of Nursing, 132/1,Sante Circle,Chintamani Road,Hoskote, Hoskote, Distt.- Bangalore Rural, Karnataka, Pin Code- 562114",Sri Sadguru Sai Educational Academy,Bangalore Rural,Karnataka,Private,GNM,60 (Sixty),2025-2026,18,https://online.indiannursingcouncil.org/Reports/YearlyReportByState.aspx,2026-09-11T11:21:04.509200
8,Nisarga College Of Nursing,"Nisarga College Of Nursing, # 18, Kiadb, B. Kathihally Industrial Area, Hassan , Hassan, Distt.- Hassan, Karnataka, Pin Code- 573201",Nisarga Education Trust,Hassan,Karnataka,Private,M. Sc (N),12 Med-Surg-4 Chn-4 Obg-4,2025-2026,18,https://online.indiannursingcouncil.org/Reports/YearlyReportByState.aspx,2026-09-11T11:21:04.509200
8,Nisarga College Of Nursing,"Nisarga College Of Nursing, # 18, Kiadb, B. Kathihally Industrial Area, Hassan , Hassan, Distt.- Hassan, Karnataka, Pin Code- 573201",Nisarga Education Trust,Hassan,Karnataka,Private,P B B.Sc(N),30 (Thirty),2025-2026,18,https://online.indiannursingcouncil.org/Reports/YearlyReportByState.aspx,2026-09-11T11:21:04.509200
8,Nisarga College Of Nursing,"Nisarga College Of Nursing, # 18, Kiadb, B. Kathihally Industrial Area, Hassan , Hassan, Distt.- Hassan, Karnataka, Pin Code- 573201",Nisarga Education Trust,Hassan,Karnataka,Private,GNM,60 (Sixty),2025-2026,18,https://online.indiannursingcouncil.org/Reports/YearlyReportByState.aspx,2026-09-11T11:21:04.509200
8,Nisarga College Of Nursing,"Nisarga College Of Nursing, # 18, Kiadb, B. Kathihally Industrial Area, Hassan , Hassan, Distt.- Hassan, Karnataka, Pin Code- 573201",Nisarga Education Trust,Hassan,Karnataka,Private,B.Sc(N),50 (Fifty),2025-2026,18,https://online.indiannursingcouncil.org/Reports/YearlyReportByState.aspx,2026-09-11T11:21:04.509200
9,Nitte Usha Institute Of Nursing Sciences,"Nitte Usha Institute Of Nursing Sciences, Kotekar Beeri Road, Paneer, Deralakatte, Mangalore, Distt.- Dakshina Kannada, Karnataka, Pin Code- 575018",Nitte Education Trust,Dakshina Kannada,Karnataka,Private,B.Sc(N),300 (THREE HUNDRED),2025-2026,18,https://online.indiannursingcouncil.org/Reports/YearlyReportByState.aspx,2026-09-11T11:21:04.509200
9,Nitte Usha Institute Of Nursing Sciences,"Nitte Usha Institute Of Nursing Sciences, Kotekar Beeri Road, Paneer, Deralakatte, Mangalore, Distt.- Dakshina Kannada, Karnataka, Pin Code- 575018",Nitte Education Trust,Dakshina Kannada,Karnataka,Private,M. Sc (N),35 (THIRTY FIVE),2025-2026,18,https://online.indiannursingcouncil.org/Reports/YearlyReportByState.aspx,2026-09-11T11:21:04.509200
9,Nitte Usha Institute Of Nursing Sciences,"Nitte Usha Institute Of Nursing Sciences, Kotekar Beeri Road, Paneer, Deralakatte, Mangalore, Distt.- Dakshina Kannada, Karnataka, Pin Code- 575018",Nitte Education Trust,Dakshina Kannada,Karnataka,Private,P B B.Sc(N),40 (Forty),2025-2026,18,https://online.indiannursingcouncil.org/Reports/YearlyReportByState.aspx,2026-09-11T11:21:04.509200
10,Noor School Of Nursing,"Noor School Of Nursing , Noor Colony Near Horticulture Center Halladkeri K Hyderabad Road, Bidar, Distt.- Bidar, Karnataka, Pin Code- 585403",Noor Educational Trust R,Bidar,Karnataka,Private,GNM,60 (Sixty),2025-2026,18,https://online.indiannursingcouncil.org/Reports/YearlyReportByState.aspx,2026-09-11T11:21:04.509200
11,Noor School Of Nursing,"Noor School Of Nursing, No 5 Noor Building Rmv 2Nd Stage Bhoopasandra Main Road, Bangalore, Distt.- Bangalore, Karnataka, Pin Code- 560094",Noor Educational Trust,Bangalore,Karnataka,Private,GNM,60 (Sixty),2025-2026,18,https://online.indiannursingcouncil.org/Reports/YearlyReportByState.aspx,2026-09-11T11:21:04.509200
11,Noor School Of Nursing,"Noor School Of Nursing, No 5 Noor Building Rmv 2Nd Stage Bhoopasandra Main Road, Bangalore, Distt.- Bangalore, Karnataka, Pin Code- 560094",Noor Educational Trust,Bangalore,Karnataka,Private,B.Sc(N),40 (Forty),2025-2026,18,https://online.indiannursingcouncil.org/Reports/YearlyReportByState.aspx,2026-09-11T11:21:04.509200
11,Noor School Of Nursing,"Noor School Of Nursing, No 5 Noor Building Rmv 2Nd Stage Bhoopasandra Main Road, Bangalore, Distt.- Bangalore, Karnataka, Pin Code- 560094",Noor Educational Trust,Bangalore,Karnataka,Private,M. Sc (N),"20: Obg-4, Paed-4, Chn-4, Psy-4, Med-Surg-4",2025-2026,18,https://online.indiannursingcouncil.org/Reports/YearlyReportByState.aspx,2026-09-11T11:21:04.509200
11,Noor School Of Nursing,"Noor School Of Nursing, No 5 Noor Building Rmv 2Nd Stage Bhoopasandra Main Road, Bangalore, Distt.- Bangalore, Karnataka, Pin Code- 560094",Noor Educational Trust,Bangalore,Karnataka,Private,P B B.Sc(N),40 (Forty),2025-2026,18,https://online.indiannursingcouncil.org/Reports/YearlyReportByState.aspx,2026-09-11T11:21:04.509200
12,Noorie College Of Nursing,"Noorie College Of Nursing, Andersonpet, K.G.F Kolar Dist., Karnataka , Kolar Gold Fields, Distt.- Kolar, Karnataka, Pin Code- 563113",Noorie Educational Trust,Kolar,Karnataka,Private,B.Sc(N),55 (Fifty Five),2025-2026,18,https://online.indiannursingcouncil.org/Reports/YearlyReportByState.aspx,2026-09-11T11:21:04.509200
12,Noorie College Of Nursing,"Noorie College Of Nursing, Andersonpet, K.G.F Kolar Dist., Karnataka , Kolar Gold Fields, Distt.- Kolar, Karnataka, Pin Code- 563113",Noorie Educational Trust,Kolar,Karnataka,Private,M. Sc (N),"15 (Fifteen) Chn 5, Med- Surg-5, Obg- 5",2025-2026,18,https://online.indiannursingcouncil.org/Reports/YearlyReportByState.aspx,2026-09-11T11:21:04.509200
12,Noorie College Of Nursing,"Noorie College Of Nursing, Andersonpet, K.G.F Kolar Dist., Karnataka , Kolar Gold Fields, Distt.- Kolar, Karnataka, Pin Code- 563113",Noorie Educational Trust,Kolar,Karnataka,Private,P B B.Sc(N),30 (Thirty),2025-2026,18,https://online.indiannursingcouncil.org/Reports/YearlyReportByState.aspx,2026-09-11T11:21:04.509200
12,Noorie College Of Nursing,"Noorie College Of Nursing, Andersonpet, K.G.F Kolar Dist., Karnataka , Kolar Gold Fields, Distt.- Kolar, Karnataka, Pin Code- 563113",Noorie Educational Trust,Kolar,Karnataka,Private,GNM,50 (Fifty),2025-2026,18,https://online.indiannursingcouncil.org/Reports/YearlyReportByState.aspx,2026-09-11T11:21:04.509200
13,North Karnataka School Of Nursing,"North Karnataka School Of Nursing, Akkamahadevi Colony, Behind Smaskar Building, , Bidar, Distt.- Bidar, Karnataka, Pin Code- 585401",North Karnataka Educational Charitable Trust,Bidar,Karnataka,Private,GNM,40 (Forty),2025-2026,18,https://online.indiannursingcouncil.org/Reports/YearlyReportByState.aspx,2026-09-11T11:21:04.509200
14,O P Jindal College Of Nursing,"O P Jindal College Of Nursing, Vv Nagar Toranagallu Sandur , Bellary, Distt.- Bellary, Karnataka, Pin Code- 583123",J S W Foundation,Bellary,Karnataka,Private,B.Sc(N),40 (Forty),2025-2026,18,https://online.indiannursingcouncil.org/Reports/YearlyReportByState.aspx,2026-09-11T11:21:04.509200
14,O P Jindal College Of Nursing,"O P Jindal College Of Nursing, Vv Nagar Toranagallu Sandur , Bellary, Distt.- Bellary, Karnataka, Pin Code- 583123",J S W Foundation,Bellary,Karnataka,Private,M. Sc (N),15 (Fifteen) 03 In Each Subject,2025-2026,18,https://online.indiannursingcouncil.org/Reports/YearlyReportByState.aspx,2026-09-11T11:21:04.509200
1,Oriental College Of Nursing,"Oriental College Of Nursing,, No.67,Andrahalli Village,Near Andharahalli Govt School,Bangalore, Vill.- Bangalore, Tehsil- Bangalore North, Distt.- Bangalore, Karnataka, Pin Code- 560091",Chaithanya Educational Social And Charitable Trust,Bangalore,Karnataka,Private,B.Sc(N),60 (Sixty),2025-2026,19,https://online.indiannursingcouncil.org/Reports/YearlyReportByState.aspx,2026-09-11T11:21:15.044697
2,Oxford College Of Nursing Sciences,"Oxford College Of Nursing Sciences, Bommanahalli, Hosur Road, Bangalore, Distt.- Bangalore, Karnataka, Pin Code- 560068",Children's Education Society,Bangalore,Karnataka,Private,B.Sc(N),100 (One Hundred),2025-2026,19,https://online.indiannursingcouncil.org/Reports/YearlyReportByState.aspx,2026-09-11T11:21:15.044697
3,Oxford School Of Nursing,"Oxford School Of Nursing, Bettahalsoor Cross International Airport Road , Bangalore, Distt.- Bangalore, Karnataka, Pin Code- 562157",Oxford Education Society,Bangalore,Karnataka,Private,GNM,40 (Forty),2025-2026,19,https://online.indiannursingcouncil.org/Reports/YearlyReportByState.aspx,2026-09-11T11:21:15.044697
4,Oxford School Of Nursing,"Oxford School Of Nursing, Hyderbad Road , Yadgir, Distt.- Gulbarga, Karnataka, Pin Code- 585202",Oxford Education Soceity,Gulbarga,Karnataka,Private,GNM,40 (Forty),2025-2026,19,https://online.indiannursingcouncil.org/Reports/YearlyReportByState.aspx,2026-09-11T11:21:15.044697
5,P G School Of Nursing,"P G School Of Nursing, Plot 6 Ca Industrial Area B. Katihally , Hassan , Distt.- Hassan, Karnataka, Pin Code- 573201",P G Charitable Trust,Hassan,Karnataka,Private,GNM,50 (Fifty),2025-2026,19,https://online.indiannursingcouncil.org/Reports/YearlyReportByState.aspx,2026-09-11T11:21:15.044697
5,P G School Of Nursing,"P G School Of Nursing, Plot 6 Ca Industrial Area B. Katihally , Hassan , Distt.- Hassan, Karnataka, Pin Code- 573201",P G Charitable Trust,Hassan,Karnataka,Private,B.Sc(N),40 (Forty),2025-2026,19,https://online.indiannursingcouncil.org/Reports/YearlyReportByState.aspx,2026-09-11T11:21:15.044697
6,P R College Of Nursing,"P R College Of Nursing,, Guruvanna Deavara Mutt Premises,Magadiroad, Bangalore, Distt.- Bangalore, Karnataka, Pin Code- 560023",Sri Veerabhadra Swamy Education Trust,Bangalore,Karnataka,Private,B.Sc(N),60 (Sixty),2025-2026,19,https://online.indiannursingcouncil.org/Reports/YearlyReportByState.aspx,2026-09-11T11:21:15.044697
6,P R College Of Nursing,"P R College Of Nursing,, Guruvanna Deavara Mutt Premises,Magadiroad, Bangalore, Distt.- Bangalore, Karnataka, Pin Code- 560023",Sri Veerabhadra Swamy Education Trust,Bangalore,Karnataka,Private,P B B.Sc(N),40 (Forty),2025-2026,19,https://online.indiannursingcouncil.org/Reports/YearlyReportByState.aspx,2026-09-11T11:21:15.044697
7,P V S College Of Nursing,"P V S College Of Nursing,, Turuvanur Road, Chitradurga, Distt.- Chitradurga, Karnataka, Pin Code- 577502",Pvs Education And Rural Development Society,Chitradurga,Karnataka,Private,B.Sc(N),60 (Sixty),2025-2026,19,https://online.indiannursingcouncil.org/Reports/YearlyReportByState.aspx,2026-09-11T11:21:15.044697
7,P V S College Of Nursing,"P V S College Of Nursing,, Turuvanur Road, Chitradurga, Distt.- Chitradurga, Karnataka, Pin Code- 577502",Pvs Education And Rural Development Society,Chitradurga,Karnataka,Private,P B B.Sc(N),45 (Forty Five),2025-2026,19,https://online.indiannursingcouncil.org/Reports/YearlyReportByState.aspx,2026-09-11T11:21:15.044697
7,P V S College Of Nursing,"P V S College Of Nursing,, Turuvanur Road, Chitradurga, Distt.- Chitradurga, Karnataka, Pin Code- 577502",Pvs Education And Rural Development Society,Chitradurga,Karnataka,Private,GNM,60 (Sixty),2025-2026,19,https://online.indiannursingcouncil.org/Reports/YearlyReportByState.aspx,2026-09-11T11:21:15.044697
8,P.E.S.U Institute Of Nursing,"P.E.S.U Institute Of Nursing, Electronic City , Vill.- Konappana Agrahara, Tehsil- Bangalore North, Distt.- Bangalore, Karnataka, Pin Code- 560100",Pes University,Bangalore,Karnataka,Private,B.Sc(N),60 (Sixty),2025-2026,19,https://online.indiannursingcouncil.org/Reports/YearlyReportByState.aspx,2026-09-11T11:21:15.044697
9,Padmashree Institute Of Nursing,"Padmashree Institute Of Nursing, #146, Padmashree Campus, Kommaghatta, Sulikere , Kengeri Bangalore, Bangalore, Distt.- Bangalore, Karnataka, Pin Code- 560060",T K Narayanappa Foundation,Bangalore,Karnataka,Private,B.Sc(N),60 (Sixty),2025-2026,19,https://online.indiannursingcouncil.org/Reports/YearlyReportByState.aspx,2026-09-11T11:21:15.044697
10,Panasia School Of Nursing,"Panasia School Of Nursing, No 34, Narasimha Raju Layout, Near Laggere Bridge, Laggere, Bangalore 560058, Bangalore, Distt.- Bangalore, Karnataka, Pin Code- 560058",Aet Educational And Charitable Trust,Bangalore,Karnataka,Private,GNM,50 (Fifty),2025-2026,19,https://online.indiannursingcouncil.org/Reports/YearlyReportByState.aspx,2026-09-11T11:21:15.044697
11,Parshwanath Doddanavar School Of Nursing,"Parshwanath Doddanavar School Of Nursing, 262-B, Gopal Jinagouda Bharatesh Hospital, Halaga, Belagavi-590020 , Belagavi, Distt.- Belgaum, Karnataka, Pin Code- 5900",Bharatesh Education Trust,Belgaum,Karnataka,Private,GNM,60 (Sixty),2025-2026,19,https://online.indiannursingcouncil.org/Reports/YearlyReportByState.aspx,2026-09-11T11:21:15.044697
11,Parshwanath Doddanavar School Of Nursing,"Parshwanath Doddanavar School Of Nursing, 262-B, Gopal Jinagouda Bharatesh Hospital, Halaga, Belagavi-590020 , Belagavi, Distt.- Belgaum, Karnataka, Pin Code- 5900",Bharatesh Education Trust,Belgaum,Karnataka,Private,B.Sc(N),60 (Sixty),2025-2026,19,https://online.indiannursingcouncil.org/Reports/YearlyReportByState.aspx,2026-09-11T11:21:15.044697
11,Parshwanath Doddanavar School Of Nursing,"Parshwanath Doddanavar School Of Nursing, 262-B, Gopal Jinagouda Bharatesh Hospital, Halaga, Belagavi-590020 , Belagavi, Distt.- Belgaum, Karnataka, Pin Code- 5900",Bharatesh Education Trust,Belgaum,Karnataka,Private,M. Sc (N),"15 (Fifteen) Obg - 5, Ps-5, Paed-5",2025-2026,19,https://online.indiannursingcouncil.org/Reports/YearlyReportByState.aspx,2026-09-11T11:21:15.044697
12,Patanjali School Of Nursing,"Patanjali School Of Nursing, Patanjali Education Society Dharmashaala Road, Chitradurga, Distt.- Chitradurga, Karnataka, Pin Code- 577501",Patanjali Education Society,Chitradurga,Karnataka,Private,GNM,40 (Forty),2025-2026,19,https://online.indiannursingcouncil.org/Reports/YearlyReportByState.aspx,2026-09-11T11:21:15.044697
13,Patel College Of Nursing,"Patel College Of Nursing, B M Road, Archakarahally, Ramanagara, Ramanagara, Distt.- Ramanagara, Karnataka, Pin Code- 562159",Sri Kanaka Education Trust,Ramanagara,Karnataka,Private,B.Sc(N),60 (Sixty),2025-2026,19,https://online.indiannursingcouncil.org/Reports/YearlyReportByState.aspx,2026-09-11T11:21:15.044697
13,Patel College Of Nursing,"Patel College Of Nursing, B M Road, Archakarahally, Ramanagara, Ramanagara, Distt.- Ramanagara, Karnataka, Pin Code- 562159",Sri Kanaka Education Trust,Ramanagara,Karnataka,Private,M. Sc (N),20 ; 4 In Each Speciality,2025-2026,19,https://online.indiannursingcouncil.org/Reports/YearlyReportByState.aspx,2026-09-11T11:21:15.044697
13,Patel College Of Nursing,"Patel College Of Nursing, B M Road, Archakarahally, Ramanagara, Ramanagara, Distt.- Ramanagara, Karnataka, Pin Code- 562159",Sri Kanaka Education Trust,Ramanagara,Karnataka,Private,P B B.Sc(N),40 (Forty),2025-2026,19,https://online.indiannursingcouncil.org/Reports/YearlyReportByState.aspx,2026-09-11T11:21:15.044697
14,Pinnacle Institute Of Nursing Sciences,"Pinnacle Institute Of Nursing Sciences, #9/2, Bhavani Massion, Mallathahalli, Nagarabhavi 2Nd Stage, Behind Deepa Complex,, Bangalore, Distt.- Bangalore, Karnataka, Pin Code- 560072",Pinnacle Education Trust,Bangalore,Karnataka,Private,GNM,40 (Forty),2025-2026,19,https://online.indiannursingcouncil.org/Reports/YearlyReportByState.aspx,2026-09-11T11:21:15.044697
15,Pms School And College Of Nursing,"Pms School And College Of Nursing, No.1362/63/2, Maruthi Nagar, Kogilu, Yelahanka, Bangalore, Distt.- Bangalore, Karnataka, Pin Code- 560064",Pentacosta Missions Social Educational And Charitable Trust,Bangalore,Karnataka,Private,GNM,40 (Forty),2025-2026,19,https://online.indiannursingcouncil.org/Reports/YearlyReportByState.aspx,2026-09-11T11:21:15.044697
16,Pragathi College Of Nursing Sciences,"Pragathi College Of Nursing Sciences, Near Pragathi Hospital Bolwar Puttur D K, Puttur, Distt.- Dakshina Kannada, Karnataka, Pin Code- 574201",Pragathi Speciality Hospital Education Trust,Dakshina Kannada,Karnataka,Private,B.Sc(N),40 (Forty),2025-2026,19,https://online.indiannursingcouncil.org/Reports/YearlyReportByState.aspx,2026-09-11T11:21:15.044697
17,Prajwal College Of Nursing,"Prajwal College Of Nursing, No: 73/A, Balaji Layout, Byadarahalli, Magadi Road,, Bangalore, Distt.- Bangalore, Karnataka, Pin Code- 560091",Jai Maruthi Education Trust,Bangalore,Karnataka,Private,M. Sc (N),20 : 4 In Each Speciality,2025-2026,19,https://online.indiannursingcouncil.org/Reports/YearlyReportByState.aspx,2026-09-11T11:21:15.044697
17,Prajwal College Of Nursing,"Prajwal College Of Nursing, No: 73/A, Balaji Layout, Byadarahalli, Magadi Road,, Bangalore, Distt.- Bangalore, Karnataka, Pin Code- 560091",Jai Maruthi Education Trust,Bangalore,Karnataka,Private,P B B.Sc(N),40 (Forty),2025-2026,19,https://online.indiannursingcouncil.org/Reports/YearlyReportByState.aspx,2026-09-11T11:21:15.044697
17,Prajwal College Of Nursing,"Prajwal College Of Nursing, No: 73/A, Balaji Layout, Byadarahalli, Magadi Road,, Bangalore, Distt.- Bangalore, Karnataka, Pin Code- 560091",Jai Maruthi Education Trust,Bangalore,Karnataka,Private,B.Sc(N),40 (Forty),2025-2026,19,https://online.indiannursingcouncil.org/Reports/YearlyReportByState.aspx,2026-09-11T11:21:15.044697
18,Prasanna School Of Nursing,"Prasanna School Of Nursing, Belthangady, Ujire, Dharamasthala Road, Vill.- Laila, Tehsil- Belthangadi, Distt.- Dakshina Kannada, Karnataka, Pin Code- 574214",Prasanna Education Trust,Dakshina Kannada,Karnataka,Private,GNM,50 (Fifty),2025-2026,19,https://online.indiannursingcouncil.org/Reports/YearlyReportByState.aspx,2026-09-11T11:21:15.044697
18,Prasanna School Of Nursing,"Prasanna School Of Nursing, Belthangady, Ujire, Dharamasthala Road, Vill.- Laila, Tehsil- Belthangadi, Distt.- Dakshina Kannada, Karnataka, Pin Code- 574214",Prasanna Education Trust,Dakshina Kannada,Karnataka,Private,B.Sc(N),40 (Forty),2025-2026,19,https://online.indiannursingcouncil.org/Reports/YearlyReportByState.aspx,2026-09-11T11:21:15.044697
19,Premier College Of Nursing,"Premier College Of Nursing, Nanjappa Layout, By- Pass Road, Gowribidanur, Chikballapur, Gowribidanur, Distt.- Kolar, Karnataka, Pin Code- 561208",Rajiv Gandhi Rural And Urban Development Educational Trust,Kolar,Karnataka,Private,B.Sc(N),60 (Sixty),2025-2026,19,https://online.indiannursingcouncil.org/Reports/YearlyReportByState.aspx,2026-09-11T11:21:15.044697
1,Presidency School Of Nursing,"Presidency School Of Nursing, No.1, Aishwarya Comfort, Hanumanthanagr, Bileshivale,Doddagubbi (P.O), Bangalore, Bangalore, Distt.- Bangalore, Karnataka, Pin Code- 560077",Sri Krishna Education Trust,Bangalore,Karnataka,Private,GNM,60 (Sixty),2025-2026,20,https://online.indiannursingcouncil.org/Reports/YearlyReportByState.aspx,2026-09-11T11:21:22.850067
1,Presidency School Of Nursing,"Presidency School Of Nursing, No.1, Aishwarya Comfort, Hanumanthanagr, Bileshivale,Doddagubbi (P.O), Bangalore, Bangalore, Distt.- Bangalore, Karnataka, Pin Code- 560077",Sri Krishna Education Trust,Bangalore,Karnataka,Private,B.Sc(N),60 (Sixty),2025-2026,20,https://online.indiannursingcouncil.org/Reports/YearlyReportByState.aspx,2026-09-11T11:21:22.850067
1,Presidency School Of Nursing,"Presidency School Of Nursing, No.1, Aishwarya Comfort, Hanumanthanagr, Bileshivale,Doddagubbi (P.O), Bangalore, Bangalore, Distt.- Bangalore, Karnataka, Pin Code- 560077",Sri Krishna Education Trust,Bangalore,Karnataka,Private,P B B.Sc(N),30 (Thirty),2025-2026,20,https://online.indiannursingcouncil.org/Reports/YearlyReportByState.aspx,2026-09-11T11:21:22.850067
2,Priyadarshini College Of Nursing (B.Sc Nursing),"Priyadarshini College Of Nursing (B.Sc Nursing), Minhas School Of Nursing (Gnm), Hanumanthapura, Koratagere -572129, Tumkur Dist, Tumkur, Distt.- Tumkur, Karnataka, Pin Code- 572129",Minhas Education Trust,Tumkur,Karnataka,Private,B.Sc(N),40 (Forty),2025-2026,20,https://online.indiannursingcouncil.org/Reports/YearlyReportByState.aspx,2026-09-11T11:21:22.850067
2,Priyadarshini College Of Nursing (B.Sc Nursing),"Priyadarshini College Of Nursing (B.Sc Nursing), Minhas School Of Nursing (Gnm), Hanumanthapura, Koratagere -572129, Tumkur Dist, Tumkur, Distt.- Tumkur, Karnataka, Pin Code- 572129",Minhas Education Trust,Tumkur,Karnataka,Private,GNM,40 (Forty),2025-2026,20,https://online.indiannursingcouncil.org/Reports/YearlyReportByState.aspx,2026-09-11T11:21:22.850067
3,Quality Healthcare School Of Nursing,"Quality Healthcare School Of Nursing, #4/5, P.P.Layout, Subramanyapura Post, Uttarahalli- Kengeri Main Road, Uttarahalli, Bangalore, Bangalore, Distt.- Bangalore, Karnataka, Pin Code- 560061",Quality Health Care Education Society,Bangalore,Karnataka,Private,GNM,60 (Sixty),2025-2026,20,https://online.indiannursingcouncil.org/Reports/YearlyReportByState.aspx,2026-09-11T11:21:22.850067
3,Quality Healthcare School Of Nursing,"Quality Healthcare School Of Nursing, #4/5, P.P.Layout, Subramanyapura Post, Uttarahalli- Kengeri Main Road, Uttarahalli, Bangalore, Bangalore, Distt.- Bangalore, Karnataka, Pin Code- 560061",Quality Health Care Education Society,Bangalore,Karnataka,Private,B.Sc(N),60 (Sixty),2025-2026,20,https://online.indiannursingcouncil.org/Reports/YearlyReportByState.aspx,2026-09-11T11:21:22.850067
4,R N S School Of Nursing,"R N S School Of Nursing, R N S School Of Nursing R N Shospital N H 66 Murdeshwar, Murdeshwar, Distt.- Uttara Kannada, Karnataka, Pin Code- 581350",R N Shetty Trust,Uttara Kannada,Karnataka,Private,GNM,60(Sixty),2025-2026,20,https://online.indiannursingcouncil.org/Reports/YearlyReportByState.aspx,2026-09-11T11:21:22.850067
4,R N S School Of Nursing,"R N S School Of Nursing, R N S School Of Nursing R N Shospital N H 66 Murdeshwar, Murdeshwar, Distt.- Uttara Kannada, Karnataka, Pin Code- 581350",R N Shetty Trust,Uttara Kannada,Karnataka,Private,B.Sc(N),60 (Sixty),2025-2026,20,https://online.indiannursingcouncil.org/Reports/YearlyReportByState.aspx,2026-09-11T11:21:22.850067
5,R R College Of Nursing,"R R College Of Nursing, No.40, R R Layout, Chikkabanavara, , Bangalore, Distt.- Bangalore, Karnataka, Pin Code- 560090",Byreshwara Educational Trust,Bangalore,Karnataka,Private,M. Sc (N),25 ; 5 In Each Speciality,2025-2026,20,https://online.indiannursingcouncil.org/Reports/YearlyReportByState.aspx,2026-09-11T11:21:22.850067
5,R R College Of Nursing,"R R College Of Nursing, No.40, R R Layout, Chikkabanavara, , Bangalore, Distt.- Bangalore, Karnataka, Pin Code- 560090",Byreshwara Educational Trust,Bangalore,Karnataka,Private,P B B.Sc(N),50 (Fifty),2025-2026,20,https://online.indiannursingcouncil.org/Reports/YearlyReportByState.aspx,2026-09-11T11:21:22.850067
5,R R College Of Nursing,"R R College Of Nursing, No.40, R R Layout, Chikkabanavara, , Bangalore, Distt.- Bangalore, Karnataka, Pin Code- 560090",Byreshwara Educational Trust,Bangalore,Karnataka,Private,B.Sc(N),60 (Sixty),2025-2026,20,https://online.indiannursingcouncil.org/Reports/YearlyReportByState.aspx,2026-09-11T11:21:22.850067
5,R R College Of Nursing,"R R College Of Nursing, No.40, R R Layout, Chikkabanavara, , Bangalore, Distt.- Bangalore, Karnataka, Pin Code- 560090",Byreshwara Educational Trust,Bangalore,Karnataka,Private,GNM,60 (Sixty),2025-2026,20,https://online.indiannursingcouncil.org/Reports/YearlyReportByState.aspx,2026-09-11T11:21:22.850067
6,R R School Of Nursing,"R R School Of Nursing, B M Road, Opp. Pandaram Lane, Marikupaam Post, Kgf - 563119, Kgf, Distt.- Kolar, Karnataka, Pin Code- 563119",Rr Educational And Charitable Trust,Kolar,Karnataka,Private,GNM,50 (Fifty),2025-2026,20,https://online.indiannursingcouncil.org/Reports/YearlyReportByState.aspx,2026-09-11T11:21:22.850067
7,R T Nagar School Of Nursing,"R T Nagar School Of Nursing, Ca Site. No:14. Hmt Layout,Rt Nagar, Bangalore, Distt.- Bangalore, Karnataka, Pin Code- 560032",Rt Nagar Education Trust,Bangalore,Karnataka,Private,GNM,60 (Sixty),2025-2026,20,https://online.indiannursingcouncil.org/Reports/YearlyReportByState.aspx,2026-09-11T11:21:22.850067
8,R V College Of Nursing,"R V College Of Nursing, No Ca2/83 3 Ix Main Iv Block Jayanagar Bengaluru , Bengaluru, Distt.- Bangalore, Karnataka, Pin Code- 560011",Rashtreeya Sikshana Samithi Trust,Bangalore,Karnataka,Private,B.Sc(N),60 (Sixty),2025-2026,20,https://online.indiannursingcouncil.org/Reports/YearlyReportByState.aspx,2026-09-11T11:21:22.850067
8,R V College Of Nursing,"R V College Of Nursing, No Ca2/83 3 Ix Main Iv Block Jayanagar Bengaluru , Bengaluru, Distt.- Bangalore, Karnataka, Pin Code- 560011",Rashtreeya Sikshana Samithi Trust,Bangalore,Karnataka,Private,M. Sc (N),15 (Fifteen) Paed-03 Med Surg-04 Obg-2 Chn-03 Psy-03,2025-2026,20,https://online.indiannursingcouncil.org/Reports/YearlyReportByState.aspx,2026-09-11T11:21:22.850067
8,R V College Of Nursing,"R V College Of Nursing, No Ca2/83 3 Ix Main Iv Block Jayanagar Bengaluru , Bengaluru, Distt.- Bangalore, Karnataka, Pin Code- 560011",Rashtreeya Sikshana Samithi Trust,Bangalore,Karnataka,Private,NURSE PRACTITIONER IN CRITICAL CARE(NPCC),15 (Fifteen),2025-2026,20,https://online.indiannursingcouncil.org/Reports/YearlyReportByState.aspx,2026-09-11T11:21:22.850067
9,Raghavendra College Of Nursing,"Raghavendra College Of Nursing, # 5148, S S Layout, 'B' Block, Davangere, Distt.- Davanagere, Karnataka, Pin Code- 577004",Sri Raghavendra Swamy Health And Educational Trust,Davanagere,Karnataka,Private,B.Sc(N),40 (Forty),2025-2026,20,https://online.indiannursingcouncil.org/Reports/YearlyReportByState.aspx,2026-09-11T11:21:22.850067
9,Raghavendra College Of Nursing,"Raghavendra College Of Nursing, # 5148, S S Layout, 'B' Block, Davangere, Distt.- Davanagere, Karnataka, Pin Code- 577004",Sri Raghavendra Swamy Health And Educational Trust,Davanagere,Karnataka,Private,P B B.Sc(N),30 (Thirty),2025-2026,20,https://online.indiannursingcouncil.org/Reports/YearlyReportByState.aspx,2026-09-11T11:21:22.850067
9,Raghavendra College Of Nursing,"Raghavendra College Of Nursing, # 5148, S S Layout, 'B' Block, Davangere, Distt.- Davanagere, Karnataka, Pin Code- 577004",Sri Raghavendra Swamy Health And Educational Trust,Davanagere,Karnataka,Private,GNM,40 (Forty),2025-2026,20,https://online.indiannursingcouncil.org/Reports/YearlyReportByState.aspx,2026-09-11T11:21:22.850067
10,Rajarajeswari School Of Nursing,"Rajarajeswari School Of Nursing, Kambipura,Mysore Road,, Bangalore, Distt.- Bangalore, Karnataka, Pin Code- 560074",Moogambigai Charitable And Educational Trust,Bangalore,Karnataka,Private,GNM,60 (Sixty),2025-2026,20,https://online.indiannursingcouncil.org/Reports/YearlyReportByState.aspx,2026-09-11T11:21:22.850067
10,Rajarajeswari School Of Nursing,"Rajarajeswari School Of Nursing, Kambipura,Mysore Road,, Bangalore, Distt.- Bangalore, Karnataka, Pin Code- 560074",Moogambigai Charitable And Educational Trust,Bangalore,Karnataka,Private,B.Sc(N),100 (One Hundred),2025-2026,20,https://online.indiannursingcouncil.org/Reports/YearlyReportByState.aspx,2026-09-11T11:21:22.850067
10,Rajarajeswari School Of Nursing,"Rajarajeswari School Of Nursing, Kambipura,Mysore Road,, Bangalore, Distt.- Bangalore, Karnataka, Pin Code- 560074",Moogambigai Charitable And Educational Trust,Bangalore,Karnataka,Private,M. Sc (N),20 (Twenty),2025-2026,20,https://online.indiannursingcouncil.org/Reports/YearlyReportByState.aspx,2026-09-11T11:21:22.850067
10,Rajarajeswari School Of Nursing,"Rajarajeswari School Of Nursing, Kambipura,Mysore Road,, Bangalore, Distt.- Bangalore, Karnataka, Pin Code- 560074",Moogambigai Charitable And Educational Trust,Bangalore,Karnataka,Private,P B B.Sc(N),50 (Fifty),2025-2026,20,https://online.indiannursingcouncil.org/Reports/YearlyReportByState.aspx,2026-09-11T11:21:22.850067
11,Rajeev School Of Nursing,"Rajeev School Of Nursing,, Govt. Hospital Road, K R Puram,, Hassan, Distt.- Hassan, Karnataka, Pin Code- 573201",Rajeev Education Trust,Hassan,Karnataka,Private,GNM,40 (Forty),2025-2026,20,https://online.indiannursingcouncil.org/Reports/YearlyReportByState.aspx,2026-09-11T11:21:22.850067
11,Rajeev School Of Nursing,"Rajeev School Of Nursing,, Govt. Hospital Road, K R Puram,, Hassan, Distt.- Hassan, Karnataka, Pin Code- 573201",Rajeev Education Trust,Hassan,Karnataka,Private,B.Sc(N),50 (Fifty),2025-2026,20,https://online.indiannursingcouncil.org/Reports/YearlyReportByState.aspx,2026-09-11T11:21:22.850067
11,Rajeev School Of Nursing,"Rajeev School Of Nursing,, Govt. Hospital Road, K R Puram,, Hassan, Distt.- Hassan, Karnataka, Pin Code- 573201",Rajeev Education Trust,Hassan,Karnataka,Private,M. Sc (N),25 (Twenty Five) Med-Surg-5 Psy-5 Chn-5 Paed-5 Obg-5,2025-2026,20,https://online.indiannursingcouncil.org/Reports/YearlyReportByState.aspx,2026-09-11T11:21:22.850067
11,Rajeev School Of Nursing,"Rajeev School Of Nursing,, Govt. Hospital Road, K R Puram,, Hassan, Distt.- Hassan, Karnataka, Pin Code- 573201",Rajeev Education Trust,Hassan,Karnataka,Private,P B B.Sc(N),40 (Forty),2025-2026,20,https://online.indiannursingcouncil.org/Reports/YearlyReportByState.aspx,2026-09-11T11:21:22.850067
12,Rajiv Gandhi College Of Nursing,"Rajiv Gandhi College Of Nursing, Iit Campus, Opp. Meenakshi Temple, Bannerghatta Road, Bangalore, Distt.- Bangalore, Karnataka, Pin Code- 560095",Jayanagar Modern Education Society,Bangalore,Karnataka,Private,B.Sc(N),60 (Sixty),2025-2026,20,https://online.indiannursingcouncil.org/Reports/YearlyReportByState.aspx,2026-09-11T11:21:22.850067
1,Rajiv Gandhi College Of Nursing,"Rajiv Gandhi College Of Nursing, Iit Campus, Opp. Meenakshi Temple, Bannerghatta Road, Bangalore, Distt.- Bangalore, Karnataka, Pin Code- 560095",Jayanagar Modern Education Society,Bangalore,Karnataka,Private,M. Sc (N),25 : 5 In Each Speciality,2025-2026,21,https://online.indiannursingcouncil.org/Reports/YearlyReportByState.aspx,2026-09-11T11:21:31.054850
1,Rajiv Gandhi College Of Nursing,"Rajiv Gandhi College Of Nursing, Iit Campus, Opp. Meenakshi Temple, Bannerghatta Road, Bangalore, Distt.- Bangalore, Karnataka, Pin Code- 560095",Jayanagar Modern Education Society,Bangalore,Karnataka,Private,P B B.Sc(N),40 (Forty),2025-2026,21,https://online.indiannursingcouncil.org/Reports/YearlyReportByState.aspx,2026-09-11T11:21:31.054850
2,Rajiv Gandhi School Of Nursing,"Rajiv Gandhi School Of Nursing, #263,3Rd Main Road,Parvathi Nagara, Bellary, Distt.- Bellary, Karnataka, Pin Code- 583101",Nimishamba Educational Society,Bellary,Karnataka,Private,GNM,60 (Sixty),2025-2026,21,https://online.indiannursingcouncil.org/Reports/YearlyReportByState.aspx,2026-09-11T11:21:31.054850
3,Rama Krishna School Of Nurisng,"Rama Krishna School Of Nurisng, No 98, Jai Maruthi Industrial Area, Peenya Second Stage, , Bengaluru, Distt.- Bangalore, Karnataka, Pin Code- 560058",G. Rama Krishna Reddy Educational Trust,Bangalore,Karnataka,Private,GNM,40 (Forty),2025-2026,21,https://online.indiannursingcouncil.org/Reports/YearlyReportByState.aspx,2026-09-11T11:21:31.054850
4,Raman School Of Nursing,"Raman School Of Nursing, No. 133/3 Devanna Palya, Dasanapura, Hobli, Nh04, Bangalore - 562162, Bangalore, Distt.- Bangalore, Karnataka, Pin Code- 562162",Bhavani Working Women Welfare Trust,Bangalore,Karnataka,Private,GNM,40 (Forty),2025-2026,21,https://online.indiannursingcouncil.org/Reports/YearlyReportByState.aspx,2026-09-11T11:21:31.054850
5,Ranebennur College Of Nursing,"Ranebennur College Of Nursing,, No:22, Chokkanahalli,Hegdenagar Main Road, Jakkur Post, Yelahanka, Hobli, Bangalore, Distt.- Bangalore, Karnataka, Pin Code- 560064",Ranebennur Taluk Education Society,Bangalore,Karnataka,Private,B.Sc(N),40 (Forty),2025-2026,21,https://online.indiannursingcouncil.org/Reports/YearlyReportByState.aspx,2026-09-11T11:21:31.054850
5,Ranebennur College Of Nursing,"Ranebennur College Of Nursing,, No:22, Chokkanahalli,Hegdenagar Main Road, Jakkur Post, Yelahanka, Hobli, Bangalore, Distt.- Bangalore, Karnataka, Pin Code- 560064",Ranebennur Taluk Education Society,Bangalore,Karnataka,Private,P B B.Sc(N),40 (Forty),2025-2026,21,https://online.indiannursingcouncil.org/Reports/YearlyReportByState.aspx,2026-09-11T11:21:31.054850
6,Rathna College Of Nursing,"Rathna College Of Nursing,, 5Th Cross, Shankarmutt Road, K R Puram, Hassan, Distt.- Hassan, Karnataka, Pin Code- 573201",Rathna Educational Trust,Hassan,Karnataka,Private,P B B.Sc(N),40 (Forty),2025-2026,21,https://online.indiannursingcouncil.org/Reports/YearlyReportByState.aspx,2026-09-11T11:21:31.054850
6,Rathna College Of Nursing,"Rathna College Of Nursing,, 5Th Cross, Shankarmutt Road, K R Puram, Hassan, Distt.- Hassan, Karnataka, Pin Code- 573201",Rathna Educational Trust,Hassan,Karnataka,Private,GNM,60 (Sixty),2025-2026,21,https://online.indiannursingcouncil.org/Reports/YearlyReportByState.aspx,2026-09-11T11:21:31.054850
6,Rathna College Of Nursing,"Rathna College Of Nursing,, 5Th Cross, Shankarmutt Road, K R Puram, Hassan, Distt.- Hassan, Karnataka, Pin Code- 573201",Rathna Educational Trust,Hassan,Karnataka,Private,B.Sc(N),40 (Forty),2025-2026,21,https://online.indiannursingcouncil.org/Reports/YearlyReportByState.aspx,2026-09-11T11:21:31.054850
7,Ravindranath Tagore School Of Nursing,"Ravindranath Tagore School Of Nursing, Virgo Nagar Post,Medhahalli,, Bangalore, Distt.- Bangalore, Karnataka, Pin Code- 560049",Ravindranath Tagore Memorial Rural Ed Edu And Cu Inst,Bangalore,Karnataka,Private,GNM,40 (Forty),2025-2026,21,https://online.indiannursingcouncil.org/Reports/YearlyReportByState.aspx,2026-09-11T11:21:31.054850
8,Rebekah Ann Naylor School Of Nursing,"Rebekah Ann Naylor School Of Nursing, Baptist Hospital, Bellary Road, Vill.- Bangalore, Tehsil- Bangalore North, Distt.- Bangalore, Karnataka, Pin Code- 560024",Bangalore Baptist Hospital Society,Bangalore,Karnataka,Private,GNM,30 (Thirty),2025-2026,21,https://online.indiannursingcouncil.org/Reports/YearlyReportByState.aspx,2026-09-11T11:21:31.054850
8,Rebekah Ann Naylor School Of Nursing,"Rebekah Ann Naylor School Of Nursing, Baptist Hospital, Bellary Road, Vill.- Bangalore, Tehsil- Bangalore North, Distt.- Bangalore, Karnataka, Pin Code- 560024",Bangalore Baptist Hospital Society,Bangalore,Karnataka,Private,B.Sc(N),60 (Sixty),2025-2026,21,https://online.indiannursingcouncil.org/Reports/YearlyReportByState.aspx,2026-09-11T11:21:31.054850
9,Rev Noorunissa College Of Nursing,"Rev Noorunissa College Of Nursing, Al-Hajma Noorunnissa Road Andersonpet Kgf, Kgf, Distt.- Kolar, Karnataka, Pin Code- 563113",Noorie Educational Cultural And Charitable Trust,Kolar,Karnataka,Private,GNM,20 (Twenty),2025-2026,21,https://online.indiannursingcouncil.org/Reports/YearlyReportByState.aspx,2026-09-11T11:21:31.054850
9,Rev Noorunissa College Of Nursing,"Rev Noorunissa College Of Nursing, Al-Hajma Noorunnissa Road Andersonpet Kgf, Kgf, Distt.- Kolar, Karnataka, Pin Code- 563113",Noorie Educational Cultural And Charitable Trust,Kolar,Karnataka,Private,B.Sc(N),60 (Sixty),2025-2026,21,https://online.indiannursingcouncil.org/Reports/YearlyReportByState.aspx,2026-09-11T11:21:31.054850
9,Rev Noorunissa College Of Nursing,"Rev Noorunissa College Of Nursing, Al-Hajma Noorunnissa Road Andersonpet Kgf, Kgf, Distt.- Kolar, Karnataka, Pin Code- 563113",Noorie Educational Cultural And Charitable Trust,Kolar,Karnataka,Private,M. Sc (N),10 (Ten) Med-Surg-5 Obg-5,2025-2026,21,https://online.indiannursingcouncil.org/Reports/YearlyReportByState.aspx,2026-09-11T11:21:31.054850
9,Rev Noorunissa College Of Nursing,"Rev Noorunissa College Of Nursing, Al-Hajma Noorunnissa Road Andersonpet Kgf, Kgf, Distt.- Kolar, Karnataka, Pin Code- 563113",Noorie Educational Cultural And Charitable Trust,Kolar,Karnataka,Private,P B B.Sc(N),30 (Thirty),2025-2026,21,https://online.indiannursingcouncil.org/Reports/YearlyReportByState.aspx,2026-09-11T11:21:31.054850
10,Rl Abhishek Rao School Of Nursing,"Rl Abhishek Rao School Of Nursing, No 160/1A Chelikere Main Road Chelikere Kalyan Nagar , Bangalore, Distt.- Bangalore, Karnataka, Pin Code- 560043",Rl Abhishekrao Healthcare Trust,Bangalore,Karnataka,Private,GNM,50 (Fifty),2025-2026,21,https://online.indiannursingcouncil.org/Reports/YearlyReportByState.aspx,2026-09-11T11:21:31.054850
10,Rl Abhishek Rao School Of Nursing,"Rl Abhishek Rao School Of Nursing, No 160/1A Chelikere Main Road Chelikere Kalyan Nagar , Bangalore, Distt.- Bangalore, Karnataka, Pin Code- 560043",Rl Abhishekrao Healthcare Trust,Bangalore,Karnataka,Private,B.Sc(N),40 (Forty),2025-2026,21,https://online.indiannursingcouncil.org/Reports/YearlyReportByState.aspx,2026-09-11T11:21:31.054850
11,Ruman School Of Nursing,"Ruman School Of Nursing, #63, Chokkanahalli, Hegdenagar Main Road, Yellahanka, Hobli, Bengaluru,, Vill.- Chokkanahalli, Tehsil- Bangalore North, Distt.- Bangalore, Karnataka, Pin Code- 560064",U K Memorial Educational Trust,Bangalore,Karnataka,Private,GNM,60 (Sixty),2025-2026,21,https://online.indiannursingcouncil.org/Reports/YearlyReportByState.aspx,2026-09-11T11:21:31.054850
12,Rural Medical Service Society's Institute Of Nursing Sciences Hulkoti,"Rural Medical Service Society's Institute Of Nursing Sciences Hulkoti, Rural Medical Service Society'sinstitute Of Nursing Scienceshulkoti-582205, Hulkoti, Distt.- Gadag, Karnataka, Pin Code-",Rural Medical Service Society,Gadag,Karnataka,Private,B.Sc(N),40 (Forty),2025-2026,21,https://online.indiannursingcouncil.org/Reports/YearlyReportByState.aspx,2026-09-11T11:21:31.054850
13,Rvs Institute Of Nursing Sceinces,"Rvs Institute Of Nursing Sceinces, Ummadahalli, Kasaba Hobli, Opp Sanjo Hospital Bm Road Mandya, Mandya, Distt.- Mandya, Karnataka, Pin Code- 571404",Rajyavokkaligara Sangha,Mandya,Karnataka,Private,B.Sc(N),40 (Forty),2025-2026,21,https://online.indiannursingcouncil.org/Reports/YearlyReportByState.aspx,2026-09-11T11:21:31.054850
14,S B School Of Nursing,"S B School Of Nursing, Ca Site #21, Khb Colony, Near 5Th Phase Bus Stop, Yelahanka, Bangalore, Distt.- Bangalore, Karnataka, Pin Code- 560064",Ideal Education Society,Bangalore,Karnataka,Private,GNM,40 (Forty),2025-2026,21,https://online.indiannursingcouncil.org/Reports/YearlyReportByState.aspx,2026-09-11T11:21:31.054850
14,S B School Of Nursing,"S B School Of Nursing, Ca Site #21, Khb Colony, Near 5Th Phase Bus Stop, Yelahanka, Bangalore, Distt.- Bangalore, Karnataka, Pin Code- 560064",Ideal Education Society,Bangalore,Karnataka,Private,B.Sc(N),40 (Forty),2025-2026,21,https://online.indiannursingcouncil.org/Reports/YearlyReportByState.aspx,2026-09-11T11:21:31.054850
14,S B School Of Nursing,"S B School Of Nursing, Ca Site #21, Khb Colony, Near 5Th Phase Bus Stop, Yelahanka, Bangalore, Distt.- Bangalore, Karnataka, Pin Code- 560064",Ideal Education Society,Bangalore,Karnataka,Private,M. Sc (N),20 (Twenty),2025-2026,21,https://online.indiannursingcouncil.org/Reports/YearlyReportByState.aspx,2026-09-11T11:21:31.054850
14,S B School Of Nursing,"S B School Of Nursing, Ca Site #21, Khb Colony, Near 5Th Phase Bus Stop, Yelahanka, Bangalore, Distt.- Bangalore, Karnataka, Pin Code- 560064",Ideal Education Society,Bangalore,Karnataka,Private,P B B.Sc(N),30 (Thirty),2025-2026,21,https://online.indiannursingcouncil.org/Reports/YearlyReportByState.aspx,2026-09-11T11:21:31.054850
15,S D M Institute Of Nursing Sciences,"S D M Institute Of Nursing Sciences, Manjushree Nagar, Sattur, Dharwar , Distt.- Dharwar, Karnataka, Pin Code- 580009",S D M Educational Society,Dharwar,Karnataka,Private,GNM,40 (Forty),2025-2026,21,https://online.indiannursingcouncil.org/Reports/YearlyReportByState.aspx,2026-09-11T11:21:31.054850
15,S D M Institute Of Nursing Sciences,"S D M Institute Of Nursing Sciences, Manjushree Nagar, Sattur, Dharwar , Distt.- Dharwar, Karnataka, Pin Code- 580009",S D M Educational Society,Dharwar,Karnataka,Private,B.Sc(N),100 (One Hundred),2025-2026,21,https://online.indiannursingcouncil.org/Reports/YearlyReportByState.aspx,2026-09-11T11:21:31.054850
15,S D M Institute Of Nursing Sciences,"S D M Institute Of Nursing Sciences, Manjushree Nagar, Sattur, Dharwar , Distt.- Dharwar, Karnataka, Pin Code- 580009",S D M Educational Society,Dharwar,Karnataka,Private,M. Sc (N),"12 (Twelve) Chn-4, Med-Surg-4, Paed-4",2025-2026,21,https://online.indiannursingcouncil.org/Reports/YearlyReportByState.aspx,2026-09-11T11:21:31.054850
16,S J B School Of Nursing,"S J B School Of Nursing, No.67 Bgs Health And Education City ,Uttarahalli Road Kengeri , Bangalore, Distt.- Bangalore, Karnataka, Pin Code- 560060",Nsvk,Bangalore,Karnataka,Private,GNM,40 (Forty),2025-2026,21,https://online.indiannursingcouncil.org/Reports/YearlyReportByState.aspx,2026-09-11T11:21:31.054850
1,S J B School Of Nursing,"S J B School Of Nursing, No.67 Bgs Health And Education City ,Uttarahalli Road Kengeri , Bangalore, Distt.- Bangalore, Karnataka, Pin Code- 560060",Nsvk,Bangalore,Karnataka,Private,B.Sc(N),100 (One Hundred),2025-2026,22,https://online.indiannursingcouncil.org/Reports/YearlyReportByState.aspx,2026-09-11T11:21:39.701757
1,S J B School Of Nursing,"S J B School Of Nursing, No.67 Bgs Health And Education City ,Uttarahalli Road Kengeri , Bangalore, Distt.- Bangalore, Karnataka, Pin Code- 560060",Nsvk,Bangalore,Karnataka,Private,M. Sc (N),"20 : Obg-5, Paed-5, Chn-5, Med-Surg-5",2025-2026,22,https://online.indiannursingcouncil.org/Reports/YearlyReportByState.aspx,2026-09-11T11:21:39.701757
1,S J B School Of Nursing,"S J B School Of Nursing, No.67 Bgs Health And Education City ,Uttarahalli Road Kengeri , Bangalore, Distt.- Bangalore, Karnataka, Pin Code- 560060",Nsvk,Bangalore,Karnataka,Private,P B B.Sc(N),50 (Fifty),2025-2026,22,https://online.indiannursingcouncil.org/Reports/YearlyReportByState.aspx,2026-09-11T11:21:39.701757
2,S J E S School Of Nursing,"S J E S School Of Nursing, Sjes Campus, Medahalli, Virgo Nagar Post, Bangalore, Distt.- Bangalore, Karnataka, Pin Code- 560049",Sri Jayachamarajendra Education Society,Bangalore,Karnataka,Private,GNM,50 (Fifty),2025-2026,22,https://online.indiannursingcouncil.org/Reports/YearlyReportByState.aspx,2026-09-11T11:21:39.701757
3,S J M Institute Of Nursing Sciences,"S J M Institute Of Nursing Sciences, Basaveshwara Hospital Campus, Near Housing Board Colony, Nh-4, By-Pass, , Vill.- Chitradurga, Tehsil- Chitradurga, Distt.- Chitradurga, Karnataka, Pin Code- 5",S J M Vidya Peetha,Chitradurga,Karnataka,Private,B.Sc(N),100 (One Hundred),2025-2026,22,https://online.indiannursingcouncil.org/Reports/YearlyReportByState.aspx,2026-09-11T11:21:39.701757
3,S J M Institute Of Nursing Sciences,"S J M Institute Of Nursing Sciences, Basaveshwara Hospital Campus, Near Housing Board Colony, Nh-4, By-Pass, , Vill.- Chitradurga, Tehsil- Chitradurga, Distt.- Chitradurga, Karnataka, Pin Code- 5",S J M Vidya Peetha,Chitradurga,Karnataka,Private,M. Sc (N),20 (Twenty) Med Surg-05 Obg-05 Psy-10,2025-2026,22,https://online.indiannursingcouncil.org/Reports/YearlyReportByState.aspx,2026-09-11T11:21:39.701757
3,S J M Institute Of Nursing Sciences,"S J M Institute Of Nursing Sciences, Basaveshwara Hospital Campus, Near Housing Board Colony, Nh-4, By-Pass, , Vill.- Chitradurga, Tehsil- Chitradurga, Distt.- Chitradurga, Karnataka, Pin Code- 5",S J M Vidya Peetha,Chitradurga,Karnataka,Private,GNM,60 (Sixty),2025-2026,22,https://online.indiannursingcouncil.org/Reports/YearlyReportByState.aspx,2026-09-11T11:21:39.701757
4,S L V School Of Nursing,"S L V School Of Nursing, Pvr Bhavan, Sree Lakshmi Venkateswara Temple Rd, Agara, Sarjapur Rd, Bangalore, Distt.- Bangalore, Karnataka, Pin Code- 560034",Devaraj Urs Education Society,Bangalore,Karnataka,Private,GNM,40 (Forty),2025-2026,22,https://online.indiannursingcouncil.org/Reports/YearlyReportByState.aspx,2026-09-11T11:21:39.701757
4,S L V School Of Nursing,"S L V School Of Nursing, Pvr Bhavan, Sree Lakshmi Venkateswara Temple Rd, Agara, Sarjapur Rd, Bangalore, Distt.- Bangalore, Karnataka, Pin Code- 560034",Devaraj Urs Education Society,Bangalore,Karnataka,Private,B.Sc(N),60 (Sixty),2025-2026,22,https://online.indiannursingcouncil.org/Reports/YearlyReportByState.aspx,2026-09-11T11:21:39.701757
4,S L V School Of Nursing,"S L V School Of Nursing, Pvr Bhavan, Sree Lakshmi Venkateswara Temple Rd, Agara, Sarjapur Rd, Bangalore, Distt.- Bangalore, Karnataka, Pin Code- 560034",Devaraj Urs Education Society,Bangalore,Karnataka,Private,P B B.Sc(N),30 (Thirty),2025-2026,22,https://online.indiannursingcouncil.org/Reports/YearlyReportByState.aspx,2026-09-11T11:21:39.701757
5,S N S College Of Nursing,"S N S College Of Nursing, Gundlupet , Gundlupet, Distt.- Chamaraja Nagara, Karnataka, Pin Code- 571111",Sri Nirvaneswara Charitable Trust,Chamaraja Nagara,Karnataka,Private,M. Sc (N),10 (Ten),2025-2026,22,https://online.indiannursingcouncil.org/Reports/YearlyReportByState.aspx,2026-09-11T11:21:39.701757
5,S N S College Of Nursing,"S N S College Of Nursing, Gundlupet , Gundlupet, Distt.- Chamaraja Nagara, Karnataka, Pin Code- 571111",Sri Nirvaneswara Charitable Trust,Chamaraja Nagara,Karnataka,Private,B.Sc(N),60 (Sixty),2025-2026,22,https://online.indiannursingcouncil.org/Reports/YearlyReportByState.aspx,2026-09-11T11:21:39.701757
5,S N S College Of Nursing,"S N S College Of Nursing, Gundlupet , Gundlupet, Distt.- Chamaraja Nagara, Karnataka, Pin Code- 571111",Sri Nirvaneswara Charitable Trust,Chamaraja Nagara,Karnataka,Private,P B B.Sc(N),20 (Twenty),2025-2026,22,https://online.indiannursingcouncil.org/Reports/YearlyReportByState.aspx,2026-09-11T11:21:39.701757
6,S S Institute Of Nursing Sciences,"S S Institute Of Nursing Sciences, Nanashankara&Quot; Ssims Rc Campus, Nh-4 Byapass Road, Davangere, Distt.- Davanagere, Karnataka, Pin Code- 577005",Bapuji Educational Association,Davanagere,Karnataka,Private,GNM,60 (Sixty),2025-2026,22,https://online.indiannursingcouncil.org/Reports/YearlyReportByState.aspx,2026-09-11T11:21:39.701757
6,S S Institute Of Nursing Sciences,"S S Institute Of Nursing Sciences, Nanashankara&Quot; Ssims Rc Campus, Nh-4 Byapass Road, Davangere, Distt.- Davanagere, Karnataka, Pin Code- 577005",Bapuji Educational Association,Davanagere,Karnataka,Private,B.Sc(N),100 (One Hundred),2025-2026,22,https://online.indiannursingcouncil.org/Reports/YearlyReportByState.aspx,2026-09-11T11:21:39.701757
6,S S Institute Of Nursing Sciences,"S S Institute Of Nursing Sciences, Nanashankara&Quot; Ssims Rc Campus, Nh-4 Byapass Road, Davangere, Distt.- Davanagere, Karnataka, Pin Code- 577005",Bapuji Educational Association,Davanagere,Karnataka,Private,M. Sc (N),10 Med-Surg-5 Chn-5,2025-2026,22,https://online.indiannursingcouncil.org/Reports/YearlyReportByState.aspx,2026-09-11T11:21:39.701757
7,S T G College Of Nursing,"S T G College Of Nursing, Opposite Gandhi Maidan, Nh-75, Nellyady Post, Kadaba Taluk, Dakshina Kannada District, Karnataka State - 574229, Nellyady, Distt.- Dakshina Kannada, Karnataka, Pin Code-",St Gregorios Educational And Charitable Trust R,Dakshina Kannada,Karnataka,Private,B.Sc(N),40 (Forty),2025-2026,22,https://online.indiannursingcouncil.org/Reports/YearlyReportByState.aspx,2026-09-11T11:21:39.701757
8,S.D.M. Trust's Danigond College Of Nursing,"S.D.M. Trust's Danigond College Of Nursing, Sdm Trust Dr.Sidhant Nagar Terdal Tq Jamakhnadi Dist Bagalkot, Terdal, Distt.- Bagalkote, Karnataka, Pin Code- 587315",Sidramappa Danigond Memorial Trust,Bagalkote,Karnataka,Private,B.Sc(N),40 (Forty),2025-2026,22,https://online.indiannursingcouncil.org/Reports/YearlyReportByState.aspx,2026-09-11T11:21:39.701757
9,S.V.N. College Of Nursing,"S.V.N. College Of Nursing , #3542, Maruthi Extension, Gayathrinagar, Bengaluru-560021., Bengaluru, Distt.- Bangalore, Karnataka, Pin Code- 560021",Saraswathi Education Society,Bangalore,Karnataka,Private,B.Sc(N),40 (Forty),2025-2026,22,https://online.indiannursingcouncil.org/Reports/YearlyReportByState.aspx,2026-09-11T11:21:39.701757
10,Sacred Heart College Of Nursing,"Sacred Heart College Of Nursing, No:432,2Nd Cross, M S Ramaiah Enclave, Bangalore- 560073, Bangalore, Distt.- Bangalore, Karnataka, Pin Code- 560073",Divine Educational And Charitable Trust,Bangalore,Karnataka,Private,B.Sc(N),40 (Forty),2025-2026,22,https://online.indiannursingcouncil.org/Reports/YearlyReportByState.aspx,2026-09-11T11:21:39.701757
11,Sacred Heart Institute Of Nursing,"Sacred Heart Institute Of Nursing, 691/A,B, Lohithnagara, Nelamangala Town, Karnataka , Bangalore Rural, Distt.- Bangalore Rural, Karnataka, Pin Code- 562123",Shalom Educational And Charitable Trust,Bangalore Rural,Karnataka,Private,B.Sc(N),40 (Forty),2025-2026,22,https://online.indiannursingcouncil.org/Reports/YearlyReportByState.aspx,2026-09-11T11:21:39.701757
12,Sahyadri College Of Nursing,"Sahyadri College Of Nursing, &#8220;A.A Commercials&#8221; Padukody Village, Kuloor Ferry Road, Kuloor Junction, Mangaluru, Dakshina Kannada-575013., Mangaluru, Distt.- Dakshina Kannada, Karnataka, Pin Co",Nethaji Education And Charitable Trust,Dakshina Kannada,Karnataka,Private,B.Sc(N),50 (Fifty),2025-2026,22,https://online.indiannursingcouncil.org/Reports/YearlyReportByState.aspx,2026-09-11T11:21:39.701757
12,Sahyadri College Of Nursing,"Sahyadri College Of Nursing, &#8220;A.A Commercials&#8221; Padukody Village, Kuloor Ferry Road, Kuloor Junction, Mangaluru, Dakshina Kannada-575013., Mangaluru, Distt.- Dakshina Kannada, Karnataka, Pin Co",Nethaji Education And Charitable Trust,Dakshina Kannada,Karnataka,Private,GNM,50 (Fifty),2025-2026,22,https://online.indiannursingcouncil.org/Reports/YearlyReportByState.aspx,2026-09-11T11:21:39.701757
13,Sainik School Of Nursing,"Sainik School Of Nursing, Sy No.5/2B /11, Vidhana Soudha Layout, Preethinagar, Laggre, Bangalore, Distt.- Bangalore, Karnataka, Pin Code- 560058",Ekadantha Charitable Trust,Bangalore,Karnataka,Private,GNM,50 (Fifty),2025-2026,22,https://online.indiannursingcouncil.org/Reports/YearlyReportByState.aspx,2026-09-11T11:21:39.701757
13,Sainik School Of Nursing,"Sainik School Of Nursing, Sy No.5/2B /11, Vidhana Soudha Layout, Preethinagar, Laggre, Bangalore, Distt.- Bangalore, Karnataka, Pin Code- 560058",Ekadantha Charitable Trust,Bangalore,Karnataka,Private,B.Sc(N),60 (Sixty),2025-2026,22,https://online.indiannursingcouncil.org/Reports/YearlyReportByState.aspx,2026-09-11T11:21:39.701757
14,Saint Alphonsa School Of Nursing,"Saint Alphonsa School Of Nursing , #81, 3Rd Cross Near Fortis Hospital Nagarabhavi, Bangalore- 560072, Bangalore , Distt.- Bangalore, Karnataka, Pin Code- 560072",Saint Alphonsa Education Trust,Bangalore,Karnataka,Private,GNM,60 (Sixty),2025-2026,22,https://online.indiannursingcouncil.org/Reports/YearlyReportByState.aspx,2026-09-11T11:21:39.701757
14,Saint Alphonsa School Of Nursing,"Saint Alphonsa School Of Nursing , #81, 3Rd Cross Near Fortis Hospital Nagarabhavi, Bangalore- 560072, Bangalore , Distt.- Bangalore, Karnataka, Pin Code- 560072",Saint Alphonsa Education Trust,Bangalore,Karnataka,Private,B.Sc(N),40 (Forty),2025-2026,22,https://online.indiannursingcouncil.org/Reports/YearlyReportByState.aspx,2026-09-11T11:21:39.701757
15,Saint Antony's College Of Nursing,"Saint Antony's College Of Nursing , #9,1St Main Nagarabhavi Circle , Bangalore, Distt.- Bangalore, Karnataka, Pin Code- 560072",Saint Antony's Education Trust,Bangalore,Karnataka,Private,B.Sc(N),40 (Forty),2025-2026,22,https://online.indiannursingcouncil.org/Reports/YearlyReportByState.aspx,2026-09-11T11:21:39.701757
15,Saint Antony's College Of Nursing,"Saint Antony's College Of Nursing , #9,1St Main Nagarabhavi Circle , Bangalore, Distt.- Bangalore, Karnataka, Pin Code- 560072",Saint Antony's Education Trust,Bangalore,Karnataka,Private,GNM,40 (Forty),2025-2026,22,https://online.indiannursingcouncil.org/Reports/YearlyReportByState.aspx,2026-09-11T11:21:39.701757
16,Saint Mary's College Of Nursing,"Saint Mary's College Of Nursing, H.B Road,H.D.Kote,Mysore-571114, H.D.Kote, Distt.- Mysore, Karnataka, Pin Code- 571114",St.Mary's Community Health Centre,Mysore,Karnataka,Private,B.Sc(N),40 (Forty),2025-2026,22,https://online.indiannursingcouncil.org/Reports/YearlyReportByState.aspx,2026-09-11T11:21:39.701757
1,Sambhram Institute Of Nursing,"Sambhram Institute Of Nursing, #36,D.K.Halli Plantation, Beml Nagar , K.G.F, Distt.- Kolar, Karnataka, Pin Code- 563115",Sambhram Educational Trust,Kolar,Karnataka,Private,GNM,60 (Sixty),2025-2026,23,https://online.indiannursingcouncil.org/Reports/YearlyReportByState.aspx,2026-09-11T11:21:47.928766
1,Sambhram Institute Of Nursing,"Sambhram Institute Of Nursing, #36,D.K.Halli Plantation, Beml Nagar , K.G.F, Distt.- Kolar, Karnataka, Pin Code- 563115",Sambhram Educational Trust,Kolar,Karnataka,Private,B.Sc(N),40 (Forty),2025-2026,23,https://online.indiannursingcouncil.org/Reports/YearlyReportByState.aspx,2026-09-11T11:21:47.928766
1,Sambhram Institute Of Nursing,"Sambhram Institute Of Nursing, #36,D.K.Halli Plantation, Beml Nagar , K.G.F, Distt.- Kolar, Karnataka, Pin Code- 563115",Sambhram Educational Trust,Kolar,Karnataka,Private,M. Sc (N),"10 (Ten) Obg-4, Med-Surg-3, Chn-3",2025-2026,23,https://online.indiannursingcouncil.org/Reports/YearlyReportByState.aspx,2026-09-11T11:21:47.928766
2,Sana Institute Of Helath Sciences,"Sana Institute Of Helath Sciences, Shantiniketan Bhairidevarkoppa P. B. Road Hubballi 580025, Hubballi, Distt.- Dharwar, Karnataka, Pin Code- 580025",Sana Educational Charitable Trust,Dharwar,Karnataka,Private,GNM,35 (Thirty Five),2025-2026,23,https://online.indiannursingcouncil.org/Reports/YearlyReportByState.aspx,2026-09-11T11:21:47.928766
2,Sana Institute Of Helath Sciences,"Sana Institute Of Helath Sciences, Shantiniketan Bhairidevarkoppa P. B. Road Hubballi 580025, Hubballi, Distt.- Dharwar, Karnataka, Pin Code- 580025",Sana Educational Charitable Trust,Dharwar,Karnataka,Private,B.Sc(N),40 (Forty),2025-2026,23,https://online.indiannursingcouncil.org/Reports/YearlyReportByState.aspx,2026-09-11T11:21:47.928766
3,Sanjay Gandhi College Of Nursing,"Sanjay Gandhi College Of Nursing , Byrasandra Jayanagar East , Bangalore, Distt.- Bangalore, Karnataka, Pin Code- 560011",Sanjay Gandhi Accident Hospital And Research Institute,Bangalore,Karnataka,Private,B.Sc(N),60 (Sixty),2025-2026,23,https://online.indiannursingcouncil.org/Reports/YearlyReportByState.aspx,2026-09-11T11:21:47.928766
4,Sanjeevini Institute Of Nursing Sciences,"Sanjeevini Institute Of Nursing Sciences, 1851/33 2Nd Main 14Th Cross Anjeneya Layout , Davanagere, Distt.- Davanagere, Karnataka, Pin Code- 577004",Sri Sharada Vidya Samsthe,Davanagere,Karnataka,Private,GNM,40 (Forty),2025-2026,23,https://online.indiannursingcouncil.org/Reports/YearlyReportByState.aspx,2026-09-11T11:21:47.928766
5,Sanjo School Of Nursing,"Sanjo School Of Nursing, Srinivaspura, , Mandya, Distt.- Mandya, Karnataka, Pin Code- 571404",Sanjoe Hospital Trust,Mandya,Karnataka,Private,GNM,20 (Twenty),2025-2026,23,https://online.indiannursingcouncil.org/Reports/YearlyReportByState.aspx,2026-09-11T11:21:47.928766
5,Sanjo School Of Nursing,"Sanjo School Of Nursing, Srinivaspura, , Mandya, Distt.- Mandya, Karnataka, Pin Code- 571404",Sanjoe Hospital Trust,Mandya,Karnataka,Private,B.Sc(N),40 (Forty),2025-2026,23,https://online.indiannursingcouncil.org/Reports/YearlyReportByState.aspx,2026-09-11T11:21:47.928766
6,Sankanur Institute Of Nursing,"Sankanur Institute Of Nursing, Sankanur Institute Of Nursing Sankanur Hospital And Research Center Sambhapur Road Gadag Karnataka India 582103, Gadag, Distt.- Gadag, Karnataka, Pin Code- 582103",Udyog Mahithi Hagu Tarabeti Kendra,Gadag,Karnataka,Private,B.Sc(N),40 (Forty),2025-2026,23,https://online.indiannursingcouncil.org/Reports/YearlyReportByState.aspx,2026-09-11T11:21:47.928766
7,Santosh Institute Of Nursing And Rsearch,"Santosh Institute Of Nursing And Rsearch, No 6/1 Promnade Road,Bangalore-560005, Bangalore, Distt.- Bangalore, Karnataka, Pin Code- 560005",Saklecha Trust,Bangalore,Karnataka,Private,B.Sc(N),40 (Forty),2025-2026,23,https://online.indiannursingcouncil.org/Reports/YearlyReportByState.aspx,2026-09-11T11:21:47.928766
7,Santosh Institute Of Nursing And Rsearch,"Santosh Institute Of Nursing And Rsearch, No 6/1 Promnade Road,Bangalore-560005, Bangalore, Distt.- Bangalore, Karnataka, Pin Code- 560005",Saklecha Trust,Bangalore,Karnataka,Private,GNM,40 (Forty),2025-2026,23,https://online.indiannursingcouncil.org/Reports/YearlyReportByState.aspx,2026-09-11T11:21:47.928766
8,Sapthagiri School Of Nursing,"Sapthagiri School Of Nursing, No.15, Hesaraghatta Main Road, Chikkasandra, Distt.- Bangalore, Karnataka, Pin Code- 560090",Shree Srivivasa Educational Charitable Trust,Bangalore,Karnataka,Private,GNM,60 (Sixty),2025-2026,23,https://online.indiannursingcouncil.org/Reports/YearlyReportByState.aspx,2026-09-11T11:21:47.928766
8,Sapthagiri School Of Nursing,"Sapthagiri School Of Nursing, No.15, Hesaraghatta Main Road, Chikkasandra, Distt.- Bangalore, Karnataka, Pin Code- 560090",Shree Srivivasa Educational Charitable Trust,Bangalore,Karnataka,Private,B.Sc(N),240 (Two Hundred Forty),2025-2026,23,https://online.indiannursingcouncil.org/Reports/YearlyReportByState.aspx,2026-09-11T11:21:47.928766
9,Saraswathi School Of Nursing,"Saraswathi School Of Nursing, Yaranaganahalli Road, Oorgaumpet, Kgf, Distt.- Kolar, Karnataka, Pin Code- 563121",Saraswathi Educational Trust,Kolar,Karnataka,Private,GNM,50 (Fifty),2025-2026,23,https://online.indiannursingcouncil.org/Reports/YearlyReportByState.aspx,2026-09-11T11:21:47.928766
10,Sarathi School Of Nursing,"Sarathi School Of Nursing, O.1516, Chikkasandra, Yashwanthpura Hobli,, Vill.- Chikkasandra, Tehsil- Bangalore North, Distt.- Bangalore, Karnataka, Pin Code- 560090",Southern Educational Trust,Bangalore,Karnataka,Private,GNM,50 (Fifty),2025-2026,23,https://online.indiannursingcouncil.org/Reports/YearlyReportByState.aspx,2026-09-11T11:21:47.928766
11,Sarji Institute Of Nursing Sciences,"Sarji Institute Of Nursing Sciences, Near New Delhi World School,Vajpeayee Layout, Sagara Road, Nh - 206Malligenahalli,Shimoga , Shimoga, Distt.- Shimoga, Karnataka, Pin Code- 577205",Sarji Foundation,Shimoga,Karnataka,Private,B.Sc(N),40 (Forty),2025-2026,23,https://online.indiannursingcouncil.org/Reports/YearlyReportByState.aspx,2026-09-11T11:21:47.928766
12,Sarvodaya School Of Nursing,"Sarvodaya School Of Nursing, # 9/180, Mahalakshmipuram Post, Kurubarahalli,, Bangalore, Distt.- Bangalore, Karnataka, Pin Code- 560086",Mattadahally Jagajivanram Sarvodaya Sangha,Bangalore,Karnataka,Private,GNM,60 (Sixty),2025-2026,23,https://online.indiannursingcouncil.org/Reports/YearlyReportByState.aspx,2026-09-11T11:21:47.928766
13,School Of Nursing,"School Of Nursing, C S I Holdsworth Memorial Hospital, Mysore, Distt.- Mysore, Karnataka, Pin Code- 570001",Mary Calvert Holdsworth Memorial Hospital Association,Mysore,Karnataka,Private,GNM,35 (Thirty Five),2025-2026,23,https://online.indiannursingcouncil.org/Reports/YearlyReportByState.aspx,2026-09-11T11:21:47.928766
14,School Of Nursing,"School Of Nursing, District Hospital , Gulbarga, Distt.- Gulbarga, Karnataka, Pin Code- 585105",Government Of Karnataka,Gulbarga,Karnataka,Government,GNM,35 (Thirty Five),2025-2026,23,https://online.indiannursingcouncil.org/Reports/YearlyReportByState.aspx,2026-09-11T11:21:47.928766
15,Seshaiah/ Jahnavi College Of Nursing,"Seshaiah/ Jahnavi College Of Nursing, 13/1, Ambha Bhavani Temple Road, Vidyaranyapur Post , Vill.- Doddabettahalli, Tehsil- Bangalore North, Distt.- Bangalore, Karnataka, Pin Code- 560097",Kumaraswamy Vruddhashram Trust,Bangalore,Karnataka,Private,B.Sc(N),40 (Forty),2025-2026,23,https://online.indiannursingcouncil.org/Reports/YearlyReportByState.aspx,2026-09-11T11:21:47.928766
15,Seshaiah/ Jahnavi College Of Nursing,"Seshaiah/ Jahnavi College Of Nursing, 13/1, Ambha Bhavani Temple Road, Vidyaranyapur Post , Vill.- Doddabettahalli, Tehsil- Bangalore North, Distt.- Bangalore, Karnataka, Pin Code- 560097",Kumaraswamy Vruddhashram Trust,Bangalore,Karnataka,Private,P B B.Sc(N),30 (Thirty),2025-2026,23,https://online.indiannursingcouncil.org/Reports/YearlyReportByState.aspx,2026-09-11T11:21:47.928766
15,Seshaiah/ Jahnavi College Of Nursing,"Seshaiah/ Jahnavi College Of Nursing, 13/1, Ambha Bhavani Temple Road, Vidyaranyapur Post , Vill.- Doddabettahalli, Tehsil- Bangalore North, Distt.- Bangalore, Karnataka, Pin Code- 560097",Kumaraswamy Vruddhashram Trust,Bangalore,Karnataka,Private,GNM,50 (Fifty),2025-2026,23,https://online.indiannursingcouncil.org/Reports/YearlyReportByState.aspx,2026-09-11T11:21:47.928766
16,Shantha College Of Nursing,"Shantha College Of Nursing, Peresandra Cross, B. B. Road, Nh-7, Chikkaballapur Taluk District - 562104, Peresandra, Distt.- Chikkaballapura, Karnataka, Pin Code- 562104",Sri Saikrishna Charitable Trust,Chikkaballapura,Karnataka,Private,B.Sc(N),60 (Sixty),2025-2026,23,https://online.indiannursingcouncil.org/Reports/YearlyReportByState.aspx,2026-09-11T11:21:47.928766
17,Shanti Dhama College Of Nursing,"Shanti Dhama College Of Nursing, #1/2A, Kodieghalli Village, Opp. Government School, Vishwaneedam Post , Magadi Main Road, Vill.- Bangalore, Tehsil- Bangalore North, Distt.- Bangalore, Karnataka,",Shree Gangadeshwara Edu Trust,Bangalore,Karnataka,Private,B.Sc(N),50 (Fifty),2025-2026,23,https://online.indiannursingcouncil.org/Reports/YearlyReportByState.aspx,2026-09-11T11:21:47.928766
17,Shanti Dhama College Of Nursing,"Shanti Dhama College Of Nursing, #1/2A, Kodieghalli Village, Opp. Government School, Vishwaneedam Post , Magadi Main Road, Vill.- Bangalore, Tehsil- Bangalore North, Distt.- Bangalore, Karnataka,",Shree Gangadeshwara Edu Trust,Bangalore,Karnataka,Private,M. Sc (N),25 5 In Each Speciality,2025-2026,23,https://online.indiannursingcouncil.org/Reports/YearlyReportByState.aspx,2026-09-11T11:21:47.928766
17,Shanti Dhama College Of Nursing,"Shanti Dhama College Of Nursing, #1/2A, Kodieghalli Village, Opp. Government School, Vishwaneedam Post , Magadi Main Road, Vill.- Bangalore, Tehsil- Bangalore North, Distt.- Bangalore, Karnataka,",Shree Gangadeshwara Edu Trust,Bangalore,Karnataka,Private,P B B.Sc(N),40 (Forty),2025-2026,23,https://online.indiannursingcouncil.org/Reports/YearlyReportByState.aspx,2026-09-11T11:21:47.928766
17,Shanti Dhama College Of Nursing,"Shanti Dhama College Of Nursing, #1/2A, Kodieghalli Village, Opp. Government School, Vishwaneedam Post , Magadi Main Road, Vill.- Bangalore, Tehsil- Bangalore North, Distt.- Bangalore, Karnataka,",Shree Gangadeshwara Edu Trust,Bangalore,Karnataka,Private,GNM,40 (Forty),2025-2026,23,https://online.indiannursingcouncil.org/Reports/YearlyReportByState.aspx,2026-09-11T11:21:47.928766
18,Sharada Nursing Institute,"Sharada Nursing Institute, C/O Sdc Hospital,Vidyaranyapura P.B.No 13, Sringeri, Distt.- Chikmagalur, Karnataka, Pin Code- 577139",S A V M P S J C Medical Foundation,Chikmagalur,Karnataka,Private,B.Sc(N),40 (Forty),2025-2026,23,https://online.indiannursingcouncil.org/Reports/YearlyReportByState.aspx,2026-09-11T11:21:47.928766
19,Sharadambe Institute Of Nursing Sciences,"Sharadambe Institute Of Nursing Sciences, B.V.V. Sangha's Sharadambe Institute Of Nursing Sciences, Engineering College Campus Vidyagiri Bagalkote, Bagalkote, Distt.- Bagalkote, Karnataka, Pin Code",Basaveshwar Veerashaiva Vidhya Vardhak Sangha,Bagalkote,Karnataka,Private,GNM,50 (Fifty),2025-2026,23,https://online.indiannursingcouncil.org/Reports/YearlyReportByState.aspx,2026-09-11T11:21:47.928766
1,Sharadambe Institute Of Nursing Sciences,"Sharadambe Institute Of Nursing Sciences, B.V.V. Sangha's Sharadambe Institute Of Nursing Sciences, Engineering College Campus Vidyagiri Bagalkote, Bagalkote, Distt.- Bagalkote, Karnataka, Pin Code",Basaveshwar Veerashaiva Vidhya Vardhak Sangha,Bagalkote,Karnataka,Private,B.Sc(N),40 (Forty),2025-2026,24,https://online.indiannursingcouncil.org/Reports/YearlyReportByState.aspx,2026-09-11T11:21:57.292120
2,Shekhar Institute Of Nursing,"Shekhar Institute Of Nursing, #1357, 15Th Cross, R K Hegde Nagar, Dr. S K Nagar Post, Bangalore, Distt.- Bangalore, Karnataka, Pin Code- 560083",Shekhar Medical And Educational Trust,Bangalore,Karnataka,Private,GNM,60 (Sixty),2025-2026,24,https://online.indiannursingcouncil.org/Reports/YearlyReportByState.aspx,2026-09-11T11:21:57.292120
2,Shekhar Institute Of Nursing,"Shekhar Institute Of Nursing, #1357, 15Th Cross, R K Hegde Nagar, Dr. S K Nagar Post, Bangalore, Distt.- Bangalore, Karnataka, Pin Code- 560083",Shekhar Medical And Educational Trust,Bangalore,Karnataka,Private,B.Sc(N),60 (Sixty),2025-2026,24,https://online.indiannursingcouncil.org/Reports/YearlyReportByState.aspx,2026-09-11T11:21:57.292120
3,Shilpa School Of Nursing,"Shilpa School Of Nursing,, Daddenavar Hospital & Research Centre, Near Rural Police Station,Extension Area, Bagalkot, Distt.- Bagalkote, Karnataka, Pin Code- 587101",Daddenavar Education Society,Bagalkote,Karnataka,Private,GNM,40 (Forty),2025-2026,24,https://online.indiannursingcouncil.org/Reports/YearlyReportByState.aspx,2026-09-11T11:21:57.292120
4,Shirdi Saibaba College Of Nursing,"Shirdi Saibaba College Of Nursing, Kashibettu Belthangady Taluk Dakshina Kannada, Kashibettu Village, Distt.- Dakshina Kannada, Karnataka, Pin Code- 574214",Dix Education Trust,Dakshina Kannada,Karnataka,Private,B.Sc(N),40 (Forty),2025-2026,24,https://online.indiannursingcouncil.org/Reports/YearlyReportByState.aspx,2026-09-11T11:21:57.292120
5,Shree Bhavani School Of Nursing,"Shree Bhavani School Of Nursing, 19/1,19Th Cross,3Rd Main Road,Bhavaneshwarinagar,, Bangalore, Distt.- Bangalore, Karnataka, Pin Code- 0",S S Educational Trust,Bangalore,Karnataka,Private,GNM,40 (Forty),2025-2026,24,https://online.indiannursingcouncil.org/Reports/YearlyReportByState.aspx,2026-09-11T11:21:57.292120
6,Shree Devi College Of Nursing,"Shree Devi College Of Nursing, Maina Towers, Ballalbagh, Mangalore, Distt.- Dakshina Kannada, Karnataka, Pin Code- 575003",Shree Devi Education Trust,Dakshina Kannada,Karnataka,Private,B.Sc(N),60 (Sixty),2025-2026,24,https://online.indiannursingcouncil.org/Reports/YearlyReportByState.aspx,2026-09-11T11:21:57.292120
6,Shree Devi College Of Nursing,"Shree Devi College Of Nursing, Maina Towers, Ballalbagh, Mangalore, Distt.- Dakshina Kannada, Karnataka, Pin Code- 575003",Shree Devi Education Trust,Dakshina Kannada,Karnataka,Private,M. Sc (N),"18 (Eighteen) Obg-4, Paed-4,Med-Surg-4, Psy-4, Chn-2",2025-2026,24,https://online.indiannursingcouncil.org/Reports/YearlyReportByState.aspx,2026-09-11T11:21:57.292120
7,Shree Siddaganga School Of Nursing,"Shree Siddaganga School Of Nursing, B H Road, Tumakuru, Distt.- Tumkur, Karnataka, Pin Code- 572102","Sree Siddaganga Education Society Regd,.",Tumkur,Karnataka,Private,GNM,60 (Sixty),2025-2026,24,https://online.indiannursingcouncil.org/Reports/YearlyReportByState.aspx,2026-09-11T11:21:57.292120
7,Shree Siddaganga School Of Nursing,"Shree Siddaganga School Of Nursing, B H Road, Tumakuru, Distt.- Tumkur, Karnataka, Pin Code- 572102","Sree Siddaganga Education Society Regd,.",Tumkur,Karnataka,Private,B.Sc(N),240 (Two Hundred Forty),2025-2026,24,https://online.indiannursingcouncil.org/Reports/YearlyReportByState.aspx,2026-09-11T11:21:57.292120
7,Shree Siddaganga School Of Nursing,"Shree Siddaganga School Of Nursing, B H Road, Tumakuru, Distt.- Tumkur, Karnataka, Pin Code- 572102","Sree Siddaganga Education Society Regd,.",Tumkur,Karnataka,Private,M. Sc (N),25 (Twenty Five) Chn-5 Med-Surg-5 Obg-5 Paed-5 Psy-5,2025-2026,24,https://online.indiannursingcouncil.org/Reports/YearlyReportByState.aspx,2026-09-11T11:21:57.292120
7,Shree Siddaganga School Of Nursing,"Shree Siddaganga School Of Nursing, B H Road, Tumakuru, Distt.- Tumkur, Karnataka, Pin Code- 572102","Sree Siddaganga Education Society Regd,.",Tumkur,Karnataka,Private,P B B.Sc(N),40 (Forty),2025-2026,24,https://online.indiannursingcouncil.org/Reports/YearlyReportByState.aspx,2026-09-11T11:21:57.292120
8,Shreeya Institute Of Nursing Sciences,"Shreeya Institute Of Nursing Sciences, Shreeya Institute Of Nursing Sciences, C/O Shreeya Hospital, Opp: Dist Court, P.B Road, Dharwad, Dharwad, Distt.- Dharwar, Karnataka, Pin Code- 580008",Dr. Y.N Irkal Educational And Charitable Trust,Dharwar,Karnataka,Private,GNM,40 (Forty),2025-2026,24,https://online.indiannursingcouncil.org/Reports/YearlyReportByState.aspx,2026-09-11T11:21:57.292120
9,Shri Atal Bihari Vajpayee Institute Of Nursing,"Shri Atal Bihari Vajpayee Institute Of Nursing, Lady Curzon Road, Shivajinagar Bangalore, Bangalore, Distt.- Bangalore, Karnataka, Pin Code- 560001",Government Of Karnataka,Bangalore,Karnataka,Government,GNM,45 (Forty Five),2025-2026,24,https://online.indiannursingcouncil.org/Reports/YearlyReportByState.aspx,2026-09-11T11:21:57.292120
9,Shri Atal Bihari Vajpayee Institute Of Nursing,"Shri Atal Bihari Vajpayee Institute Of Nursing, Lady Curzon Road, Shivajinagar Bangalore, Bangalore, Distt.- Bangalore, Karnataka, Pin Code- 560001",Government Of Karnataka,Bangalore,Karnataka,Government,B.Sc(N),100 (One Hundred),2025-2026,24,https://online.indiannursingcouncil.org/Reports/YearlyReportByState.aspx,2026-09-11T11:21:57.292120
10,Shri B V V Sangha's Sajjalashree Institute F Nursing Sciences,"Shri B V V Sangha's Sajjalashree Institute F Nursing Sciences, Navanagar , Bagalkot, Distt.- Bagalkote, Karnataka, Pin Code- 587101",Shri Basaveshwar Veershaiva Vidya Vardhak Sangha,Bagalkote,Karnataka,Private,B.Sc(N),300 (Three Hundred),2025-2026,24,https://online.indiannursingcouncil.org/Reports/YearlyReportByState.aspx,2026-09-11T11:21:57.292120
10,Shri B V V Sangha's Sajjalashree Institute F Nursing Sciences,"Shri B V V Sangha's Sajjalashree Institute F Nursing Sciences, Navanagar , Bagalkot, Distt.- Bagalkote, Karnataka, Pin Code- 587101",Shri Basaveshwar Veershaiva Vidya Vardhak Sangha,Bagalkote,Karnataka,Private,M. Sc (N),"44 (Forty Four) Paed.- 08, Med. Surg.- 10, Obg- 10, Chn- 12, Psy- 04",2025-2026,24,https://online.indiannursingcouncil.org/Reports/YearlyReportByState.aspx,2026-09-11T11:21:57.292120
10,Shri B V V Sangha's Sajjalashree Institute F Nursing Sciences,"Shri B V V Sangha's Sajjalashree Institute F Nursing Sciences, Navanagar , Bagalkot, Distt.- Bagalkote, Karnataka, Pin Code- 587101",Shri Basaveshwar Veershaiva Vidya Vardhak Sangha,Bagalkote,Karnataka,Private,P B B.Sc(N),50 (Fifty),2025-2026,24,https://online.indiannursingcouncil.org/Reports/YearlyReportByState.aspx,2026-09-11T11:21:57.292120
10,Shri B V V Sangha's Sajjalashree Institute F Nursing Sciences,"Shri B V V Sangha's Sajjalashree Institute F Nursing Sciences, Navanagar , Bagalkot, Distt.- Bagalkote, Karnataka, Pin Code- 587101",Shri Basaveshwar Veershaiva Vidya Vardhak Sangha,Bagalkote,Karnataka,Private,Post Basic Diploma in Neonatal nursing,10 (Ten),2025-2026,24,https://online.indiannursingcouncil.org/Reports/YearlyReportByState.aspx,2026-09-11T11:21:57.292120
11,Shri Bahubali School Of Nursing,"Shri Bahubali School Of Nursing, Gommata Nagar, Shravanabelagola, Distt.- Hassan, Karnataka, Pin Code- 573135",Ssdjjp Sangha R,Hassan,Karnataka,Private,GNM,60 (Sixty),2025-2026,24,https://online.indiannursingcouncil.org/Reports/YearlyReportByState.aspx,2026-09-11T11:21:57.292120
12,Shri Datta Sai Nursing School,"Shri Datta Sai Nursing School, Ankathattahalli Road Bethamangala , Bethamangala , Distt.- Kolar, Karnataka, Pin Code- 563116",Bhuvaneshwari Physically Handicapped And Child Welfare Trust,Kolar,Karnataka,Private,GNM,45 (Forty Five),2025-2026,24,https://online.indiannursingcouncil.org/Reports/YearlyReportByState.aspx,2026-09-11T11:21:57.292120
13,Shri Gomatesh Education Society's Instittute Of Nursing,"Shri Gomatesh Education Society's Instittute Of Nursing , A/P.Ankali-591213 Tq.Chikodi , Ankali , Distt.- Belgaum, Karnataka, Pin Code- 591213",Shree Gomatesh Education Society,Belgaum,Karnataka,Private,GNM,40 (Forty),2025-2026,24,https://online.indiannursingcouncil.org/Reports/YearlyReportByState.aspx,2026-09-11T11:21:57.292120
13,Shri Gomatesh Education Society's Instittute Of Nursing,"Shri Gomatesh Education Society's Instittute Of Nursing , A/P.Ankali-591213 Tq.Chikodi , Ankali , Distt.- Belgaum, Karnataka, Pin Code- 591213",Shree Gomatesh Education Society,Belgaum,Karnataka,Private,B.Sc(N),40 (Forty),2025-2026,24,https://online.indiannursingcouncil.org/Reports/YearlyReportByState.aspx,2026-09-11T11:21:57.292120
14,Shri J G Co-Operative Hospital Research,"Shri J G Co-Operative Hospital Research, Dr. Gangadhar Nagar, Ghataprabha, Distt.- Belgaum, Karnataka, Pin Code- 591306",Shri. J. G. Co-Operative Hospital Society Ltd,Belgaum,Karnataka,Private,GNM,50 (Fifty),2025-2026,24,https://online.indiannursingcouncil.org/Reports/YearlyReportByState.aspx,2026-09-11T11:21:57.292120
14,Shri J G Co-Operative Hospital Research,"Shri J G Co-Operative Hospital Research, Dr. Gangadhar Nagar, Ghataprabha, Distt.- Belgaum, Karnataka, Pin Code- 591306",Shri. J. G. Co-Operative Hospital Society Ltd,Belgaum,Karnataka,Private,B.Sc(N),40 (Forty),2025-2026,24,https://online.indiannursingcouncil.org/Reports/YearlyReportByState.aspx,2026-09-11T11:21:57.292120
14,Shri J G Co-Operative Hospital Research,"Shri J G Co-Operative Hospital Research, Dr. Gangadhar Nagar, Ghataprabha, Distt.- Belgaum, Karnataka, Pin Code- 591306",Shri. J. G. Co-Operative Hospital Society Ltd,Belgaum,Karnataka,Private,M. Sc (N),"14 (Forteen) Paed-04, Med-Surg-06, Obg-04",2025-2026,24,https://online.indiannursingcouncil.org/Reports/YearlyReportByState.aspx,2026-09-11T11:21:57.292120
15,Shri Laxmi Venkateswara School Of Nursing,"Shri Laxmi Venkateswara School Of Nursing, Near Challakere, Tolgate, Chitradurga, Distt.- Chitradurga, Karnataka, Pin Code- 577501",Devaraj Urs Education Society,Chitradurga,Karnataka,Private,GNM,30 (Thirty),2025-2026,24,https://online.indiannursingcouncil.org/Reports/YearlyReportByState.aspx,2026-09-11T11:21:57.292120
16,Shri Manjunatha College Of Nursing And Manjunatha School Of Nursing Sciences,"Shri Manjunatha College Of Nursing And Manjunatha School Of Nursing Sciences , No.22, Chokkanahalli, Hegde Nagar Main Road, Jakkur Post, Yelahanka Hobli, Bangalore-560064, Bangalore, Distt.- Bangal",Manjunatha Education Trust,Bangalore,Karnataka,Private,GNM,40 (Forty),2025-2026,24,https://online.indiannursingcouncil.org/Reports/YearlyReportByState.aspx,2026-09-11T11:21:57.292120
16,Shri Manjunatha College Of Nursing And Manjunatha School Of Nursing Sciences,"Shri Manjunatha College Of Nursing And Manjunatha School Of Nursing Sciences , No.22, Chokkanahalli, Hegde Nagar Main Road, Jakkur Post, Yelahanka Hobli, Bangalore-560064, Bangalore, Distt.- Bangal",Manjunatha Education Trust,Bangalore,Karnataka,Private,B.Sc(N),40 (Forty),2025-2026,24,https://online.indiannursingcouncil.org/Reports/YearlyReportByState.aspx,2026-09-11T11:21:57.292120
17,Shri Maruthi College Of Nursing,"Shri Maruthi College Of Nursing,, No-21/A, Doddabylakere,Hessarghatta Road, Shivakot, Yelahanka, Vill.- Yelahanka, Tehsil- Bangalore North, Distt.- Bangalore, Karnataka, Pin Code- 560089",Sri Bhavani Trust,Bangalore,Karnataka,Private,B.Sc(N),40 (Forty),2025-2026,24,https://online.indiannursingcouncil.org/Reports/YearlyReportByState.aspx,2026-09-11T11:21:57.292120
1,Shri Maruthi College Of Nursing,"Shri Maruthi College Of Nursing,, No-21/A, Doddabylakere,Hessarghatta Road, Shivakot, Yelahanka, Vill.- Yelahanka, Tehsil- Bangalore North, Distt.- Bangalore, Karnataka, Pin Code- 560089",Sri Bhavani Trust,Bangalore,Karnataka,Private,P B B.Sc(N),30 (Thirty),2025-2026,25,https://online.indiannursingcouncil.org/Reports/YearlyReportByState.aspx,2026-09-11T11:22:05.332368
2,Shri Maruthi School Of Nursing,"Shri Maruthi School Of Nursing , No 20 Doodabylakere Hessarghattta Road Shivakote Yelahanka Bangalore , Bangalore , Distt.- Bangalore, Karnataka, Pin Code- 560089",Global Peace Education Trust,Bangalore,Karnataka,Private,GNM,40 (Forty),2025-2026,25,https://online.indiannursingcouncil.org/Reports/YearlyReportByState.aspx,2026-09-11T11:22:05.332368
3,Shri Renuka Institute Of Nursing,"Shri Renuka Institute Of Nursing,Vijayapur, Om Sai Complex 1771A,1771A1b,Near Zilla Kaigarika Kendra,Apmc Road,Vijayapur-586104, Vijayapur, Distt.- Vijayapura, Karnataka, Pin Code- 586104",Choudhari Hospital Trust,Vijayapura,Karnataka,Private,B.Sc(N),40 (Forty),2025-2026,25,https://online.indiannursingcouncil.org/Reports/YearlyReportByState.aspx,2026-09-11T11:22:05.332368
4,Shri Siddhivinayaka Institute Of Nursing Harugeri,"Shri Siddhivinayaka Institute Of Nursing Harugeri, Athani-Gokak Road Harugeri, Harugeri, Distt.- Belgaum, Karnataka, Pin Code- 591220",Shri S S Jambagi Memorial Education &Amp; Charitable Trust's,Belgaum,Karnataka,Private,B.Sc(N),40 (Forty),2025-2026,25,https://online.indiannursingcouncil.org/Reports/YearlyReportByState.aspx,2026-09-11T11:22:05.332368
5,Shri. B.V.V.S Institute Of Nursing Sciences Bagalkote,"Shri. B.V.V.S Institute Of Nursing Sciences Bagalkote, B.V.V.Sangha Old Campus Belgaum-Raichur Road, Bagalkote-587 101, Bagalkot, Distt.- Bagalkote, Karnataka, Pin Code- 587101",Shri Basaveshwar Veerashaiva Vidhya Vardhak Sangha Bagalkot Karnataka,Bagalkote,Karnataka,Private,GNM,60 (Sixty),2025-2026,25,https://online.indiannursingcouncil.org/Reports/YearlyReportByState.aspx,2026-09-11T11:22:05.332368
5,Shri. B.V.V.S Institute Of Nursing Sciences Bagalkote,"Shri. B.V.V.S Institute Of Nursing Sciences Bagalkote, B.V.V.Sangha Old Campus Belgaum-Raichur Road, Bagalkote-587 101, Bagalkot, Distt.- Bagalkote, Karnataka, Pin Code- 587101",Shri Basaveshwar Veerashaiva Vidhya Vardhak Sangha Bagalkot Karnataka,Bagalkote,Karnataka,Private,B.Sc(N),40 (Forty),2025-2026,25,https://online.indiannursingcouncil.org/Reports/YearlyReportByState.aspx,2026-09-11T11:22:05.332368
6,Shridevi College Of Nursing,"Shridevi College Of Nursing,, Lingapura, Sira Road, Tumkur, Tumkur, Distt.- Tumkur, Karnataka, Pin Code- 572106",Shri Devi Educational Trust,Tumkur,Karnataka,Private,B.Sc(N),240 (Two Hundred Forty),2025-2026,25,https://online.indiannursingcouncil.org/Reports/YearlyReportByState.aspx,2026-09-11T11:22:05.332368
6,Shridevi College Of Nursing,"Shridevi College Of Nursing,, Lingapura, Sira Road, Tumkur, Tumkur, Distt.- Tumkur, Karnataka, Pin Code- 572106",Shri Devi Educational Trust,Tumkur,Karnataka,Private,M. Sc (N),25 (Twenty Five),2025-2026,25,https://online.indiannursingcouncil.org/Reports/YearlyReportByState.aspx,2026-09-11T11:22:05.332368
6,Shridevi College Of Nursing,"Shridevi College Of Nursing,, Lingapura, Sira Road, Tumkur, Tumkur, Distt.- Tumkur, Karnataka, Pin Code- 572106",Shri Devi Educational Trust,Tumkur,Karnataka,Private,P B B.Sc(N),50 (Fifty),2025-2026,25,https://online.indiannursingcouncil.org/Reports/YearlyReportByState.aspx,2026-09-11T11:22:05.332368
6,Shridevi College Of Nursing,"Shridevi College Of Nursing,, Lingapura, Sira Road, Tumkur, Tumkur, Distt.- Tumkur, Karnataka, Pin Code- 572106",Shri Devi Educational Trust,Tumkur,Karnataka,Private,GNM,50 (Fifty),2025-2026,25,https://online.indiannursingcouncil.org/Reports/YearlyReportByState.aspx,2026-09-11T11:22:05.332368
7,Shrinidhi Institute Of Nursing,"Shrinidhi Institute Of Nursing, 93/2, Hommadevanahalli, Begur Hobali, Vill.- Hommadevanahalli Begur Hobli, Tehsil- Bangalore South, Distt.- Bangalore, Karnataka, Pin Code- 560083",Sri Venkateshwara Educational Society,Bangalore,Karnataka,Private,GNM,50 (Fifty),2025-2026,25,https://online.indiannursingcouncil.org/Reports/YearlyReportByState.aspx,2026-09-11T11:22:05.332368
7,Shrinidhi Institute Of Nursing,"Shrinidhi Institute Of Nursing, 93/2, Hommadevanahalli, Begur Hobali, Vill.- Hommadevanahalli Begur Hobli, Tehsil- Bangalore South, Distt.- Bangalore, Karnataka, Pin Code- 560083",Sri Venkateshwara Educational Society,Bangalore,Karnataka,Private,B.Sc(N),60 (Sixty),2025-2026,25,https://online.indiannursingcouncil.org/Reports/YearlyReportByState.aspx,2026-09-11T11:22:05.332368
8,Shrushti School Of Nursing,"Shrushti School Of Nursing, No-19/6-110 D-Jj Fernandez Building Shivanagar, Bidar, Distt.- Bidar, Karnataka, Pin Code- 585401",Shrushti Education Society,Bidar,Karnataka,Private,GNM,40 (Forty),2025-2026,25,https://online.indiannursingcouncil.org/Reports/YearlyReportByState.aspx,2026-09-11T11:22:05.332368
9,Shubham College Of Nursing,"Shubham College Of Nursing, #6,Aishwarya Comfort, Bilisshivale ,Doddagubbi Post, Bangalore, Bangalore, Distt.- Bangalore, Karnataka, Pin Code- 560077",Shubham Charitable Trust,Bangalore,Karnataka,Private,B.Sc(N),40 (Forty),2025-2026,25,https://online.indiannursingcouncil.org/Reports/YearlyReportByState.aspx,2026-09-11T11:22:05.332368
10,Sigma College Of Nursing,"Sigma College Of Nursing , P/8D, Saraswathipurum, Thonachikoppal Road, Sarawathipurum, Mysore , Mysore , Distt.- Mysore, Karnataka, Pin Code- 570009",Sigma Foundation,Mysore,Karnataka,Private,B.Sc(N),40 (Forty),2025-2026,25,https://online.indiannursingcouncil.org/Reports/YearlyReportByState.aspx,2026-09-11T11:22:05.332368
11,Skanda Institute Of Nursing,"Skanda Institute Of Nursing, Singadevanahalli, Dammur Post, Kurugodu Taluk, Ballari, Ballari, Distt.- Bellary, Karnataka, Pin Code- 583155",Vivekananda Yuvaka Sangha,Bellary,Karnataka,Private,B.Sc(N),40 (Forty),2025-2026,25,https://online.indiannursingcouncil.org/Reports/YearlyReportByState.aspx,2026-09-11T11:22:05.332368
12,Smt Gouramma Charantimath Institute Of Nursing Science Hungund,"Smt Gouramma Charantimath Institute Of Nursing Science Hungund, Vijay Mahantesh Vidhya Vardhak Sangha Bagalkot Road Hungund, Hungund, Distt.- Bagalkote, Karnataka, Pin Code- 587118",Vijay Mahantesh Vidhya Vardhak Sangha Hungund,Bagalkote,Karnataka,Private,B.Sc(N),40 (Forty),2025-2026,25,https://online.indiannursingcouncil.org/Reports/YearlyReportByState.aspx,2026-09-11T11:22:05.332368
12,Smt Gouramma Charantimath Institute Of Nursing Science Hungund,"Smt Gouramma Charantimath Institute Of Nursing Science Hungund, Vijay Mahantesh Vidhya Vardhak Sangha Bagalkot Road Hungund, Hungund, Distt.- Bagalkote, Karnataka, Pin Code- 587118",Vijay Mahantesh Vidhya Vardhak Sangha Hungund,Bagalkote,Karnataka,Private,GNM,60 (Sixty),2025-2026,25,https://online.indiannursingcouncil.org/Reports/YearlyReportByState.aspx,2026-09-11T11:22:05.332368
13,Smt Lakshmi Devi College Of Nursing,"Smt Lakshmi Devi College Of Nursing, 128/1,Siddharth Nagar,Chintamani Road,, Town, Distt.- Bangalore Rural, Karnataka, Pin Code- 562114",Sri Sadguru Sai Educational Academy,Bangalore Rural,Karnataka,Private,B.Sc(N),60 (Sixty),2025-2026,25,https://online.indiannursingcouncil.org/Reports/YearlyReportByState.aspx,2026-09-11T11:22:05.332368
13,Smt Lakshmi Devi College Of Nursing,"Smt Lakshmi Devi College Of Nursing, 128/1,Siddharth Nagar,Chintamani Road,, Town, Distt.- Bangalore Rural, Karnataka, Pin Code- 562114",Sri Sadguru Sai Educational Academy,Bangalore Rural,Karnataka,Private,M. Sc (N),28 Obg-4 Psy-6 Paed-6 Chn-6 Med-Surg-6,2025-2026,25,https://online.indiannursingcouncil.org/Reports/YearlyReportByState.aspx,2026-09-11T11:22:05.332368
13,Smt Lakshmi Devi College Of Nursing,"Smt Lakshmi Devi College Of Nursing, 128/1,Siddharth Nagar,Chintamani Road,, Town, Distt.- Bangalore Rural, Karnataka, Pin Code- 562114",Sri Sadguru Sai Educational Academy,Bangalore Rural,Karnataka,Private,P B B.Sc(N),40 (Forty),2025-2026,25,https://online.indiannursingcouncil.org/Reports/YearlyReportByState.aspx,2026-09-11T11:22:05.332368
13,Smt Lakshmi Devi College Of Nursing,"Smt Lakshmi Devi College Of Nursing, 128/1,Siddharth Nagar,Chintamani Road,, Town, Distt.- Bangalore Rural, Karnataka, Pin Code- 562114",Sri Sadguru Sai Educational Academy,Bangalore Rural,Karnataka,Private,GNM,60 (Sixty),2025-2026,25,https://online.indiannursingcouncil.org/Reports/YearlyReportByState.aspx,2026-09-11T11:22:05.332368
14,Smt Nagarathnamma College Of Nursing,"Smt Nagarathnamma College Of Nursing, 89/90, Soldevanahalli,Hesarghatta Main Rd, Chikkabanavara Post, Bangalore, Distt.- Bangalore, Karnataka, Pin Code- 560090",Jmj Education Society,Bangalore,Karnataka,Private,B.Sc(N),60 (Sixty),2025-2026,25,https://online.indiannursingcouncil.org/Reports/YearlyReportByState.aspx,2026-09-11T11:22:05.332368
14,Smt Nagarathnamma College Of Nursing,"Smt Nagarathnamma College Of Nursing, 89/90, Soldevanahalli,Hesarghatta Main Rd, Chikkabanavara Post, Bangalore, Distt.- Bangalore, Karnataka, Pin Code- 560090",Jmj Education Society,Bangalore,Karnataka,Private,M. Sc (N),25 (Twenty Five),2025-2026,25,https://online.indiannursingcouncil.org/Reports/YearlyReportByState.aspx,2026-09-11T11:22:05.332368
14,Smt Nagarathnamma College Of Nursing,"Smt Nagarathnamma College Of Nursing, 89/90, Soldevanahalli,Hesarghatta Main Rd, Chikkabanavara Post, Bangalore, Distt.- Bangalore, Karnataka, Pin Code- 560090",Jmj Education Society,Bangalore,Karnataka,Private,P B B.Sc(N),25 (Twenty Five),2025-2026,25,https://online.indiannursingcouncil.org/Reports/YearlyReportByState.aspx,2026-09-11T11:22:05.332368
14,Smt Nagarathnamma College Of Nursing,"Smt Nagarathnamma College Of Nursing, 89/90, Soldevanahalli,Hesarghatta Main Rd, Chikkabanavara Post, Bangalore, Distt.- Bangalore, Karnataka, Pin Code- 560090",Jmj Education Society,Bangalore,Karnataka,Private,GNM,60 (Sixty),2025-2026,25,https://online.indiannursingcouncil.org/Reports/YearlyReportByState.aspx,2026-09-11T11:22:05.332368
15,Smt Narayani D R Karigowda College Of Nursing,"Smt Narayani D R Karigowda College Of Nursing, Bm Road, Hassan, Distt.- Hassan, Karnataka, Pin Code- 573201",Bhoovanahalli Chennakeshava Swamy Ed. Trust,Hassan,Karnataka,Private,GNM,60 (Sixty),2025-2026,25,https://online.indiannursingcouncil.org/Reports/YearlyReportByState.aspx,2026-09-11T11:22:05.332368
15,Smt Narayani D R Karigowda College Of Nursing,"Smt Narayani D R Karigowda College Of Nursing, Bm Road, Hassan, Distt.- Hassan, Karnataka, Pin Code- 573201",Bhoovanahalli Chennakeshava Swamy Ed. Trust,Hassan,Karnataka,Private,B.Sc(N),60 (Sixty),2025-2026,25,https://online.indiannursingcouncil.org/Reports/YearlyReportByState.aspx,2026-09-11T11:22:05.332368
15,Smt Narayani D R Karigowda College Of Nursing,"Smt Narayani D R Karigowda College Of Nursing, Bm Road, Hassan, Distt.- Hassan, Karnataka, Pin Code- 573201",Bhoovanahalli Chennakeshava Swamy Ed. Trust,Hassan,Karnataka,Private,M. Sc (N),"24 ; Med-Surg-5, Paed-5, Obg-5, Psy-5, Chn-4",2025-2026,25,https://online.indiannursingcouncil.org/Reports/YearlyReportByState.aspx,2026-09-11T11:22:05.332368
15,Smt Narayani D R Karigowda College Of Nursing,"Smt Narayani D R Karigowda College Of Nursing, Bm Road, Hassan, Distt.- Hassan, Karnataka, Pin Code- 573201",Bhoovanahalli Chennakeshava Swamy Ed. Trust,Hassan,Karnataka,Private,P B B.Sc(N),60 (Sixty),2025-2026,25,https://online.indiannursingcouncil.org/Reports/YearlyReportByState.aspx,2026-09-11T11:22:05.332368
1,Smt Sumati Naik Institute Of Nursing Sciences,"Smt Sumati Naik Institute Of Nursing Sciences, Karwar, Karwar , Distt.- Uttara Kannada, Karnataka, Pin Code- 581352",Bapuji Grameen Vikas Samiti,Uttara Kannada,Karnataka,Private,GNM,30 (Thirty),2025-2026,26,https://online.indiannursingcouncil.org/Reports/YearlyReportByState.aspx,2026-09-11T11:22:13.533447
2,Smt. Padma G Madegowda College Of Nursing,"Smt. Padma G Madegowda College Of Nursing, Bet Campus, Bharathinagara, (K. M Doddi), Vill.- Bharathi Nagar, Tehsil- Mandya, Distt.- Mandya, Karnataka, Pin Code- 571422",Bharathi Education Trust,Mandya,Karnataka,Private,B.Sc(N),40 (Forty),2025-2026,26,https://online.indiannursingcouncil.org/Reports/YearlyReportByState.aspx,2026-09-11T11:22:13.533447
2,Smt. Padma G Madegowda College Of Nursing,"Smt. Padma G Madegowda College Of Nursing, Bet Campus, Bharathinagara, (K. M Doddi), Vill.- Bharathi Nagar, Tehsil- Mandya, Distt.- Mandya, Karnataka, Pin Code- 571422",Bharathi Education Trust,Mandya,Karnataka,Private,M. Sc (N),"18 (Eighteen) Chn-03, Med.Surg-05, Obg-03, Pead-05, Psy-02",2025-2026,26,https://online.indiannursingcouncil.org/Reports/YearlyReportByState.aspx,2026-09-11T11:22:13.533447
3,Sneha Bharathi College Of Nursing,"Sneha Bharathi College Of Nursing , Opp.Maraluru Amanikere, Kunigal Road, Tumkur, Distt.- Tumkur, Karnataka, Pin Code- 572105",Bharathi Education Trust,Tumkur,Karnataka,Private,B.Sc(N),40 (Forty),2025-2026,26,https://online.indiannursingcouncil.org/Reports/YearlyReportByState.aspx,2026-09-11T11:22:13.533447
4,Sneha College School Of Nursing,"Sneha College School Of Nursing, #8, Jnanabharathi Main Road, Nagarabhavi Circle, Bengaluru-560072, Bengaluru, Distt.- Bangalore, Karnataka, Pin Code- 560072",Pragathi Education Trust,Bangalore,Karnataka,Private,GNM,60 (Sixty),2025-2026,26,https://online.indiannursingcouncil.org/Reports/YearlyReportByState.aspx,2026-09-11T11:22:13.533447
4,Sneha College School Of Nursing,"Sneha College School Of Nursing, #8, Jnanabharathi Main Road, Nagarabhavi Circle, Bengaluru-560072, Bengaluru, Distt.- Bangalore, Karnataka, Pin Code- 560072",Pragathi Education Trust,Bangalore,Karnataka,Private,B.Sc(N),40 (Forty),2025-2026,26,https://online.indiannursingcouncil.org/Reports/YearlyReportByState.aspx,2026-09-11T11:22:13.533447
5,Sofia College Of Nursing,"Sofia College Of Nursing, #63 Chokkanahalli Hegdenagar Yellahanka Hobli Main Road , Bangalore , Distt.- Bangalore, Karnataka, Pin Code- 560064",U K Memorial Educational Trust,Bangalore,Karnataka,Private,B.Sc(N),40 (Forty),2025-2026,26,https://online.indiannursingcouncil.org/Reports/YearlyReportByState.aspx,2026-09-11T11:22:13.533447
5,Sofia College Of Nursing,"Sofia College Of Nursing, #63 Chokkanahalli Hegdenagar Yellahanka Hobli Main Road , Bangalore , Distt.- Bangalore, Karnataka, Pin Code- 560064",U K Memorial Educational Trust,Bangalore,Karnataka,Private,M. Sc (N),20 (Twenty) Med. Surg-5 Chn-5 Paed-5 Obg-5,2025-2026,26,https://online.indiannursingcouncil.org/Reports/YearlyReportByState.aspx,2026-09-11T11:22:13.533447
5,Sofia College Of Nursing,"Sofia College Of Nursing, #63 Chokkanahalli Hegdenagar Yellahanka Hobli Main Road , Bangalore , Distt.- Bangalore, Karnataka, Pin Code- 560064",U K Memorial Educational Trust,Bangalore,Karnataka,Private,P B B.Sc(N),40 (Forty),2025-2026,26,https://online.indiannursingcouncil.org/Reports/YearlyReportByState.aspx,2026-09-11T11:22:13.533447
6,Sophia College Of Nursing,"Sophia College Of Nursing, Banashankari 2Nd Stage Amarjoythi Nagar Hemavathi Extension Tumkur 572105, Tumkur, Distt.- Tumkur, Karnataka, Pin Code- 572105",Sofiya Education Society,Tumkur,Karnataka,Private,B.Sc(N),40 (Forty),2025-2026,26,https://online.indiannursingcouncil.org/Reports/YearlyReportByState.aspx,2026-09-11T11:22:13.533447
7,Southern College Of Nursing,"Southern College Of Nursing, No.15&16, Vinayaka Nagar, Near Chikkabanavara Railway Station, Chikkabanavra, Bangalore - 560090, Bangalore, Distt.- Bangalore, Karnataka, Pin Code- 560090",Southern Educational Trust,Bangalore,Karnataka,Private,GNM,40 (Forty),2025-2026,26,https://online.indiannursingcouncil.org/Reports/YearlyReportByState.aspx,2026-09-11T11:22:13.533447
8,Sowkhya College Of Nursing,"Sowkhya College Of Nursing, Sowkhya College Of Nursing, Madhuvana, Achladi P.O, Brahmavar Taluk, Udupi District - 576225, Karnataka, Udupi, Distt.- Udupi, Karnataka, Pin Code- 576225",Ecr Trust,Udupi,Karnataka,Private,B.Sc(N),40 (Forty),2025-2026,26,https://online.indiannursingcouncil.org/Reports/YearlyReportByState.aspx,2026-09-11T11:22:13.533447
9,Sowrabha Institute Of Nursiing Sciences,"Sowrabha Institute Of Nursiing Sciences, No 92, Balaji Nagar, Herohalli Village, Near To Last Bus Stop Of Bel Layout, Yeshwantpur Hobli, Bangalore, Distt.- Bangalore, Karnataka, Pin Code- 560091",Sri Krishna Educational And Charitable Trust,Bangalore,Karnataka,Private,B.Sc(N),40 (Forty),2025-2026,26,https://online.indiannursingcouncil.org/Reports/YearlyReportByState.aspx,2026-09-11T11:22:13.533447
10,Sparsh College Of Nursing,"Sparsh College Of Nursing, #8, Ideal Homes, Hbcs Layout, Rajarajeshwari Nagar, Bangalore-560098, Rajarajeshwarinagar, Distt.- Bangalore, Karnataka, Pin Code- 560098",Sparsh Foundation,Bangalore,Karnataka,Private,B.Sc(N),100 (One Hundred),2025-2026,26,https://online.indiannursingcouncil.org/Reports/YearlyReportByState.aspx,2026-09-11T11:22:13.533447
11,Spurthy Institute Of Nursing,"Spurthy Institute Of Nursing, No 328,Marasur Gate,Anekal Main Road,Marasur Post,Anekal Taluk, Anekal, Distt.- Bangalore, Karnataka, Pin Code- 562106",Sri Swamy Siddeshwara Education Society,Bangalore,Karnataka,Private,GNM,60 (Sixty),2025-2026,26,https://online.indiannursingcouncil.org/Reports/YearlyReportByState.aspx,2026-09-11T11:22:13.533447
11,Spurthy Institute Of Nursing,"Spurthy Institute Of Nursing, No 328,Marasur Gate,Anekal Main Road,Marasur Post,Anekal Taluk, Anekal, Distt.- Bangalore, Karnataka, Pin Code- 562106",Sri Swamy Siddeshwara Education Society,Bangalore,Karnataka,Private,B.Sc(N),60 (Sixty),2025-2026,26,https://online.indiannursingcouncil.org/Reports/YearlyReportByState.aspx,2026-09-11T11:22:13.533447
11,Spurthy Institute Of Nursing,"Spurthy Institute Of Nursing, No 328,Marasur Gate,Anekal Main Road,Marasur Post,Anekal Taluk, Anekal, Distt.- Bangalore, Karnataka, Pin Code- 562106",Sri Swamy Siddeshwara Education Society,Bangalore,Karnataka,Private,M. Sc (N),20 (Twenty),2025-2026,26,https://online.indiannursingcouncil.org/Reports/YearlyReportByState.aspx,2026-09-11T11:22:13.533447
12,Sree Krishna College Of Nursing,"Sree Krishna College Of Nursing, Mahalakshminagar Batawadi , Tumkur, Distt.- Tumkur, Karnataka, Pin Code- 572103",Sree Krishna Education Society,Tumkur,Karnataka,Private,B.Sc(N),60 (Sixty),2025-2026,26,https://online.indiannursingcouncil.org/Reports/YearlyReportByState.aspx,2026-09-11T11:22:13.533447
13,Sreenagar School Of Nursing,"Sreenagar School Of Nursing, No:855/56,Ramanjaneya Main Road,(Nr Bus Stand) Srinagar, Bangalore, Distt.- Bangalore, Karnataka, Pin Code- 560050",Sreenagar Educational Foundation,Bangalore,Karnataka,Private,GNM,40 (Forty),2025-2026,26,https://online.indiannursingcouncil.org/Reports/YearlyReportByState.aspx,2026-09-11T11:22:13.533447
14,Sri Adarsha College Of Nursing,"Sri Adarsha College Of Nursing, Sri Adarsha College Of Nursing, Near Alevoor Grama Panchayath, Alevoor, Udupi, Udupi, Distt.- Udupi, Karnataka, Pin Code- 574118",Adarsha Charitable Trust Regd.,Udupi,Karnataka,Private,B.Sc(N),100 (One Hundred),2025-2026,26,https://online.indiannursingcouncil.org/Reports/YearlyReportByState.aspx,2026-09-11T11:22:13.533447
15,Sri Basavaraj School Of Nursing,"Sri Basavaraj School Of Nursing, Ward No 4 Babbur Farm Channel Road, Hiriyur, Distt.- Chitradurga, Karnataka, Pin Code- 577598",Sri Basavaraj Educational Trust,Chitradurga,Karnataka,Private,GNM,60 (Sixty),2025-2026,26,https://online.indiannursingcouncil.org/Reports/YearlyReportByState.aspx,2026-09-11T11:22:13.533447
15,Sri Basavaraj School Of Nursing,"Sri Basavaraj School Of Nursing, Ward No 4 Babbur Farm Channel Road, Hiriyur, Distt.- Chitradurga, Karnataka, Pin Code- 577598",Sri Basavaraj Educational Trust,Chitradurga,Karnataka,Private,B.Sc(N),40 (Forty),2025-2026,26,https://online.indiannursingcouncil.org/Reports/YearlyReportByState.aspx,2026-09-11T11:22:13.533447
16,Sri Basavaraja Swamy College Of Nursing,"Sri Basavaraja Swamy College Of Nursing,, Ist Cross Lavakushanagar,Lg Ramanna Extension Laggere, Bangalore, Distt.- Bangalore, Karnataka, Pin Code- 560058",Sri Ganjam Mutt Education Trust,Bangalore,Karnataka,Private,B.Sc(N),40 (Forty),2025-2026,26,https://online.indiannursingcouncil.org/Reports/YearlyReportByState.aspx,2026-09-11T11:22:13.533447
17,Sri Basaveshwara College Of Nursing,"Sri Basaveshwara College Of Nursing, Khb Colony Tiptur Tumkur Dist Karnataka, Tumkur, Distt.- Tumkur, Karnataka, Pin Code- 572201",Sri Basaveshwara Education Society,Tumkur,Karnataka,Private,B.Sc(N),60 (Sixty),2025-2026,26,https://online.indiannursingcouncil.org/Reports/YearlyReportByState.aspx,2026-09-11T11:22:13.533447
17,Sri Basaveshwara College Of Nursing,"Sri Basaveshwara College Of Nursing, Khb Colony Tiptur Tumkur Dist Karnataka, Tumkur, Distt.- Tumkur, Karnataka, Pin Code- 572201",Sri Basaveshwara Education Society,Tumkur,Karnataka,Private,GNM,60 (Sixty),2025-2026,26,https://online.indiannursingcouncil.org/Reports/YearlyReportByState.aspx,2026-09-11T11:22:13.533447
18,Sri Channegowda College Of Nursing,"Sri Channegowda College Of Nursing, Nh-4, By-Pass Near Railway Gate,Kogilahalli, , Distt.- Kolar, Karnataka, Pin Code- 563102",Sri Channegowda Education Trust,Kolar,Karnataka,Private,B.Sc(N),60 (Sixty),2025-2026,26,https://online.indiannursingcouncil.org/Reports/YearlyReportByState.aspx,2026-09-11T11:22:13.533447
19,Sri Devraj Urs College Of Nursing,"Sri Devraj Urs College Of Nursing, Tamaka, Kolar, Distt.- Kolar, Karnataka, Pin Code- 563103",Sri Devaraj Urs Educational Trust,Kolar,Karnataka,Private,GNM,40 (Forty),2025-2026,26,https://online.indiannursingcouncil.org/Reports/YearlyReportByState.aspx,2026-09-11T11:22:13.533447
19,Sri Devraj Urs College Of Nursing,"Sri Devraj Urs College Of Nursing, Tamaka, Kolar, Distt.- Kolar, Karnataka, Pin Code- 563103",Sri Devaraj Urs Educational Trust,Kolar,Karnataka,Private,B.Sc(N),100 (One Hundred),2025-2026,26,https://online.indiannursingcouncil.org/Reports/YearlyReportByState.aspx,2026-09-11T11:22:13.533447
19,Sri Devraj Urs College Of Nursing,"Sri Devraj Urs College Of Nursing, Tamaka, Kolar, Distt.- Kolar, Karnataka, Pin Code- 563103",Sri Devaraj Urs Educational Trust,Kolar,Karnataka,Private,M. Sc (N),24 Obg-5 Psy-4 Med-Surg-5 Chn-5 Paed-5,2025-2026,26,https://online.indiannursingcouncil.org/Reports/YearlyReportByState.aspx,2026-09-11T11:22:13.533447
19,Sri Devraj Urs College Of Nursing,"Sri Devraj Urs College Of Nursing, Tamaka, Kolar, Distt.- Kolar, Karnataka, Pin Code- 563103",Sri Devaraj Urs Educational Trust,Kolar,Karnataka,Private,P B B.Sc(N),30 (Thirty),2025-2026,26,https://online.indiannursingcouncil.org/Reports/YearlyReportByState.aspx,2026-09-11T11:22:13.533447
1,Sri Eshwarammaji School Of Nursing ( S E S O N),"Sri Eshwarammaji School Of Nursing ( S E S O N), Hanchala Gate, Hudukula Post, Bangarpet, Distt.- Kolar, Karnataka, Pin Code- 563114",Sappers Village Uplift Welfare Association,Kolar,Karnataka,Private,GNM,60 (Sixty),2025-2026,27,https://online.indiannursingcouncil.org/Reports/YearlyReportByState.aspx,2026-09-11T11:22:21.692229
1,Sri Eshwarammaji School Of Nursing ( S E S O N),"Sri Eshwarammaji School Of Nursing ( S E S O N), Hanchala Gate, Hudukula Post, Bangarpet, Distt.- Kolar, Karnataka, Pin Code- 563114",Sappers Village Uplift Welfare Association,Kolar,Karnataka,Private,B.Sc(N),40 (Forty),2025-2026,27,https://online.indiannursingcouncil.org/Reports/YearlyReportByState.aspx,2026-09-11T11:22:21.692229
2,Sri Gangothri College Of Nursing,"Sri Gangothri College Of Nursing, No. 24, Hadasiddapura, Doddakanahalli Post, Vill.- Hadasiddapura, Doddakanahalli Post, Tehsil- Bangalore East, Distt.- Bangalore, Karnataka, Pin Code- 560035",Gangothri Education Society,Bangalore,Karnataka,Private,B.Sc(N),60 (Sixty),2025-2026,27,https://online.indiannursingcouncil.org/Reports/YearlyReportByState.aspx,2026-09-11T11:22:21.692229
2,Sri Gangothri College Of Nursing,"Sri Gangothri College Of Nursing, No. 24, Hadasiddapura, Doddakanahalli Post, Vill.- Hadasiddapura, Doddakanahalli Post, Tehsil- Bangalore East, Distt.- Bangalore, Karnataka, Pin Code- 560035",Gangothri Education Society,Bangalore,Karnataka,Private,GNM,60 (Sixty),2025-2026,27,https://online.indiannursingcouncil.org/Reports/YearlyReportByState.aspx,2026-09-11T11:22:21.692229
3,Sri H D Devagowda Co- Op. College Of Nursing,"Sri H D Devagowda Co- Op. College Of Nursing, Manichinahally Gate, Belur Road, Vill.- Hassan, Tehsil- Hassan, Distt.- Hassan, Karnataka, Pin Code- 573201",Sanjeevini Co Op Hos And Med Edu Res Ins Ltd,Hassan,Karnataka,Private,B.Sc(N),40 (Forty),2025-2026,27,https://online.indiannursingcouncil.org/Reports/YearlyReportByState.aspx,2026-09-11T11:22:21.692229
3,Sri H D Devagowda Co- Op. College Of Nursing,"Sri H D Devagowda Co- Op. College Of Nursing, Manichinahally Gate, Belur Road, Vill.- Hassan, Tehsil- Hassan, Distt.- Hassan, Karnataka, Pin Code- 573201",Sanjeevini Co Op Hos And Med Edu Res Ins Ltd,Hassan,Karnataka,Private,M. Sc (N),11 (Eleven) Paed-5 Obg-3 Chn-3,2025-2026,27,https://online.indiannursingcouncil.org/Reports/YearlyReportByState.aspx,2026-09-11T11:22:21.692229
3,Sri H D Devagowda Co- Op. College Of Nursing,"Sri H D Devagowda Co- Op. College Of Nursing, Manichinahally Gate, Belur Road, Vill.- Hassan, Tehsil- Hassan, Distt.- Hassan, Karnataka, Pin Code- 573201",Sanjeevini Co Op Hos And Med Edu Res Ins Ltd,Hassan,Karnataka,Private,GNM,60 (Sixty),2025-2026,27,https://online.indiannursingcouncil.org/Reports/YearlyReportByState.aspx,2026-09-11T11:22:21.692229
4,Sri Kalabyraveshwara Swamy College Of Nursing,"Sri Kalabyraveshwara Swamy College Of Nursing, No.1, 2Nd Cross, Chbs 3Rd Stage, Chandra Layout , Bangalore, Distt.- Bangalore, Karnataka, Pin Code- 560040",Sri Adichunchanagiri Shikshana Trust,Bangalore,Karnataka,Private,M. Sc (N),10 (Ten) Obg-3 Psy-2 Chn-3 Paed-2,2025-2026,27,https://online.indiannursingcouncil.org/Reports/YearlyReportByState.aspx,2026-09-11T11:22:21.692229
4,Sri Kalabyraveshwara Swamy College Of Nursing,"Sri Kalabyraveshwara Swamy College Of Nursing, No.1, 2Nd Cross, Chbs 3Rd Stage, Chandra Layout , Bangalore, Distt.- Bangalore, Karnataka, Pin Code- 560040",Sri Adichunchanagiri Shikshana Trust,Bangalore,Karnataka,Private,B.Sc(N),60 (Sixty),2025-2026,27,https://online.indiannursingcouncil.org/Reports/YearlyReportByState.aspx,2026-09-11T11:22:21.692229
5,Sri Krishna Rukmini College Of Nursing,"Sri Krishna Rukmini College Of Nursing, #10,4Th D Main,Hrbr Layout,2Nd Block,Kalyan Nagar, Bangalore, Distt.- Bangalore, Karnataka, Pin Code- 560043",Sri Revanna Siddeshwara Eductaional Trust,Bangalore,Karnataka,Private,B.Sc(N),60 (Sixty),2025-2026,27,https://online.indiannursingcouncil.org/Reports/YearlyReportByState.aspx,2026-09-11T11:22:21.692229
6,Sri Lepaksha Swamy School Of Nursing,"Sri Lepaksha Swamy School Of Nursing, Bramhavidyanagara Holalkere Road, Hosadurga, Distt.- Chitradurga, Karnataka, Pin Code- 577527",Sri Upaveera Jagadguru Education Society,Chitradurga,Karnataka,Private,GNM,40 (Forty),2025-2026,27,https://online.indiannursingcouncil.org/Reports/YearlyReportByState.aspx,2026-09-11T11:22:21.692229
7,Sri Nirvanaswamy College Of Nursing,"Sri Nirvanaswamy College Of Nursing, Sri Degula Mutt Campus,Kanakapura,Ramanagaram, Kanakapura, Distt.- Bangalore Rural, Karnataka, Pin Code- 562117",Sri Nirvanaswamy Krupa Vidyapeetha,Bangalore Rural,Karnataka,Private,B.Sc(N),40 (Forty),2025-2026,27,https://online.indiannursingcouncil.org/Reports/YearlyReportByState.aspx,2026-09-11T11:22:21.692229
7,Sri Nirvanaswamy College Of Nursing,"Sri Nirvanaswamy College Of Nursing, Sri Degula Mutt Campus,Kanakapura,Ramanagaram, Kanakapura, Distt.- Bangalore Rural, Karnataka, Pin Code- 562117",Sri Nirvanaswamy Krupa Vidyapeetha,Bangalore Rural,Karnataka,Private,P B B.Sc(N),30 (Thirty),2025-2026,27,https://online.indiannursingcouncil.org/Reports/YearlyReportByState.aspx,2026-09-11T11:22:21.692229
7,Sri Nirvanaswamy College Of Nursing,"Sri Nirvanaswamy College Of Nursing, Sri Degula Mutt Campus,Kanakapura,Ramanagaram, Kanakapura, Distt.- Bangalore Rural, Karnataka, Pin Code- 562117",Sri Nirvanaswamy Krupa Vidyapeetha,Bangalore Rural,Karnataka,Private,GNM,30 (Thirty),2025-2026,27,https://online.indiannursingcouncil.org/Reports/YearlyReportByState.aspx,2026-09-11T11:22:21.692229
8,Sri Raghavendra College Of Nursing,"Sri Raghavendra College Of Nursing, Near Tumkur Tole Gate, Madhugiri , Madhugiri, Distt.- Tumkur, Karnataka, Pin Code- 572132",Sri Raghavendra Education Society,Tumkur,Karnataka,Private,B.Sc(N),60 (Sixty),2025-2026,27,https://online.indiannursingcouncil.org/Reports/YearlyReportByState.aspx,2026-09-11T11:22:21.692229
8,Sri Raghavendra College Of Nursing,"Sri Raghavendra College Of Nursing, Near Tumkur Tole Gate, Madhugiri , Madhugiri, Distt.- Tumkur, Karnataka, Pin Code- 572132",Sri Raghavendra Education Society,Tumkur,Karnataka,Private,P B B.Sc(N),40 (Forty),2025-2026,27,https://online.indiannursingcouncil.org/Reports/YearlyReportByState.aspx,2026-09-11T11:22:21.692229
8,Sri Raghavendra College Of Nursing,"Sri Raghavendra College Of Nursing, Near Tumkur Tole Gate, Madhugiri , Madhugiri, Distt.- Tumkur, Karnataka, Pin Code- 572132",Sri Raghavendra Education Society,Tumkur,Karnataka,Private,GNM,60 (Sixty),2025-2026,27,https://online.indiannursingcouncil.org/Reports/YearlyReportByState.aspx,2026-09-11T11:22:21.692229
9,Sri Rama Nursing College,"Sri Rama Nursing College, No.120,4Th Main Road,Block-3,Yelahanka,D.B.Pura Road,Near Doddaballapura Railway Station, Doddaballapura., Bengaluru Rural, Distt.- Bangalore Rural, Karnataka, Pin Code-",Hosahalli Education And Health Service Society,Bangalore Rural,Karnataka,Private,B.Sc(N),40 (Forty),2025-2026,27,https://online.indiannursingcouncil.org/Reports/YearlyReportByState.aspx,2026-09-11T11:22:21.692229
10,Sri Ramakrishna College Of Nursing,"Sri Ramakrishna College Of Nursing,, West Of Chord Road, 2Nd Stage, Mahalakshmipuram, Bangalore, Distt.- Bangalore, Karnataka, Pin Code- 560086",Anupama Education Society,Bangalore,Karnataka,Private,B.Sc(N),50 (Fifty),2025-2026,27,https://online.indiannursingcouncil.org/Reports/YearlyReportByState.aspx,2026-09-11T11:22:21.692229
11,Sri Ramakrishna School Of Nursing,"Sri Ramakrishna School Of Nursing, Near Coffee Curing Works, Jyothinagar, Chickmagalur, Distt.- Chikmagalur, Karnataka, Pin Code- 577102",Nidhi Education Society,Chikmagalur,Karnataka,Private,GNM,60 (Sixty),2025-2026,27,https://online.indiannursingcouncil.org/Reports/YearlyReportByState.aspx,2026-09-11T11:22:21.692229
12,Sri Ramana Maharshi College Of Nursing,"Sri Ramana Maharshi College Of Nursing, Maralenahally , Sira Road, Tumkur, Distt.- Tumkur, Karnataka, Pin Code- 572106",Sri Ramana Maharshi Educational Trust,Tumkur,Karnataka,Private,B.Sc(N),60 (Sixty),2025-2026,27,https://online.indiannursingcouncil.org/Reports/YearlyReportByState.aspx,2026-09-11T11:22:21.692229
12,Sri Ramana Maharshi College Of Nursing,"Sri Ramana Maharshi College Of Nursing, Maralenahally , Sira Road, Tumkur, Distt.- Tumkur, Karnataka, Pin Code- 572106",Sri Ramana Maharshi Educational Trust,Tumkur,Karnataka,Private,M. Sc (N),"25 (Twenty Five) Med. Surg.- 05, Obg- 05, Chn-05, Psy-05, Paed. -05",2025-2026,27,https://online.indiannursingcouncil.org/Reports/YearlyReportByState.aspx,2026-09-11T11:22:21.692229
12,Sri Ramana Maharshi College Of Nursing,"Sri Ramana Maharshi College Of Nursing, Maralenahally , Sira Road, Tumkur, Distt.- Tumkur, Karnataka, Pin Code- 572106",Sri Ramana Maharshi Educational Trust,Tumkur,Karnataka,Private,P B B.Sc(N),45 (Forty Five),2025-2026,27,https://online.indiannursingcouncil.org/Reports/YearlyReportByState.aspx,2026-09-11T11:22:21.692229
12,Sri Ramana Maharshi College Of Nursing,"Sri Ramana Maharshi College Of Nursing, Maralenahally , Sira Road, Tumkur, Distt.- Tumkur, Karnataka, Pin Code- 572106",Sri Ramana Maharshi Educational Trust,Tumkur,Karnataka,Private,GNM,60 (Sixty),2025-2026,27,https://online.indiannursingcouncil.org/Reports/YearlyReportByState.aspx,2026-09-11T11:22:21.692229
13,Sri Ramusunashree School Of Nursing,"Sri Ramusunashree School Of Nursing, #258, 5Th Main, 2Nd Cross, Manjunath Nagar, Bangalore, Distt.- Bangalore, Karnataka, Pin Code- 560010",Sri Ramusunasri Charitable Trust,Bangalore,Karnataka,Private,GNM,40 (Forty),2025-2026,27,https://online.indiannursingcouncil.org/Reports/YearlyReportByState.aspx,2026-09-11T11:22:21.692229
14,Sri Ranga College Of Nursing,"Sri Ranga College Of Nursing, Near Ring Road, Hemavathi Nagar Last Stage, Hassan, Distt.- Hassan, Karnataka, Pin Code- 573202",Sri Ranga Education Society,Hassan,Karnataka,Private,B.Sc(N),40 (Forty),2025-2026,27,https://online.indiannursingcouncil.org/Reports/YearlyReportByState.aspx,2026-09-11T11:22:21.692229
15,Sri Sadguru Kabeerananda Swamy School Of Nursing,"Sri Sadguru Kabeerananda Swamy School Of Nursing, Challakere Road, Chitradurga, Distt.- Chitradurga, Karnataka, Pin Code- 577501",Sree Sadguru Kabeerananda Swamy Vidyapeetha,Chitradurga,Karnataka,Private,GNM,60 (Sixty),2025-2026,27,https://online.indiannursingcouncil.org/Reports/YearlyReportByState.aspx,2026-09-11T11:22:21.692229
16,Sri Sai School Of Nursing,"Sri Sai School Of Nursing, No 375, 1St Main Road, Vidhanasouda Layout, Laggere, Bangalore - 560058, Bangalore , Distt.- Bangalore, Karnataka, Pin Code- 560058",New Mahalakshmi Education Trust,Bangalore,Karnataka,Private,GNM,40 (Forty),2025-2026,27,https://online.indiannursingcouncil.org/Reports/YearlyReportByState.aspx,2026-09-11T11:22:21.692229
17,Sri Sapthagiri Institute Of Nursing,"Sri Sapthagiri Institute Of Nursing, Near Banashankramma Temple 1St Ward Chitwadgi, Hospet, Distt.- Bellary, Karnataka, Pin Code- 583211",Shri Sapthagiri Educational Trust Hospet,Bellary,Karnataka,Private,B.Sc(N),40 (Forty),2025-2026,27,https://online.indiannursingcouncil.org/Reports/YearlyReportByState.aspx,2026-09-11T11:22:21.692229
17,Sri Sapthagiri Institute Of Nursing,"Sri Sapthagiri Institute Of Nursing, Near Banashankramma Temple 1St Ward Chitwadgi, Hospet, Distt.- Bellary, Karnataka, Pin Code- 583211",Shri Sapthagiri Educational Trust Hospet,Bellary,Karnataka,Private,M. Sc (N),15 (Fifteen) Med Surg-3 Psy-3 Chn-3 Paed-3 Obg-3,2025-2026,27,https://online.indiannursingcouncil.org/Reports/YearlyReportByState.aspx,2026-09-11T11:22:21.692229
1,Sri Sapthagiri Institute Of Nursing,"Sri Sapthagiri Institute Of Nursing, Near Banashankramma Temple 1St Ward Chitwadgi, Hospet, Distt.- Bellary, Karnataka, Pin Code- 583211",Shri Sapthagiri Educational Trust Hospet,Bellary,Karnataka,Private,P B B.Sc(N),20 (Twenty),2025-2026,28,https://online.indiannursingcouncil.org/Reports/YearlyReportByState.aspx,2026-09-11T11:22:29.706711
2,Sri Sathya Sai Institute Of Higher Medical Sciences,"Sri Sathya Sai Institute Of Higher Medical Sciences, Epip Area, Whitefield, Bangalore, Distt.- Bangalore, Karnataka, Pin Code- 560066",Sri Sathya Sai Medical Trust,Bangalore,Karnataka,Private,B.Sc(N),40 (Forty),2025-2026,28,https://online.indiannursingcouncil.org/Reports/YearlyReportByState.aspx,2026-09-11T11:22:29.706711
3,Sri Shankara College Of Nursing,"Sri Shankara College Of Nursing, 1St Cross, Shankarapuram, Basavanagudi, Distt.- Bangalore, Karnataka, Pin Code- 560004",Shri Shankara Cancer Foundation,Bangalore,Karnataka,Private,B.Sc(N),40 (Forty),2025-2026,28,https://online.indiannursingcouncil.org/Reports/YearlyReportByState.aspx,2026-09-11T11:22:29.706711
4,Sri Shanthini College Of Nursing,"Sri Shanthini College Of Nursing, No.61, Janapriya Township, Magadi, Main Road, Kadabagere Post, Vill.- Bettahalli, Tehsil- Bangalore North, Distt.- Bangalore, Karnataka, Pin Code- 562130",S S Education Trust,Bangalore,Karnataka,Private,B.Sc(N),40 (Forty),2025-2026,28,https://online.indiannursingcouncil.org/Reports/YearlyReportByState.aspx,2026-09-11T11:22:29.706711
4,Sri Shanthini College Of Nursing,"Sri Shanthini College Of Nursing, No.61, Janapriya Township, Magadi, Main Road, Kadabagere Post, Vill.- Bettahalli, Tehsil- Bangalore North, Distt.- Bangalore, Karnataka, Pin Code- 562130",S S Education Trust,Bangalore,Karnataka,Private,M. Sc (N),"15 Obg-6, Paed-4, Chn-3, Med-Surg-2",2025-2026,28,https://online.indiannursingcouncil.org/Reports/YearlyReportByState.aspx,2026-09-11T11:22:29.706711
4,Sri Shanthini College Of Nursing,"Sri Shanthini College Of Nursing, No.61, Janapriya Township, Magadi, Main Road, Kadabagere Post, Vill.- Bettahalli, Tehsil- Bangalore North, Distt.- Bangalore, Karnataka, Pin Code- 562130",S S Education Trust,Bangalore,Karnataka,Private,P B B.Sc(N),40 (Forty),2025-2026,28,https://online.indiannursingcouncil.org/Reports/YearlyReportByState.aspx,2026-09-11T11:22:29.706711
5,Sri Shanthini School Of Nursing,"Sri Shanthini School Of Nursing, Sy No:18/318-319 Kuduregere Colony, Dasanapura, Hobli, Alur Post, , Bangalore, Distt.- Bangalore, Karnataka, Pin Code- 562162",Shirdi Vidya Academy Trust,Bangalore,Karnataka,Private,GNM,60 (Sixty),2025-2026,28,https://online.indiannursingcouncil.org/Reports/YearlyReportByState.aspx,2026-09-11T11:22:29.706711
6,Sri Shantidhama School Of Nursing,"Sri Shantidhama School Of Nursing, 11/1A,Byraveshwaranagar,3Rd Cross,Sunkudakatte, Bangalore, Distt.- Bangalore, Karnataka, Pin Code- 560091",Society For Womens Development,Bangalore,Karnataka,Private,GNM,40 (Forty),2025-2026,28,https://online.indiannursingcouncil.org/Reports/YearlyReportByState.aspx,2026-09-11T11:22:29.706711
7,Sri Siddhartha College Of Nursing,"Sri Siddhartha College Of Nursing, Agalakote, B.H Road, Tumkur, Distt.- Tumkur, Karnataka, Pin Code- 572107",Sri Siddhartha Education Society,Tumkur,Karnataka,Private,M. Sc (N),"20: Med-Surg-5, Obg-5, Paed-5, Psy-5",2025-2026,28,https://online.indiannursingcouncil.org/Reports/YearlyReportByState.aspx,2026-09-11T11:22:29.706711
7,Sri Siddhartha College Of Nursing,"Sri Siddhartha College Of Nursing, Agalakote, B.H Road, Tumkur, Distt.- Tumkur, Karnataka, Pin Code- 572107",Sri Siddhartha Education Society,Tumkur,Karnataka,Private,P B B.Sc(N),30 (Thirty),2025-2026,28,https://online.indiannursingcouncil.org/Reports/YearlyReportByState.aspx,2026-09-11T11:22:29.706711
7,Sri Siddhartha College Of Nursing,"Sri Siddhartha College Of Nursing, Agalakote, B.H Road, Tumkur, Distt.- Tumkur, Karnataka, Pin Code- 572107",Sri Siddhartha Education Society,Tumkur,Karnataka,Private,GNM,80 (Eighty),2025-2026,28,https://online.indiannursingcouncil.org/Reports/YearlyReportByState.aspx,2026-09-11T11:22:29.706711
7,Sri Siddhartha College Of Nursing,"Sri Siddhartha College Of Nursing, Agalakote, B.H Road, Tumkur, Distt.- Tumkur, Karnataka, Pin Code- 572107",Sri Siddhartha Education Society,Tumkur,Karnataka,Private,B.Sc(N),100 (One Hundred),2025-2026,28,https://online.indiannursingcouncil.org/Reports/YearlyReportByState.aspx,2026-09-11T11:22:29.706711
8,Sri Siddhartha Institute Of Nursing Sciences And Research Centre,"Sri Siddhartha Institute Of Nursing Sciences And Research Centre, Ssims Campus, T.Begur, Distt.- Bangalore Rural, Karnataka, Pin Code- 562123",Sri Siddhartha Education Society,Bangalore Rural,Karnataka,Private,B.Sc(N),100 (One Hundred),2025-2026,28,https://online.indiannursingcouncil.org/Reports/YearlyReportByState.aspx,2026-09-11T11:22:29.706711
9,Sri Venkateshwara School And College Of Nursing,"Sri Venkateshwara School And College Of Nursing , Nh,4 Tumkur Road, Dasanapura,Bangalore-562123, Bangalore, Distt.- Bangalore, Karnataka, Pin Code- 562123",Sri Venkateshwara Education Trust,Bangalore,Karnataka,Private,M. Sc (N),25 (Twenty Five),2025-2026,28,https://online.indiannursingcouncil.org/Reports/YearlyReportByState.aspx,2026-09-11T11:22:29.706711
9,Sri Venkateshwara School And College Of Nursing,"Sri Venkateshwara School And College Of Nursing , Nh,4 Tumkur Road, Dasanapura,Bangalore-562123, Bangalore, Distt.- Bangalore, Karnataka, Pin Code- 562123",Sri Venkateshwara Education Trust,Bangalore,Karnataka,Private,P B B.Sc(N),40 (Forty),2025-2026,28,https://online.indiannursingcouncil.org/Reports/YearlyReportByState.aspx,2026-09-11T11:22:29.706711
9,Sri Venkateshwara School And College Of Nursing,"Sri Venkateshwara School And College Of Nursing , Nh,4 Tumkur Road, Dasanapura,Bangalore-562123, Bangalore, Distt.- Bangalore, Karnataka, Pin Code- 562123",Sri Venkateshwara Education Trust,Bangalore,Karnataka,Private,GNM,40 (Forty),2025-2026,28,https://online.indiannursingcouncil.org/Reports/YearlyReportByState.aspx,2026-09-11T11:22:29.706711
9,Sri Venkateshwara School And College Of Nursing,"Sri Venkateshwara School And College Of Nursing , Nh,4 Tumkur Road, Dasanapura,Bangalore-562123, Bangalore, Distt.- Bangalore, Karnataka, Pin Code- 562123",Sri Venkateshwara Education Trust,Bangalore,Karnataka,Private,B.Sc(N),40 (Forty),2025-2026,28,https://online.indiannursingcouncil.org/Reports/YearlyReportByState.aspx,2026-09-11T11:22:29.706711
10,Sri Vinayaka College Of Nursing,"Sri Vinayaka College Of Nursing, No 81, Machohalli, Magadi Main Road, Bangalore, Bangalore, Distt.- Bangalore, Karnataka, Pin Code- 560091",Sri Vijayaganapathi Nagadevatha Trust,Bangalore,Karnataka,Private,B.Sc(N),40 (Forty),2025-2026,28,https://online.indiannursingcouncil.org/Reports/YearlyReportByState.aspx,2026-09-11T11:22:29.706711
11,Sri Vishnu School Of Nursing,"Sri Vishnu School Of Nursing, # 538 M.S. Ramaiah Enclave Nagasandra Post, Tumkur Road , Bangalore, Distt.- Bangalore, Karnataka, Pin Code- 560073",Sri Vinayaka Education Trust,Bangalore,Karnataka,Private,GNM,40 (Forty),2025-2026,28,https://online.indiannursingcouncil.org/Reports/YearlyReportByState.aspx,2026-09-11T11:22:29.706711
11,Sri Vishnu School Of Nursing,"Sri Vishnu School Of Nursing, # 538 M.S. Ramaiah Enclave Nagasandra Post, Tumkur Road , Bangalore, Distt.- Bangalore, Karnataka, Pin Code- 560073",Sri Vinayaka Education Trust,Bangalore,Karnataka,Private,B.Sc(N),60 (Sixty),2025-2026,28,https://online.indiannursingcouncil.org/Reports/YearlyReportByState.aspx,2026-09-11T11:22:29.706711
11,Sri Vishnu School Of Nursing,"Sri Vishnu School Of Nursing, # 538 M.S. Ramaiah Enclave Nagasandra Post, Tumkur Road , Bangalore, Distt.- Bangalore, Karnataka, Pin Code- 560073",Sri Vinayaka Education Trust,Bangalore,Karnataka,Private,M. Sc (N),"16 ; Chn-4, Paed-4, Obg-4, Psy-4",2025-2026,28,https://online.indiannursingcouncil.org/Reports/YearlyReportByState.aspx,2026-09-11T11:22:29.706711
11,Sri Vishnu School Of Nursing,"Sri Vishnu School Of Nursing, # 538 M.S. Ramaiah Enclave Nagasandra Post, Tumkur Road , Bangalore, Distt.- Bangalore, Karnataka, Pin Code- 560073",Sri Vinayaka Education Trust,Bangalore,Karnataka,Private,P B B.Sc(N),50 (Fifty),2025-2026,28,https://online.indiannursingcouncil.org/Reports/YearlyReportByState.aspx,2026-09-11T11:22:29.706711
12,St Ann's College Of Nursing,"St Ann's College Of Nursing,, Vijaya Sannidhi Sundar Ram Shetty Road Mulki , Vill.- Mangalore, Tehsil- Mangalore, Distt.- Dakshina Kannada, Karnataka, Pin Code- 574154",Lobo Teachers Foundation,Dakshina Kannada,Karnataka,Private,B.Sc(N),60 (Sixty),2025-2026,28,https://online.indiannursingcouncil.org/Reports/YearlyReportByState.aspx,2026-09-11T11:22:29.706711
12,St Ann's College Of Nursing,"St Ann's College Of Nursing,, Vijaya Sannidhi Sundar Ram Shetty Road Mulki , Vill.- Mangalore, Tehsil- Mangalore, Distt.- Dakshina Kannada, Karnataka, Pin Code- 574154",Lobo Teachers Foundation,Dakshina Kannada,Karnataka,Private,GNM,30 (Thirty),2025-2026,28,https://online.indiannursingcouncil.org/Reports/YearlyReportByState.aspx,2026-09-11T11:22:29.706711
13,St Claret College Of Nursing & Shilpa School Of Nursing,"St Claret College Of Nursing & Shilpa School Of Nursing, Sy.No 216/8, No.7562, Nh-4, Near Ksrtc Layout Nelamangala , Bengaluru, Distt.- Bangalore Rural, Karnataka, Pin Code- 562123",Shilpa Education Association,Bangalore Rural,Karnataka,Private,GNM,40 (Forty),2025-2026,28,https://online.indiannursingcouncil.org/Reports/YearlyReportByState.aspx,2026-09-11T11:22:29.706711
13,St Claret College Of Nursing & Shilpa School Of Nursing,"St Claret College Of Nursing & Shilpa School Of Nursing, Sy.No 216/8, No.7562, Nh-4, Near Ksrtc Layout Nelamangala , Bengaluru, Distt.- Bangalore Rural, Karnataka, Pin Code- 562123",Shilpa Education Association,Bangalore Rural,Karnataka,Private,B.Sc(N),40 (Forty),2025-2026,28,https://online.indiannursingcouncil.org/Reports/YearlyReportByState.aspx,2026-09-11T11:22:29.706711
14,St Ignatius School Of Nursing,"St Ignatius School Of Nursing, Prabhathnagar, Vill.- Honavar, Tehsil- Honavar, Distt.- Uttara Kannada, Karnataka, Pin Code- 581334",Dharmajyothi Charitable Society,Uttara Kannada,Karnataka,Private,GNM,50 (Fifty),2025-2026,28,https://online.indiannursingcouncil.org/Reports/YearlyReportByState.aspx,2026-09-11T11:22:29.706711
14,St Ignatius School Of Nursing,"St Ignatius School Of Nursing, Prabhathnagar, Vill.- Honavar, Tehsil- Honavar, Distt.- Uttara Kannada, Karnataka, Pin Code- 581334",Dharmajyothi Charitable Society,Uttara Kannada,Karnataka,Private,B.Sc(N),60 (Sixty),2025-2026,28,https://online.indiannursingcouncil.org/Reports/YearlyReportByState.aspx,2026-09-11T11:22:29.706711
14,St Ignatius School Of Nursing,"St Ignatius School Of Nursing, Prabhathnagar, Vill.- Honavar, Tehsil- Honavar, Distt.- Uttara Kannada, Karnataka, Pin Code- 581334",Dharmajyothi Charitable Society,Uttara Kannada,Karnataka,Private,P B B.Sc(N),20 (Twenty),2025-2026,28,https://online.indiannursingcouncil.org/Reports/YearlyReportByState.aspx,2026-09-11T11:22:29.706711
15,St John's College Of Nursing,"St John's College Of Nursing, St. Johns National Academy Of Health Sciences, Sarjapura Road, Bangalore, Distt.- Bangalore, Karnataka, Pin Code- 560034",C B C I Society For Medical Education,Bangalore,Karnataka,Private,GNM,100 (One Hundred),2025-2026,28,https://online.indiannursingcouncil.org/Reports/YearlyReportByState.aspx,2026-09-11T11:22:29.706711
1,St John's College Of Nursing,"St John's College Of Nursing, St. Johns National Academy Of Health Sciences, Sarjapura Road, Bangalore, Distt.- Bangalore, Karnataka, Pin Code- 560034",C B C I Society For Medical Education,Bangalore,Karnataka,Private,B.Sc(N),150 (One Hundred Fifty),2025-2026,29,https://online.indiannursingcouncil.org/Reports/YearlyReportByState.aspx,2026-09-11T11:22:37.535023
1,St John's College Of Nursing,"St John's College Of Nursing, St. Johns National Academy Of Health Sciences, Sarjapura Road, Bangalore, Distt.- Bangalore, Karnataka, Pin Code- 560034",C B C I Society For Medical Education,Bangalore,Karnataka,Private,M. Sc (N),"35 (Thirty Five) Med-Surg-10, Obg-6, Paed-6,Chn-6,Psy-7",2025-2026,29,https://online.indiannursingcouncil.org/Reports/YearlyReportByState.aspx,2026-09-11T11:22:37.535023
1,St John's College Of Nursing,"St John's College Of Nursing, St. Johns National Academy Of Health Sciences, Sarjapura Road, Bangalore, Distt.- Bangalore, Karnataka, Pin Code- 560034",C B C I Society For Medical Education,Bangalore,Karnataka,Private,Post Basic Diploma in Operation Room Nursing,10 (Ten),2025-2026,29,https://online.indiannursingcouncil.org/Reports/YearlyReportByState.aspx,2026-09-11T11:22:37.535023
1,St John's College Of Nursing,"St John's College Of Nursing, St. Johns National Academy Of Health Sciences, Sarjapura Road, Bangalore, Distt.- Bangalore, Karnataka, Pin Code- 560034",C B C I Society For Medical Education,Bangalore,Karnataka,Private,P B B.Sc(N),60 (SIXTY),2025-2026,29,https://online.indiannursingcouncil.org/Reports/YearlyReportByState.aspx,2026-09-11T11:22:37.535023
1,St John's College Of Nursing,"St John's College Of Nursing, St. Johns National Academy Of Health Sciences, Sarjapura Road, Bangalore, Distt.- Bangalore, Karnataka, Pin Code- 560034",C B C I Society For Medical Education,Bangalore,Karnataka,Private,Post Basic Diploma in Critical care nursing,10 (Ten),2025-2026,29,https://online.indiannursingcouncil.org/Reports/YearlyReportByState.aspx,2026-09-11T11:22:37.535023
1,St John's College Of Nursing,"St John's College Of Nursing, St. Johns National Academy Of Health Sciences, Sarjapura Road, Bangalore, Distt.- Bangalore, Karnataka, Pin Code- 560034",C B C I Society For Medical Education,Bangalore,Karnataka,Private,Post Basic Diploma in Oncology Nursing,10 (Ten),2025-2026,29,https://online.indiannursingcouncil.org/Reports/YearlyReportByState.aspx,2026-09-11T11:22:37.535023
1,St John's College Of Nursing,"St John's College Of Nursing, St. Johns National Academy Of Health Sciences, Sarjapura Road, Bangalore, Distt.- Bangalore, Karnataka, Pin Code- 560034",C B C I Society For Medical Education,Bangalore,Karnataka,Private,NURSE PRACTITIONER IN CRITICAL CARE(NPCC),20 (Twenty),2025-2026,29,https://online.indiannursingcouncil.org/Reports/YearlyReportByState.aspx,2026-09-11T11:22:37.535023
2,St Johns School Of Nursing,"St Johns School Of Nursing, No,4 Papareddy Palya Nagarabhavi 2Nd Stage, Bangalore, Distt.- Bangalore, Karnataka, Pin Code- 560072",Basaveswara Nagara Little Flower's Educational Society,Bangalore,Karnataka,Private,GNM,40 (Forty),2025-2026,29,https://online.indiannursingcouncil.org/Reports/YearlyReportByState.aspx,2026-09-11T11:22:37.535023
2,St Johns School Of Nursing,"St Johns School Of Nursing, No,4 Papareddy Palya Nagarabhavi 2Nd Stage, Bangalore, Distt.- Bangalore, Karnataka, Pin Code- 560072",Basaveswara Nagara Little Flower's Educational Society,Bangalore,Karnataka,Private,B.Sc(N),40 (Forty),2025-2026,29,https://online.indiannursingcouncil.org/Reports/YearlyReportByState.aspx,2026-09-11T11:22:37.535023
3,St Martha's Hospital College Of Nursing,"St Martha's Hospital College Of Nursing, No 5 Nrupathunga Road, Bangalore, Distt.- Bangalore, Karnataka, Pin Code- 560001",St. Martha's Hospital Society,Bangalore,Karnataka,Private,GNM,60 (Sixty),2025-2026,29,https://online.indiannursingcouncil.org/Reports/YearlyReportByState.aspx,2026-09-11T11:22:37.535023
3,St Martha's Hospital College Of Nursing,"St Martha's Hospital College Of Nursing, No 5 Nrupathunga Road, Bangalore, Distt.- Bangalore, Karnataka, Pin Code- 560001",St. Martha's Hospital Society,Bangalore,Karnataka,Private,B.Sc(N),100 (One Hundred),2025-2026,29,https://online.indiannursingcouncil.org/Reports/YearlyReportByState.aspx,2026-09-11T11:22:37.535023
3,St Martha's Hospital College Of Nursing,"St Martha's Hospital College Of Nursing, No 5 Nrupathunga Road, Bangalore, Distt.- Bangalore, Karnataka, Pin Code- 560001",St. Martha's Hospital Society,Bangalore,Karnataka,Private,M. Sc (N),"20 (Twenty) Med-Surg-5, Paed-5, Obg-5 Chn-5",2025-2026,29,https://online.indiannursingcouncil.org/Reports/YearlyReportByState.aspx,2026-09-11T11:22:37.535023
3,St Martha's Hospital College Of Nursing,"St Martha's Hospital College Of Nursing, No 5 Nrupathunga Road, Bangalore, Distt.- Bangalore, Karnataka, Pin Code- 560001",St. Martha's Hospital Society,Bangalore,Karnataka,Private,NURSE PRACTITIONER IN CRITICAL CARE(NPCC),10 (Ten),2025-2026,29,https://online.indiannursingcouncil.org/Reports/YearlyReportByState.aspx,2026-09-11T11:22:37.535023
4,St Mary School Of Nursing,"St Mary School Of Nursing, Anupama Educational, Fort Road, K.B.Extension, Chitradurga, Distt.- Chitradurga, Karnataka, Pin Code- 577501",Anupama Education Society,Chitradurga,Karnataka,Private,GNM,50 (Fifty),2025-2026,29,https://online.indiannursingcouncil.org/Reports/YearlyReportByState.aspx,2026-09-11T11:22:37.535023
4,St Mary School Of Nursing,"St Mary School Of Nursing, Anupama Educational, Fort Road, K.B.Extension, Chitradurga, Distt.- Chitradurga, Karnataka, Pin Code- 577501",Anupama Education Society,Chitradurga,Karnataka,Private,B.Sc(N),40 (Forty),2025-2026,29,https://online.indiannursingcouncil.org/Reports/YearlyReportByState.aspx,2026-09-11T11:22:37.535023
4,St Mary School Of Nursing,"St Mary School Of Nursing, Anupama Educational, Fort Road, K.B.Extension, Chitradurga, Distt.- Chitradurga, Karnataka, Pin Code- 577501",Anupama Education Society,Chitradurga,Karnataka,Private,P B B.Sc(N),30 (Thirty),2025-2026,29,https://online.indiannursingcouncil.org/Reports/YearlyReportByState.aspx,2026-09-11T11:22:37.535023
5,St Mary's Institute Of Nursing,"St Mary's Institute Of Nursing, #69/70,4Th Main Road,Pampa Extn,Kempapura,Hebbal,Bangalore, Bangalore, Distt.- Bangalore, Karnataka, Pin Code- 560024",Mary Matha Educational Trust,Bangalore,Karnataka,Private,B.Sc(N),50 (Fifty),2025-2026,29,https://online.indiannursingcouncil.org/Reports/YearlyReportByState.aspx,2026-09-11T11:22:37.535023
5,St Mary's Institute Of Nursing,"St Mary's Institute Of Nursing, #69/70,4Th Main Road,Pampa Extn,Kempapura,Hebbal,Bangalore, Bangalore, Distt.- Bangalore, Karnataka, Pin Code- 560024",Mary Matha Educational Trust,Bangalore,Karnataka,Private,P B B.Sc(N),30 (Thirty),2025-2026,29,https://online.indiannursingcouncil.org/Reports/YearlyReportByState.aspx,2026-09-11T11:22:37.535023
6,St Philomina School Of Nursing,"St Philomina School Of Nursing, Near Railway Track, Chellur Road, Chintamani, Vill.- Nukkundhi Pete, Tehsil- Chintamani, Distt.- Chikkaballapura, Karnataka, Pin Code- 563125",Sri Lakshmi Education Soc,Chikkaballapura,Karnataka,Private,GNM,45 (Forty Five),2025-2026,29,https://online.indiannursingcouncil.org/Reports/YearlyReportByState.aspx,2026-09-11T11:22:37.535023
6,St Philomina School Of Nursing,"St Philomina School Of Nursing, Near Railway Track, Chellur Road, Chintamani, Vill.- Nukkundhi Pete, Tehsil- Chintamani, Distt.- Chikkaballapura, Karnataka, Pin Code- 563125",Sri Lakshmi Education Soc,Chikkaballapura,Karnataka,Private,B.Sc(N),50 (Fifty),2025-2026,29,https://online.indiannursingcouncil.org/Reports/YearlyReportByState.aspx,2026-09-11T11:22:37.535023
6,St Philomina School Of Nursing,"St Philomina School Of Nursing, Near Railway Track, Chellur Road, Chintamani, Vill.- Nukkundhi Pete, Tehsil- Chintamani, Distt.- Chikkaballapura, Karnataka, Pin Code- 563125",Sri Lakshmi Education Soc,Chikkaballapura,Karnataka,Private,M. Sc (N),25 (Twenty Five) Obg-5 Med-Surg-5 Paed-5 Chn-5 Psy-5,2025-2026,29,https://online.indiannursingcouncil.org/Reports/YearlyReportByState.aspx,2026-09-11T11:22:37.535023
6,St Philomina School Of Nursing,"St Philomina School Of Nursing, Near Railway Track, Chellur Road, Chintamani, Vill.- Nukkundhi Pete, Tehsil- Chintamani, Distt.- Chikkaballapura, Karnataka, Pin Code- 563125",Sri Lakshmi Education Soc,Chikkaballapura,Karnataka,Private,P B B.Sc(N),30 (Thirty),2025-2026,29,https://online.indiannursingcouncil.org/Reports/YearlyReportByState.aspx,2026-09-11T11:22:37.535023
7,St Theresa School Of Nursing,"St Theresa School Of Nursing, 28/29, Mallasandra, T. Dasarahalli, Hesaraghatta Main Road, Bangalore, Distt.- Bangalore, Karnataka, Pin Code- 560057",Triveni Memorial Educational Trust,Bangalore,Karnataka,Private,GNM,40 (Forty),2025-2026,29,https://online.indiannursingcouncil.org/Reports/YearlyReportByState.aspx,2026-09-11T11:22:37.535023
8,St. Benedict Institute Of Nursing,"St. Benedict Institute Of Nursing, Anchepalya, Kumbalgodu Post, Bangalore, Bangalore, Distt.- Bangalore, Karnataka, Pin Code- 560074",Asirvanam Benedictine Society,Bangalore,Karnataka,Private,GNM,40 (Forty),2025-2026,29,https://online.indiannursingcouncil.org/Reports/YearlyReportByState.aspx,2026-09-11T11:22:37.535023
8,St. Benedict Institute Of Nursing,"St. Benedict Institute Of Nursing, Anchepalya, Kumbalgodu Post, Bangalore, Bangalore, Distt.- Bangalore, Karnataka, Pin Code- 560074",Asirvanam Benedictine Society,Bangalore,Karnataka,Private,B.Sc(N),40 (Forty),2025-2026,29,https://online.indiannursingcouncil.org/Reports/YearlyReportByState.aspx,2026-09-11T11:22:37.535023
9,St. Jude College Of Nursing,"St. Jude College Of Nursing, No. 151/2, Horamavu, Hennur Main Road, Horamavu Post, Bangalore, Distt.- Bangalore, Karnataka, Pin Code- 560113",St. Jude Education And Charitable Trust,Bangalore,Karnataka,Private,B.Sc(N),40 (Forty),2025-2026,29,https://online.indiannursingcouncil.org/Reports/YearlyReportByState.aspx,2026-09-11T11:22:37.535023
10,St. Philomena's Hospital School Of Nursing,"St. Philomena's Hospital School Of Nursing, No. 1, Mother Teresa Road, , Distt.- Bangalore, Karnataka, Pin Code- 0",Society Of Jesus Mary And Joseph,Bangalore,Karnataka,Private,GNM,45 (Forty Five),2025-2026,29,https://online.indiannursingcouncil.org/Reports/YearlyReportByState.aspx,2026-09-11T11:22:37.535023
10,St. Philomena's Hospital School Of Nursing,"St. Philomena's Hospital School Of Nursing, No. 1, Mother Teresa Road, , Distt.- Bangalore, Karnataka, Pin Code- 0",Society Of Jesus Mary And Joseph,Bangalore,Karnataka,Private,B.Sc(N),100 (One Hundred),2025-2026,29,https://online.indiannursingcouncil.org/Reports/YearlyReportByState.aspx,2026-09-11T11:22:37.535023
10,St. Philomena's Hospital School Of Nursing,"St. Philomena's Hospital School Of Nursing, No. 1, Mother Teresa Road, , Distt.- Bangalore, Karnataka, Pin Code- 0",Society Of Jesus Mary And Joseph,Bangalore,Karnataka,Private,M. Sc (N),"20; Med-Surg-8, Psy-8, Obg-4",2025-2026,29,https://online.indiannursingcouncil.org/Reports/YearlyReportByState.aspx,2026-09-11T11:22:37.535023
11,St. Theresa's College Of Nursing,"St. Theresa's College Of Nursing, St.Theresas Hospital Campus,Rajajinagar, Rajajinagar, Distt.- Bangalore, Karnataka, Pin Code- 560010",Salesian Trust,Bangalore,Karnataka,Private,B.Sc(N),40 (Forty),2025-2026,29,https://online.indiannursingcouncil.org/Reports/YearlyReportByState.aspx,2026-09-11T11:22:37.535023
1,St.Alphonsa College Of Nursing,"St.Alphonsa College Of Nursing, 67/A, M.G.Road , Agrahara, Mysore 570004 Mob-9986817230, Mysore, Distt.- Mysore, Karnataka, Pin Code- 570004",Suraksha Education Trust,Mysore,Karnataka,Private,B.Sc(N),40 (Forty),2025-2026,30,https://online.indiannursingcouncil.org/Reports/YearlyReportByState.aspx,2026-09-11T11:22:46.836779
2,Subash College Of Nursing,"Subash College Of Nursing, #1790/860, B.M.Road, Bidadi, Ramanagara Dist Karnataka , Bidadi , Distt.- Ramanagara, Karnataka, Pin Code- 562109",Sri Srinivasa Education Trust,Ramanagara,Karnataka,Private,B.Sc(N),50 (Fifty),2025-2026,30,https://online.indiannursingcouncil.org/Reports/YearlyReportByState.aspx,2026-09-11T11:22:46.836779
2,Subash College Of Nursing,"Subash College Of Nursing, #1790/860, B.M.Road, Bidadi, Ramanagara Dist Karnataka , Bidadi , Distt.- Ramanagara, Karnataka, Pin Code- 562109",Sri Srinivasa Education Trust,Ramanagara,Karnataka,Private,GNM,50 (Fifty),2025-2026,30,https://online.indiannursingcouncil.org/Reports/YearlyReportByState.aspx,2026-09-11T11:22:46.836779
3,Suguna School Of Nursing,"Suguna School Of Nursing, Opp Ksrtc Bus Stand, Behind Deepthi Mahal, Tamaka, Vill.- Tamaka, Tehsil- Kolar, Distt.- Kolar, Karnataka, Pin Code- 563101",Suguna Educational Trust,Kolar,Karnataka,Private,GNM,40 (Forty),2025-2026,30,https://online.indiannursingcouncil.org/Reports/YearlyReportByState.aspx,2026-09-11T11:22:46.836779
4,Sunflower College Of Nursing,"Sunflower College Of Nursing, 297/5 & 297/6,Winners Colony, Adarsha Nagar,Arisinakunte,Nelamanagala Taluk, Bangalore Rural -562123, Bangalore Rural, Distt.- Bangalore Rural, Karnataka, Pin Code- 5",Bhavana Education Trust,Bangalore Rural,Karnataka,Private,B.Sc(N),40 (Forty),2025-2026,30,https://online.indiannursingcouncil.org/Reports/YearlyReportByState.aspx,2026-09-11T11:22:46.836779
5,Suraksha College Of Nursing,"Suraksha College Of Nursing , Plot No.70N Hootagalli Industrial Area.Hootagalli, Mysore, Distt.- Mysore, Karnataka, Pin Code- 570018",Sunitha Mahila Mandali,Mysore,Karnataka,Private,B.Sc(N),40 (Forty),2025-2026,30,https://online.indiannursingcouncil.org/Reports/YearlyReportByState.aspx,2026-09-11T11:22:46.836779
5,Suraksha College Of Nursing,"Suraksha College Of Nursing , Plot No.70N Hootagalli Industrial Area.Hootagalli, Mysore, Distt.- Mysore, Karnataka, Pin Code- 570018",Sunitha Mahila Mandali,Mysore,Karnataka,Private,GNM,40 (Forty),2025-2026,30,https://online.indiannursingcouncil.org/Reports/YearlyReportByState.aspx,2026-09-11T11:22:46.836779
6,Surya Nursing School,"Surya Nursing School, No 96 Bommenahalli Village , Old Madras Road.Mandur Post, Budigere Cross, Bangalore, Distt.- Bangalore, Karnataka, Pin Code- 560049",Surya Educational Trust,Bangalore,Karnataka,Private,GNM,60 (Sixty),2025-2026,30,https://online.indiannursingcouncil.org/Reports/YearlyReportByState.aspx,2026-09-11T11:22:46.836779
6,Surya Nursing School,"Surya Nursing School, No 96 Bommenahalli Village , Old Madras Road.Mandur Post, Budigere Cross, Bangalore, Distt.- Bangalore, Karnataka, Pin Code- 560049",Surya Educational Trust,Bangalore,Karnataka,Private,B.Sc(N),60 (Sixty),2025-2026,30,https://online.indiannursingcouncil.org/Reports/YearlyReportByState.aspx,2026-09-11T11:22:46.836779
6,Surya Nursing School,"Surya Nursing School, No 96 Bommenahalli Village , Old Madras Road.Mandur Post, Budigere Cross, Bangalore, Distt.- Bangalore, Karnataka, Pin Code- 560049",Surya Educational Trust,Bangalore,Karnataka,Private,P B B.Sc(N),45 (Forty Five),2025-2026,30,https://online.indiannursingcouncil.org/Reports/YearlyReportByState.aspx,2026-09-11T11:22:46.836779
7,Sushrutha School Of Nursing,"Sushrutha School Of Nursing, Swami Vivekananda Yoga Anusudana Samstana, (S-Vyasa Campus) Prasanthi Kuteeram, Jodi Bingipura, Kalubalu Post, Jigani Hobli, Anekal Taluk, Bangaluru, Distt.- Bangalore,",Yadalam Trust,Bangalore,Karnataka,Private,GNM,40 (Forty),2025-2026,30,https://online.indiannursingcouncil.org/Reports/YearlyReportByState.aspx,2026-09-11T11:22:46.836779
7,Sushrutha School Of Nursing,"Sushrutha School Of Nursing, Swami Vivekananda Yoga Anusudana Samstana, (S-Vyasa Campus) Prasanthi Kuteeram, Jodi Bingipura, Kalubalu Post, Jigani Hobli, Anekal Taluk, Bangaluru, Distt.- Bangalore,",Yadalam Trust,Bangalore,Karnataka,Private,B.Sc(N),45 (Forty Five),2025-2026,30,https://online.indiannursingcouncil.org/Reports/YearlyReportByState.aspx,2026-09-11T11:22:46.836779
8,Suvarna Institute Of Nursing,"Suvarna Institute Of Nursing, No. 36, Henry's Drivers Lane Oorgaum Post - K.G.F. , Kolar, Distt.- Kolar, Karnataka, Pin Code- 563120",Suvarna Institutes Of Education,Kolar,Karnataka,Private,GNM,60 (Sixty),2025-2026,30,https://online.indiannursingcouncil.org/Reports/YearlyReportByState.aspx,2026-09-11T11:22:46.836779
9,Suyog College Of Nursing,"Suyog College Of Nursing , #P/2,Dakshineshwara Road, Ef Block, Ramakrishna Nagar Mysore, Mysore, Distt.- Mysore, Karnataka, Pin Code- 570022",Suyog Trust,Mysore,Karnataka,Private,B.Sc(N),40 (Forty),2025-2026,30,https://online.indiannursingcouncil.org/Reports/YearlyReportByState.aspx,2026-09-11T11:22:46.836779
10,Swamy Vivekananda College Of Nursing,"Swamy Vivekananda College Of Nursing, Mandur(V),Virgonagar(Post),Devanahalli Road,Budigree, Hoskote, Distt.- Bangalore Rural, Karnataka, Pin Code- 560049",Swamy Vivekananda Education Trust,Bangalore Rural,Karnataka,Private,B.Sc(N),50 (Fifty),2025-2026,30,https://online.indiannursingcouncil.org/Reports/YearlyReportByState.aspx,2026-09-11T11:22:46.836779
11,Swarnalatha School Of Nursing,"Swarnalatha School Of Nursing, #64, Janapriya Township, Kadabagere Post, Magadi Main Road, Bangalore, Distt.- Bangalore, Karnataka, Pin Code- 562130",S S Educational Trust,Bangalore,Karnataka,Private,GNM,50(Fifty),2025-2026,30,https://online.indiannursingcouncil.org/Reports/YearlyReportByState.aspx,2026-09-11T11:22:46.836779
12,Swetha School Of Nursing,"Swetha School Of Nursing, No.61, Near Janapriya Township, Kadabagere, Magadi Road, Bangalore, Distt.- Bangalore, Karnataka, Pin Code- 563021",Swetha Educational Society,Bangalore,Karnataka,Private,GNM,40 (Forty),2025-2026,30,https://online.indiannursingcouncil.org/Reports/YearlyReportByState.aspx,2026-09-11T11:22:46.836779
13,T John School Of Nursing,"T John School Of Nursing, 88/1 Kammanahalli Gottigere Bannerghatta Road, Bangalore, Distt.- Bangalore, Karnataka, Pin Code- 560083",Marougan Education Foundation,Bangalore,Karnataka,Private,GNM,60 (Sixty),2025-2026,30,https://online.indiannursingcouncil.org/Reports/YearlyReportByState.aspx,2026-09-11T11:22:46.836779
13,T John School Of Nursing,"T John School Of Nursing, 88/1 Kammanahalli Gottigere Bannerghatta Road, Bangalore, Distt.- Bangalore, Karnataka, Pin Code- 560083",Marougan Education Foundation,Bangalore,Karnataka,Private,B.Sc(N),60 (Sixty),2025-2026,30,https://online.indiannursingcouncil.org/Reports/YearlyReportByState.aspx,2026-09-11T11:22:46.836779
14,T M A E S School Of Nursing,"T M A E S School Of Nursing, Sankalapur, Bellary Road, Vill.- Sankalapur, Tehsil- Hospet, Distt.- Bellary, Karnataka, Pin Code- 583201",T M A E S Society,Bellary,Karnataka,Private,GNM,50 (Fifty),2025-2026,30,https://online.indiannursingcouncil.org/Reports/YearlyReportByState.aspx,2026-09-11T11:22:46.836779
15,Tadikela Subbaiah School Of Nursing,"Tadikela Subbaiah School Of Nursing, Subbaiah Hospital Complex,Jail Road, Shimoga, Distt.- Shimoga, Karnataka, Pin Code- 577201",Tadikela Subbaiah Trust,Shimoga,Karnataka,Private,GNM,60 (Sixty),2025-2026,30,https://online.indiannursingcouncil.org/Reports/YearlyReportByState.aspx,2026-09-11T11:22:46.836779
15,Tadikela Subbaiah School Of Nursing,"Tadikela Subbaiah School Of Nursing, Subbaiah Hospital Complex,Jail Road, Shimoga, Distt.- Shimoga, Karnataka, Pin Code- 577201",Tadikela Subbaiah Trust,Shimoga,Karnataka,Private,B.Sc(N),240 (Two Hundred Forty),2025-2026,30,https://online.indiannursingcouncil.org/Reports/YearlyReportByState.aspx,2026-09-11T11:22:46.836779
15,Tadikela Subbaiah School Of Nursing,"Tadikela Subbaiah School Of Nursing, Subbaiah Hospital Complex,Jail Road, Shimoga, Distt.- Shimoga, Karnataka, Pin Code- 577201",Tadikela Subbaiah Trust,Shimoga,Karnataka,Private,M. Sc (N),25 (Twenty Five),2025-2026,30,https://online.indiannursingcouncil.org/Reports/YearlyReportByState.aspx,2026-09-11T11:22:46.836779
15,Tadikela Subbaiah School Of Nursing,"Tadikela Subbaiah School Of Nursing, Subbaiah Hospital Complex,Jail Road, Shimoga, Distt.- Shimoga, Karnataka, Pin Code- 577201",Tadikela Subbaiah Trust,Shimoga,Karnataka,Private,P B B.Sc(N),20 (Twenty),2025-2026,30,https://online.indiannursingcouncil.org/Reports/YearlyReportByState.aspx,2026-09-11T11:22:46.836779
16,Tapovana Institute Of Nursing,"Tapovana Institute Of Nursing, Doddabathi, , Doddabathi , Distt.- Davanagere, Karnataka, Pin Code- 577566",Sri Shakthi Association,Davanagere,Karnataka,Private,GNM,50 (Fifty),2025-2026,30,https://online.indiannursingcouncil.org/Reports/YearlyReportByState.aspx,2026-09-11T11:22:46.836779
17,The Capitol College Of Nursing,"The Capitol College Of Nursing, 144, Machohalli, Adjacent To Sri Vani Vidya Kendra, Magadi Main Road,, Bangalore, Distt.- Bangalore, Karnataka, Pin Code- 560091",Capitol Social And Educational Association,Bangalore,Karnataka,Private,B.Sc(N),50 (Fifty),2025-2026,30,https://online.indiannursingcouncil.org/Reports/YearlyReportByState.aspx,2026-09-11T11:22:46.836779
17,The Capitol College Of Nursing,"The Capitol College Of Nursing, 144, Machohalli, Adjacent To Sri Vani Vidya Kendra, Magadi Main Road,, Bangalore, Distt.- Bangalore, Karnataka, Pin Code- 560091",Capitol Social And Educational Association,Bangalore,Karnataka,Private,M. Sc (N),25 (Twenty Five),2025-2026,30,https://online.indiannursingcouncil.org/Reports/YearlyReportByState.aspx,2026-09-11T11:22:46.836779
17,The Capitol College Of Nursing,"The Capitol College Of Nursing, 144, Machohalli, Adjacent To Sri Vani Vidya Kendra, Magadi Main Road,, Bangalore, Distt.- Bangalore, Karnataka, Pin Code- 560091",Capitol Social And Educational Association,Bangalore,Karnataka,Private,P B B.Sc(N),40 (Forty),2025-2026,30,https://online.indiannursingcouncil.org/Reports/YearlyReportByState.aspx,2026-09-11T11:22:46.836779
17,The Capitol College Of Nursing,"The Capitol College Of Nursing, 144, Machohalli, Adjacent To Sri Vani Vidya Kendra, Magadi Main Road,, Bangalore, Distt.- Bangalore, Karnataka, Pin Code- 560091",Capitol Social And Educational Association,Bangalore,Karnataka,Private,GNM,50 (Fifty),2025-2026,30,https://online.indiannursingcouncil.org/Reports/YearlyReportByState.aspx,2026-09-11T11:22:46.836779
18,The Oxford College Of Nursing,"The Oxford College Of Nursing, 6/9, Ist Cross, Begur Main Road, Hongasandra, Bangalore, Bangalore, Distt.- Bangalore, Karnataka, Pin Code- 560068",Children's Education Society,Bangalore,Karnataka,Private,B.Sc(N),250 (Two Hundred Fifty),2025-2026,30,https://online.indiannursingcouncil.org/Reports/YearlyReportByState.aspx,2026-09-11T11:22:46.836779
1,The Oxford College Of Nursing,"The Oxford College Of Nursing, 6/9, Ist Cross, Begur Main Road, Hongasandra, Bangalore, Bangalore, Distt.- Bangalore, Karnataka, Pin Code- 560068",Children's Education Society,Bangalore,Karnataka,Private,M. Sc (N),25 (Twenty Five),2025-2026,31,https://online.indiannursingcouncil.org/Reports/YearlyReportByState.aspx,2026-09-11T11:22:54.916958
1,The Oxford College Of Nursing,"The Oxford College Of Nursing, 6/9, Ist Cross, Begur Main Road, Hongasandra, Bangalore, Bangalore, Distt.- Bangalore, Karnataka, Pin Code- 560068",Children's Education Society,Bangalore,Karnataka,Private,P B B.Sc(N),60 (Sixty),2025-2026,31,https://online.indiannursingcouncil.org/Reports/YearlyReportByState.aspx,2026-09-11T11:22:54.916958
1,The Oxford College Of Nursing,"The Oxford College Of Nursing, 6/9, Ist Cross, Begur Main Road, Hongasandra, Bangalore, Bangalore, Distt.- Bangalore, Karnataka, Pin Code- 560068",Children's Education Society,Bangalore,Karnataka,Private,NURSE PRACTITIONER IN CRITICAL CARE(NPCC),05 (Five),2025-2026,31,https://online.indiannursingcouncil.org/Reports/YearlyReportByState.aspx,2026-09-11T11:22:54.916958
2,The Rk School Of Nursing,"The Rk School Of Nursing, K.Honnalgere, Maddur (Tq), Mandya , K.Honnalgere, Distt.- Mandya, Karnataka, Pin Code- 571433",Keerthana Trust,Mandya,Karnataka,Private,GNM,30 (Thirty),2025-2026,31,https://online.indiannursingcouncil.org/Reports/YearlyReportByState.aspx,2026-09-11T11:22:54.916958
3,The Unity Institute Of Nursing Sciences,"The Unity Institute Of Nursing Sciences, Vijaya Samrat Building Near Ayyapa Swamy Temple Medhehalli Road Chitradurga , Chitrdurga, Distt.- Chitradurga, Karnataka, Pin Code- 577501",G G Education Society,Chitradurga,Karnataka,Private,B.Sc(N),40 (Forty),2025-2026,31,https://online.indiannursingcouncil.org/Reports/YearlyReportByState.aspx,2026-09-11T11:22:54.916958
3,The Unity Institute Of Nursing Sciences,"The Unity Institute Of Nursing Sciences, Vijaya Samrat Building Near Ayyapa Swamy Temple Medhehalli Road Chitradurga , Chitrdurga, Distt.- Chitradurga, Karnataka, Pin Code- 577501",G G Education Society,Chitradurga,Karnataka,Private,GNM,60 (Sixty),2025-2026,31,https://online.indiannursingcouncil.org/Reports/YearlyReportByState.aspx,2026-09-11T11:22:54.916958
4,Tungabhadra School Of Nursing,"Tungabhadra School Of Nursing, Near Banashankaramma Temple, 1St Ward, Chitawadgi, Hospet , Hospet, Distt.- Bellary, Karnataka, Pin Code- 583211",Sri Ranganatha Swamy Vidya Samsthe,Bellary,Karnataka,Private,GNM,40 (Forty),2025-2026,31,https://online.indiannursingcouncil.org/Reports/YearlyReportByState.aspx,2026-09-11T11:22:54.916958
5,Udupi College Of Nursing,"Udupi College Of Nursing, S. No. 421, Opp Sibm, Shivalli, Anantha Nagar, Manipal,, Udupi , Distt.- Udupi, Karnataka, Pin Code- 0",Shri Krishna Educational Trust,Udupi,Karnataka,Private,B.Sc(N),50 (Fifty),2025-2026,31,https://online.indiannursingcouncil.org/Reports/YearlyReportByState.aspx,2026-09-11T11:22:54.916958
5,Udupi College Of Nursing,"Udupi College Of Nursing, S. No. 421, Opp Sibm, Shivalli, Anantha Nagar, Manipal,, Udupi , Distt.- Udupi, Karnataka, Pin Code- 0",Shri Krishna Educational Trust,Udupi,Karnataka,Private,M. Sc (N),15 (Fifteen),2025-2026,31,https://online.indiannursingcouncil.org/Reports/YearlyReportByState.aspx,2026-09-11T11:22:54.916958
5,Udupi College Of Nursing,"Udupi College Of Nursing, S. No. 421, Opp Sibm, Shivalli, Anantha Nagar, Manipal,, Udupi , Distt.- Udupi, Karnataka, Pin Code- 0",Shri Krishna Educational Trust,Udupi,Karnataka,Private,P B B.Sc(N),20 (Twenty),2025-2026,31,https://online.indiannursingcouncil.org/Reports/YearlyReportByState.aspx,2026-09-11T11:22:54.916958
6,Udupi Dhanvanthari College Of Nursing,"Udupi Dhanvanthari College Of Nursing, Vasundara Nagar, Malpe-Ashirvad Road, Santhekatte , Udupi , Distt.- Udupi, Karnataka, Pin Code- 576105",Srikrishna Charitable Trust,Udupi,Karnataka,Private,B.Sc(N),50 (Fifty),2025-2026,31,https://online.indiannursingcouncil.org/Reports/YearlyReportByState.aspx,2026-09-11T11:22:54.916958
6,Udupi Dhanvanthari College Of Nursing,"Udupi Dhanvanthari College Of Nursing, Vasundara Nagar, Malpe-Ashirvad Road, Santhekatte , Udupi , Distt.- Udupi, Karnataka, Pin Code- 576105",Srikrishna Charitable Trust,Udupi,Karnataka,Private,GNM,50 (Fifty),2025-2026,31,https://online.indiannursingcouncil.org/Reports/YearlyReportByState.aspx,2026-09-11T11:22:54.916958
7,Unity Nursing Institute,"Unity Nursing Institute, Ashoknagar Post, Shediguri, Dambel Road, , Mangalore, Distt.- Dakshina Kannada, Karnataka, Pin Code- 575006",Unity Health And Charitable Trust,Dakshina Kannada,Karnataka,Private,GNM,40 (Forty),2025-2026,31,https://online.indiannursingcouncil.org/Reports/YearlyReportByState.aspx,2026-09-11T11:22:54.916958
7,Unity Nursing Institute,"Unity Nursing Institute, Ashoknagar Post, Shediguri, Dambel Road, , Mangalore, Distt.- Dakshina Kannada, Karnataka, Pin Code- 575006",Unity Health And Charitable Trust,Dakshina Kannada,Karnataka,Private,B.Sc(N),60 (Sixty),2025-2026,31,https://online.indiannursingcouncil.org/Reports/YearlyReportByState.aspx,2026-09-11T11:22:54.916958
8,Universal School Of Nursing,"Universal School Of Nursing , Nirmalaram Campus, Arekere, Iim B Po, Bannerghatta Road, Bangalore, Distt.- Bangalore, Karnataka, Pin Code- 560076",Universal Education Academy,Bangalore,Karnataka,Private,GNM,50 (Fifty),2025-2026,31,https://online.indiannursingcouncil.org/Reports/YearlyReportByState.aspx,2026-09-11T11:22:54.916958
8,Universal School Of Nursing,"Universal School Of Nursing , Nirmalaram Campus, Arekere, Iim B Po, Bannerghatta Road, Bangalore, Distt.- Bangalore, Karnataka, Pin Code- 560076",Universal Education Academy,Bangalore,Karnataka,Private,B.Sc(N),60 (Sixty),2025-2026,31,https://online.indiannursingcouncil.org/Reports/YearlyReportByState.aspx,2026-09-11T11:22:54.916958
8,Universal School Of Nursing,"Universal School Of Nursing , Nirmalaram Campus, Arekere, Iim B Po, Bannerghatta Road, Bangalore, Distt.- Bangalore, Karnataka, Pin Code- 560076",Universal Education Academy,Bangalore,Karnataka,Private,M. Sc (N),20 (Twenty) Med-Surg-5 Paed-5 Obg-5 Psy-5,2025-2026,31,https://online.indiannursingcouncil.org/Reports/YearlyReportByState.aspx,2026-09-11T11:22:54.916958
9,Vagdevi School Of Nursing,"Vagdevi School Of Nursing, Opp. Jindal Govt High School, Pipe Line Road, Hesaraghatta Main Road, Chikkabanavara, Bangalore, Distt.- Bangalore, Karnataka, Pin Code- 560090",Vagdevi Rural Educational Trust,Bangalore,Karnataka,Private,GNM,60 (Sixty),2025-2026,31,https://online.indiannursingcouncil.org/Reports/YearlyReportByState.aspx,2026-09-11T11:22:54.916958
9,Vagdevi School Of Nursing,"Vagdevi School Of Nursing, Opp. Jindal Govt High School, Pipe Line Road, Hesaraghatta Main Road, Chikkabanavara, Bangalore, Distt.- Bangalore, Karnataka, Pin Code- 560090",Vagdevi Rural Educational Trust,Bangalore,Karnataka,Private,B.Sc(N),60 (Sixty),2025-2026,31,https://online.indiannursingcouncil.org/Reports/YearlyReportByState.aspx,2026-09-11T11:22:54.916958
9,Vagdevi School Of Nursing,"Vagdevi School Of Nursing, Opp. Jindal Govt High School, Pipe Line Road, Hesaraghatta Main Road, Chikkabanavara, Bangalore, Distt.- Bangalore, Karnataka, Pin Code- 560090",Vagdevi Rural Educational Trust,Bangalore,Karnataka,Private,P B B.Sc(N),40 (Forty),2025-2026,31,https://online.indiannursingcouncil.org/Reports/YearlyReportByState.aspx,2026-09-11T11:22:54.916958
10,Vaidya School Of Nursing,"Vaidya School Of Nursing,, First Floor, Vijaya Bank Building, B M Road, Channarayapatna, Distt.- Hassan, Karnataka, Pin Code- 573116",Vaidya Education Trust,Hassan,Karnataka,Private,GNM,30 (Thirty),2025-2026,31,https://online.indiannursingcouncil.org/Reports/YearlyReportByState.aspx,2026-09-11T11:22:54.916958
11,Valley School Of Nursing,"Valley School Of Nursing, Bethel Medical Mission Campus Preethi Nagar Laggere Ring Road Bridge Bangalore, Bangalore, Distt.- Bangalore, Karnataka, Pin Code- 560086",B C Trust,Bangalore,Karnataka,Private,GNM,40 (Forty),2025-2026,31,https://online.indiannursingcouncil.org/Reports/YearlyReportByState.aspx,2026-09-11T11:22:54.916958
12,Vanshika College Of Nursing,"Vanshika College Of Nursing, No.367/508,3Rd Main, Thirumenahalli,Agrahara Badavane,Jakkur Post, Yelahanka Hobli, Bangalore, Bangalore, Distt.- Bangalore, Karnataka, Pin Code- 560064",Vanshit Educational Welfare And Charitable Trust,Bangalore,Karnataka,Private,B.Sc(N),40 (Forty),2025-2026,31,https://online.indiannursingcouncil.org/Reports/YearlyReportByState.aspx,2026-09-11T11:22:54.916958
12,Vanshika College Of Nursing,"Vanshika College Of Nursing, No.367/508,3Rd Main, Thirumenahalli,Agrahara Badavane,Jakkur Post, Yelahanka Hobli, Bangalore, Bangalore, Distt.- Bangalore, Karnataka, Pin Code- 560064",Vanshit Educational Welfare And Charitable Trust,Bangalore,Karnataka,Private,GNM,40 (Forty),2025-2026,31,https://online.indiannursingcouncil.org/Reports/YearlyReportByState.aspx,2026-09-11T11:22:54.916958
13,Varadaraja College Of Nursing,"Varadaraja College Of Nursing, Sheetihalli Ring Road Tuda Layout Tumkur , Tumkur, Distt.- Tumkur, Karnataka, Pin Code- 572102",Varadaraja Charitable Trust,Tumkur,Karnataka,Private,M. Sc (N),15 (Fifteen) 3 In Each Speciality,2025-2026,31,https://online.indiannursingcouncil.org/Reports/YearlyReportByState.aspx,2026-09-11T11:22:54.916958
13,Varadaraja College Of Nursing,"Varadaraja College Of Nursing, Sheetihalli Ring Road Tuda Layout Tumkur , Tumkur, Distt.- Tumkur, Karnataka, Pin Code- 572102",Varadaraja Charitable Trust,Tumkur,Karnataka,Private,P B B.Sc(N),30 (Thirty),2025-2026,31,https://online.indiannursingcouncil.org/Reports/YearlyReportByState.aspx,2026-09-11T11:22:54.916958
13,Varadaraja College Of Nursing,"Varadaraja College Of Nursing, Sheetihalli Ring Road Tuda Layout Tumkur , Tumkur, Distt.- Tumkur, Karnataka, Pin Code- 572102",Varadaraja Charitable Trust,Tumkur,Karnataka,Private,GNM,40 (Forty),2025-2026,31,https://online.indiannursingcouncil.org/Reports/YearlyReportByState.aspx,2026-09-11T11:22:54.916958
13,Varadaraja College Of Nursing,"Varadaraja College Of Nursing, Sheetihalli Ring Road Tuda Layout Tumkur , Tumkur, Distt.- Tumkur, Karnataka, Pin Code- 572102",Varadaraja Charitable Trust,Tumkur,Karnataka,Private,B.Sc(N),50 (Fifty),2025-2026,31,https://online.indiannursingcouncil.org/Reports/YearlyReportByState.aspx,2026-09-11T11:22:54.916958
14,Varalakshmi School Of Nursing,"Varalakshmi School Of Nursing,, No 127/1, Sri Ganadada Kaval, Magadi Main Road,, , Distt.- Bangalore Rural, Karnataka, Pin Code- 0",Dhanvanthri Trust,Bangalore Rural,Karnataka,Private,GNM,50 (Fifty),2025-2026,31,https://online.indiannursingcouncil.org/Reports/YearlyReportByState.aspx,2026-09-11T11:22:54.916958
14,Varalakshmi School Of Nursing,"Varalakshmi School Of Nursing,, No 127/1, Sri Ganadada Kaval, Magadi Main Road,, , Distt.- Bangalore Rural, Karnataka, Pin Code- 0",Dhanvanthri Trust,Bangalore Rural,Karnataka,Private,B.Sc(N),60 (Sixty),2025-2026,31,https://online.indiannursingcouncil.org/Reports/YearlyReportByState.aspx,2026-09-11T11:22:54.916958
1,Varalakshmi School Of Nursing,"Varalakshmi School Of Nursing,, No 127/1, Sri Ganadada Kaval, Magadi Main Road,, , Distt.- Bangalore Rural, Karnataka, Pin Code- 0",Dhanvanthri Trust,Bangalore Rural,Karnataka,Private,M. Sc (N),25: 5 In Each Specaility,2025-2026,32,https://online.indiannursingcouncil.org/Reports/YearlyReportByState.aspx,2026-09-11T11:23:04.158045
1,Varalakshmi School Of Nursing,"Varalakshmi School Of Nursing,, No 127/1, Sri Ganadada Kaval, Magadi Main Road,, , Distt.- Bangalore Rural, Karnataka, Pin Code- 0",Dhanvanthri Trust,Bangalore Rural,Karnataka,Private,P B B.Sc(N),50 (Fifty),2025-2026,32,https://online.indiannursingcouncil.org/Reports/YearlyReportByState.aspx,2026-09-11T11:23:04.158045
2,Victory College Of Nursing,"Victory College Of Nursing, N0 7380,Dadapeer Layout,Byreshwaranagara,Nh-4,Sondekoppa Circle,Nelamangala, Nelamangala , Distt.- Bangalore Rural, Karnataka, Pin Code- 562123",Mother's Care Educational Society,Bangalore Rural,Karnataka,Private,B.Sc(N),50 (Fifty),2025-2026,32,https://online.indiannursingcouncil.org/Reports/YearlyReportByState.aspx,2026-09-11T11:23:04.158045
2,Victory College Of Nursing,"Victory College Of Nursing, N0 7380,Dadapeer Layout,Byreshwaranagara,Nh-4,Sondekoppa Circle,Nelamangala, Nelamangala , Distt.- Bangalore Rural, Karnataka, Pin Code- 562123",Mother's Care Educational Society,Bangalore Rural,Karnataka,Private,P B B.Sc(N),45 (Forty Five),2025-2026,32,https://online.indiannursingcouncil.org/Reports/YearlyReportByState.aspx,2026-09-11T11:23:04.158045
2,Victory College Of Nursing,"Victory College Of Nursing, N0 7380,Dadapeer Layout,Byreshwaranagara,Nh-4,Sondekoppa Circle,Nelamangala, Nelamangala , Distt.- Bangalore Rural, Karnataka, Pin Code- 562123",Mother's Care Educational Society,Bangalore Rural,Karnataka,Private,GNM,60 (Sixty),2025-2026,32,https://online.indiannursingcouncil.org/Reports/YearlyReportByState.aspx,2026-09-11T11:23:04.158045
3,Vidya College Of Nursing,"Vidya College Of Nursing, Mallar Village Main Road Kapu, Kapu, Distt.- Udupi, Karnataka, Pin Code- 574106",Ananthraj Charitable Trust,Udupi,Karnataka,Private,B.Sc(N),40 (Forty),2025-2026,32,https://online.indiannursingcouncil.org/Reports/YearlyReportByState.aspx,2026-09-11T11:23:04.158045
3,Vidya College Of Nursing,"Vidya College Of Nursing, Mallar Village Main Road Kapu, Kapu, Distt.- Udupi, Karnataka, Pin Code- 574106",Ananthraj Charitable Trust,Udupi,Karnataka,Private,GNM,50 (Fifty),2025-2026,32,https://online.indiannursingcouncil.org/Reports/YearlyReportByState.aspx,2026-09-11T11:23:04.158045
3,Vidya College Of Nursing,"Vidya College Of Nursing, Mallar Village Main Road Kapu, Kapu, Distt.- Udupi, Karnataka, Pin Code- 574106",Ananthraj Charitable Trust,Udupi,Karnataka,Private,P B B.Sc(N),40 (Forty),2025-2026,32,https://online.indiannursingcouncil.org/Reports/YearlyReportByState.aspx,2026-09-11T11:23:04.158045
4,Vidya Kirana School Of Nursing,"Vidya Kirana School Of Nursing, No- 7, 7Th Cross, Venkateshwara Layout, Kothnoor Dinne (Near Bk Circle), 8Th Phase J. P. Nagar, Jamboosavari Dinne, Distt.- Bangalore, Karnataka, Pin Code- 560",Haladammadevi Educational Trust,Bangalore,Karnataka,Private,GNM,50 (Fifty),2025-2026,32,https://online.indiannursingcouncil.org/Reports/YearlyReportByState.aspx,2026-09-11T11:23:04.158045
5,Vidya Vikas College Of Nursing,"Vidya Vikas College Of Nursing, #127/128,Mysuru-Bannuru Road, Alanahalli Post, Mysuru, Mysuru, Distt.- Mysore, Karnataka, Pin Code- 570028",Vidya Vikas Educational Trust,Mysore,Karnataka,Private,B.Sc(N),60 (Sixty),2025-2026,32,https://online.indiannursingcouncil.org/Reports/YearlyReportByState.aspx,2026-09-11T11:23:04.158045
6,Vidyarathna School Of Nursing,"Vidyarathna School Of Nursing, City Hospital Complex, Vidyaranya Marg,, Udupi, Distt.- Udupi, Karnataka, Pin Code- 576101",City Education Trust,Udupi,Karnataka,Private,GNM,50 (Fifty),2025-2026,32,https://online.indiannursingcouncil.org/Reports/YearlyReportByState.aspx,2026-09-11T11:23:04.158045
6,Vidyarathna School Of Nursing,"Vidyarathna School Of Nursing, City Hospital Complex, Vidyaranya Marg,, Udupi, Distt.- Udupi, Karnataka, Pin Code- 576101",City Education Trust,Udupi,Karnataka,Private,B.Sc(N),60 (Sixty),2025-2026,32,https://online.indiannursingcouncil.org/Reports/YearlyReportByState.aspx,2026-09-11T11:23:04.158045
6,Vidyarathna School Of Nursing,"Vidyarathna School Of Nursing, City Hospital Complex, Vidyaranya Marg,, Udupi, Distt.- Udupi, Karnataka, Pin Code- 576101",City Education Trust,Udupi,Karnataka,Private,P B B.Sc(N),30 (Thirty),2025-2026,32,https://online.indiannursingcouncil.org/Reports/YearlyReportByState.aspx,2026-09-11T11:23:04.158045
7,Vidyarthi School And College Of Nursing,"Vidyarthi School And College Of Nursing, Soorahalli, Muguluvahalli Post, Belur Road, Chikkamanagaluru, Chikkamanagaluru, Distt.- Chikmagalur, Karnataka, Pin Code- 577101",Vidyarthi Education Trust,Chikmagalur,Karnataka,Private,GNM,40 (Forty),2025-2026,32,https://online.indiannursingcouncil.org/Reports/YearlyReportByState.aspx,2026-09-11T11:23:04.158045
7,Vidyarthi School And College Of Nursing,"Vidyarthi School And College Of Nursing, Soorahalli, Muguluvahalli Post, Belur Road, Chikkamanagaluru, Chikkamanagaluru, Distt.- Chikmagalur, Karnataka, Pin Code- 577101",Vidyarthi Education Trust,Chikmagalur,Karnataka,Private,B.Sc(N),40 (Forty),2025-2026,32,https://online.indiannursingcouncil.org/Reports/YearlyReportByState.aspx,2026-09-11T11:23:04.158045
8,Vidyodaya College Of Nursing And Vidyakendra School Of Nursing,"Vidyodaya College Of Nursing And Vidyakendra School Of Nursing , No 3,Sy No : 41/3, Chikkasandra Village, Shetty Halli Road, Yeswantapura Hobli, Chikkabanavar Bangalore 560090, Bengaluru, Distt.- B",Vidyodaya Foundation,Bangalore,Karnataka,Private,GNM,40 (Forty),2025-2026,32,https://online.indiannursingcouncil.org/Reports/YearlyReportByState.aspx,2026-09-11T11:23:04.158045
8,Vidyodaya College Of Nursing And Vidyakendra School Of Nursing,"Vidyodaya College Of Nursing And Vidyakendra School Of Nursing , No 3,Sy No : 41/3, Chikkasandra Village, Shetty Halli Road, Yeswantapura Hobli, Chikkabanavar Bangalore 560090, Bengaluru, Distt.- B",Vidyodaya Foundation,Bangalore,Karnataka,Private,B.Sc(N),40 (Forty),2025-2026,32,https://online.indiannursingcouncil.org/Reports/YearlyReportByState.aspx,2026-09-11T11:23:04.158045
9,Vijaya College Of Nursing Science,"Vijaya College Of Nursing Science, Block - 1, Hissa No. 430, A2, Honaga, Belagavi, Distt.- Belgaum, Karnataka, Pin Code- 591156",Shri Ravi Arogya Hagu Shikshan Seva Samasthe Belagavi,Belgaum,Karnataka,Private,B.Sc(N),40 (Forty),2025-2026,32,https://online.indiannursingcouncil.org/Reports/YearlyReportByState.aspx,2026-09-11T11:23:04.158045
9,Vijaya College Of Nursing Science,"Vijaya College Of Nursing Science, Block - 1, Hissa No. 430, A2, Honaga, Belagavi, Distt.- Belgaum, Karnataka, Pin Code- 591156",Shri Ravi Arogya Hagu Shikshan Seva Samasthe Belagavi,Belgaum,Karnataka,Private,GNM,60 (Sixty),2025-2026,32,https://online.indiannursingcouncil.org/Reports/YearlyReportByState.aspx,2026-09-11T11:23:04.158045
10,Vijayalakshmi School Of Nursing,"Vijayalakshmi School Of Nursing, Gajaladinne, Near Dh Office Bangarpet Road, Kolar Karnataka, Kolar, Distt.- Kolar, Karnataka, Pin Code- 563101",Vijayalakshmi Educational Trust,Kolar,Karnataka,Private,GNM,50 (Fifty),2025-2026,32,https://online.indiannursingcouncil.org/Reports/YearlyReportByState.aspx,2026-09-11T11:23:04.158045
11,Vijayanagar College Of Nursing,"Vijayanagar College Of Nursing, Vijayanagar College Of Nursing,#43,1St Main,1St Cross,Nagarabhavi,Bangalore,Karnataka , Bangalore, Distt.- Bangalore, Karnataka, Pin Code- 560072",Vijayanagar Educational Academy,Bangalore,Karnataka,Private,B.Sc(N),60 (Sixty),2025-2026,32,https://online.indiannursingcouncil.org/Reports/YearlyReportByState.aspx,2026-09-11T11:23:04.158045
11,Vijayanagar College Of Nursing,"Vijayanagar College Of Nursing, Vijayanagar College Of Nursing,#43,1St Main,1St Cross,Nagarabhavi,Bangalore,Karnataka , Bangalore, Distt.- Bangalore, Karnataka, Pin Code- 560072",Vijayanagar Educational Academy,Bangalore,Karnataka,Private,P B B.Sc(N),40 (Forty),2025-2026,32,https://online.indiannursingcouncil.org/Reports/YearlyReportByState.aspx,2026-09-11T11:23:04.158045
11,Vijayanagar College Of Nursing,"Vijayanagar College Of Nursing, Vijayanagar College Of Nursing,#43,1St Main,1St Cross,Nagarabhavi,Bangalore,Karnataka , Bangalore, Distt.- Bangalore, Karnataka, Pin Code- 560072",Vijayanagar Educational Academy,Bangalore,Karnataka,Private,GNM,60 (Sixty),2025-2026,32,https://online.indiannursingcouncil.org/Reports/YearlyReportByState.aspx,2026-09-11T11:23:04.158045
12,Vikram College Of Nursing,"Vikram College Of Nursing, # 7 Paramahamsa Road Yadavagiri Mysore, Mysore, Distt.- Mysore, Karnataka, Pin Code- 570020",Vikram Educational Trust,Mysore,Karnataka,Private,B.Sc(N),40 (Forty),2025-2026,32,https://online.indiannursingcouncil.org/Reports/YearlyReportByState.aspx,2026-09-11T11:23:04.158045
12,Vikram College Of Nursing,"Vikram College Of Nursing, # 7 Paramahamsa Road Yadavagiri Mysore, Mysore, Distt.- Mysore, Karnataka, Pin Code- 570020",Vikram Educational Trust,Mysore,Karnataka,Private,P B B.Sc(N),40 (Forty),2025-2026,32,https://online.indiannursingcouncil.org/Reports/YearlyReportByState.aspx,2026-09-11T11:23:04.158045
12,Vikram College Of Nursing,"Vikram College Of Nursing, # 7 Paramahamsa Road Yadavagiri Mysore, Mysore, Distt.- Mysore, Karnataka, Pin Code- 570020",Vikram Educational Trust,Mysore,Karnataka,Private,GNM,40 (Forty),2025-2026,32,https://online.indiannursingcouncil.org/Reports/YearlyReportByState.aspx,2026-09-11T11:23:04.158045
13,Vimalalaya College Of Nursing,"Vimalalaya College Of Nursing, Huskur Gate, Electronic City Post, Bangalore, Distt.- Bangalore, Karnataka, Pin Code- 560100",Vimalalaya Hospital Trust,Bangalore,Karnataka,Private,B.Sc(N),40 (Forty),2025-2026,32,https://online.indiannursingcouncil.org/Reports/YearlyReportByState.aspx,2026-09-11T11:23:04.158045
14,Vinay Hubballi College Of Nursing,"Vinay Hubballi College Of Nursing, Belagavi, Near 3Rd Railway Gate, Khanapur Road, Belagavi-590006, Belagavi, Distt.- Belgaum, Karnataka, Pin Code- 590006",Jana Seva Samiti,Belgaum,Karnataka,Private,B.Sc(N),40 (Forty),2025-2026,32,https://online.indiannursingcouncil.org/Reports/YearlyReportByState.aspx,2026-09-11T11:23:04.158045
15,Vishnu School Of Nursing,"Vishnu School Of Nursing, Hunasanahalli Extention, Tekal Road, Kolar, Distt.- Kolar, Karnataka, Pin Code- 563114",Shri Saptagiri Srinivasa Education And Culture Society,Kolar,Karnataka,Private,GNM,60 (Sixty),2025-2026,32,https://online.indiannursingcouncil.org/Reports/YearlyReportByState.aspx,2026-09-11T11:23:04.158045
15,Vishnu School Of Nursing,"Vishnu School Of Nursing, Hunasanahalli Extention, Tekal Road, Kolar, Distt.- Kolar, Karnataka, Pin Code- 563114",Shri Saptagiri Srinivasa Education And Culture Society,Kolar,Karnataka,Private,B.Sc(N),40 (Forty),2025-2026,32,https://online.indiannursingcouncil.org/Reports/YearlyReportByState.aspx,2026-09-11T11:23:04.158045
1,Viswa Sai School Of Nursing,"Viswa Sai School Of Nursing, No.66, 2Nd Main, Muneswara Layout, Kodichikkanahalli, Bangalore, Bangalore, Distt.- Bangalore, Karnataka, Pin Code- 560076",Sri Sai Vidya Academy,Bangalore,Karnataka,Private,B.Sc(N),60 (Sixty),2025-2026,33,https://online.indiannursingcouncil.org/Reports/YearlyReportByState.aspx,2026-09-11T11:23:11.176116
1,Viswa Sai School Of Nursing,"Viswa Sai School Of Nursing, No.66, 2Nd Main, Muneswara Layout, Kodichikkanahalli, Bangalore, Bangalore, Distt.- Bangalore, Karnataka, Pin Code- 560076",Sri Sai Vidya Academy,Bangalore,Karnataka,Private,GNM,60 (Sixty),2025-2026,33,https://online.indiannursingcouncil.org/Reports/YearlyReportByState.aspx,2026-09-11T11:23:11.176116
2,Viswabharathi School Of Nursing,"Viswabharathi School Of Nursing, No.54-59, Uttarahalli Main Road Uttarahalli, Vill.- Uttarahalli, Tehsil- Bangalore South, Distt.- Bangalore, Karnataka, Pin Code- 560061",Vishwabharathi Trust,Bangalore,Karnataka,Private,GNM,50 (Fifty),2025-2026,33,https://online.indiannursingcouncil.org/Reports/YearlyReportByState.aspx,2026-09-11T11:23:11.176116
2,Viswabharathi School Of Nursing,"Viswabharathi School Of Nursing, No.54-59, Uttarahalli Main Road Uttarahalli, Vill.- Uttarahalli, Tehsil- Bangalore South, Distt.- Bangalore, Karnataka, Pin Code- 560061",Vishwabharathi Trust,Bangalore,Karnataka,Private,B.Sc(N),40 (Forty),2025-2026,33,https://online.indiannursingcouncil.org/Reports/YearlyReportByState.aspx,2026-09-11T11:23:11.176116
2,Viswabharathi School Of Nursing,"Viswabharathi School Of Nursing, No.54-59, Uttarahalli Main Road Uttarahalli, Vill.- Uttarahalli, Tehsil- Bangalore South, Distt.- Bangalore, Karnataka, Pin Code- 560061",Vishwabharathi Trust,Bangalore,Karnataka,Private,P B B.Sc(N),30 (Thirty),2025-2026,33,https://online.indiannursingcouncil.org/Reports/YearlyReportByState.aspx,2026-09-11T11:23:11.176116
3,Vivekananda School Of Nursing,"Vivekananda School Of Nursing, Basappa Multi Speciality Hospital Campus, B L Gowda Layout, Turuvanuru Road, Vill.- Chitradurga, Tehsil- Chitradurga, Distt.- Chitradurga, Karnataka, Pin Code- 5775",Vivekananda Education Society,Chitradurga,Karnataka,Private,GNM,50 (Fifty),2025-2026,33,https://online.indiannursingcouncil.org/Reports/YearlyReportByState.aspx,2026-09-11T11:23:11.176116
4,Vydehi Institute Of Nursing Sciences & Res. Centre,"Vydehi Institute Of Nursing Sciences & Res. Centre, No. 82, Epip Area, Nallurahalli, Whitefield, Bengaluru, Distt.- Bangalore, Karnataka, Pin Code- 560066",Srinivasa Trust,Bangalore,Karnataka,Private,GNM,100 (One Hundred),2025-2026,33,https://online.indiannursingcouncil.org/Reports/YearlyReportByState.aspx,2026-09-11T11:23:11.176116
4,Vydehi Institute Of Nursing Sciences & Res. Centre,"Vydehi Institute Of Nursing Sciences & Res. Centre, No. 82, Epip Area, Nallurahalli, Whitefield, Bengaluru, Distt.- Bangalore, Karnataka, Pin Code- 560066",Srinivasa Trust,Bangalore,Karnataka,Private,B.Sc(N),200 (Two Hundred),2025-2026,33,https://online.indiannursingcouncil.org/Reports/YearlyReportByState.aspx,2026-09-11T11:23:11.176116
4,Vydehi Institute Of Nursing Sciences & Res. Centre,"Vydehi Institute Of Nursing Sciences & Res. Centre, No. 82, Epip Area, Nallurahalli, Whitefield, Bengaluru, Distt.- Bangalore, Karnataka, Pin Code- 560066",Srinivasa Trust,Bangalore,Karnataka,Private,M. Sc (N),25 (Twenty Five),2025-2026,33,https://online.indiannursingcouncil.org/Reports/YearlyReportByState.aspx,2026-09-11T11:23:11.176116
4,Vydehi Institute Of Nursing Sciences & Res. Centre,"Vydehi Institute Of Nursing Sciences & Res. Centre, No. 82, Epip Area, Nallurahalli, Whitefield, Bengaluru, Distt.- Bangalore, Karnataka, Pin Code- 560066",Srinivasa Trust,Bangalore,Karnataka,Private,P B B.Sc(N),40 (Forty),2025-2026,33,https://online.indiannursingcouncil.org/Reports/YearlyReportByState.aspx,2026-09-11T11:23:11.176116
5,Yashodha Nursing College Vijayapur,"Yashodha Nursing College Vijayapur, Yashodha College Of Nursing Vijayapura3rd Floore Khb Complex Solapur Roadvijayapura- 586103, Vijayapur, Distt.- Vijayapura, Karnataka, Pin Code- 586103",Yashoda Trust,Vijayapura,Karnataka,Private,B.Sc(N),40 (Forty),2025-2026,33,https://online.indiannursingcouncil.org/Reports/YearlyReportByState.aspx,2026-09-11T11:23:11.176116
6,Yenepoya Nursing College,"Yenepoya Nursing College, Yenepoya University, University Road, , Mangaluru, Distt.- Dakshina Kannada, Karnataka, Pin Code- 575018",Yenepoya University,Dakshina Kannada,Karnataka,Private,B.Sc(N),300 (THREE HUNDRED),2025-2026,33,https://online.indiannursingcouncil.org/Reports/YearlyReportByState.aspx,2026-09-11T11:23:11.176116
6,Yenepoya Nursing College,"Yenepoya Nursing College, Yenepoya University, University Road, , Mangaluru, Distt.- Dakshina Kannada, Karnataka, Pin Code- 575018",Yenepoya University,Dakshina Kannada,Karnataka,Private,M. Sc (N),30 (Thirty),2025-2026,33,https://online.indiannursingcouncil.org/Reports/YearlyReportByState.aspx,2026-09-11T11:23:11.176116
6,Yenepoya Nursing College,"Yenepoya Nursing College, Yenepoya University, University Road, , Mangaluru, Distt.- Dakshina Kannada, Karnataka, Pin Code- 575018",Yenepoya University,Dakshina Kannada,Karnataka,Private,P B B.Sc(N),60 (Sixty),2025-2026,33,https://online.indiannursingcouncil.org/Reports/YearlyReportByState.aspx,2026-09-11T11:23:11.176116
7,Zulekha Nursing College,"Zulekha Nursing College, Zulekha Complex Bibi Alabi Road, Mangaluru, Distt.- Dakshina Kannada, Karnataka, Pin Code- 575001",Yenepoya Institute Of Medical Sciences And Res. Pvt. Ltd.,Dakshina Kannada,Karnataka,Private,B.Sc(N),60 (Sixty),2025-2026,33,https://online.indiannursingcouncil.org/Reports/YearlyReportByState.aspx,2026-09-11T11:23:11.176116
7,Zulekha Nursing College,"Zulekha Nursing College, Zulekha Complex Bibi Alabi Road, Mangaluru, Distt.- Dakshina Kannada, Karnataka, Pin Code- 575001",Yenepoya Institute Of Medical Sciences And Res. Pvt. Ltd.,Dakshina Kannada,Karnataka,Private,M. Sc (N),15 (Fifteen),2025-2026,33,https://online.indiannursingcouncil.org/Reports/YearlyReportByState.aspx,2026-09-11T11:23:11.176116
