inc_institution_key,institution_name,institution_address,trust_name,district_name,state,sector,programmes,annual_intakes,total_intake,pin_code,academic_year,source,source_url,extraction_timestamp
Punjab|Jalandhar|A P S COLLEGE OF NURSING,A P S College Of Nursing,"A P S College Of Nursing, Shahkot Road, Malsian, Jalandhar, Distt.- Jalandhar, Punjab, Pin Code- 144701",Parul Educational Society,Jalandhar,Punjab,Private,GNM | B.Sc(N) | P B B.Sc(N),60 (Sixty) | 40 (Forty) | 20 (Twenty),120,144701,2025-2026,INC Yearly Report,https://online.indiannursingcouncil.org/Reports/YearlyReportByState.aspx,2026-09-11T11:32:03.585090
Punjab|Pathankot|ABIGAIL CHARISTIAN NURSING INSTITUTE,Abigail Charistian Nursing Institute,"Abigail Charistian Nursing Institute, Shahpur Kandi Road, Vill- Kot , Pathankot , Vill.- Kot , Tehsil- Dharkalan, Distt.- Pathankot, Punjab, Pin Code- 145029",Bibi Rehmete Christian Educational Society,Pathankot,Punjab,Private,GNM,40 (Forty),40,145029,2025-2026,INC Yearly Report,https://online.indiannursingcouncil.org/Reports/YearlyReportByState.aspx,2026-09-11T11:32:03.585090
Punjab|Patiala|ADARSH SCHOOL OF NURSING,Adarsh School Of Nursing,"Adarsh School Of Nursing, Village Chounth, Patiala Samana Road, Vill.- Chounth Kheri, Tehsil- Samana, Distt.- Patiala, Punjab, Pin Code- 147101",Nova Educational Society,Patiala,Punjab,Private,ANM | GNM | B.Sc(N) | M. Sc (N) | P B B.Sc(N),50 (Fifty) | 60 (Sixty) | 60 (Sixty) | 25 (Twnty Five) 5 In Each Speciality | 40 (Forty),235,147101,2025-2026,INC Yearly Report,https://online.indiannursingcouncil.org/Reports/YearlyReportByState.aspx,2026-09-11T11:32:03.585090
Punjab|Mukatsar|ADESH HOSPITAL &AMP; RESEARCH CENTRE PVT. LTD.,Adesh Hospital &Amp; Research Centre Pvt. Ltd.,"Adesh Hospital &Amp; Research Centre Pvt. Ltd., College Of Nursing, Sri Muktsar Sahib , Distt.- Mukatsar, Punjab, Pin Code- 152026",Adesh Welfare Society,Mukatsar,Punjab,Private,P B B.Sc(N) | GNM | B.Sc(N),40 (Forty) | 60 (Sixty) | 60 (Sixty),160,152026,2025-2026,INC Yearly Report,https://online.indiannursingcouncil.org/Reports/YearlyReportByState.aspx,2026-09-11T11:32:03.585090
Punjab|Bathinda|ADESH INSTITUTE OF MADICAL SIENCES AND RESARCH,Adesh Institute Of Madical Siences And Resarch,"Adesh Institute Of Madical Siences And Resarch, Bhucho Kalan, Barnala Road,, Bathinda, Distt.- Bathinda, Punjab, Pin Code- 151101",Adesh Foundation,Bathinda,Punjab,Private,GNM | B.Sc(N) | M. Sc (N) | P B B.Sc(N),60 (Sixty) | 100 (One Hundred) | 14 (Fourteen) Med-Surg-5 Psy-4 Paed-3 Obg-2 | 40 (Forty),214,151101,2025-2026,INC Yearly Report,https://online.indiannursingcouncil.org/Reports/YearlyReportByState.aspx,2026-09-11T11:32:03.585090
Punjab|Ferozepur|AGGARWAL COLLEGE OF NURSING,Aggarwal College Of Nursing,"Aggarwal College Of Nursing, Tehsil Road, Guruharsahai, Vill.- Guruharsahai , Tehsil- Guruhar Sahai, Distt.- Ferozepur, Punjab, Pin Code- 152022",Aggarwal School Of Nsg And Parmedical Edu Soc,Ferozepur,Punjab,Private,ANM | GNM,40 (Forty) | 60 (Sixty),100,152022,2025-2026,INC Yearly Report,https://online.indiannursingcouncil.org/Reports/YearlyReportByState.aspx,2026-09-11T11:32:03.585090
Punjab|Bathinda|AIIMS BATHINDA,Aiims Bathinda,"Aiims Bathinda, Aiims, Dabwali Road, Bathinda, Punjab 151001, Bathinda, Distt.- Bathinda, Punjab, Pin Code- 151001",Aiims Bathinda,Bathinda,Punjab,Government,B.Sc(N) | M. Sc (N),60 (Sixty) | 25 (Twenty Five) 5 In Each Speciality,85,151001,2025-2026,INC Yearly Report,https://online.indiannursingcouncil.org/Reports/YearlyReportByState.aspx,2026-09-11T11:32:03.585090
Punjab|Sangrur|AJIT NURSING INSTITUTE,Ajit Nursing Institute,"Ajit Nursing Institute, On Sunam Lehra Jakha Road, Opp Haryali Kissan Bazar, Sunam, Distt.- Sangrur, Punjab, Pin Code- 148028",Ajit Educational And Public Welfare Society,Sangrur,Punjab,Private,ANM | GNM | B.Sc(N) | P B B.Sc(N),40 (Forty) | 40 (Forty) | 40 (Forty) | 30 (Thirty),150,148028,2025-2026,INC Yearly Report,https://online.indiannursingcouncil.org/Reports/YearlyReportByState.aspx,2026-09-11T11:32:03.585090
Punjab|Pathankot|AMAN BHALLA COLLEGE OF NURSING,Aman Bhalla College Of Nursing,"Aman Bhalla College Of Nursing,, Nh-54, Kotli Mughlan, Pathankot - Amritsar Highway, Pathankot, , Distt.- Pathankot, Punjab, Pin Code- 145025",Aman Bhalla Foundation,Pathankot,Punjab,Private,B.Sc(N) | P B B.Sc(N),50 (Fifty) | 30 (Thirty),80,145025,2025-2026,INC Yearly Report,https://online.indiannursingcouncil.org/Reports/YearlyReportByState.aspx,2026-09-11T11:32:03.585090
Punjab|Amritser|AMANDEEP SCHOOL OF NURSING,Amandeep School Of Nursing,"Amandeep School Of Nursing, Village - Jethuwal, Vill.- Jethuwal, Tehsil- Ajnala, Distt.- Amritser, Punjab, Pin Code- 143502",Amandeep Educational Society,Amritser,Punjab,Private,GNM | B.Sc(N) | P B B.Sc(N),50 (Fifty) | 100 (One Hundred) | 40 (Forty),190,143502,2025-2026,INC Yearly Report,https://online.indiannursingcouncil.org/Reports/YearlyReportByState.aspx,2026-09-11T11:32:03.585090
Punjab|Mohali|AMAR PROFESSIONAL COLLEGE OF NURSING,Amar Professional College Of Nursing,"Amar Professional College Of Nursing, Vill Post - Dyalpura, Zirakpur Patiala Highway, Vill.- Dyalpura, Tehsil- Derabassi, Distt.- Mohali, Punjab, Pin Code- 140603",Amar Professional Educational Society,Mohali,Punjab,Private,B.Sc(N) | P B B.Sc(N) | GNM,50 (Fifty) | 50 (Fifty) | 60 (Sixty),160,140603,2025-2026,INC Yearly Report,https://online.indiannursingcouncil.org/Reports/YearlyReportByState.aspx,2026-09-11T11:32:11.455207
Punjab|Sas Nagar Mohali|AMBIKA COLLEGE OF NURSING,Ambika College Of Nursing,"Ambika College Of Nursing, Badala Road, Kharar, Distt.- Sas Nagar Mohali, Punjab, Pin Code- 140301",Ambika Prasad Pandey Education And Research,Sas Nagar Mohali,Punjab,Private,ANM | GNM | B.Sc(N) | M. Sc (N) | P B B.Sc(N),"40 (Forty) | 60 (Sixty) | 60 (Sixty) | 15 ; Med-Surg-5, Chn-5, Obg-5 | 35 (Thirty Five)",210,140301,2025-2026,INC Yearly Report,https://online.indiannursingcouncil.org/Reports/YearlyReportByState.aspx,2026-09-11T11:32:11.455207
Punjab|Tarn Taran|AMRITSAR SCHOOL OF NURSING,Amritsar School Of Nursing,"Amritsar School Of Nursing, Village - Kerdin Ke, P.O. - Bhour, Tarn Taran , Distt.- Tarn Taran, Punjab, Pin Code- 143009",Saini Medical And Health Society,Tarn Taran,Punjab,Private,ANM | GNM | B.Sc(N) | P B B.Sc(N),30 (Thirty) | 50 (Fifty) | 60 (Sixty) | 40 (Forty),180,143009,2025-2026,INC Yearly Report,https://online.indiannursingcouncil.org/Reports/YearlyReportByState.aspx,2026-09-11T11:32:11.455207
Punjab|Amritser|ANAND SCHOOL OF NURSING,Anand School Of Nursing,"Anand School Of Nursing, Opposite Thana Sadar, Amritsar , Distt.- Amritser, Punjab, Pin Code- 143001",Anand Model Educational And Charitable Society,Amritser,Punjab,Private,GNM | ANM,60 (Sixty) | 30 (Thirty),90,143001,2025-2026,INC Yearly Report,https://online.indiannursingcouncil.org/Reports/YearlyReportByState.aspx,2026-09-11T11:32:11.455207
Punjab|Fazilka|ANGAD NURSING COLLEGE,Angad Nursing College,"Angad Nursing College, Vpo Maujgarh , Tehsil - Abohar, Abohar, Distt.- Fazilka, Punjab, Pin Code- 152132",Salutary Educational Society,Fazilka,Punjab,Private,ANM | GNM,20 (Twenty) | 40 (Forty),60,152132,2025-2026,INC Yearly Report,https://online.indiannursingcouncil.org/Reports/YearlyReportByState.aspx,2026-09-11T11:32:11.455207
Punjab|Jalandhar|ARMY COLLEGE OF NURSING,Army College Of Nursing,"Army College Of Nursing, Deepnagar, Jalandhar Cantt, Jalandhar Cantt , Distt.- Jalandhar, Punjab, Pin Code- 144005",Army Welfare Education Society,Jalandhar,Punjab,Government,B.Sc(N),100 (ONE HUNDRED),100,144005,2025-2026,INC Yearly Report,https://online.indiannursingcouncil.org/Reports/YearlyReportByState.aspx,2026-09-11T11:32:11.455207
Punjab|Patiala|ARYANS INSTITUTE OF NURSING,Aryans Institute Of Nursing,"Aryans Institute Of Nursing, Vill. Nepra- Thuha, Chandigarh, Patiala Highway, Near Banur, Vill.- Nepra , Tehsil- Rajpura, Distt.- Patiala, Punjab, Pin Code- 140401",Aryans Educational And Charitable Trust,Patiala,Punjab,Private,ANM | GNM | P B B.Sc(N) | B.Sc(N),40 (Forty) | 60 (Sixty) | 20 (Twenty) | 60 (Sixty),180,140401,2025-2026,INC Yearly Report,https://online.indiannursingcouncil.org/Reports/YearlyReportByState.aspx,2026-09-11T11:32:11.455207
Punjab|Patiala|ASHOKA INSTITUTE OF NURSING,Ashoka Institute Of Nursing,"Ashoka Institute Of Nursing, Village Chuharpur Kalalan, Po - Wajidpur, Patiala, Distt.- Patiala, Punjab, Pin Code- 147001",Ashoka Educawtional Trust,Patiala,Punjab,Private,P B B.Sc(N) | B.Sc(N) | ANM | GNM,40(Forty) | 60 (Sixty) | 30 (Thirty) | 60 (Sixty),190,147001,2025-2026,INC Yearly Report,https://online.indiannursingcouncil.org/Reports/YearlyReportByState.aspx,2026-09-11T11:32:11.455207
Punjab|Malerkotla|AYAAN COLLEGE OF NURSING.,Ayaan College Of Nursing.,"Ayaan College Of Nursing., Vill.- Bhogiwal, Malerkotla, Distt.- Malerkotla, Punjab, Pin Code- 148019",Ayaan Institute Of Medical Sciences.,Malerkotla,Punjab,Private,ANM | GNM | B.Sc(N) | P B B.Sc(N),20 (Twenty) | 30 (Thirty) | 40 (Forty) | 30 (Thirty),120,148019,2025-2026,INC Yearly Report,https://online.indiannursingcouncil.org/Reports/YearlyReportByState.aspx,2026-09-11T11:32:11.455207
Punjab|Faridkot|BABA BANDA BAHADUR SCHOOL OF NURSING,Baba Banda Bahadur School Of Nursing,"Baba Banda Bahadur School Of Nursing, Kot Kapura - Vire Wala Road, Faridkot, Distt.- Faridkot, Punjab, Pin Code- 151203",Baba Banda Bahadur Memo Edu Society,Faridkot,Punjab,Private,ANM | GNM | B.Sc(N) | P B B.Sc(N),30 (Thirty) | 50 (Fifty) | 50 (Fifty) | 25 (Twenty Five),155,151203,2025-2026,INC Yearly Report,https://online.indiannursingcouncil.org/Reports/YearlyReportByState.aspx,2026-09-11T11:32:11.455207
Punjab|Faridkot|BABA FARID MEDICAL INSTITUTE FOR NURSING,Baba Farid Medical Institute For Nursing,"Baba Farid Medical Institute For Nursing, Faridkot Road, Kotkapura , Distt.- Faridkot, Punjab, Pin Code- 151204",Baba Farid Educational And Medical Research Society,Faridkot,Punjab,Private,ANM | GNM | B.Sc(N) | P B B.Sc(N),50 (Fifty) | 60 (Sixty) | 60 (Sixty) | 40 (Forty),210,151204,2025-2026,INC Yearly Report,https://online.indiannursingcouncil.org/Reports/YearlyReportByState.aspx,2026-09-11T11:32:19.410709
Punjab|Ludhiana|BABA KUNDAN SCHOOL OF NURSING,Baba Kundan School Of Nursing,"Baba Kundan School Of Nursing, Rishi Nagar Kullianwal Jamalpur Ludhiana , Ludhiana, Distt.- Ludhiana, Punjab, Pin Code- 141010",Kavshalya Kundan Progressive Medical Hospitals And Research Centre,Ludhiana,Punjab,Private,GNM,40 (Forty),40,141010,2025-2026,INC Yearly Report,https://online.indiannursingcouncil.org/Reports/YearlyReportByState.aspx,2026-09-11T11:32:19.410709
Punjab|Moga|BABA MANGAL SINGH NURSING TRAINING INSTTUTE,Baba Mangal Singh Nursing Training Insttute,"Baba Mangal Singh Nursing Training Insttute, Vpo Bughipura , Moga, Moga, Distt.- Moga, Punjab, Pin Code- 142001",Indo German Educational Society,Moga,Punjab,Private,ANM | GNM | P B B.Sc(N),30 (Thirty) | 60 (Sixty) | 60 (Sixty),150,142001,2025-2026,INC Yearly Report,https://online.indiannursingcouncil.org/Reports/YearlyReportByState.aspx,2026-09-11T11:32:19.410709
Punjab|Gurdaspur|BABA MEHAR SINGH MEMORIAL ANM SCHOOL OF NURSING,Baba Mehar Singh Memorial Anm School Of Nursing,"Baba Mehar Singh Memorial Anm School Of Nursing, Vpo Purana Shalla, Gurdaspur, Distt.- Gurdaspur, Punjab, Pin Code- 143530",Baba Mehar Singh Memorial College Society,Gurdaspur,Punjab,Private,ANM | GNM | B.Sc(N),30 (Thirty) | 40 (Forty) | 40 (Forty),110,143530,2025-2026,INC Yearly Report,https://online.indiannursingcouncil.org/Reports/YearlyReportByState.aspx,2026-09-11T11:32:19.410709
Punjab|Bathinda|BABA MONI JI MAHARAJ SCHOOL OF NURSING,Baba Moni Ji Maharaj School Of Nursing,"Baba Moni Ji Maharaj School Of Nursing, Vpo-Lehra Mohabbat,Bathinda Barnala Road, Vill.- Lehra Mohabbat, Tehsil- Nathana, Distt.- Bathinda, Punjab, Pin Code- 151111",Harmander Singh Ji Education Society,Bathinda,Punjab,Private,ANM | GNM | B.Sc(N) | P B B.Sc(N),40 (Forty) | 60 (Sixty) | 50 (Fifty) | 30 (Thirty),180,151111,2025-2026,INC Yearly Report,https://online.indiannursingcouncil.org/Reports/YearlyReportByState.aspx,2026-09-11T11:32:19.410709
Punjab|Faridkot|BABA SHEIKH FARID MEDICAL INSTITUTE OF NURSING,Baba Sheikh Farid Medical Institute Of Nursing,"Baba Sheikh Farid Medical Institute Of Nursing, Opp. Geeena Gas Service, Faridkot Road, Kotkapura , Distt.- Faridkot, Punjab, Pin Code- 151204",Baba Sheikh Farid Education Medical Res. Society,Faridkot,Punjab,Private,ANM | GNM,60 (Sixty) | 60 (Sixty),120,151204,2025-2026,INC Yearly Report,https://online.indiannursingcouncil.org/Reports/YearlyReportByState.aspx,2026-09-11T11:32:19.410709
Punjab|Mansa|BABA SUCHA SINGH INSTITUTE OF NURSING,Baba Sucha Singh Institute Of Nursing,"Baba Sucha Singh Institute Of Nursing, Atla Road, Vill & Po Samaon, Tehsil Bhikhi, Samaon, Distt.- Mansa, Punjab, Pin Code- 151504",Baba Sucha Singh Education Charitable Soceity,Mansa,Punjab,Private,ANM | GNM,60 (Sixty) | 60 (Sixty),120,151504,2025-2026,INC Yearly Report,https://online.indiannursingcouncil.org/Reports/YearlyReportByState.aspx,2026-09-11T11:32:19.410709
Punjab|Moga|BABE KE INSTITUTE OF NURSING,Babe Ke Institute Of Nursing,"Babe Ke Institute Of Nursing, V P O - Daudhar, Vill.- Daudhar, Tehsil- Moga Ii, Distt.- Moga, Punjab, Pin Code- 142053",Babe Ke Educational Charitable Trust,Moga,Punjab,Private,ANM | GNM | B.Sc(N) | M. Sc (N) | P B B.Sc(N),50 (Fifty) | 60 (Sixty) | 50 (Fifty) | 25 (Twenty Five) Med-Surg-5 Paed 5 Psy-5 Chn-5 Obg-5 | 40 (Forty),225,142053,2025-2026,INC Yearly Report,https://online.indiannursingcouncil.org/Reports/YearlyReportByState.aspx,2026-09-11T11:32:19.410709
Punjab|Ferozepur|BANKEY BIHARI INSTITUTE OF NURSING,Bankey Bihari Institute Of Nursing,"Bankey Bihari Institute Of Nursing, Vpo - Alamgarh, Shri Ganga Nagar Road, Abohar, Distt.- Ferozepur, Punjab, Pin Code- 152116",Bankey Bihari Educationaland Charitable Trust,Ferozepur,Punjab,Private,ANM,40 (Forty),40,152116,2025-2026,INC Yearly Report,https://online.indiannursingcouncil.org/Reports/YearlyReportByState.aspx,2026-09-11T11:32:19.410709
Punjab|Ludhiana|BANSAL SCHOOL OF NURSING,Bansal School Of Nursing,"Bansal School Of Nursing, Jainpur, , Distt.- Ludhiana, Punjab, Pin Code- 141027",Guru Hargobind Medical Education Society,Ludhiana,Punjab,Private,ANM | GNM,40 (Forty) | 60 (Sixty),100,141027,2025-2026,INC Yearly Report,https://online.indiannursingcouncil.org/Reports/YearlyReportByState.aspx,2026-09-11T11:32:19.410709
Punjab|Gurdaspur|BATALA INSTITUTE OF MEDICAL SCIENCES,Batala Institute Of Medical Sciences,"Batala Institute Of Medical Sciences, Sarwali,Dera Road, Batala, Vill.- Sarwali, Tehsil- Batala, Distt.- Gurdaspur, Punjab, Pin Code- 143505",S.Mehar Singh Charitable Society,Gurdaspur,Punjab,Private,ANM | GNM,60 (Sixty) | 50 (Fifty),110,143505,2025-2026,INC Yearly Report,https://online.indiannursingcouncil.org/Reports/YearlyReportByState.aspx,2026-09-11T11:32:27.194205
Punjab|Ropar|BEEKAY INSTITUTE OF NURSING,Beekay Institute Of Nursing,"Beekay Institute Of Nursing, Vill & Po Behrampur Zimidara, Behrampur Zimidara, Distt.- Ropar, Punjab, Pin Code- 140003",Beekay Educational Society R,Ropar,Punjab,Private,ANM | GNM | P B B.Sc(N),30 (Thirty) | 30 (Thirty) | 30 (Thirty),90,140003,2025-2026,INC Yearly Report,https://online.indiannursingcouncil.org/Reports/YearlyReportByState.aspx,2026-09-11T11:32:27.194205
Punjab|Ludhiana|BENGAL INSTITUTE OF HEALTH SCIENCES,Bengal Institute Of Health Sciences,"Bengal Institute Of Health Sciences, Vill - Jalaldiwal, Raikot - Barnala Road Tehsil, Rai Kot, Distt.- Ludhiana, Punjab, Pin Code- 141109",Sadhavna Society Registered,Ludhiana,Punjab,Private,ANM | GNM,30 (Thirty) | 60 (Sixty),90,141109,2025-2026,INC Yearly Report,https://online.indiannursingcouncil.org/Reports/YearlyReportByState.aspx,2026-09-11T11:32:27.194205
Punjab|Mansa|BHAGWATI PROFESSIONAL EDUCATION SOCIETY,Bhagwati Professional Education Society,"Bhagwati Professional Education Society,, Sunam Nagar, Bhikhi, Mansa, Distt.- Mansa, Punjab, Pin Code- 151504",Bhagwati Professional Education Soc,Mansa,Punjab,Private,GNM | ANM,40 (Forty) | 30 (Thirty),70,151504,2025-2026,INC Yearly Report,https://online.indiannursingcouncil.org/Reports/YearlyReportByState.aspx,2026-09-11T11:32:27.194205
Punjab|Moga|BHAI GHANIAYA EKTA SCHOOL OF NURSING,Bhai Ghaniaya Ekta School Of Nursing,"Bhai Ghaniaya Ekta School Of Nursing, V P O - Karyal (Dharamkot), Vill.- Karyal, Tehsil- Kot Ise Khan, Distt.- Moga, Punjab, Pin Code- 142042",Ekta Educational Society,Moga,Punjab,Private,ANM | GNM | B.Sc(N) | P B B.Sc(N),60 (Sixty) | 60 (Sixty) | 60 (Sixty) | 40 (Forty),220,142042,2025-2026,INC Yearly Report,https://online.indiannursingcouncil.org/Reports/YearlyReportByState.aspx,2026-09-11T11:32:27.194205
Punjab|Sangrur|BHAI GURDAS INSTITUTE OF NURSING,Bhai Gurdas Institute Of Nursing,"Bhai Gurdas Institute Of Nursing, Main Patiala Road, Gurdaspura, Sangrur, Distt.- Sangrur, Punjab, Pin Code- 148001",Bhai Gurdas Technical Educational Trust,Sangrur,Punjab,Private,ANM | GNM | B.Sc(N) | P B B.Sc(N),30 (Thirty) | 60 (Sixty) | 60 (Sixty) | 30 (Thirty),180,148001,2025-2026,INC Yearly Report,https://online.indiannursingcouncil.org/Reports/YearlyReportByState.aspx,2026-09-11T11:32:27.194205
Punjab|Patiala|BHAI GURDAS NURSING COLLEGE,Bhai Gurdas Nursing College,"Bhai Gurdas Nursing College, Village Post Office - Nandpur Kesho, Patiala, Distt.- Patiala, Punjab, Pin Code- 147004",Bhai Gurdas Educational Trust,Patiala,Punjab,Private,B.Sc(N) | P B B.Sc(N) | ANM | GNM,50 (Fifty) | 30 (Thirty) | 30 (Thirty) | 60 (Sixty),170,147004,2025-2026,INC Yearly Report,https://online.indiannursingcouncil.org/Reports/YearlyReportByState.aspx,2026-09-11T11:32:27.194205
Punjab|Jalandhar|BHAI MATI DASS SCHOOL OF NURSING,Bhai Mati Dass School Of Nursing,"Bhai Mati Dass School Of Nursing, Goraya, Atta Canal, Behind 220 Power Grid, Goraya, Distt.- Jalandhar, Punjab, Pin Code- 144409",Bhai Mati Dass Educational And Welfare Society,Jalandhar,Punjab,Private,ANM | GNM | P B B.Sc(N),35 (Thirty Five) | 40 (Forty) | 20 (Twenty),95,144409,2025-2026,INC Yearly Report,https://online.indiannursingcouncil.org/Reports/YearlyReportByState.aspx,2026-09-11T11:32:27.194205
Punjab|Jalandhar|BHARAT INSTITUTE OF NURSING TRAINING- MUNDH,Bharat Institute Of Nursing Training- Mundh,"Bharat Institute Of Nursing Training- Mundh, V P O - Mundh - , Vill.- Mundh - , Tehsil- Nakoder, Distt.- Jalandhar, Punjab, Pin Code- 144030",Doaba Medical Educational Welfare Develop Soc,Jalandhar,Punjab,Private,ANM | GNM | B.Sc(N) | P B B.Sc(N),20 (Twenty) | 60 (Sixty) | 50 (Fifty) | 20 (Twenty),150,144030,2025-2026,INC Yearly Report,https://online.indiannursingcouncil.org/Reports/YearlyReportByState.aspx,2026-09-11T11:32:27.194205
Punjab|Mansa|BIBI CHHANKAUR COLLEGE OF NURSING,Bibi Chhankaur College Of Nursing,"Bibi Chhankaur College Of Nursing, Sardulgarh, Mansa, Sardoolgarh, Distt.- Mansa, Punjab, Pin Code- 151507",Bibi Chhankaur Educational Society,Mansa,Punjab,Private,GNM,40 (Forty),40,151507,2025-2026,INC Yearly Report,https://online.indiannursingcouncil.org/Reports/YearlyReportByState.aspx,2026-09-11T11:32:27.194205
Punjab|Pathankot|BIBI REHMETE CHRISTIAN NURSING INSTITUTE,Bibi Rehmete Christian Nursing Institute,"Bibi Rehmete Christian Nursing Institute, Shahpur Kandi Road , Vill.- Kot, Tehsil- Dharkalan, Distt.- Pathankot, Punjab, Pin Code- 145029",Bibi Rehmete Christian Health Care Charitable Society,Pathankot,Punjab,Private,ANM | GNM | B.Sc(N) | P B B.Sc(N),25 (Twenty Five) | 60 (Sixty) | 40 (Forty) | 30 (Thirty),155,145029,2025-2026,INC Yearly Report,https://online.indiannursingcouncil.org/Reports/YearlyReportByState.aspx,2026-09-11T11:32:27.194205
Punjab|Ropar|CHARANJIT SINGH MEMORIAL INSTITUE OF NURSING EDUCATION,Charanjit Singh Memorial Institue Of Nursing Education,"Charanjit Singh Memorial Institue Of Nursing Education, Chandigarh - Ludhiana Road, Near Panjkoha Road Palace, Morinda, Pin Code- 140101, District- Ropar. , Morinda, Distt.- Ropar, Punjab, Pin Code",Charanjit Memorial Educational Society,Ropar,Punjab,Private,GNM,50 (Fifty),50,140101,2025-2026,INC Yearly Report,https://online.indiannursingcouncil.org/Reports/YearlyReportByState.aspx,2026-09-11T11:32:35.161209
Punjab|Amritser|CHIEF KHALSA DIWAN INTERNATIONAL NURSING COLLEGE,Chief Khalsa Diwan International Nursing College,"Chief Khalsa Diwan International Nursing College, Bharaiwal (Near Railway Crossing) , Amritsar, Distt.- Amritser, Punjab, Pin Code- 143001",Chief Khalsa Diwan Charitable Society,Amritser,Punjab,Private,ANM | GNM | B.Sc(N) | P B B.Sc(N),30 (Thirty) | 60 (Sixty) | 60 (Sixty) | 30 (Thirty),180,143001,2025-2026,INC Yearly Report,https://online.indiannursingcouncil.org/Reports/YearlyReportByState.aspx,2026-09-11T11:32:35.161209
Punjab|Pathankot|CHINTPURNI INSTITUTE OF NURSING,Chintpurni Institute Of Nursing,"Chintpurni Institute Of Nursing, Near Indian Heritage School, Dalhousie Road, Pathankot, Distt.- Pathankot, Punjab, Pin Code- 145001",Chintpurni School Educational Society,Pathankot,Punjab,Private,ANM | GNM | B.Sc(N) | P B B.Sc(N),40 (Forty) | 50 (Fifty) | 40 (Forty) | 30 (Thirty),160,145001,2025-2026,INC Yearly Report,https://online.indiannursingcouncil.org/Reports/YearlyReportByState.aspx,2026-09-11T11:32:35.161209
Punjab|Patiala|CHITKARA SCHOOL OF HEALTH SCIENCES,Chitkara School Of Health Sciences,"Chitkara School Of Health Sciences, Chitkara University, Village-Jhansala, Vill.- Jhansala, , Tehsil- Rajpura, Distt.- Patiala, Punjab, Pin Code- 140401",Chitkara Educational Trust,Patiala,Punjab,Private,B.Sc(N) | M. Sc (N) | P B B.Sc(N),"60 (Sixty) | 30 (Thirty) Med Sg-6, Psy-6, Chn-6, Paed-6, Obg-6 | 20 (Twenty)",110,140401,2025-2026,INC Yearly Report,https://online.indiannursingcouncil.org/Reports/YearlyReportByState.aspx,2026-09-11T11:32:35.161209
Punjab|Gurdaspur|CITY NURISNG COLLEGE,City Nurisng College,"City Nurisng College, Opposite Milk Plant, Gurdaspur, Distt.- Gurdaspur, Punjab, Pin Code- 143521",City Institute Of Paramedical Sciences,Gurdaspur,Punjab,Private,ANM | GNM | B.Sc(N) | P B B.Sc(N),30 (Thirty) | 60 (Sixty) | 60 (Sixty) | 30 (Thirty),180,143521,2025-2026,INC Yearly Report,https://online.indiannursingcouncil.org/Reports/YearlyReportByState.aspx,2026-09-11T11:32:35.161209
Punjab|Bathinda|CIVIL HOSPITAL,Civil Hospital,"Civil Hospital, Bhatinda, Bathinda, Distt.- Bathinda, Punjab, Pin Code- 151001",Punjab Govt.,Bathinda,Punjab,Government,ANM,40 (Forty),40,151001,2025-2026,INC Yearly Report,https://online.indiannursingcouncil.org/Reports/YearlyReportByState.aspx,2026-09-11T11:32:35.161209
Punjab|Gurdaspur|CIVIL HOSPITAL,Civil Hospital,"Civil Hospital, Gurdaspur, Gurdaspur, Distt.- Gurdaspur, Punjab, Pin Code- 143521",Punjab Government,Gurdaspur,Punjab,Government,ANM,40 (Forty),40,143521,2025-2026,INC Yearly Report,https://online.indiannursingcouncil.org/Reports/YearlyReportByState.aspx,2026-09-11T11:32:35.161209
Punjab|Hoshiarpur|CIVIL HOSPITAL,Civil Hospital,"Civil Hospital, Hoshiarpur, Hoshiarpur , Distt.- Hoshiarpur, Punjab, Pin Code- 146001",Punjab Govt.,Hoshiarpur,Punjab,Government,ANM,40 (Forty),40,146001,2025-2026,INC Yearly Report,https://online.indiannursingcouncil.org/Reports/YearlyReportByState.aspx,2026-09-11T11:32:35.161209
Punjab|Moga|CIVIL HOSPITAL,Civil Hospital,"Civil Hospital, M P H W ( F) Traning School, Moga, Vill.- Moga, Tehsil- Mooga-1, Distt.- Moga, Punjab, Pin Code- 142001",Govt. Of Punjab,Moga,Punjab,Government,ANM,20 (Twenty),20,142001,2025-2026,INC Yearly Report,https://online.indiannursingcouncil.org/Reports/YearlyReportByState.aspx,2026-09-11T11:32:35.161209
Punjab|Hoshiarpur|COLLEGE OF NURSING PUBLIC KHALSA COLLEGE FOR WOMEN,College Of Nursing Public Khalsa College For Women,"College Of Nursing Public Khalsa College For Women, V Po - Kandhala Jattan (Adda Saran), Vill.- Kandhala Jattan(Adda Saran, Tehsil- Dasuya, Distt.- Hoshiarpur, Punjab, Pin Code- 146116",Public Khalsa College For Women,Hoshiarpur,Punjab,Private,B.Sc(N) | P B B.Sc(N) | GNM,30 (Thirty) | 20 (Twenty) | 60 (Sixty),110,146116,2025-2026,INC Yearly Report,https://online.indiannursingcouncil.org/Reports/YearlyReportByState.aspx,2026-09-11T11:32:35.161209
Punjab|Ludhiana|COLLEGE OF NURSING,College Of Nursing,"College Of Nursing, Christian Medical College & Hospital, Ludhiana, Distt.- Ludhiana, Punjab, Pin Code- 141008",Christian Medical College And Hospital,Ludhiana,Punjab,Private,GNM | B.Sc(N) | M. Sc (N) | P B B.Sc(N) | ANM,"50 (Fifty) | 60 (Sixty) | 25 (Twenty Five) Psy-5, Med Surg-5, Chn-5, Paed-5, Obg-5 | 40 (Forty) | 50 (Fifty)",225,141008,2025-2026,INC Yearly Report,https://online.indiannursingcouncil.org/Reports/YearlyReportByState.aspx,2026-09-11T11:32:35.161209
Punjab|Amritser|COLLEGE OF NURSING,College Of Nursing,"College Of Nursing, S G T B Hospital, Amritsar, Distt.- Amritser, Punjab, Pin Code- 143001",Punjab Government,Amritser,Punjab,Government,B.Sc(N) | P B B.Sc(N),50 (Fifty) | 40 (Forty),90,143001,2025-2026,INC Yearly Report,https://online.indiannursingcouncil.org/Reports/YearlyReportByState.aspx,2026-09-11T11:32:44.217198
Punjab|Sangrur|COLONEL SCHOOL OF NURSING,Colonel School Of Nursing,"Colonel School Of Nursing,, Chural Kalan, Distt. Sangrur-148031, Chural Kalan , Distt.- Sangrur, Punjab, Pin Code- 148031",Colonel Research And Education Foundation,Sangrur,Punjab,Private,ANM | GNM,50 (Fifty) | 60 (Sixty),110,148031,2025-2026,INC Yearly Report,https://online.indiannursingcouncil.org/Reports/YearlyReportByState.aspx,2026-09-11T11:32:44.217198
Punjab|Mukatsar|DASHMESH NURSING INSTITUTE,Dashmesh Nursing Institute,"Dashmesh Nursing Institute, U P O Janowala , Teh Malout, Malout, Distt.- Mukatsar, Punjab, Pin Code- 152107",Shiv Shakti Education Society,Mukatsar,Punjab,Private,ANM | GNM,40 (Forty) | 50 (Fifty),90,152107,2025-2026,INC Yearly Report,https://online.indiannursingcouncil.org/Reports/YearlyReportByState.aspx,2026-09-11T11:32:44.217198
Punjab|Faridkot|DASMESH SCHOOL OF NURSING,Dasmesh School Of Nursing,"Dasmesh School Of Nursing, Talwandi Road, Faridkot, Faridkot, Distt.- Faridkot, Punjab, Pin Code- 151203",Sangat Sahib Bhai Pheru Sikh Edun Soc,Faridkot,Punjab,Private,GNM | B.Sc(N) | M. Sc (N) | P B B.Sc(N),50 (Fifty) | 40 (Forty) | 25 (Twenty Five) Paed-5 Med Surg-5 Psy-5 Obg-5 Chn-5 | 40 (Forty),155,151203,2025-2026,INC Yearly Report,https://online.indiannursingcouncil.org/Reports/YearlyReportByState.aspx,2026-09-11T11:32:44.217198
Punjab|Ludhiana|DAYANAND MEDICAL COLLEGE & HOSPITAL,Dayanand Medical College & Hospital,"Dayanand Medical College & Hospital, Dmch College Of Nursing, Malakpur Bet, Hambran Road, Ludhiana, Vill.- Malikpur, Tehsil- Ludhiana, Distt.- Ludhiana, Punjab, Pin Code- 142027",Dayanand Medical College And Hospital Managing Society,Ludhiana,Punjab,Private,B.Sc(N) | M. Sc (N) | NURSE PRACTITIONER IN CRITICAL CARE(NPCC),"100 (One Hundred) | 25 (Twenty Five) Psy-5, Obg-6, Med-Surg-6, Chn-6, Paed-2 | 10 (Ten)",135,142027,2025-2026,INC Yearly Report,https://online.indiannursingcouncil.org/Reports/YearlyReportByState.aspx,2026-09-11T11:32:44.217198
Punjab|Bathinda|DEEP INSTITUTE OF NURSING & MEDICAL SCIENCES,Deep Institute Of Nursing & Medical Sciences,"Deep Institute Of Nursing & Medical Sciences, Bathinda - Rampura Road, Bathinda, Distt.- Bathinda, Punjab, Pin Code- 151111",Deep Foundation And Education Society,Bathinda,Punjab,Private,ANM | GNM,50 (Fifty) | 60 (Sixty),110,151111,2025-2026,INC Yearly Report,https://online.indiannursingcouncil.org/Reports/YearlyReportByState.aspx,2026-09-11T11:32:44.217198
Punjab|Fatehgarh Sahib|DESH BHAGAT UNIVERSITY,Desh Bhagat University,"Desh Bhagat University, School Of Nursing, Amloh Road, Mandi Gobindgarh, Vill.- Sounti, Tehsil- Amloh, Distt.- Fatehgarh Sahib, Punjab, Pin Code- 147301",Aasra Foundations,Fatehgarh Sahib,Punjab,Private,ANM | GNM | M. Sc (N) | B.Sc(N) | P B B.Sc(N),30 (Thirty) | 100 (One Hundred) | 30 (Thirty) 6 (Six) In Each Speciality | 100 (One Hundred) | 30 (Thirty),290,147301,2025-2026,INC Yearly Report,https://online.indiannursingcouncil.org/Reports/YearlyReportByState.aspx,2026-09-11T11:32:44.217198
Punjab|Amritser|DILBAG MEMORIAL SCHOOL OF NURSING,Dilbag Memorial School Of Nursing,"Dilbag Memorial School Of Nursing, Plot No 482, V & P O Sohian Kalan , Amritsar, Amritsar , Distt.- Amritser, Punjab, Pin Code- 143601",Dilbag University Welfare Society,Amritser,Punjab,Private,ANM | GNM,30 (Thirty) | 40 (Forty),70,143601,2025-2026,INC Yearly Report,https://online.indiannursingcouncil.org/Reports/YearlyReportByState.aspx,2026-09-11T11:32:44.217198
Punjab|Hoshiarpur|DOABA INSTITUTE OF NURSING,Doaba Institute Of Nursing,"Doaba Institute Of Nursing, Village - Pandori, Hoshiarpur , Distt.- Hoshiarpur, Punjab, Pin Code- 146113",G B Charitable Trust,Hoshiarpur,Punjab,Private,ANM | GNM,30 (Thirty) | 30 (Thirty),60,146113,2025-2026,INC Yearly Report,https://online.indiannursingcouncil.org/Reports/YearlyReportByState.aspx,2026-09-11T11:32:44.217198
Punjab|Ropar|DR DAYAL SINGH MEMORIAL SCHOOL OF NURSING,Dr Dayal Singh Memorial School Of Nursing,"Dr Dayal Singh Memorial School Of Nursing, Nikkuwal Morh, Anandpur Sahib, Anandpur Sahib , Distt.- Ropar, Punjab, Pin Code- 140116",Sardar Dayal Singh Memorial Education Charitable Society,Ropar,Punjab,Private,ANM | GNM,40 (Forty) | 60 (Sixty),100,140116,2025-2026,INC Yearly Report,https://online.indiannursingcouncil.org/Reports/YearlyReportByState.aspx,2026-09-11T11:32:44.217198
Punjab|Faridkot|DR RAVINDER INSTITUTE OF NURSING,Dr Ravinder Institute Of Nursing,"Dr Ravinder Institute Of Nursing, Mallah Road,, Vill.- Bajakhana , Tehsil- Kotakpura, Distt.- Faridkot, Punjab, Pin Code- 151205",The Malwa Educational Society,Faridkot,Punjab,Private,ANM | GNM,40 (Forty) | 40 (Forty),80,151205,2025-2026,INC Yearly Report,https://online.indiannursingcouncil.org/Reports/YearlyReportByState.aspx,2026-09-11T11:32:53.424670
Punjab|Moga|DR SHYAM LAL THAPAR SCHOOL OF NURSING,Dr Shyam Lal Thapar School Of Nursing,"Dr Shyam Lal Thapar School Of Nursing, Amritsar Barnala By Pass Nh- 71, Moga, Distt.- Moga, Punjab, Pin Code- 142001",Dr. Shyam Lal Thapar Foundation Moga,Moga,Punjab,Private,ANM | M. Sc (N) | P B B.Sc(N) | GNM | B.Sc(N),"30 (Thirty) | 25 (Twenty Five) Pead-06, Med-Surg.-03, Obg-07, Chn-03, Psy-06 | 40 (Forty) | 60 (Sixty) | 70 (Seventy)",225,142001,2025-2026,INC Yearly Report,https://online.indiannursingcouncil.org/Reports/YearlyReportByState.aspx,2026-09-11T11:32:53.424670
Punjab|Bathinda|DR. BALBIR SINGH INSTITUTE OF NURSING,Dr. Balbir Singh Institute Of Nursing,"Dr. Balbir Singh Institute Of Nursing, Bhagta Moga Road,, Bhagta Bhai Ka, Distt.- Bathinda, Punjab, Pin Code- 151206",Dr. Balbir Singh Educational Welfare Society,Bathinda,Punjab,Private,ANM | GNM,50 (Fifty) | 60 (Sixty),110,151206,2025-2026,INC Yearly Report,https://online.indiannursingcouncil.org/Reports/YearlyReportByState.aspx,2026-09-11T11:32:53.424670
Punjab|Ludhiana|DR. MOHAN KAUR MEMORIAL NURSING INSTITUTE,Dr. Mohan Kaur Memorial Nursing Institute,"Dr. Mohan Kaur Memorial Nursing Institute, Kailpur Road, Mullanpur , Distt.- Ludhiana, Punjab, Pin Code- 141101",Guru Nanak Education And Social Welfare Trust Mandi Mullanpur,Ludhiana,Punjab,Private,GNM,50 (Fifty),50,141101,2025-2026,INC Yearly Report,https://online.indiannursingcouncil.org/Reports/YearlyReportByState.aspx,2026-09-11T11:32:53.424670
Punjab|Ludhiana|DURGA SCHOOL OF NURSING,Durga School Of Nursing,"Durga School Of Nursing, Near Adda Chowkiman , Vill.- Ghurae, Tehsil- Jagraon, Distt.- Ludhiana, Punjab, Pin Code- 142023",Durga Professional Education Society,Ludhiana,Punjab,Private,ANM | GNM,40 (Forty) | 60 (Sixty),100,142023,2025-2026,INC Yearly Report,https://online.indiannursingcouncil.org/Reports/YearlyReportByState.aspx,2026-09-11T11:32:53.424670
Punjab|Ludhiana|EASTEND SCHOOL OF NUSING,Eastend School Of Nusing,"Eastend School Of Nusing, Raikot Mullanpur Road, Gondwal, Raikot, Distt.- Ludhiana, Punjab, Pin Code- 141109",Eastend Education Society,Ludhiana,Punjab,Private,ANM | GNM,40 (Forty) | 60 (Sixty),100,141109,2025-2026,INC Yearly Report,https://online.indiannursingcouncil.org/Reports/YearlyReportByState.aspx,2026-09-11T11:32:53.424670
Punjab|Ludhiana|EK JOT NURSING INSTITUTE,Ek Jot Nursing Institute,"Ek Jot Nursing Institute, Swaddi Khurd,Tehsil Jagraon , Jagraon, Distt.- Ludhiana, Punjab, Pin Code- 142024",Baba Nand Singh Educational Trust,Ludhiana,Punjab,Private,GNM,40 (Forty),40,142024,2025-2026,INC Yearly Report,https://online.indiannursingcouncil.org/Reports/YearlyReportByState.aspx,2026-09-11T11:32:53.424670
Punjab|Ferozepur|FRANCES NEWTON HOSPITAL,Frances Newton Hospital,"Frances Newton Hospital, Post Box -20 , Ferozepur , Distt.- Ferozepur, Punjab, Pin Code- 152001","Frances Newton Hospital, School Of Nursing",Ferozepur,Punjab,Private,GNM | ANM,50 (Fifty) | 40 (Forty),90,152001,2025-2026,INC Yearly Report,https://online.indiannursingcouncil.org/Reports/YearlyReportByState.aspx,2026-09-11T11:32:53.424670
Punjab|Bathinda|G N M TRG. SCHOOL,G N M Trg. School,"G N M Trg. School, Civil Hospital, Mansa Road, Bathinda, Distt.- Bathinda, Punjab, Pin Code- 151001",Punjab Govt.,Bathinda,Punjab,Government,GNM,50 (Fifty),50,151001,2025-2026,INC Yearly Report,https://online.indiannursingcouncil.org/Reports/YearlyReportByState.aspx,2026-09-11T11:32:53.424670
Punjab|Hoshiarpur|G R D INTERNATIONAL INSTITUTE OF NURSING,G R D International Institute Of Nursing,"G R D International Institute Of Nursing, Jaja Chowk, G T Road, Urmar Tanda, Dasuya, Distt.- Hoshiarpur, Punjab, Pin Code- 144204",Guru Ram Dass Sewa Society,Hoshiarpur,Punjab,Private,ANM | GNM,30 (Thirty) | 40 (Forty),70,144204,2025-2026,INC Yearly Report,https://online.indiannursingcouncil.org/Reports/YearlyReportByState.aspx,2026-09-11T11:32:53.424670
Punjab|Jalandhar|GEE BEE INSTITUTE OF NURSING & HEALTH SCIENCES,Gee Bee Institute Of Nursing & Health Sciences,"Gee Bee Institute Of Nursing & Health Sciences, Phagwara Mukandpur Road, Near Urban Estate, Phillaur, Distt.- Jalandhar, Punjab, Pin Code- 144632",Gee Bee Education Society,Jalandhar,Punjab,Private,ANM | GNM | B.Sc(N),40 (FORTY) | 60 (Sixty) | 60 (SIXTY),160,144632,2025-2026,INC Yearly Report,https://online.indiannursingcouncil.org/Reports/YearlyReportByState.aspx,2026-09-11T11:32:53.424670
Punjab|Ferozepur|GENESIS INSTITUTE OF NURSING,Genesis Institute Of Nursing,"Genesis Institute Of Nursing, School Of Nursing, Ferozpur, Distt.- Ferozepur, Punjab, Pin Code- 152001",Shaheed Dr. Anil Baghi Charitable Society,Ferozepur,Punjab,Private,GNM | B.Sc(N) | P B B.Sc(N),60 (Sixty) | 50 (Fifty) | 40 (Forty),150,152001,2025-2026,INC Yearly Report,https://online.indiannursingcouncil.org/Reports/YearlyReportByState.aspx,2026-09-11T11:32:53.424670
Punjab|Patiala|GIAN SAGAR COLLEGE OF NURSING,Gian Sagar College Of Nursing,"Gian Sagar College Of Nursing, Ram Nagar, Rajpura, District Patiala, Punjab, India, Rajpura, Distt.- Patiala, Punjab, Pin Code- 140601",Gian Sagar Educational And Charitable Trust,Patiala,Punjab,Private,GNM | B.Sc(N),100 (One Hundred) | 100 (One Hundred),200,140601,2025-2026,INC Yearly Report,https://online.indiannursingcouncil.org/Reports/YearlyReportByState.aspx,2026-09-11T11:32:53.424670
Punjab|Mansa|GLOBAL INSTITUTE OF NURSING,Global Institute Of Nursing,"Global Institute Of Nursing, Vpo - Nangal Khurd, Mansa, Distt.- Mansa, Punjab, Pin Code- 151505",Dilraj Singh Memorial Educational Society,Mansa,Punjab,Private,ANM,30 (Thirty),30,151505,2025-2026,INC Yearly Report,https://online.indiannursingcouncil.org/Reports/YearlyReportByState.aspx,2026-09-11T11:32:53.424670
Punjab|Patiala|GOVERMENT MEDICAL COLLEGE,Goverment Medical College,"Goverment Medical College, College Of Nursing, Patiala, Distt.- Patiala, Punjab, Pin Code- 147001",Punjab Government,Patiala,Punjab,Government,B.Sc(N) | P B B.Sc(N),50 (Fifty) | 30 (Thirty),80,147001,2025-2026,INC Yearly Report,https://online.indiannursingcouncil.org/Reports/YearlyReportByState.aspx,2026-09-11T11:33:01.595431
Punjab|Gurdaspur|GOVERNMENT G N M SCHOOL OF NURSING,Government G N M School Of Nursing,"Government G N M School Of Nursing, Civil Hospital, , , Distt.- Gurdaspur, Punjab, Pin Code- 143521",Punjab Govt.,Gurdaspur,Punjab,Government,GNM,50 (Fifty),50,143521,2025-2026,INC Yearly Report,https://online.indiannursingcouncil.org/Reports/YearlyReportByState.aspx,2026-09-11T11:33:01.595431
Punjab|Sangrur|GOVT NURSING TRAINING SCHOOL,Govt Nursing Training School,"Govt Nursing Training School, Civil Hospital, Sangrur , Sangrur , Distt.- Sangrur, Punjab, Pin Code- 148001",Punjab Govt.,Sangrur,Punjab,Government,GNM | ANM,40 (Forty) | 40 (Forty),80,148001,2025-2026,INC Yearly Report,https://online.indiannursingcouncil.org/Reports/YearlyReportByState.aspx,2026-09-11T11:33:01.595431
Punjab|Ropar|GOVT.M P H W FEMALE TRAINING SCHOOL,Govt.M P H W Female Training School,"Govt.M P H W Female Training School,Nangal, Nangal Township, Nagal, Distt.- Ropar, Punjab, Pin Code- 140124",Punjab,Ropar,Punjab,Government,ANM,20 (Twenty),20,140124,2025-2026,INC Yearly Report,https://online.indiannursingcouncil.org/Reports/YearlyReportByState.aspx,2026-09-11T11:33:01.595431
Punjab|Hoshiarpur|GURSEWA SCHOOL OF NURSING,Gursewa School Of Nursing,"Gursewa School Of Nursing, Vpo Panam, Chandigarh Road, Vill.- Panam,, Tehsil- Garhshankar, Distt.- Hoshiarpur, Punjab, Pin Code- 144527",Gursewa Soc For Edu Health Wel Act R,Hoshiarpur,Punjab,Private,ANM | GNM,40 (Forty) | 60 (Sixty),100,144527,2025-2026,INC Yearly Report,https://online.indiannursingcouncil.org/Reports/YearlyReportByState.aspx,2026-09-11T11:33:01.595431
Punjab|Tarn Taran|GURU AMAR DAS SCHOOL OF NURSING,Guru Amar Das School Of Nursing,"Guru Amar Das School Of Nursing, Darshad Avenue, Near Gateway Of Amritsar, Patti, Distt.- Tarn Taran, Punjab, Pin Code- 143416",Panchum Society,Tarn Taran,Punjab,Private,GNM,50 (Fifty),50,143416,2025-2026,INC Yearly Report,https://online.indiannursingcouncil.org/Reports/YearlyReportByState.aspx,2026-09-11T11:33:01.595431
Punjab|Ludhiana|GURU ANGAD DEV SCHOOL OF NURSING,Guru Angad Dev School Of Nursing,"Guru Angad Dev School Of Nursing,, V Barwala,Chadigarh Road,Ludhianab , Vill.- Barwala , Tehsil- Ludhiana, Distt.- Ludhiana, Punjab, Pin Code- 141015",Guru Angad Dev Sewa Society,Ludhiana,Punjab,Private,GNM,40 (Forty),40,141015,2025-2026,INC Yearly Report,https://online.indiannursingcouncil.org/Reports/YearlyReportByState.aspx,2026-09-11T11:33:01.595431
Punjab|Gurdaspur|GURU ARJUN DEV SCHOOL OF NURSING,Guru Arjun Dev School Of Nursing,"Guru Arjun Dev School Of Nursing,, P O Dhariwal,, Dhariwal , Distt.- Gurdaspur, Punjab, Pin Code- 143519",Guru Gobind Singh Khalsa,Gurdaspur,Punjab,Private,GNM | ANM,40 (Forty) | 30 (Thirty),70,143519,2025-2026,INC Yearly Report,https://online.indiannursingcouncil.org/Reports/YearlyReportByState.aspx,2026-09-11T11:33:01.595431
Punjab|Barnala|GURU GOBIND SINGH COLLEGE OF NURSING,Guru Gobind Singh College Of Nursing,"Guru Gobind Singh College Of Nursing, Gursewak Nagar Dhanaula Road Bathinda Bya Pass , Barnala, Distt.- Barnala, Punjab, Pin Code- 148101",Guru Gobind Singh Medicaland Educational Trust,Barnala,Punjab,Private,ANM | GNM,40 (Forty) | 60 (Sixty),100,148101,2025-2026,INC Yearly Report,https://online.indiannursingcouncil.org/Reports/YearlyReportByState.aspx,2026-09-11T11:33:01.595431
Punjab|Bathinda|GURU GOBIND SINGH COLLEGE OF NURSING,Guru Gobind Singh College Of Nursing,"Guru Gobind Singh College Of Nursing, Sardulgarh Road, Talwandi Sabo, Talwandi Sabo, Distt.- Bathinda, Punjab, Pin Code- 151302",Dasam Guru Gobind Singh Educational Societr,Bathinda,Punjab,Private,ANM | GNM,30 (Thirty) | 40 (Forty),70,151302,2025-2026,INC Yearly Report,https://online.indiannursingcouncil.org/Reports/YearlyReportByState.aspx,2026-09-11T11:33:01.595431
Punjab|Ludhiana|GURU GOBIND SINGH INSTITUTE OF NURSING,Guru Gobind Singh Institute Of Nursing,"Guru Gobind Singh Institute Of Nursing, Kamal Pura, Vill.- Kamal Pura, Tehsil- Jagraon, Distt.- Ludhiana, Punjab, Pin Code- 142030",Guru Gobind Singh Educational Trust,Ludhiana,Punjab,Private,GNM,40 (Forty),40,142030,2025-2026,INC Yearly Report,https://online.indiannursingcouncil.org/Reports/YearlyReportByState.aspx,2026-09-11T11:33:01.595431
Punjab|Patiala|GURU GOBIND SINGH INSTT OF NURSING,Guru Gobind Singh Instt Of Nursing,"Guru Gobind Singh Instt Of Nursing, Patiala Road, Patran, Patran, Distt.- Patiala, Punjab, Pin Code- 147102",Guru Gobind Singh Medical Educational Trust,Patiala,Punjab,Private,ANM | GNM,30 (Thirty) | 58 (Fifty Eight),88,147102,2025-2026,INC Yearly Report,https://online.indiannursingcouncil.org/Reports/YearlyReportByState.aspx,2026-09-11T11:33:01.595431
Punjab|Amritser|GURU GOBIND SINGH NURSING TRAINING CENTRE & FREE HOSPITAL,Guru Gobind Singh Nursing Training Centre & Free Hospital,"Guru Gobind Singh Nursing Training Centre & Free Hospital, Village - Rampura, Post Office - Cheeta Kalan, Vill.- Rampura, Tehsil- Verka, Distt.- Amritser, Punjab, Pin Code- 143115",Guru Gobind Singh Nursing And Medcal Education Society,Amritser,Punjab,Private,ANM | GNM,30 (Thirty) | 35 (Thirty Five),65,143115,2025-2026,INC Yearly Report,https://online.indiannursingcouncil.org/Reports/YearlyReportByState.aspx,2026-09-11T11:33:01.595431
Punjab|Ludhiana|GURU HARGOBIND COLLEGE OF NURSING,Guru Hargobind College Of Nursing,"Guru Hargobind College Of Nursing,, Opposite Reliance Petrol Pump, Ludhiana Road,, Raikot, Distt.- Ludhiana, Punjab, Pin Code- 141109",Shri Guru Hargobind Medical Education Society,Ludhiana,Punjab,Private,ANM | GNM | B.Sc(N) | M. Sc (N) | P B B.Sc(N),"45 (Foty Five) | 60 (Sixty) | 50 (Fifty) | 20 : Med-Surg-2, Obg-5, Paed-5, Chn-4, Psy-4 | 50 (Fifty)",225,141109,2025-2026,INC Yearly Report,https://online.indiannursingcouncil.org/Reports/YearlyReportByState.aspx,2026-09-11T11:33:01.595431
Punjab|Sangrur|GURU NANAK DEV INSTITUTE OF NURSING EDUN & RESEARCH,Guru Nanak Dev Institute Of Nursing Edun & Research,"Guru Nanak Dev Institute Of Nursing Edun & Research, Patiala-Bathinda Road, Lakhmirwala, Sunam, Distt.- Sangrur, Punjab, Pin Code- 148028",Bhagwan Das Arora Charitable Trust,Sangrur,Punjab,Private,ANM | GNM,30 (Thirty) | 50 (Fifty),80,148028,2025-2026,INC Yearly Report,https://online.indiannursingcouncil.org/Reports/YearlyReportByState.aspx,2026-09-11T11:33:01.595431
Punjab|Gurdaspur|GURU NANAK DEV INSTITUTE OF NURSING,Guru Nanak Dev Institute Of Nursing,"Guru Nanak Dev Institute Of Nursing, Harchowal Road, Qadian, Quadian, Distt.- Gurdaspur, Punjab, Pin Code- 143516",Sri Guru Nanak Dev Academy,Gurdaspur,Punjab,Private,ANM | GNM,50 (Fifty) | 50 (Fifty),100,143516,2025-2026,INC Yearly Report,https://online.indiannursingcouncil.org/Reports/YearlyReportByState.aspx,2026-09-11T11:33:01.595431
Punjab|Mansa|GURU NANAK DEV SCHOOL OF NURSING,Guru Nanak Dev School Of Nursing,"Guru Nanak Dev School Of Nursing, Bareta, Teh Budhlada, Bareta, Distt.- Mansa, Punjab, Pin Code- 151501",Guru Nanak Dev Research And Welfare Society,Mansa,Punjab,Private,GNM,50 (Fifty),50,151501,2025-2026,INC Yearly Report,https://online.indiannursingcouncil.org/Reports/YearlyReportByState.aspx,2026-09-11T11:33:09.630308
Punjab|Nawanshahar|GURU NANAK MISSION MEDICAL & EDUCATIONAL TRUST,Guru Nanak Mission Medical & Educational Trust,"Guru Nanak Mission Medical & Educational Trust, Near Banga, Vill.- Dhahan Kaleran, Tehsil- Banga, Distt.- Nawanshahar, Punjab, Pin Code- 144505",Guru Nanak Mission Medicaland Educational Trust,Nawanshahar,Punjab,Private,GNM | B.Sc(N) | P B B.Sc(N),50 (Fifty) | 50 (Fifty) | 25 (Twenty Five),125,144505,2025-2026,INC Yearly Report,https://online.indiannursingcouncil.org/Reports/YearlyReportByState.aspx,2026-09-11T11:33:09.630308
Punjab|Bathinda|GURU NANAK NURSING INSTITUTE,Guru Nanak Nursing Institute,"Guru Nanak Nursing Institute, Balianwali Rd, Near Gaushalla, , Vill.- Sema, Tehsil- Nathana, Distt.- Bathinda, Punjab, Pin Code- 151101",Guru Nanak Education Society,Bathinda,Punjab,Private,GNM,60 (Sixty),60,151101,2025-2026,INC Yearly Report,https://online.indiannursingcouncil.org/Reports/YearlyReportByState.aspx,2026-09-11T11:33:09.630308
Punjab|Jalandhar|GURU NANAK NURSING TRAINING INSTT AND HOSPITAL,Guru Nanak Nursing Training Instt And Hospital,"Guru Nanak Nursing Training Instt And Hospital, Jalandhar Vihar, Kapurthala Road, Vill.- Waryana , Tehsil- Jalandhar West, Distt.- Jalandhar, Punjab, Pin Code- 144021",Mata Hakim Dai Memorial Educational Charitable Trust,Jalandhar,Punjab,Private,ANM | GNM,40 (Forty) | 50 (Fifty),90,144021,2025-2026,INC Yearly Report,https://online.indiannursingcouncil.org/Reports/YearlyReportByState.aspx,2026-09-11T11:33:09.630308
Punjab|Ludhiana|GURU NANAK SCHOOL OF NURSING,Guru Nanak School Of Nursing,"Guru Nanak School Of Nursing, Malerkotla Road, Village Gopalpur, P O Dehlon, Vill.- Gopalpur, , Tehsil- Dehlon, Distt.- Ludhiana, Punjab, Pin Code- 141118",Guru Nanak Educational Society,Ludhiana,Punjab,Private,GNM | B.Sc(N) | P B B.Sc(N),60 (Sixty) | 40 (Forty) | 30 (Thirty),130,141118,2025-2026,INC Yearly Report,https://online.indiannursingcouncil.org/Reports/YearlyReportByState.aspx,2026-09-11T11:33:09.630308
Punjab|Amritser|GURU TEG BAHADUR COLLEGE OF NURSING,Guru Teg Bahadur College Of Nursing,"Guru Teg Bahadur College Of Nursing, Bagh Hira Singh Colony, , Jandiala Guru , Distt.- Amritser, Punjab, Pin Code- 143115",Guru Teg Bahadur School Of Nursing Society,Amritser,Punjab,Private,B.Sc(N) | GNM | M. Sc (N) | P B B.Sc(N),60 (Sixty) | 50 (Fifty) | 16 Paed-5 Psy-3 Obg-3. Chn-5 | 20 (Twenty),146,143115,2025-2026,INC Yearly Report,https://online.indiannursingcouncil.org/Reports/YearlyReportByState.aspx,2026-09-11T11:33:09.630308
Punjab|Bathinda|GURU TEG BAHADUR NURSING INSTITUTE,Guru Teg Bahadur Nursing Institute,"Guru Teg Bahadur Nursing Institute, Balloh Badiala Road, Balloh , Vill.- Balloh, Tehsil- Rampura, Distt.- Bathinda, Punjab, Pin Code- 151510",Shri Guru Teg Bahadur Educational Society,Bathinda,Punjab,Private,ANM | GNM,40 (Forty) | 60 (Sixty),100,151510,2025-2026,INC Yearly Report,https://online.indiannursingcouncil.org/Reports/YearlyReportByState.aspx,2026-09-11T11:33:09.630308
Punjab|Fatehgarh Sahib|GURUKUL SCHOOL OF NURSING,Gurukul School Of Nursing,"Gurukul School Of Nursing, Vpo Badesh Kalan Khamano, Khamano, Distt.- Fatehgarh Sahib, Punjab, Pin Code- 140102",Shri Harkrishan Educational Society,Fatehgarh Sahib,Punjab,Private,GNM,60 (Sixty),60,140102,2025-2026,INC Yearly Report,https://online.indiannursingcouncil.org/Reports/YearlyReportByState.aspx,2026-09-11T11:33:09.630308
Punjab|Ferozepur|HAKIM KISHORI LAL SCHOOL OF NURSING,Hakim Kishori Lal School Of Nursing,"Hakim Kishori Lal School Of Nursing,, Guruharsahai, Guddar Dhandi Road, Guru Sahai, Distt.- Ferozepur, Punjab, Pin Code- 152022",Hakim Kishori Lal Educational And Charitable Society,Ferozepur,Punjab,Private,ANM | GNM | B.Sc(N) | P B B.Sc(N),50 (Fifty) | 60 (Sixty) | 50 (Fifty) | 30 (Thirty),190,152022,2025-2026,INC Yearly Report,https://online.indiannursingcouncil.org/Reports/YearlyReportByState.aspx,2026-09-11T11:33:09.630308
Punjab|Gurdaspur|HIMALAYA MODERN SCHOOL OF NURSING,Himalaya Modern School Of Nursing,"Himalaya Modern School Of Nursing, Jail Road Village- Babowal, Gurdaspur , Distt.- Gurdaspur, Punjab, Pin Code- 143521",Himalaya Modern School Society,Gurdaspur,Punjab,Private,ANM | GNM,30 (Thirty) | 40 (Forty),70,143521,2025-2026,INC Yearly Report,https://online.indiannursingcouncil.org/Reports/YearlyReportByState.aspx,2026-09-11T11:33:09.630308
Punjab|Mukatsar|HOLY NURSING SCHOOL,Holy Nursing School,"Holy Nursing School , Vpo Singhewala Tehsil-Malout Distt. Sri Muktsar Sahib Punjab 152113, Singhewala, Distt.- Mukatsar, Punjab, Pin Code- 152113",Learning Tree Educational Society,Mukatsar,Punjab,Private,GNM,50 (Fifty),50,152113,2025-2026,INC Yearly Report,https://online.indiannursingcouncil.org/Reports/YearlyReportByState.aspx,2026-09-11T11:33:09.630308
Punjab|Sangrur|HOMI BHABHA CANCER HOSPITAL,Homi Bhabha Cancer Hospital,"Homi Bhabha Cancer Hospital, Civil Hospital Campus, , Distt.- Sangrur, Punjab, Pin Code- 148001",Department Of Atomic Energy,Sangrur,Punjab,Government,Post Basic Diploma in Oncology Nursing,30 (Thirty),30,148001,2025-2026,INC Yearly Report,https://online.indiannursingcouncil.org/Reports/YearlyReportByState.aspx,2026-09-11T11:33:09.630308
Punjab|Jalandhar|INDIAN MEDICAL INSTITUTE OF NURSING TRAINING,Indian Medical Institute Of Nursing Training,"Indian Medical Institute Of Nursing Training, Vill. Bidhipur, Near Bidhipur Phatak, Vill.- Jalandhar , Tehsil- Jalandhar West, Distt.- Jalandhar, Punjab, Pin Code- 144011",Bharat Para Medical Sciences Educational And Development Welfare Society,Jalandhar,Punjab,Private,ANM | GNM,30 (Thirty) | 30 (Thirty),60,144011,2025-2026,INC Yearly Report,https://online.indiannursingcouncil.org/Reports/YearlyReportByState.aspx,2026-09-11T11:33:09.630308
Punjab|Moga|INDO AMERICAN COLLEGE OF NURSING,Indo American College Of Nursing,"Indo American College Of Nursing, Amritsar Road, Moga, Distt.- Moga, Punjab, Pin Code- 142001",Sandhu Hospital And Maternity Home,Moga,Punjab,Private,B.Sc(N) | GNM | P B B.Sc(N),40 (Forty) | 60 (Sixty) | 30 (Thirty),130,142001,2025-2026,INC Yearly Report,https://online.indiannursingcouncil.org/Reports/YearlyReportByState.aspx,2026-09-11T11:33:09.630308
Punjab|Ludhiana|INSTITUTE OF NURSING EDUCATION,Institute Of Nursing Education,"Institute Of Nursing Education, Guru Teg Bahadur Sahib Hospital, Ludhiana, Distt.- Ludhiana, Punjab, Pin Code- 141002",Guru Teg Bahadur Sahib C Society,Ludhiana,Punjab,Private,B.Sc(N) | GNM | P B B.Sc(N),60 (Sixty) | 60 (Sixty) | 30 (Thirty),150,141002,2025-2026,INC Yearly Report,https://online.indiannursingcouncil.org/Reports/YearlyReportByState.aspx,2026-09-11T11:33:17.477042
Punjab|Tarn Taran|INSTITUTE OF NURSING,Institute Of Nursing,"Institute Of Nursing, Near Focal Point, Phase -Ii, Goindwal Sahib , Govindwal Sahib, Distt.- Tarn Taran, Punjab, Pin Code- 143422",Baba Farid University Of Health Sciences,Tarn Taran,Punjab,Government,GNM | B.Sc(N) | M. Sc (N) | P B B.Sc(N),"60 (Sixty) | 60 (Sixty) | 25 (Twenty Five) Med- Surg-07, Chn-06, Obg-06, Pead-06 | 20 (Twenty)",165,143422,2025-2026,INC Yearly Report,https://online.indiannursingcouncil.org/Reports/YearlyReportByState.aspx,2026-09-11T11:33:17.477042
Punjab|Mohali|INTERNATIONAL DIVINE SCHOOL OF NURSING,International Divine School Of Nursing,"International Divine School Of Nursing, Ratwara Sahib, Po Mullanpur Garibdass, Mullanpur Garibdass, Distt.- Mohali, Punjab, Pin Code- 140901",Vishav Gurmat Roohani Mission Charitable Trust,Mohali,Punjab,Private,GNM,40 (Forty),40,140901,2025-2026,INC Yearly Report,https://online.indiannursingcouncil.org/Reports/YearlyReportByState.aspx,2026-09-11T11:33:17.477042
Punjab|Tarn Taran|INTERNATIONAL SCHOOL OF NURSING,International School Of Nursing,"International School Of Nursing, Village - Piddi, Opp. Petrol Pump, Tarn Taran , Distt.- Tarn Taran, Punjab, Pin Code- 143401",International Sikh Educational Society,Tarn Taran,Punjab,Private,ANM | GNM | B.Sc(N) | P B B.Sc(N),30 (Thirty) | 60 (Sixty) | 60 (Sixty) | 30 (Thirty),180,143401,2025-2026,INC Yearly Report,https://online.indiannursingcouncil.org/Reports/YearlyReportByState.aspx,2026-09-11T11:33:17.477042
Punjab|Gurdaspur|J U S S INSTITUTE OF NURSING AND MEDICAL SCIENCES,J U S S Institute Of Nursing And Medical Sciences,"J U S S Institute Of Nursing And Medical Sciences, V.P.O. Sekhwan, District Gurdaspur , Gurdaspur, Distt.- Gurdaspur, Punjab, Pin Code- 143518",Jathedar Ujagar Singh Sekhwan Memorial Trust,Gurdaspur,Punjab,Private,ANM | GNM | B.Sc(N) | P B B.Sc(N),40 (Forty) | 50 (Fifty) | 40 (Forty) | 20 (Twenty),150,143518,2025-2026,INC Yearly Report,https://online.indiannursingcouncil.org/Reports/YearlyReportByState.aspx,2026-09-11T11:33:17.477042
Punjab|Hoshiarpur|JAI AMBEY EDUCATION SOCIETY,Jai Ambey Education Society,"Jai Ambey Education Society, School Of Nursing, Ward No 10, Talwara Rd, Mukerian, Vill.- Sandhwal, Tehsil- Mukerian, Distt.- Hoshiarpur, Punjab, Pin Code- 144221",Jai Ambey Education Society,Hoshiarpur,Punjab,Private,ANM | GNM | B.Sc(N),30 (Thirty) | 40 (Forty) | 40 (Forty),110,144221,2025-2026,INC Yearly Report,https://online.indiannursingcouncil.org/Reports/YearlyReportByState.aspx,2026-09-11T11:33:17.477042
Punjab|Fazilka|JAIN INSTITUTE OF NURSING,Jain Institute Of Nursing,"Jain Institute Of Nursing, Vpo: Usmankhera, Abohar, Distt.- Fazilka, Punjab, Pin Code- 152132",Krishana Welfare Trust,Fazilka,Punjab,Private,ANM | GNM | B.Sc(N) | P B B.Sc(N),30 (Thirty) | 60 (Sixty) | 60 (Sixty) | 20 (Twenty),170,152132,2025-2026,INC Yearly Report,https://online.indiannursingcouncil.org/Reports/YearlyReportByState.aspx,2026-09-11T11:33:17.477042
Punjab|Ludhiana|JEEWAN JOT SCHOOL OF NURSING,Jeewan Jot School Of Nursing,"Jeewan Jot School Of Nursing, Sidhwan Bet Road, Swaddi Khurd, Distt.- Ludhiana, Punjab, Pin Code- 142026",Baba Nand Singh Ji Memorial Trust,Ludhiana,Punjab,Private,ANM | GNM,50 (Fifty) | 50 (Fifty),100,142026,2025-2026,INC Yearly Report,https://online.indiannursingcouncil.org/Reports/YearlyReportByState.aspx,2026-09-11T11:33:17.477042
Punjab|Gurdaspur|JHULKA INSTITUTE OF NURSING & HEALTH SCIENCES,Jhulka Institute Of Nursing & Health Sciences,"Jhulka Institute Of Nursing & Health Sciences, Jhulka Nagar, Batala Road, Qadian, Distt.- Gurdaspur, Punjab, Pin Code- 143516",Julka Hospital Charitable Trust,Gurdaspur,Punjab,Private,ANM | GNM | B.Sc(N),30 (Thirty) | 40 (Forty) | 40 (Forty),110,143516,2025-2026,INC Yearly Report,https://online.indiannursingcouncil.org/Reports/YearlyReportByState.aspx,2026-09-11T11:33:17.477042
Punjab|Hoshiarpur|K D COLLEGE OF NURSING,K D College Of Nursing,"K D College Of Nursing, Behind Maruti Suzuki Showroom, Chandigarh Road, Mahilpur, Distt.- Hoshiarpur, Punjab, Pin Code- 146105",Smt. Krishna Devi Educational Charitable Society,Hoshiarpur,Punjab,Private,ANM | GNM,30 (Thirty) | 40 (Forty),70,146105,2025-2026,INC Yearly Report,https://online.indiannursingcouncil.org/Reports/YearlyReportByState.aspx,2026-09-11T11:33:17.477042
Punjab|Bathinda|KALLAWANTI SCHOOL OF NURSING,Kallawanti School Of Nursing,"Kallawanti School Of Nursing, Bathinda-Bajakhana Road, Village-Goniana Khurd, Bathinda, Distt.- Bathinda, Punjab, Pin Code- 151201",Lala Karta Ram Edu And Welfare Society,Bathinda,Punjab,Private,ANM | GNM,60 (Sixty) | 60 (Sixty),120,151201,2025-2026,INC Yearly Report,https://online.indiannursingcouncil.org/Reports/YearlyReportByState.aspx,2026-09-11T11:33:25.377517
Punjab|Mansa|KCR COLLEGE OF NURSING RALLI BUDHLADA,Kcr College Of Nursing Ralli Budhlada,"Kcr College Of Nursing Ralli Budhlada, Village Ralli, Budhlada Distt Mansa, Budhlada, Distt.- Mansa, Punjab, Pin Code- 151502",Kcr Educational And Welfare Society,Mansa,Punjab,Private,ANM | GNM,40 (Forty) | 50 (Fifty),90,151502,2025-2026,INC Yearly Report,https://online.indiannursingcouncil.org/Reports/YearlyReportByState.aspx,2026-09-11T11:33:25.377517
Punjab|Amritser|KHALSA COLLEGE OF NURSING,Khalsa College Of Nursing,"Khalsa College Of Nursing, Gate No. 5, G.T. Road, Amritsar (Punjab) , Amritsar , Distt.- Amritser, Punjab, Pin Code- 143001",Khalsa College Charitable Society,Amritser,Punjab,Private,ANM | GNM | M. Sc (N) | B.Sc(N) | P B B.Sc(N),30 (Thirty) | 40 (Forty) | 20 (Twenty) Med-Surg-5 Chn-5 Obg-5 Psy-5 | 60 (Sixty) | 30 (Thirty),180,143001,2025-2026,INC Yearly Report,https://online.indiannursingcouncil.org/Reports/YearlyReportByState.aspx,2026-09-11T11:33:25.377517
Punjab|Amritser|KHALSA NURSING COLLEGE,Khalsa Nursing College,"Khalsa Nursing College, V.P.O Mehta Chowk, Tehsil Baba Bakala District Amritsar, Amritsar, Distt.- Amritser, Punjab, Pin Code- 143114",Sant Kartar Singh Khalsa Educational Charitable Trust (Regd.),Amritser,Punjab,Private,GNM,40 (Forty),40,143114,2025-2026,INC Yearly Report,https://online.indiannursingcouncil.org/Reports/YearlyReportByState.aspx,2026-09-11T11:33:25.377517
Punjab|Mansa|KRISHNA COLLEGE OF NURSING,Krishna College Of Nursing,"Krishna College Of Nursing, Village - Ralli, Near Bus Stand, Budhlada , Distt.- Mansa, Punjab, Pin Code- 151502",Shri Krishna Educational And Welfare Society,Mansa,Punjab,Private,ANM | GNM,20 (Twenty) | 50 (Fifty),70,151502,2025-2026,INC Yearly Report,https://online.indiannursingcouncil.org/Reports/YearlyReportByState.aspx,2026-09-11T11:33:25.377517
Punjab|Ludhiana|KULAR COLLEGE OF NURSING,Kular College Of Nursing,"Kular College Of Nursing, G T Road, Vill.- Kishangarh, Tehsil- Khanna, Distt.- Ludhiana, Punjab, Pin Code- 141401",Kular Medical Education And Research Society,Ludhiana,Punjab,Private,GNM | B.Sc(N),50 (Fifty) | 60 (Sixty),110,141401,2025-2026,INC Yearly Report,https://online.indiannursingcouncil.org/Reports/YearlyReportByState.aspx,2026-09-11T11:33:25.377517
Punjab|Ludhiana|LAJJIAWATI JAIN MEMORIAL NURSING INSTITUTE,Lajjiawati Jain Memorial Nursing Institute,"Lajjiawati Jain Memorial Nursing Institute, State Highway 13 Barnala,Raikot Main Highway, Vpo-Jalaldiwal , Vill.- Jalaldiwal, Tehsil- Jagraon, Distt.- Ludhiana, Punjab, Pin Code- 141109",Lajjiawati Jain Memorial Society,Ludhiana,Punjab,Private,GNM | B.Sc(N) | ANM | P B B.Sc(N),40 (Forty) | 50 (Fifty) | 40 (Forty) | 40 (Forty),170,141109,2025-2026,INC Yearly Report,https://online.indiannursingcouncil.org/Reports/YearlyReportByState.aspx,2026-09-11T11:33:25.377517
Punjab|Jalandhar|LALA LAJPAT RAI INSTITUTE OF NSG EDUCATION,Lala Lajpat Rai Institute Of Nsg Education,"Lala Lajpat Rai Institute Of Nsg Education, College Of Nursing, Gulab Devi Hospital Road, Vill.- Jalandhar , Tehsil- Jalandhar West, Distt.- Jalandhar, Punjab, Pin Code- 144008",Gulab Devi Memorial Hospital Trust Jalandhar,Jalandhar,Punjab,Private,B.Sc(N) | GNM,50 (Fifty) | 50 (Fifty),100,144008,2025-2026,INC Yearly Report,https://online.indiannursingcouncil.org/Reports/YearlyReportByState.aspx,2026-09-11T11:33:25.377517
Punjab|Moga|LALA LAJPAT RAI SCHOOL OF NURSING,Lala Lajpat Rai School Of Nursing,"Lala Lajpat Rai School Of Nursing,, V P O- Ghall Kalan, Near P S Sadar, Moga, Distt.- Moga, Punjab, Pin Code- 142001",Shiva Educational Trust,Moga,Punjab,Private,GNM | B.Sc(N),40 (Forty) | 40 (Forty),80,142001,2025-2026,INC Yearly Report,https://online.indiannursingcouncil.org/Reports/YearlyReportByState.aspx,2026-09-11T11:33:25.377517
Punjab|Sangrur|LIFE GUARD NURSING INSTITUTE,Life Guard Nursing Institute,"Life Guard Nursing Institute, Village- Bhindran , Sangrur, Distt.- Sangrur, Punjab, Pin Code- 148001",Life Guard Medical Social Wel And Edu Society,Sangrur,Punjab,Private,ANM | B.Sc(N) | GNM | P B B.Sc(N),50 (Fifty) | 60 (Sixty) | 60 (Sixty) | 50 (Fifty),220,148001,2025-2026,INC Yearly Report,https://online.indiannursingcouncil.org/Reports/YearlyReportByState.aspx,2026-09-11T11:33:25.377517
Punjab|Sangrur|LORD SHIVA SCHOOL OF NURSING,Lord Shiva School Of Nursing,"Lord Shiva School Of Nursing, Vpo- Hamirgarh Tehsil Moonak Distt Sangrur , , Distt.- Sangrur, Punjab, Pin Code- 148033",Shiva Educational And Welfare Society,Sangrur,Punjab,Private,ANM | GNM | P B B.Sc(N),30 (Thirty) | 60 (Sixty) | 40 (Forty),130,148033,2025-2026,INC Yearly Report,https://online.indiannursingcouncil.org/Reports/YearlyReportByState.aspx,2026-09-11T11:33:25.377517
Punjab|Ludhiana|LUDHIANA INSTITUTE OF NURSING,Ludhiana Institute Of Nursing,"Ludhiana Institute Of Nursing, V P O Kube, Teh. Samrala , Ludhiana, Distt.- Ludhiana, Punjab, Pin Code- 141418",Global Educational Society,Ludhiana,Punjab,Private,ANM | GNM,30 (Thirty) | 40 (Forty),70,141418,2025-2026,INC Yearly Report,https://online.indiannursingcouncil.org/Reports/YearlyReportByState.aspx,2026-09-11T11:33:34.389877
Punjab|Moga|M.L. MEMORIAL COLLEGE OF NURSING,M.L. Memorial College Of Nursing,"M.L. Memorial College Of Nursing, V.P.O Killi Chahal-Moga,Punjab, Moga, Distt.- Moga, Punjab, Pin Code- 142053",Sh. M.L. Memorial Educational Society Regd. Badhni Kalan Dist. Moga Punjab,Moga,Punjab,Private,B.Sc(N) | P B B.Sc(N) | ANM | GNM,40 (Forty) | 30 (Thirty) | 40 (Forty) | 60 (Sixty),170,142053,2025-2026,INC Yearly Report,https://online.indiannursingcouncil.org/Reports/YearlyReportByState.aspx,2026-09-11T11:33:34.389877
Punjab|Ferozepur|MAA SARASWATI SCHOOL OF NURSING,Maa Saraswati School Of Nursing,"Maa Saraswati School Of Nursing, Vpo - Kala Tibba, Sitto Road, Abohar, Distt.- Ferozepur, Punjab, Pin Code- 152116",Maa Saraswati Educational Society,Ferozepur,Punjab,Private,ANM | GNM,50 (Fifty) | 50 (Fifty),100,152116,2025-2026,INC Yearly Report,https://online.indiannursingcouncil.org/Reports/YearlyReportByState.aspx,2026-09-11T11:33:34.389877
Punjab|Bathinda|MAHANT GURBANTA DASS MEMORIAL SCHOOL OF NURSING,Mahant Gurbanta Dass Memorial School Of Nursing,"Mahant Gurbanta Dass Memorial School Of Nursing, Anoop Nagar Dabwali Road Near Sirsa Fatak Bathinda Punjab , Bathinda, Distt.- Bathinda, Punjab, Pin Code- 151001",Sant Bhumi Foundation,Bathinda,Punjab,Private,ANM | GNM,30 (Thirty) | 50 (Fifty),80,151001,2025-2026,INC Yearly Report,https://online.indiannursingcouncil.org/Reports/YearlyReportByState.aspx,2026-09-11T11:33:34.389877
Punjab|Fazilka|MAHARISHI PARSHURAM SCHOOL OF NURSING,Maharishi Parshuram School Of Nursing,"Maharishi Parshuram School Of Nursing, Jattwali, F.F Road, Fazilka, Fazilka, Distt.- Fazilka, Punjab, Pin Code- 152123",Maharishi Parshu Ram Society,Fazilka,Punjab,Private,ANM,30 (Thirty),30,152123,2025-2026,INC Yearly Report,https://online.indiannursingcouncil.org/Reports/YearlyReportByState.aspx,2026-09-11T11:33:34.389877
Punjab|Jalandhar|MAHATMA HANS RAJ D A V INSTITUTE OF NURSING,Mahatma Hans Raj D A V Institute Of Nursing,"Mahatma Hans Raj D A V Institute Of Nursing,, Mahatma Hans Raj Marg,, Jalandhar , Distt.- Jalandhar, Punjab, Pin Code- 144008",Dayanand Anglo Vedic College Trust,Jalandhar,Punjab,Private,GNM | B.Sc(N) | M. Sc (N) | P B B.Sc(N),60 (Sixty) | 60 (Sixty) | 17 Med-Surg-8 Obg-5 Psy-4 | 50 (Fifty),187,144008,2025-2026,INC Yearly Report,https://online.indiannursingcouncil.org/Reports/YearlyReportByState.aspx,2026-09-11T11:33:34.389877
Punjab|Tarn Taran|MAI BHAGO COLLEGE OF NURSING,Mai Bhago College Of Nursing,"Mai Bhago College Of Nursing, Villege Piddigt Roadnear Sugar Millstarn Taran, Tarn Taran, Distt.- Tarn Taran, Punjab, Pin Code- 143401",Sunrise Educational Society,Tarn Taran,Punjab,Private,ANM | GNM | B.Sc(N) | M. Sc (N) | P B B.Sc(N),40 (Forty) | 60 (Sixty) | 60 (Sixty) | 25 (Twenty Five) | 25 (Twenty Five),210,143401,2025-2026,INC Yearly Report,https://online.indiannursingcouncil.org/Reports/YearlyReportByState.aspx,2026-09-11T11:33:34.389877
Punjab|Gurdaspur|MAJHA INTERNATIONAL SCHOOL OF NURSING,Majha International School Of Nursing,"Majha International School Of Nursing, Friends Colony H No. 12, Dera Road, , Batala, Distt.- Gurdaspur, Punjab, Pin Code- 143505",National Welfare Health And Educ,Gurdaspur,Punjab,Private,ANM,40 (Forty),40,143505,2025-2026,INC Yearly Report,https://online.indiannursingcouncil.org/Reports/YearlyReportByState.aspx,2026-09-11T11:33:34.389877
Punjab|Barnala|MALWA COLLEGE OF NURSING,Malwa College Of Nursing,"Malwa College Of Nursing, Raikot - Barnala State Highway, , Distt.- Barnala, Punjab, Pin Code- 0",Malwa Medical Educational Society,Barnala,Punjab,Private,ANM | GNM | B.Sc(N) | P B B.Sc(N),40 (Forty) | 60 (Sixty) | 40 (Forty) | 40 (Forty),180,,2025-2026,INC Yearly Report,https://online.indiannursingcouncil.org/Reports/YearlyReportByState.aspx,2026-09-11T11:33:34.389877
Punjab|Mansa|MALWA INSTITUTE OF NURSING,Malwa Institute Of Nursing,"Malwa Institute Of Nursing, Malakpur, Mansa, Mansa, Distt.- Mansa, Punjab, Pin Code- 151505",Shri Radhey Krishna Sewa Samiti,Mansa,Punjab,Private,ANM | GNM,30 (Thirty) | 30 (Thirty),60,151505,2025-2026,INC Yearly Report,https://online.indiannursingcouncil.org/Reports/YearlyReportByState.aspx,2026-09-11T11:33:34.389877
Punjab|Faridkot|MALWA INSTITUTE OF NURSING,Malwa Institute Of Nursing,"Malwa Institute Of Nursing,, Kotkapura - 151 204, Faridkot, Distt.- Faridkot, Punjab, Pin Code- 151204",The Malwa Educational Society,Faridkot,Punjab,Private,GNM | B.Sc(N) | P B B.Sc(N),60 (Sixty) | 40 (Forty) | 40 (Forty),140,151204,2025-2026,INC Yearly Report,https://online.indiannursingcouncil.org/Reports/YearlyReportByState.aspx,2026-09-11T11:33:34.389877
Punjab|Mansa|MALWA SCHOOL OF NURSING,Malwa School Of Nursing,"Malwa School Of Nursing, Main Road , Sardulgarh , Distt.- Mansa, Punjab, Pin Code- 151507",Malwa Medical Education And Research Society,Mansa,Punjab,Private,ANM | GNM,35 (Thirty Five) | 40 (Forty),75,151507,2025-2026,INC Yearly Report,https://online.indiannursingcouncil.org/Reports/YearlyReportByState.aspx,2026-09-11T11:33:42.318157
Punjab|Jalandhar|MATA GUJRI INSTITUTE OF NURSING,Mata Gujri Institute Of Nursing,"Mata Gujri Institute Of Nursing, P O - Adampur,, Vill.- Vill- Mehmadpur, Tehsil- Adampur, Distt.- Jalandhar, Punjab, Pin Code- 144102",State Govt,Jalandhar,Punjab,Government,B.Sc(N) | GNM,40 (Forty) | 40 (Forty),80,144102,2025-2026,INC Yearly Report,https://online.indiannursingcouncil.org/Reports/YearlyReportByState.aspx,2026-09-11T11:33:42.318157
Punjab|Sangrur|MATA GUJRI NURSING COLLEGE,Mata Gujri Nursing College,"Mata Gujri Nursing College, V.Babanpur, , Distt.- Sangrur, Punjab, Pin Code- 148024",Desh Bhagat College Trust,Sangrur,Punjab,Private,ANM | GNM,50 (Fifty) | 40 (Forty),90,148024,2025-2026,INC Yearly Report,https://online.indiannursingcouncil.org/Reports/YearlyReportByState.aspx,2026-09-11T11:33:42.318157
Punjab|Sangrur|MATA GUJRI SCHOOL OF NURSING,Mata Gujri School Of Nursing,"Mata Gujri School Of Nursing, Village Badrukhan, Barnala Road, Sangrur , Distt.- Sangrur, Punjab, Pin Code- 148001",Mata Gujri Educational Andwelfare Society,Sangrur,Punjab,Private,ANM | GNM,30 (Thirty) | 60 (Sixty),90,148001,2025-2026,INC Yearly Report,https://online.indiannursingcouncil.org/Reports/YearlyReportByState.aspx,2026-09-11T11:33:42.318157
Punjab|Mansa|MATA ISHAR KAUR NURSING INSTITUTE,Mata Ishar Kaur Nursing Institute,"Mata Ishar Kaur Nursing Institute, Mansa, Vill.- Tamkot, Tehsil- Mansa, Distt.- Mansa, Punjab, Pin Code- 151505",Omkar Educational Society,Mansa,Punjab,Private,GNM,50 (Fifty),50,151505,2025-2026,INC Yearly Report,https://online.indiannursingcouncil.org/Reports/YearlyReportByState.aspx,2026-09-11T11:33:42.318157
Punjab|Patiala|MATA KAUSHALYA GOVT. HOSPITAL,Mata Kaushalya Govt. Hospital,"Mata Kaushalya Govt. Hospital, Govt. Hospital Near Lahori Gate, Patiala, Patiala , Distt.- Patiala, Punjab, Pin Code- 147001",Punjab Government,Patiala,Punjab,Government,GNM,50 (Fifty),50,147001,2025-2026,INC Yearly Report,https://online.indiannursingcouncil.org/Reports/YearlyReportByState.aspx,2026-09-11T11:33:42.318157
Punjab|Mohali|MATA SAHIB KAUR COLLEGE OF NURSING,Mata Sahib Kaur College Of Nursing,"Mata Sahib Kaur College Of Nursing, Chandigarh - Kharar Highway Road, Mohali, Distt.- Mohali, Punjab, Pin Code- 140130",Educational Society For Health Activities,Mohali,Punjab,Private,ANM | GNM | B.Sc(N) | M. Sc (N) | P B B.Sc(N),40 (Forty) | 60 (Sixty) | 60 (Sixty) | 25 5 In Each Speciality | 40 (Forty),225,140130,2025-2026,INC Yearly Report,https://online.indiannursingcouncil.org/Reports/YearlyReportByState.aspx,2026-09-11T11:33:42.318157
Punjab|Mukatsar|MATA SAHIB KAUR NURSING INSTITUTE,Mata Sahib Kaur Nursing Institute,"Mata Sahib Kaur Nursing Institute, Near Civil Hospital, Husner Road, Post Box- 11, Giddarbaha , Distt.- Mukatsar, Punjab, Pin Code- 152101",Guru Harkishan Education Society,Mukatsar,Punjab,Private,GNM,50 (Fifty),50,152101,2025-2026,INC Yearly Report,https://online.indiannursingcouncil.org/Reports/YearlyReportByState.aspx,2026-09-11T11:33:42.318157
Punjab|Ludhiana|MATA SARASWATI NURSING INSTITUTE,Mata Saraswati Nursing Institute,"Mata Saraswati Nursing Institute, Village - Birmi, P.O. - Malakpur, Vill.- Birmi, Tehsil- Jagraon, Distt.- Ludhiana, Punjab, Pin Code- 142027",Mata Saraswati Educational Society,Ludhiana,Punjab,Private,B.Sc(N) | P B B.Sc(N) | GNM,50 (Fifty) | 20 (Twenty) | 50 (Fifty),120,142027,2025-2026,INC Yearly Report,https://online.indiannursingcouncil.org/Reports/YearlyReportByState.aspx,2026-09-11T11:33:42.318157
Punjab|Bathinda|MATA SUNDRI INSTITUTE OF NURSING,Mata Sundri Institute Of Nursing,"Mata Sundri Institute Of Nursing, V.P.O. - Dhade, Vill.- Dhade, Tehsil- Maur, Distt.- Bathinda, Punjab, Pin Code- 151103",Mata Sundri Educational Welfare Society,Bathinda,Punjab,Private,ANM | GNM,40 (Forty) | 60 (Sixty),100,151103,2025-2026,INC Yearly Report,https://online.indiannursingcouncil.org/Reports/YearlyReportByState.aspx,2026-09-11T11:33:42.318157
Punjab|Ferozepur|MEERA MEDICAL INSTITUTE OF NURSING & HOSPITAL,Meera Medical Institute Of Nursing & Hospital,"Meera Medical Institute Of Nursing & Hospital, Opp. Military Station, Gate No.2, Fazilka Road, Abohar, Distt.- Ferozepur, Punjab, Pin Code- 152116",Meera Professional Educational And Welfare Society,Ferozepur,Punjab,Private,ANM | GNM | M. Sc (N) | B.Sc(N) | P B B.Sc(N),50 (Fifty) | 60 (Sixty) | 25 (Twenty Five) | 60 (Sixty) | 50 (Fifty),245,152116,2025-2026,INC Yearly Report,https://online.indiannursingcouncil.org/Reports/YearlyReportByState.aspx,2026-09-11T11:33:42.318157
Punjab|Mansa|MEERA SCHOOL OF NURSING,Meera School Of Nursing,"Meera School Of Nursing, Mansa Road, Sardulgarh, Sardulgarh, Distt.- Mansa, Punjab, Pin Code- 151507",Malwa Rural Education Development And Welfare Society,Mansa,Punjab,Private,GNM,40 (Forty),40,151507,2025-2026,INC Yearly Report,https://online.indiannursingcouncil.org/Reports/YearlyReportByState.aspx,2026-09-11T11:33:42.318157
Punjab|Fatehgarh Sahib|MOHALI NURSING COLLEGE,Mohali Nursing College,"Mohali Nursing College, Village-Bhagatpura, Post Office-Chunni Kalan, Bhagatpura, Distt.- Fatehgarh Sahib, Punjab, Pin Code- 140406",Sardar Ajmer Singh Charitable Foundation,Fatehgarh Sahib,Punjab,Private,ANM | B.Sc(N) | GNM | P B B.Sc(N),30 (Thirty) | 60 (Sixty) | 60 (Sixty) | 40 (Forty),190,140406,2025-2026,INC Yearly Report,https://online.indiannursingcouncil.org/Reports/YearlyReportByState.aspx,2026-09-11T11:33:42.318157
Punjab|Ludhiana|MOHAN DAI OSWAL MEMORIAL HOSPITAL,Mohan Dai Oswal Memorial Hospital,"Mohan Dai Oswal Memorial Hospital, G.T. Road, Sherpur,, Ludhiana, Distt.- Ludhiana, Punjab, Pin Code- 141009",Mohan Dai Oswal Cancer Treatment And Research Foundation,Ludhiana,Punjab,Private,GNM | B.Sc(N) | P B B.Sc(N),60 (Sixty) | 100 (One Hundred) | 30 (Thirty),190,141009,2025-2026,INC Yearly Report,https://online.indiannursingcouncil.org/Reports/YearlyReportByState.aspx,2026-09-11T11:33:50.231280
Punjab|Hoshiarpur|MOTHER MARY'S INSTITUTE OF NURSING,Mother Mary's Institute Of Nursing,"Mother Mary's Institute Of Nursing, Deowal Road, Nasrala, P.O Niara (B.O), , Distt.- Hoshiarpur, Punjab, Pin Code- 146022",Kulbhushan Jain Veena Jain's Trust,Hoshiarpur,Punjab,Private,ANM | B.Sc(N) | GNM | P B B.Sc(N),40 (Forty) | 30 (Thirty) | 60 (Sixty) | 30 (Thirty),160,146022,2025-2026,INC Yearly Report,https://online.indiannursingcouncil.org/Reports/YearlyReportByState.aspx,2026-09-11T11:33:50.231280
Punjab|Amritser|NAM RATRA INTERNATIONAL SCHOOL OF NURSING,Nam Ratra International School Of Nursing,"Nam Ratra International School Of Nursing, Loharka Road, Near Power House , Vill.- Amritsar , Tehsil- Ajnala, Distt.- Amritser, Punjab, Pin Code- 143001",Nam Rattra International Charitable Trust,Amritser,Punjab,Private,GNM,50 (Fifty),50,143001,2025-2026,INC Yearly Report,https://online.indiannursingcouncil.org/Reports/YearlyReportByState.aspx,2026-09-11T11:33:50.231280
Punjab|Barnala|NATIONAL COLLEGE OF GENERAL NURSING & MIDWIFERY,National College Of General Nursing & Midwifery,"National College Of General Nursing & Midwifery, Sidana Hospital Punjab, Barnala, Distt.- Barnala, Punjab, Pin Code- 148101",National College Of Gnm Barnala,Barnala,Punjab,Private,GNM,30 (Thirty),30,148101,2025-2026,INC Yearly Report,https://online.indiannursingcouncil.org/Reports/YearlyReportByState.aspx,2026-09-11T11:33:50.231280
Punjab|Sangrur|NATIONAL INSTITUTE OF NURSING,National Institute Of Nursing,"National Institute Of Nursing, Vill - Khurana, Patiala Road, Sasngrur, Punjab, Vill.- Khurana, Tehsil- Sangrur, Distt.- Sangrur, Punjab, Pin Code- 148001",Smt Surinder Kaur Educational Society,Sangrur,Punjab,Private,ANM | GNM | B.Sc(N) | M. Sc (N) | P B B.Sc(N),40 (Forty) | 60 (Sixty) | 60 (Sixty) | 30 (Thirty) Med-Surg-7 Obg-8 Psy-5 Chn-5 Paed-5 | 40 (Forty),230,148001,2025-2026,INC Yearly Report,https://online.indiannursingcouncil.org/Reports/YearlyReportByState.aspx,2026-09-11T11:33:50.231280
Punjab|Patiala|NATIONAL MIDWIFERY TRAINING INSTITUTE,National Midwifery Training Institute,"National Midwifery Training Institute , School Of Nursing Mata Kaushalya Government Hospital, School Of Nursing Mata Kaushalya Government Hospital Patiala Punjab, Patiala, Distt.- Patiala, Punjab,",Govt Of Punjab,Patiala,Punjab,Government,NPM-Educator,30 (Thirty),30,,2025-2026,INC Yearly Report,https://online.indiannursingcouncil.org/Reports/YearlyReportByState.aspx,2026-09-11T11:33:50.231280
Punjab|Faridkot|NEW MALWA INSTITUTE OF NURSING,New Malwa Institute Of Nursing,"New Malwa Institute Of Nursing, Kotkapura Faridkot Road, Kotkapura, Distt.- Faridkot, Punjab, Pin Code- 151204",New Malwa Educational Welfare Society,Faridkot,Punjab,Private,ANM | GNM,50 (Fifty) | 40 (Forty),90,151204,2025-2026,INC Yearly Report,https://online.indiannursingcouncil.org/Reports/YearlyReportByState.aspx,2026-09-11T11:33:50.231280
Punjab|Ludhiana|NIGHTINGALE NURISNG INSTITUTE,Nightingale Nurisng Institute,"Nightingale Nurisng Institute, V P O Narangwal, Kalan, Ludhiana, Distt.- Ludhiana, Punjab, Pin Code- 141203",Shri Ganesh Charitable Trust,Ludhiana,Punjab,Private,ANM | GNM | B.Sc(N),30 (Thirty) | 60 (Sixty) | 60 (Sixty),150,141203,2025-2026,INC Yearly Report,https://online.indiannursingcouncil.org/Reports/YearlyReportByState.aspx,2026-09-11T11:33:50.231280
Punjab|Jalandhar|NURSING TRAINING INSTITUTE HOSPITAL,Nursing Training Institute Hospital,"Nursing Training Institute Hospital, Urban State, Phase-1, Jalandhar City , Distt.- Jalandhar, Punjab, Pin Code- 144022",Smt. Ram Kaur Memorial Welfare Education Trust Regd.,Jalandhar,Punjab,Private,GNM,50 (Fifty),50,144022,2025-2026,INC Yearly Report,https://online.indiannursingcouncil.org/Reports/YearlyReportByState.aspx,2026-09-11T11:33:50.231280
Punjab|Gurdaspur|PANNU SCHOOL OF NURSING,Pannu School Of Nursing,"Pannu School Of Nursing, Punjab, Vill.- Marri Panwan, Tehsil- Batala, Distt.- Gurdaspur, Punjab, Pin Code- 143515",Sr Milkha Singh Memorial,Gurdaspur,Punjab,Private,ANM,20 (Twenty),20,143515,2025-2026,INC Yearly Report,https://online.indiannursingcouncil.org/Reports/YearlyReportByState.aspx,2026-09-11T11:33:50.231280
Punjab|Jalandhar|PHOENIX THE GLOBAL INSTITUTE OF NURSING,Phoenix The Global Institute Of Nursing,"Phoenix The Global Institute Of Nursing, Village Rampur, Lambra, Chitti Road, Jalanadhar, Distt.- Jalandhar, Punjab, Pin Code- 144026",Sethibishamber Nath Charitable Society,Jalandhar,Punjab,Private,B.Sc(N) | GNM | P B B.Sc(N),40 (Forty) | 60 (Sixty) | 20 (Twenty),120,144026,2025-2026,INC Yearly Report,https://online.indiannursingcouncil.org/Reports/YearlyReportByState.aspx,2026-09-11T11:33:50.231280
Punjab|Bathinda|PUNJAB INSTITUTE OF NURSING,Punjab Institute Of Nursing,"Punjab Institute Of Nursing, Bhatinda-Sardulgarh Road, Near Vill Jodirya, Vill.- Nangla , Tehsil- Talwandi Sahu, Distt.- Bathinda, Punjab, Pin Code- 151505",Vidyamandir Educational Society,Bathinda,Punjab,Private,ANM | GNM,40 (Forty) | 40 (Forty),80,151505,2025-2026,INC Yearly Report,https://online.indiannursingcouncil.org/Reports/YearlyReportByState.aspx,2026-09-11T11:33:50.231280
Punjab|Jalandhar|PUNJAB MEDICAL INSTITUTE OF NURSING & HOSPITAL,Punjab Medical Institute Of Nursing & Hospital,"Punjab Medical Institute Of Nursing & Hospital, G T Road, Near Petrol Pump, Suranussi, Jalandhar, Distt.- Jalandhar, Punjab, Pin Code- 144027",Punjab Medical Institute Of Nursing Trus,Jalandhar,Punjab,Private,ANM | GNM,35 (Thirty Five) | 60 (Sixty),95,144027,2025-2026,INC Yearly Report,https://online.indiannursingcouncil.org/Reports/YearlyReportByState.aspx,2026-09-11T11:33:50.231280
Punjab|Barnala|PUNJAB MULTIPURPOSE INSTITUTE OF NURSING,Punjab Multipurpose Institute Of Nursing,"Punjab Multipurpose Institute Of Nursing, Baja Khana Road, Shaina, Barnala, Distt.- Barnala, Punjab, Pin Code- 148103",Punjab Model School Education Society,Barnala,Punjab,Private,ANM | GNM,50 (Fifty) | 50 (Fifty),100,148103,2025-2026,INC Yearly Report,https://online.indiannursingcouncil.org/Reports/YearlyReportByState.aspx,2026-09-11T11:33:58.015807
Punjab|Mohali|PUNJAB NATIONAL NURSING SCHOOL,Punjab National Nursing School,"Punjab National Nursing School, Gulabgarh, Derabassi, Distt.- Mohali, Punjab, Pin Code- 140507",Medical Educational And Rural Welfare Society,Mohali,Punjab,Private,GNM,50 (Fifty),50,140507,2025-2026,INC Yearly Report,https://online.indiannursingcouncil.org/Reports/YearlyReportByState.aspx,2026-09-11T11:33:58.015807
Punjab|Bathinda|PUNJAB PUBLIC COLLEGE OF NURSING,Punjab Public College Of Nursing,"Punjab Public College Of Nursing, Vill Katar Singh Wala , Mansa Road, Bathinda , Distt.- Bathinda, Punjab, Pin Code- 151001",Public Relief Society,Bathinda,Punjab,Private,ANM | GNM | B.Sc(N) | P B B.Sc(N),60 (Sixty) | 60 (Sixty) | 60 (Sixty) | 40 (Forty),220,151001,2025-2026,INC Yearly Report,https://online.indiannursingcouncil.org/Reports/YearlyReportByState.aspx,2026-09-11T11:33:58.015807
Punjab|Kapurthala|RAMGARHIA INSTITUTE OF HEALTH SCIENCES RESEARCH,Ramgarhia Institute Of Health Sciences Research,"Ramgarhia Institute Of Health Sciences Research, R E C Complex, Satnampura, Phagwara, Distt.- Kapurthala, Punjab, Pin Code- 144402",Ramgarhia Educational Council,Kapurthala,Punjab,Private,GNM | ANM,50 (Fifty) | 30 (Thirty),80,144402,2025-2026,INC Yearly Report,https://online.indiannursingcouncil.org/Reports/YearlyReportByState.aspx,2026-09-11T11:33:58.015807
Punjab|Mohali|RATTAN PROFESSIONAL EUDCATION COLLEGE,Rattan Professional Eudcation College,"Rattan Professional Eudcation College, Mauli Road, Near Arya School, V&P.O. Sohana, Mohali, Distt.- Mohali, Punjab, Pin Code- 140308",Rattan Professional Education Society,Mohali,Punjab,Private,ANM | GNM | B.Sc(N) | M. Sc (N) | P B B.Sc(N),35 (Thirty Five) | 60 (Sixty) | 60 (Sixty) | 15 (Fifteen) 3 In Each Speciality | 30 (Thirty),200,140308,2025-2026,INC Yearly Report,https://online.indiannursingcouncil.org/Reports/YearlyReportByState.aspx,2026-09-11T11:33:58.015807
Punjab|Hoshiarpur|RAYAT-BAHRA COLLEGE OF NURSING,Rayat-Bahra College Of Nursing,"Rayat-Bahra College Of Nursing, Village & Post Office Bohan, Hoshiarpur, Distt.- Hoshiarpur, Punjab, Pin Code- 146104",Rayat And Bahra Group Of Institutes,Hoshiarpur,Punjab,Private,B.Sc(N) | P B B.Sc(N),60 (Sixty) | 20 (Twenty),80,146104,2025-2026,INC Yearly Report,https://online.indiannursingcouncil.org/Reports/YearlyReportByState.aspx,2026-09-11T11:33:58.015807
Punjab|Mohali|RAYAT-BAHRA COLLEGE OF NURSING,Rayat-Bahra College Of Nursing,"Rayat-Bahra College Of Nursing, Vpo Sahauran, Kharar, Distt.- Mohali, Punjab, Pin Code- 140301",Rayat Bahra Group Of Institutes,Mohali,Punjab,Private,B.Sc(N) | GNM | P B B.Sc(N),50 (Fifty) | 40 (Forty) | 40 (Forty),130,140301,2025-2026,INC Yearly Report,https://online.indiannursingcouncil.org/Reports/YearlyReportByState.aspx,2026-09-11T11:33:58.015807
Punjab|Sangrur|REHBAR INSTITUTE OF MEDICAL SCIENCES,Rehbar Institute Of Medical Sciences,"Rehbar Institute Of Medical Sciences, Phagguwala Kanchian, Sangurur Road, Bhavanigarh, Distt.- Sangrur, Punjab, Pin Code- 148026",Rehbar Foundation R,Sangrur,Punjab,Private,ANM | GNM,50 (Fifty) | 60 (Sixty),110,148026,2025-2026,INC Yearly Report,https://online.indiannursingcouncil.org/Reports/YearlyReportByState.aspx,2026-09-11T11:33:58.015807
Punjab|Gurdaspur|ROYAL INSTITUTE OF NURSING,Royal Institute Of Nursing,"Royal Institute Of Nursing, V P O Jaito Sarja, Batala, Batala, Distt.- Gurdaspur, Punjab, Pin Code- 143505",Global Education Charitable Trust,Gurdaspur,Punjab,Private,B.Sc(N) | GNM | P B B.Sc(N),50 (Fifty) | 30 (Thirty) | 30 (Thirty),110,143505,2025-2026,INC Yearly Report,https://online.indiannursingcouncil.org/Reports/YearlyReportByState.aspx,2026-09-11T11:33:58.015807
Punjab|Amritser|ROYAL INSTITUTE OF NURSING,Royal Institute Of Nursing,"Royal Institute Of Nursing, Vpo Dharar, , Vill.- Dharar, Tehsil- Jandiala Guru, Distt.- Amritser, Punjab, Pin Code- 143115",Royal Educational Charitable Society,Amritser,Punjab,Private,ANM | GNM | B.Sc(N),30 (Thirty) | 60 (Sixty) | 60 (Sixty),150,143115,2025-2026,INC Yearly Report,https://online.indiannursingcouncil.org/Reports/YearlyReportByState.aspx,2026-09-11T11:33:58.015807
Punjab|Amritser|S B S INSTITUTE OF NURSING,S B S Institute Of Nursing,"S B S Institute Of Nursing, Vill Sohian Kalan, Fateh Garh Churian Road, Amritsar, Distt.- Amritser, Punjab, Pin Code- 143601",Shaheed Bhagat Singh Paramedical Society,Amritser,Punjab,Private,ANM | GNM | B.Sc(N) | P B B.Sc(N),40 (Forty) | 60 (Sixty) | 60 (Sixty) | 30 (Thirty),190,143601,2025-2026,INC Yearly Report,https://online.indiannursingcouncil.org/Reports/YearlyReportByState.aspx,2026-09-11T11:33:58.015807
Punjab|Moga|S F C INSTITUTE OF NURSING,S F C Institute Of Nursing,"S F C Institute Of Nursing, Vpo: Jalalabad (East) , Vill.- Jalalabad East, Tehsil- Mooga-1, Distt.- Moga, Punjab, Pin Code- 142042",Smt Savitri Devi Charitable Society,Moga,Punjab,Private,GNM | ANM,60 (Sixty) | 50 (Fifty),110,142042,2025-2026,INC Yearly Report,https://online.indiannursingcouncil.org/Reports/YearlyReportByState.aspx,2026-09-11T11:34:05.847085
Punjab|Jalandhar|S G L NURSING SCHOOL,S G L Nursing School,"S G L Nursing School, Semi, Jalandhar-144 402, Jalandhar, Distt.- Jalandhar, Punjab, Pin Code- 144402",Baba Kashmira Singh Jan Sewa Trust,Jalandhar,Punjab,Private,GNM | M. Sc (N) | B.Sc(N) | P B B.Sc(N),"60 (Sixty) | 40 (Forty) Obg-8 Chn-8, Psy-8, Med-Surg-8, Paed-8 | 100 (One Hundred) | 40 (Forty)",240,144402,2025-2026,INC Yearly Report,https://online.indiannursingcouncil.org/Reports/YearlyReportByState.aspx,2026-09-11T11:34:05.847085
Punjab|Ludhiana|S M L MEMORIAL SCHOOL OF NURSING,S M L Memorial School Of Nursing,"S M L Memorial School Of Nursing, Opp Wadi Haveri Ferozepur Road, Vill.- Bhanord, Tehsil- Sudhar, Distt.- Ludhiana, Punjab, Pin Code- 141109",Guru Hargobind Medical Education Society,Ludhiana,Punjab,Private,ANM | GNM | B.Sc(N) | P B B.Sc(N),40 (Forty) | 60 (Sixty) | 60 (Sixty) | 40 (Forty),200,141109,2025-2026,INC Yearly Report,https://online.indiannursingcouncil.org/Reports/YearlyReportByState.aspx,2026-09-11T11:34:05.847085
Punjab|Mukatsar|S P COLLEGE OF NURSING,S P College Of Nursing,"S P College Of Nursing, V P O Midda, Teh Malout, Malout, Distt.- Mukatsar, Punjab, Pin Code- 152107",Career Builder Educational Andpublic Welfare Society,Mukatsar,Punjab,Private,ANM | GNM,60 (Sixty) | 40 (Forty),100,152107,2025-2026,INC Yearly Report,https://online.indiannursingcouncil.org/Reports/YearlyReportByState.aspx,2026-09-11T11:34:05.847085
Punjab|Hoshiarpur|S S D INSTITUTE OF NURSING,S S D Institute Of Nursing,"S S D Institute Of Nursing, Teh-Mukerian, Vill.- Ghasitpur, , Tehsil- Mukerian, Distt.- Hoshiarpur, Punjab, Pin Code- 144211",Smt Sheela Devi Memorial Education Research,Hoshiarpur,Punjab,Private,ANM,30 (Thirty),30,144211,2025-2026,INC Yearly Report,https://online.indiannursingcouncil.org/Reports/YearlyReportByState.aspx,2026-09-11T11:34:05.847085
Punjab|Hoshiarpur|S T COLLEGE OF NURSING & MEDICAL SCIENCES,S T College Of Nursing & Medical Sciences,"S T College Of Nursing & Medical Sciences, Vpo Mehlanwali, Adda Dada Mara, Una Road, Vill.- Village Mehlanwali, Tehsil- Hoshiarpur-I, Distt.- Hoshiarpur, Punjab, Pin Code- 146001",Sita Rani Tilak Raj Educational Charitable Society,Hoshiarpur,Punjab,Private,ANM | GNM | B.Sc(N),40 (Forty) | 50 (Fifty) | 60 (Sixty),150,146001,2025-2026,INC Yearly Report,https://online.indiannursingcouncil.org/Reports/YearlyReportByState.aspx,2026-09-11T11:34:05.847085
Punjab|Amritser|S V MEMORIAL COLLEGE OF NURSING,S V Memorial College Of Nursing,"S V Memorial College Of Nursing, Mudhal, Near Verka, Vill.- Mudhal,, Tehsil- Verka, Distt.- Amritser, Punjab, Pin Code- 143001",New Gobind Public Welfare Society Regd.,Amritser,Punjab,Private,GNM | B.Sc(N) | M. Sc (N) | P B B.Sc(N),60 (Sixty) | 50 (Fifty) | 10 Obg-5 Med-Surg-5 | 40 (Forty),160,143001,2025-2026,INC Yearly Report,https://online.indiannursingcouncil.org/Reports/YearlyReportByState.aspx,2026-09-11T11:34:05.847085
Punjab|Gurdaspur|S. SUKHJINDER SINGH INSTITUTE OF NURSING,S. Sukhjinder Singh Institute Of Nursing,"S. Sukhjinder Singh Institute Of Nursing, V P O Hayat Nagar, Hardochanni Rd, Gurdaspur, Distt.- Gurdaspur, Punjab, Pin Code- 143521",S. Sukhjinder Singh Memorial Edu. Society,Gurdaspur,Punjab,Private,ANM | GNM | B.Sc(N),40 (Forty) | 60 (Sixty) | 60 (Sixty),160,143521,2025-2026,INC Yearly Report,https://online.indiannursingcouncil.org/Reports/YearlyReportByState.aspx,2026-09-11T11:34:05.847085
Punjab|Fazilka|SACHKHAND SCHOOL OF NURSING,Sachkhand School Of Nursing,"Sachkhand School Of Nursing, Hindumalkot Road, Abohar, Distt.- Fazilka, Punjab, Pin Code- 152116",Sachkhand Covent School Education Society,Fazilka,Punjab,Private,ANM | GNM | B.Sc(N) | P B B.Sc(N),50 (Fifty) | 50 (Fifty) | 60 (Sixty) | 30 (Thirty),190,152116,2025-2026,INC Yearly Report,https://online.indiannursingcouncil.org/Reports/YearlyReportByState.aspx,2026-09-11T11:34:05.847085
Punjab|Jalandhar|SACRED HEART HOSPITAL,Sacred Heart Hospital,"Sacred Heart Hospital, Sacred Heart Hospital, School Of Nursing, Maqsudan, G.T Road, Jalandhar , Vill.- Maqsudan , Tehsil- Jalandhar East, Distt.- Jalandhar, Punjab, Pin Code- 144008",Jyothi Province Sacred Heart Congregation,Jalandhar,Punjab,Private,GNM,40 (Forty),40,144008,2025-2026,INC Yearly Report,https://online.indiannursingcouncil.org/Reports/YearlyReportByState.aspx,2026-09-11T11:34:05.847085
Punjab|Hoshiarpur|SAI COLLEGE OF NURSING,Sai College Of Nursing,"Sai College Of Nursing, Sardulapur, Chandigarh, Hoshiarpur Road, Sardulapur, Distt.- Hoshiarpur, Punjab, Pin Code- 146109",Sai Wiranwali Educational Trust,Hoshiarpur,Punjab,Private,ANM | GNM,40 (Forty) | 40 (Forty),80,146109,2025-2026,INC Yearly Report,https://online.indiannursingcouncil.org/Reports/YearlyReportByState.aspx,2026-09-11T11:34:05.847085
Punjab|Mukatsar|SAINT SAHARA INSTITUTE OF NURSING EDUCATION,Saint Sahara Institute Of Nursing Education,"Saint Sahara Institute Of Nursing Education, Near Power Grid, Ferozepur Road, Sri Muktsar Sahib , Distt.- Mukatsar, Punjab, Pin Code- 152026",Shivalik Public Educational Society,Mukatsar,Punjab,Private,ANM | GNM,30 (Thirty) | 40 (Forty),70,152026,2025-2026,INC Yearly Report,https://online.indiannursingcouncil.org/Reports/YearlyReportByState.aspx,2026-09-11T11:34:13.866998
Punjab|Bathinda|SAINT SAHARA SCHOOL OF NURSING,Saint Sahara School Of Nursing,"Saint Sahara School Of Nursing, Mansa Road, Kot Shamir, Vill.- Kot Shameer, Tehsil- Bathinda, Distt.- Bathinda, Punjab, Pin Code- 151001",Saint Sahara Educational Society,Bathinda,Punjab,Private,GNM | ANM,40 (Forty) | 30 (Thirty),70,151001,2025-2026,INC Yearly Report,https://online.indiannursingcouncil.org/Reports/YearlyReportByState.aspx,2026-09-11T11:34:13.866998
Punjab|Ferozepur|SALUTARY NURSING INSTITUTE,Salutary Nursing Institute,"Salutary Nursing Institute, V P O Tutwala , Teh Abohar, Vill.- Tootwala, Tehsil- Abohar, Distt.- Ferozepur, Punjab, Pin Code- 152132",Salutary Educational Society,Ferozepur,Punjab,Private,ANM | GNM,50 (Fifty) | 50 (Fifty),100,152132,2025-2026,INC Yearly Report,https://online.indiannursingcouncil.org/Reports/YearlyReportByState.aspx,2026-09-11T11:34:13.866998
Punjab|Nawanshahar|SANDHU INSTITUTE OF NURSING,Sandhu Institute Of Nursing,"Sandhu Institute Of Nursing, Vpo - Mahalon, Banga Road, Nawashahar, Distt.- Nawanshahar, Punjab, Pin Code- 144514",Mata Kulwant Kaur Educational Society,Nawanshahar,Punjab,Private,GNM | B.Sc(N) | P B B.Sc(N),60 (Sixty) | 50 (Fifty) | 30 (Thirty),140,144514,2025-2026,INC Yearly Report,https://online.indiannursingcouncil.org/Reports/YearlyReportByState.aspx,2026-09-11T11:34:13.866998
Punjab|Ludhiana|SANJEEVANI SCHOOL OF NURSING,Sanjeevani School Of Nursing,"Sanjeevani School Of Nursing, Bhai Kanhaiya Edu Soc., Village Daudpur, Tehsil Samrala, Distt Ludhiana , Vill.- Daudpur , Tehsil- Samrala, Distt.- Ludhiana, Punjab, Pin Code- 141417",Bhai Kanahiya Educational Society,Ludhiana,Punjab,Private,GNM | P B B.Sc(N),60 (Sixty) | 40 (Forty),100,141417,2025-2026,INC Yearly Report,https://online.indiannursingcouncil.org/Reports/YearlyReportByState.aspx,2026-09-11T11:34:13.866998
Punjab|Jalandhar|SANT BABA BHAG SINGH INSTITUTE OF NURSING,Sant Baba Bhag Singh Institute Of Nursing,"Sant Baba Bhag Singh Institute Of Nursing, Vill Khiala, P O Padhiana, Vill.- Khiala, , Tehsil- Adampur, Distt.- Jalandhar, Punjab, Pin Code- 144030",Sant Baba Bhag Singh Mem Ch. Society,Jalandhar,Punjab,Private,ANM | GNM | B.Sc(N) | P B B.Sc(N),30 (Thirty) | 60 (Sixty) | 50 (Fifty) | 30 (Thirty),170,144030,2025-2026,INC Yearly Report,https://online.indiannursingcouncil.org/Reports/YearlyReportByState.aspx,2026-09-11T11:34:13.866998
Punjab|Moga|SANT DARBARA SINGH SCHOOL OF NURSING,Sant Darbara Singh School Of Nursing,"Sant Darbara Singh School Of Nursing, Village Lopon, Moga, Moga, Distt.- Moga, Punjab, Pin Code- 142037",Sant Darbara Singh Ik-Onkar Trust,Moga,Punjab,Private,GNM,60 (Sixty),60,142037,2025-2026,INC Yearly Report,https://online.indiannursingcouncil.org/Reports/YearlyReportByState.aspx,2026-09-11T11:34:13.866998
Punjab|Patiala|SANT INDER DASS NURSING INSTITUTE,Sant Inder Dass Nursing Institute,"Sant Inder Dass Nursing Institute, Kheri Manian, Dist. Patiala, Patiala , Distt.- Patiala, Punjab, Pin Code- 147001",Sant Inder Dass Charitable Trust,Patiala,Punjab,Private,ANM | GNM,30 (Thirty) | 40 (Forty),70,147001,2025-2026,INC Yearly Report,https://online.indiannursingcouncil.org/Reports/YearlyReportByState.aspx,2026-09-11T11:34:13.866998
Punjab|Bathinda|SARASWATI INSTITUTE OF NURSING,Saraswati Institute Of Nursing,"Saraswati Institute Of Nursing, Bathinda Road, Maur Mandi, Bathinda, Distt.- Bathinda, Punjab, Pin Code- 151509",Saint Baba Fateh Singh Trust,Bathinda,Punjab,Private,ANM | GNM,30 (Thirty) | 40 (Forty),70,151509,2025-2026,INC Yearly Report,https://online.indiannursingcouncil.org/Reports/YearlyReportByState.aspx,2026-09-11T11:34:13.866998
Punjab|Mohali|SARASWATI NURSING INSTITUTE,Saraswati Nursing Institute,"Saraswati Nursing Institute, Kurali - Morinda Road, Village Dhianpura, Vill.- Kurali , Tehsil- Kharar, Distt.- Mohali, Punjab, Pin Code- 140103",Saraswati Educational And Welfare Society,Mohali,Punjab,Private,GNM | B.Sc(N) | M. Sc (N) | P B B.Sc(N),"60 (Sixty) | 60 (Sixty) | 40 (Forty) Med Surg-10, Paed-5, Psy-10, Obg-10, Chn-5 | 50 (Fifty)",210,140103,2025-2026,INC Yearly Report,https://online.indiannursingcouncil.org/Reports/YearlyReportByState.aspx,2026-09-11T11:34:13.866998
Punjab|Mohali|SARASWATI PROFESSIONAL AND HIGHER EDUCATION COLLEGE OF NURSING,Saraswati Professional And Higher Education College Of Nursing,"Saraswati Professional And Higher Education College Of Nursing, Vpo - Gharuan , S A S Nagar, Distt.- Mohali, Punjab, Pin Code- 140143",Saraswati Professional And Higher Education Society,Mohali,Punjab,Private,ANM | B.Sc(N) | GNM | M. Sc (N) | P B B.Sc(N),30 (Thirty) | 60 (Sixty) | 60 (Sixty) | 25 (Twenty Five) | 40 (Forty),215,140143,2025-2026,INC Yearly Report,https://online.indiannursingcouncil.org/Reports/YearlyReportByState.aspx,2026-09-11T11:34:13.866998
Punjab|Fazilka|SARDAR PATEL MEDICAL INSTITUTE OF NURSING,Sardar Patel Medical Institute Of Nursing,"Sardar Patel Medical Institute Of Nursing, Fazilka Road, Abohar, Distt.- Fazilka, Punjab, Pin Code- 152116",Sardar Patel Educational Society,Fazilka,Punjab,Private,GNM | ANM,60 (Sixty) | 50 (Fifty),110,152116,2025-2026,INC Yearly Report,https://online.indiannursingcouncil.org/Reports/YearlyReportByState.aspx,2026-09-11T11:34:23.037127
Punjab|Ferozepur|SHAHEED BHAGAT SINGH COLLEGE OF NURSING SODEWALA FEROZEPUR,Shaheed Bhagat Singh College Of Nursing Sodewala Ferozepur,"Shaheed Bhagat Singh College Of Nursing Sodewala Ferozepur, Mallan Wala Road, Ferozepur City, Distt.- Ferozepur, Punjab, Pin Code- 152002",Shaheed Bhagat Singh Educational And Welfare Society,Ferozepur,Punjab,Private,ANM | GNM | B.Sc(N) | P B B.Sc(N),30 (Thirty) | 60 (Sixty) | 50 (Fifty) | 40 (Forty),180,152002,2025-2026,INC Yearly Report,https://online.indiannursingcouncil.org/Reports/YearlyReportByState.aspx,2026-09-11T11:34:23.037127
Punjab|Barnala|SHAHEED BHAGAT SINGH COLLEGE OF NURSING,Shaheed Bhagat Singh College Of Nursing,"Shaheed Bhagat Singh College Of Nursing, State Highway-13, Barnala Raikot Road Mehal Kalan, Mehal Kalan, Distt.- Barnala, Punjab, Pin Code- 148104",Shaheed Bhagat Singh Educational &Amp; Welfare Society,Barnala,Punjab,Private,GNM | ANM,60 (Sixty) | 40 (Forty),100,148104,2025-2026,INC Yearly Report,https://online.indiannursingcouncil.org/Reports/YearlyReportByState.aspx,2026-09-11T11:34:23.037127
Punjab|Ludhiana|SHAHEED KARTAR SINGH SARABHA COLLEGE OF NURSING,Shaheed Kartar Singh Sarabha College Of Nursing,"Shaheed Kartar Singh Sarabha College Of Nursing, V P O - Sarabha, Ludhiana, , Vill.- Sarabha, Tehsil- Ludhiana, Distt.- Ludhiana, Punjab, Pin Code- 141105",Shaheed Kartar Singh Sarabha Charitable Trust,Ludhiana,Punjab,Private,ANM | GNM | M. Sc (N) | B.Sc(N) | P B B.Sc(N),"30 (Thirty) | 60 (Sixty) | 15; Psy-5, Chn-5, Obg-5 | 60 (Sixty) | 30 (Thirty)",195,141105,2025-2026,INC Yearly Report,https://online.indiannursingcouncil.org/Reports/YearlyReportByState.aspx,2026-09-11T11:34:23.037127
Punjab|Amritser|SHAHEED MADAN LAL DHINGRA GOVT SCHOOL OF NURSING,Shaheed Madan Lal Dhingra Govt School Of Nursing,"Shaheed Madan Lal Dhingra Govt School Of Nursing, Govt Mental Hospital, Inside Institute Of Mental Health Science, Amritsar, Distt.- Amritser, Punjab, Pin Code- 143001",Punjab Govt.,Amritser,Punjab,Government,GNM,40 (Forty),40,143001,2025-2026,INC Yearly Report,https://online.indiannursingcouncil.org/Reports/YearlyReportByState.aspx,2026-09-11T11:34:23.037127
Punjab|Mansa|SHIV SHAKTI COLLEGE OF NURSING,Shiv Shakti College Of Nursing,"Shiv Shakti College Of Nursing, Sunam Road Bhikhi, Bhikhi, Distt.- Mansa, Punjab, Pin Code- 151504",Shiv Shakti Medical Society Bhikhi,Mansa,Punjab,Private,GNM | B.Sc(N) | ANM,50 (Fifty) | 40 (Forty) | 20 (Twenty),110,151504,2025-2026,INC Yearly Report,https://online.indiannursingcouncil.org/Reports/YearlyReportByState.aspx,2026-09-11T11:34:23.037127
Punjab|Tarn Taran|SHIVALIK EXCELLENCE SCHOOL OF NURSING,Shivalik Excellence School Of Nursing,"Shivalik Excellence School Of Nursing, V P O - Sarhali Kalan, Sarhali Kallan , Distt.- Tarn Taran, Punjab, Pin Code- 143410",Shivalik Educaitonal And Charitable Society,Tarn Taran,Punjab,Private,GNM,30 (Thirty),30,143410,2025-2026,INC Yearly Report,https://online.indiannursingcouncil.org/Reports/YearlyReportByState.aspx,2026-09-11T11:34:23.037127
Punjab|Hoshiarpur|SHRI GURU RAM DASS COLLEGE OF NURSING,Shri Guru Ram Dass College Of Nursing,"Shri Guru Ram Dass College Of Nursing, Canal Colony Road Punjab, Hoshiarpur, Distt.- Hoshiarpur, Punjab, Pin Code- 146001",Shri Guru Ram Dass Charitable Society,Hoshiarpur,Punjab,Private,ANM | GNM | B.Sc(N) | M. Sc (N) | P B B.Sc(N),40 (Forty) | 60 (Sixty) | 60 (Sixty) | 22 (Twenty Two) Med-Surg-5 Chn-5 Paed-4 Psy-3 Obg-5 | 40 (Forty),222,146001,2025-2026,INC Yearly Report,https://online.indiannursingcouncil.org/Reports/YearlyReportByState.aspx,2026-09-11T11:34:23.037127
Punjab|Amritser|SIDANA NURSING COLLEGE,Sidana Nursing College,"Sidana Nursing College, Khiala Khurd, Ram Tirath Road, Amritsar, Amritsar, Distt.- Amritser, Punjab, Pin Code- 143101",Sidana Educational And Welfare Society,Amritser,Punjab,Private,GNM | B.Sc(N),60 (Sixty) | 60 (Sixty),120,143101,2025-2026,INC Yearly Report,https://online.indiannursingcouncil.org/Reports/YearlyReportByState.aspx,2026-09-11T11:34:23.037127
Punjab|Ludhiana|SIDHU SCHOOL OF NURSING,Sidhu School Of Nursing,"Sidhu School Of Nursing, Sidhu Educational & Res. Instt, G T Road, Doraha, Distt.- Ludhiana, Punjab, Pin Code- 141421",Sidhu Educational And Research Institute,Ludhiana,Punjab,Private,GNM | B.Sc(N) | P B B.Sc(N),60 (Sixty) | 30 (Thirty) | 30 (Thirty),120,141421,2025-2026,INC Yearly Report,https://online.indiannursingcouncil.org/Reports/YearlyReportByState.aspx,2026-09-11T11:34:23.037127
Punjab|Mohali|SILVER OAKS COLLEGE OF NURSING,Silver Oaks College Of Nursing,"Silver Oaks College Of Nursing, Vill. Abhipur, Po Khizrabad, , Vill.- Abhipur,, Tehsil- Majri, Distt.- Mohali, Punjab, Pin Code- 140109",Silver Oaks Foundation,Mohali,Punjab,Private,ANM | GNM | B.Sc(N) | M. Sc (N) | P B B.Sc(N),"20 (Twenty) | 40 (Forty) | 60 (Sixty) | 10; Med-Surg 6, Obg- 4 | 30 (Thirty)",160,140109,2025-2026,INC Yearly Report,https://online.indiannursingcouncil.org/Reports/YearlyReportByState.aspx,2026-09-11T11:34:23.037127
Punjab|Jalandhar|SINGHA NURSING COLLEGE,Singha Nursing College,"Singha Nursing College, Village Singh, Near Lambra, Nakodar Road, Jalandhar, Distt.- Jalandhar, Punjab, Pin Code- 144630",M S Educational Society,Jalandhar,Punjab,Private,ANM | GNM,30 (Thirty) | 40 (Forty),70,144630,2025-2026,INC Yearly Report,https://online.indiannursingcouncil.org/Reports/YearlyReportByState.aspx,2026-09-11T11:34:30.753096
Punjab|Amritser|SRI GURU ARJUN DEV JI INSTITUTE OF NURSING,Sri Guru Arjun Dev Ji Institute Of Nursing,"Sri Guru Arjun Dev Ji Institute Of Nursing, Chabal Road, Fatahpur, Amritsar, 143009, Amritsar, Distt.- Amritser, Punjab, Pin Code- 143009",Youth Welfare Council Of India,Amritser,Punjab,Private,B.Sc(N) | ANM | GNM,60 (Sixty) | 60 (Sixty) | 60 (Sixty),180,143009,2025-2026,INC Yearly Report,https://online.indiannursingcouncil.org/Reports/YearlyReportByState.aspx,2026-09-11T11:34:30.753096
Punjab|Mohali|SRI GURU HARKRISHAN SAHIB COLLEGE OF NURSING,Sri Guru Harkrishan Sahib College Of Nursing,"Sri Guru Harkrishan Sahib College Of Nursing,, Village Sohana, Sector-77, , , Distt.- Mohali, Punjab, Pin Code- 140308",Sh. Guru Harkrishan Sahib Charitable Trust,Mohali,Punjab,Private,GNM | B.Sc(N) | M. Sc (N) | P B B.Sc(N),"50 (Fifty) | 60 (Sixty) | 11 (Eleven) Med-Surg-5, Psy-2, Chn-2, Paed-2 | 30 (Thirty)",151,140308,2025-2026,INC Yearly Report,https://online.indiannursingcouncil.org/Reports/YearlyReportByState.aspx,2026-09-11T11:34:30.753096
Punjab|Amritser|SRI GURU RAM DAS COLLEGE OF NURSING,Sri Guru Ram Das College Of Nursing,"Sri Guru Ram Das College Of Nursing, Mehta Road, Vallah, P O Verka, Amritsar, Distt.- Amritser, Punjab, Pin Code- 143501",Sri Guru Ram Das Charitable Hospital Trust,Amritser,Punjab,Private,GNM | B.Sc(N) | M. Sc (N) | P B B.Sc(N) | Ph. D,60 (Sixty) | 100 (One Hundred) | 20 (Twenty ) 4 In Each Speciality | 40 (Forty) | 04 (Four),224,143501,2025-2026,INC Yearly Report,https://online.indiannursingcouncil.org/Reports/YearlyReportByState.aspx,2026-09-11T11:34:30.753096
Punjab|Amritser|SRI GURU RAM DASS NURSING INSTITUTE,Sri Guru Ram Dass Nursing Institute,"Sri Guru Ram Dass Nursing Institute, Vill - Pandher, Po - Kotla Gujran, Sangatpura Road, Amritsar, Distt.- Amritser, Punjab, Pin Code- 143606",Sri Guru Ramdass Charitable Society,Amritser,Punjab,Private,ANM | GNM | B.Sc(N) | M. Sc (N) | P B B.Sc(N),30 (Thirty) | 60 (Sixty) | 80 (Eighty) | 35 (Thirty Five) | 40 (Forty),245,143606,2025-2026,INC Yearly Report,https://online.indiannursingcouncil.org/Reports/YearlyReportByState.aspx,2026-09-11T11:34:30.753096
Punjab|Mohali|SRI SUKHMANI COLLEGE OF NURSING,Sri Sukhmani College Of Nursing,"Sri Sukhmani College Of Nursing, Dra Bassi, Tehsil Derabassi, Dera Bassi, Distt.- Mohali, Punjab, Pin Code- 140507",Educational Society Of Professional Vocational,Mohali,Punjab,Private,P B B.Sc(N) | GNM | B.Sc(N) | M. Sc (N),"40 (Forty) | 50 (Fifty) | 60 (Sixty) | 20 (Twenty) Psy-5, Obg-5, Chn-5, Med-Surg-5",170,140507,2025-2026,INC Yearly Report,https://online.indiannursingcouncil.org/Reports/YearlyReportByState.aspx,2026-09-11T11:34:30.753096
Punjab|Jalandhar|ST SOLDIER NURSING TRAINING INSTITUTE,St Soldier Nursing Training Institute,"St Soldier Nursing Training Institute, Vasant Vihar, Khambra, Vill.- Khambra , Tehsil- Jalandhar West, Distt.- Jalandhar, Punjab, Pin Code- 144026",St Soldier Educational Society,Jalandhar,Punjab,Private,GNM,50 (Fifty),50,144026,2025-2026,INC Yearly Report,https://online.indiannursingcouncil.org/Reports/YearlyReportByState.aspx,2026-09-11T11:34:30.753096
Punjab|Mukatsar|STATE INSTITUTE OF PARA MEDICAL SCIENCES,State Institute Of Para Medical Sciences,"State Institute Of Para Medical Sciences, School Of Nursing, Village Badal,, Malout, Distt.- Mukatsar, Punjab, Pin Code- 152113",Baba Farid University Of Health Sciences,Mukatsar,Punjab,Government,GNM | B.Sc(N) | M. Sc (N) | P B B.Sc(N),50 (Fifty) | 50 (Fifty) | 25 (Twenty Five) 5 In Each Speciality | 20 (Twenty),145,152113,2025-2026,INC Yearly Report,https://online.indiannursingcouncil.org/Reports/YearlyReportByState.aspx,2026-09-11T11:34:30.753096
Punjab|Ropar|STATE MIDWIFERY TRAINING INSTITUTE ROPAR,State Midwifery Training Institute Ropar,"State Midwifery Training Institute Ropar, Ropar, Ropar, Distt.- Ropar, Punjab, Pin Code- 140001",Punjab,Ropar,Punjab,Government,NPM | GNM,30 (Thirty) | 50 (Fifty),80,140001,2025-2026,INC Yearly Report,https://online.indiannursingcouncil.org/Reports/YearlyReportByState.aspx,2026-09-11T11:34:39.378931
Punjab|Jalandhar|STATE MIDWIFERY TRAINING INSTITUTE,State Midwifery Training Institute,"State Midwifery Training Institute, Jalandhar, Shaheed Babu Labh Singh, Civil Hospital, Jalandhar, Jalandhar, Distt.- Jalandhar, Punjab, Pin Code- 144001",Punjab,Jalandhar,Punjab,Government,NPM | GNM,30 (Thirty) | 50 (Ffity),80,144001,2025-2026,INC Yearly Report,https://online.indiannursingcouncil.org/Reports/YearlyReportByState.aspx,2026-09-11T11:34:39.378931
Punjab|Pathankot|SUKHJINDER NOVEL INSTITUTE OF NURSING,Sukhjinder Novel Institute Of Nursing,"Sukhjinder Novel Institute Of Nursing, Vpo - Dunera, Tehsil - Dhar Kalan, Gurdas Pur, Distt.- Pathankot, Punjab, Pin Code- 143521",S Sukhjinder Singh Memorial Education Society,Pathankot,Punjab,Private,B.Sc(N) | ANM | GNM,60 (Sixty) | 20 (Twenty) | 50 (Fifty),130,143521,2025-2026,INC Yearly Report,https://online.indiannursingcouncil.org/Reports/YearlyReportByState.aspx,2026-09-11T11:34:39.378931
Punjab|Hoshiarpur|SWAMI PREMANAND COLLEGE OF NURSING,Swami Premanand College Of Nursing,"Swami Premanand College Of Nursing, G.T Road , Mukerian, Distt.- Hoshiarpur, Punjab, Pin Code- 144211",Swami Premanand Charitable Hospital Trust,Hoshiarpur,Punjab,Private,B.Sc(N) | GNM | P B B.Sc(N),50 (Fifty) | 60 (Sixty) | 30 (Thirty),140,144211,2025-2026,INC Yearly Report,https://online.indiannursingcouncil.org/Reports/YearlyReportByState.aspx,2026-09-11T11:34:39.378931
Punjab|Ludhiana|SWAMI VIVEKANAND SCHOOL OF NURSING,Swami Vivekanand School Of Nursing,"Swami Vivekanand School Of Nursing , Malerkotla Road , Khanna, Distt.- Ludhiana, Punjab, Pin Code- 141401",Swami Vivekanand Educational And Social Welfare Society,Ludhiana,Punjab,Private,ANM | GNM | P B B.Sc(N),40 (Forty) | 60 (Sixty) | 20 (Twenty),120,141401,2025-2026,INC Yearly Report,https://online.indiannursingcouncil.org/Reports/YearlyReportByState.aspx,2026-09-11T11:34:39.378931
Punjab|Patiala|SWIFT INSTITUTE OF NURSING,Swift Institute Of Nursing,"Swift Institute Of Nursing,, Village: Ghaggar Sarai Tehsil, Rajpura, Distt. Patiala - Punjab - India , Vill.- Ghaggar, Tehsil- Rajpura, Distt.- Patiala, Punjab, Pin Code- 140401",Swift Fundamental Research And Education Society,Patiala,Punjab,Private,GNM | B.Sc(N) | P B B.Sc(N),50 (Fifty) | 50 (Fifty) | 30 (Thirty),130,140401,2025-2026,INC Yearly Report,https://online.indiannursingcouncil.org/Reports/YearlyReportByState.aspx,2026-09-11T11:34:39.378931
Punjab|Bathinda|SYNERGY INTERNATIONAL INSTITUTE OF NURSING,Synergy International Institute Of Nursing,"Synergy International Institute Of Nursing, Village Burj Mehma, Muktsar, Burj Mehma , Distt.- Bathinda, Punjab, Pin Code- 151201",Satnam Welfare Society,Bathinda,Punjab,Private,ANM | GNM,50 (Fifty) | 50 (Fifty),100,151201,2025-2026,INC Yearly Report,https://online.indiannursingcouncil.org/Reports/YearlyReportByState.aspx,2026-09-11T11:34:39.378931
Punjab|Mansa|THE ROYAL COLLEGE OF NURSING,The Royal College Of Nursing,"The Royal College Of Nursing, The Royal Group Of Colleges,Borawal, Mansa,Punjab, Budhlada, Distt.- Mansa, Punjab, Pin Code- 151502",The Mata Mansa Devi Foundation,Mansa,Punjab,Private,ANM | B.Sc(N) | GNM,60 (Sixty) | 60 (Sixty) | 60 (Sixty),180,151502,2025-2026,INC Yearly Report,https://online.indiannursingcouncil.org/Reports/YearlyReportByState.aspx,2026-09-11T11:34:39.378931
Punjab|Gurdaspur|THE SALVATION ARMY,The Salvation Army,"The Salvation Army, Mac- Robert Hospital, Near Railway Station , Dhariwal , Distt.- Gurdaspur, Punjab, Pin Code- 143519",The Salvation Army,Gurdaspur,Punjab,Private,GNM | B.Sc(N),60 (Sixty) | 30 (Thirty),90,143519,2025-2026,INC Yearly Report,https://online.indiannursingcouncil.org/Reports/YearlyReportByState.aspx,2026-09-11T11:34:39.378931
Punjab|Jalandhar|UNITED CHRISTIAN SCHOOL OF NURSING,United Christian School Of Nursing,"United Christian School Of Nursing, Suranussi, Jalandhar , Jalandhar, Distt.- Jalandhar, Punjab, Pin Code- 144027",The Board Of Directors Of United Chrisian Institute,Jalandhar,Punjab,Private,GNM,40 (Forty),40,144027,2025-2026,INC Yearly Report,https://online.indiannursingcouncil.org/Reports/YearlyReportByState.aspx,2026-09-11T11:34:39.378931
Punjab|Amritser|UNITED SCHOOL OF NURSING,United School Of Nursing,"United School Of Nursing, Vill. Khiala Khurd, Ram Tirth Road, Vill.- Khiala Khurd, Tehsil- Ajnala, Distt.- Amritser, Punjab, Pin Code- 143001",Shri Guru Ram Das Ji Educational Charitable Society,Amritser,Punjab,Private,ANM | GNM,30 (Thirty) | 60 (Sixty),90,143001,2025-2026,INC Yearly Report,https://online.indiannursingcouncil.org/Reports/YearlyReportByState.aspx,2026-09-11T11:34:39.378931
Punjab|Jalandhar|UNIVERSAL COLLEGE OF NURSING,Universal College Of Nursing,"Universal College Of Nursing, Opp. Civil Hospital , Jalandhar, Distt.- Jalandhar, Punjab, Pin Code- 144042",Baba Deep Singh Charitable Trust,Jalandhar,Punjab,Private,GNM,20 (Twenty),20,144042,2025-2026,INC Yearly Report,https://online.indiannursingcouncil.org/Reports/YearlyReportByState.aspx,2026-09-11T11:34:39.378931
Punjab|Mohali|UNIVERSAL INSTITUTE OF NURSING,Universal Institute Of Nursing,"Universal Institute Of Nursing, Ambalachandigarh Expy, Highway, Lalruballopur ,Dera Bassi, Punjab 140501, Lalru, Distt.- Mohali, Punjab, Pin Code- 140501",Universal Educational Society,Mohali,Punjab,Private,ANM | GNM | B.Sc(N),50 (Fifty) | 60 (Sixty) | 50 (Fifty),160,140501,2025-2026,INC Yearly Report,https://online.indiannursingcouncil.org/Reports/YearlyReportByState.aspx,2026-09-11T11:34:39.378931
Punjab|Faridkot|UNIVERSITY COLLEGE OF NURSING FARIDKOT,University College Of Nursing Faridkot,"University College Of Nursing Faridkot, University College Of Nursing, Sadiq Road, Faridkot, Punjab, India, Faridkot, Distt.- Faridkot, Punjab, Pin Code- 151203","Baba Farid University Of Health Sciences, Faridkot",Faridkot,Punjab,Private,Nurse Practitioner in Emergency and Trauma Care | Nurse Practitioner in Mental Health (NPMH) | Nurse Practitioner in Neonatal | Nurse Practitioner in Anesthesia | Nurse Practitioner in Peadiatric | GNM | B.Sc(N) | M. Sc (N) | P B B.Sc(N) | Post Basic Diploma in Oncology Nursing | Post Basic Diploma in Neonatal nursing,"20 (Twenty) | 20 (Twenty) | 30 (Thirty) | 10 (Ten) | 20 (Twenty) | 50 (Fifty) | 100 (One Hundred) | 30 (Thirty) : MED-SURG-11 (INCLUDING 05 SEATS FORENSIC NURSING), PAED-6, OBG-5, CHN-6, PSY-2 | 35 (Thirty Five) | 10 (Ten) | 10 (Ten)",335,151203,2025-2026,INC Yearly Report,https://online.indiannursingcouncil.org/Reports/YearlyReportByState.aspx,2026-09-11T11:34:48.156363
Punjab|Nawanshahar|UNIVERSITY COLLEGE OF NURSING,University College Of Nursing,"University College Of Nursing, Lamrin Tech Skills University Punjab, Lamrin Tech Skills University Punjab Village Rail Majra Tehsil Balachaur Distt Nawanshahr, Rail Majra, Near Ropar City, Distt.",University College Of Nursing Lamrin Tech Skills University Punjab,Nawanshahar,Punjab,Private,GNM | B.Sc(N),30 (Thirty) | 40 (Forty),70,,2025-2026,INC Yearly Report,https://online.indiannursingcouncil.org/Reports/YearlyReportByState.aspx,2026-09-11T11:34:48.156363
Punjab|Fazilka|UNIVERSITY INSTITUTE OF NURSING,University Institute Of Nursing,"University Institute Of Nursing, Opposite To Sacred Heart Convent School, Jalalabad, Distt.- Fazilka, Punjab, Pin Code- 152024",Baba Farid University Of Health Sciences,Fazilka,Punjab,Government,B.Sc(N) | P B B.Sc(N),40 (Forty) | 30 (Thirty),70,152024,2025-2026,INC Yearly Report,https://online.indiannursingcouncil.org/Reports/YearlyReportByState.aspx,2026-09-11T11:34:48.156363
Punjab|Gurdaspur|V M S SCHOOL OF NURSING,V M S School Of Nursing,"V M S School Of Nursing, Sekhri House, Outside Pahari Gate, Batala , Distt.- Gurdaspur, Punjab, Pin Code- 143505",Shri Vishwa Mitter Sekhri Cheritable Society,Gurdaspur,Punjab,Private,B.Sc(N) | ANM | GNM | P B B.Sc(N),40 (Forty) | 45 (Forty Five) | 60 (Sixty | 30 (Thirty),175,143505,2025-2026,INC Yearly Report,https://online.indiannursingcouncil.org/Reports/YearlyReportByState.aspx,2026-09-11T11:34:48.156363
Punjab|Mohali|VICTOR INSTITUTE OF NURSING & PARAMEDICAL SCIENCES,Victor Institute Of Nursing & Paramedical Sciences,"Victor Institute Of Nursing & Paramedical Sciences, Ranwan, Tehsil - Khamrnon, Khamanon , Distt.- Mohali, Punjab, Pin Code- 140802",Victor Education Society,Mohali,Punjab,Private,GNM,60 (Sixty),60,140802,2025-2026,INC Yearly Report,https://online.indiannursingcouncil.org/Reports/YearlyReportByState.aspx,2026-09-11T11:34:48.156363
Punjab|Sangrur|VIDYA JOYTI COLLEGE OF NURSING,Vidya Joyti College Of Nursing,"Vidya Joyti College Of Nursing, Kotra Lehel, Jakhal Road, Lehragaga , Distt.- Sangrur, Punjab, Pin Code- 148031",Sant Baba Attar Singh Ji Welfare Charitable Society,Sangrur,Punjab,Private,ANM | GNM,50 (Fifty) | 60 (Sixty),110,148031,2025-2026,INC Yearly Report,https://online.indiannursingcouncil.org/Reports/YearlyReportByState.aspx,2026-09-11T11:34:48.156363
Punjab|Sangrur|VIDYA SAGAR NURSING COLLEGE,Vidya Sagar Nursing College,"Vidya Sagar Nursing College, Village - Daulatpur , Dhuri, Distt.- Sangrur, Punjab, Pin Code- 148024",Vidya Sagar International Educational And Social Welfare Society,Sangrur,Punjab,Private,GNM | ANM,60 (Sixty) | 60 (Sixty),120,148024,2025-2026,INC Yearly Report,https://online.indiannursingcouncil.org/Reports/YearlyReportByState.aspx,2026-09-11T11:34:48.156363
Punjab|Mansa|VIDYA SAGAR SCHOOL OF NURSING,Vidya Sagar School Of Nursing,"Vidya Sagar School Of Nursing, Budhlada Road, Bhikhi, Distt.- Mansa, Punjab, Pin Code- 151504",Shri Ganesh Educational Society,Mansa,Punjab,Private,ANM | GNM,30 (Thirty) | 40 (FORTY),70,151504,2025-2026,INC Yearly Report,https://online.indiannursingcouncil.org/Reports/YearlyReportByState.aspx,2026-09-11T11:34:48.156363
Punjab|Mansa|VIDYASAGAR INSTITUTE OF NURSING,Vidyasagar Institute Of Nursing,"Vidyasagar Institute Of Nursing, Sardulgarh Ratia Road, Ahlupur, Sardoolgarh, Distt.- Mansa, Punjab, Pin Code- 151507",Malwa Educational Society,Mansa,Punjab,Private,ANM | GNM,30 (Thirty) | 40 (Forty),70,151507,2025-2026,INC Yearly Report,https://online.indiannursingcouncil.org/Reports/YearlyReportByState.aspx,2026-09-11T11:34:48.156363
