inc_institution_key,institution_name,institution_address,trust_name,district_name,state,sector,programmes,annual_intakes,total_intake,pin_code,academic_year,source,source_url,extraction_timestamp
Tamilnadu|Chennai|INSTITUTE OF MENTAL HEALTH,Institute Of Mental Health,"Institute Of Mental Health , Medavakkam Tank Road, Kilpauk , Chennai, Distt.- Chennai, Tamilnadu, Pin Code- 600010",Tamil Nadu,Chennai,Tamilnadu,Government,Post Basic Diploma in Psychiatric nsg.,10 (Ten),10,600010,2025-2026,INC Yearly Report,https://online.indiannursingcouncil.org/Reports/YearlyReportByState.aspx,2026-09-11T11:36:55.238973
Tamilnadu|Thoothukudi|ST. ANN'S COLLEGE OF NURSING,St. Ann's College Of Nursing,"St. Ann's College Of Nursing, Sacred Heart Hospital, Kandasamypuram,, Vill.- Tuticorin, Tehsil- Thoothukkudi, Distt.- Thoothukudi, Tamilnadu, Pin Code- 628002",St Ann's Society,Thoothukudi,Tamilnadu,Private,B.Sc(N) | GNM,50 (Fifty) | 40 (Forty),90,628002,2025-2026,INC Yearly Report,https://online.indiannursingcouncil.org/Reports/YearlyReportByState.aspx,2026-09-11T11:36:55.238973
Tamilnadu|Coimbatore|A J K COLLEGE OF NURSING,A J K College Of Nursing,"A J K College Of Nursing, Palakkad Main Road, Navakkarai, Coimbatore, Distt.- Coimbatore, Tamilnadu, Pin Code- 641105",A J K Educational And Charitable Trust,Coimbatore,Tamilnadu,Private,B.Sc(N),60 (Sixty),60,641105,2025-2026,INC Yearly Report,https://online.indiannursingcouncil.org/Reports/YearlyReportByState.aspx,2026-09-11T11:36:55.238973
Tamilnadu|Thoothukudi|A V M SCHOOL OF NURSING,A V M School Of Nursing,"A V M School Of Nursing, No. 135 Palayamkottai Road, Vill.- Thoothukudi, Tehsil- Thoothukkudi, Distt.- Thoothukudi, Tamilnadu, Pin Code- 628003",A V M M Associates Pvt Ltd,Thoothukudi,Tamilnadu,Private,GNM,20 (Twenty),20,628003,2025-2026,INC Yearly Report,https://online.indiannursingcouncil.org/Reports/YearlyReportByState.aspx,2026-09-11T11:36:55.238973
Tamilnadu|Vellore|A. DR. VIMAL COLLEGE OF NURSING,A. Dr. Vimal College Of Nursing,"A. Dr. Vimal College Of Nursing, Vellore-Arni Highway, Nh-234, Dharmavaram Road, Nelvoy, Pannathur, Vill.- Pennathur, Tehsil- Kaniyambadi, Distt.- Vellore, Tamilnadu, Pin Code- 632011",Sudesi Seva Trust,Vellore,Tamilnadu,Private,B.Sc(N),50 (Fifty),50,632011,2025-2026,INC Yearly Report,https://online.indiannursingcouncil.org/Reports/YearlyReportByState.aspx,2026-09-11T11:36:55.238973
Tamilnadu|Tiruvannamalai|A.A.B. COLLEGE OF NURSING,A.A.B. College Of Nursing,"A.A.B. College Of Nursing, Arni Road, Thellur Village, Kilkuvalaivedu Post, Vandavasi, Distt.- Tiruvannamalai, Tamilnadu, Pin Code- 604404",A A B Educational Trust,Tiruvannamalai,Tamilnadu,Private,GNM | B.Sc(N),60 (Sixty) | 50 (Fifty),110,604404,2025-2026,INC Yearly Report,https://online.indiannursingcouncil.org/Reports/YearlyReportByState.aspx,2026-09-11T11:36:55.238973
Tamilnadu|Kancheepuram|ADHIPARASAKTHI COLLEGE OF NURSING,Adhiparasakthi College Of Nursing,"Adhiparasakthi College Of Nursing , Mmelmaruvathur, Cheyyur Taluk, Melmaruvathur , Distt.- Kancheepuram, Tamilnadu, Pin Code- 603319",Adhiparasakthi Charitable Medical Educational And Cultural Trust -Acmect,Kancheepuram,Tamilnadu,Private,GNM | M. Sc (N) | B.Sc(N) | P B B.Sc(N),100 (One Hundred) | 40 (Forty) 8 In Each Speciality | 100 (One Hundred) | 30 (Thirty),270,603319,2025-2026,INC Yearly Report,https://online.indiannursingcouncil.org/Reports/YearlyReportByState.aspx,2026-09-11T11:36:55.238973
Tamilnadu|Tiruvannamalai|AL- AMEEN SCHOOL OF NURSING,Al- Ameen School Of Nursing,"Al- Ameen School Of Nursing,, Main Road, Somasipadi , Distt.- Tiruvannamalai, Tamilnadu, Pin Code- 606611",Al - Ameen Educational Trust,Tiruvannamalai,Tamilnadu,Private,GNM | B.Sc(N),20 (Twenty) | 50 (Fifty),70,606611,2025-2026,INC Yearly Report,https://online.indiannursingcouncil.org/Reports/YearlyReportByState.aspx,2026-09-11T11:36:55.238973
Tamilnadu|Tirunelveli|ALADI ARUNA COLLEGE OF NURSING,Aladi Aruna College Of Nursing,"Aladi Aruna College Of Nursing, Tirunelveli - Tenkasi Highway Ilver Kulam Village, Alangulam, Distt.- Tirunelveli, Tamilnadu, Pin Code- 627853",Aladi Aruna Foundation,Tirunelveli,Tamilnadu,Private,B.Sc(N),60 (Sixty),60,627853,2025-2026,INC Yearly Report,https://online.indiannursingcouncil.org/Reports/YearlyReportByState.aspx,2026-09-11T11:36:55.238973
Tamilnadu|Sivaganga|ALAGAPPA COLLEGE OF NURSING,Alagappa College Of Nursing,"Alagappa College Of Nursing, Alagappapuram, Karaikudi - 03, Karaikudi, Distt.- Sivaganga, Tamilnadu, Pin Code- 630003",Dr.Alagappa Chettiar Educational Trust,Sivaganga,Tamilnadu,Private,B.Sc(N),50 (Fifty),50,630003,2025-2026,INC Yearly Report,https://online.indiannursingcouncil.org/Reports/YearlyReportByState.aspx,2026-09-11T11:36:55.238973
Tamilnadu|Tirunelveli|ALMIGHTY COLLEGE OF NURSING,Almighty College Of Nursing,"Almighty College Of Nursing, Thoothukudi Main Road, Ariyakulam, Distt.- Tirunelveli, Tamilnadu, Pin Code- 627351",Devendra Educational And Charitable Trust,Tirunelveli,Tamilnadu,Private,B.Sc(N) | ANM,60 (Sixty) | 30 (Thirty),90,627351,2025-2026,INC Yearly Report,https://online.indiannursingcouncil.org/Reports/YearlyReportByState.aspx,2026-09-11T11:36:55.238973
Tamilnadu|Chengalpattu|ANBARASU INSTITUTE OF MEDICAL SCIENCES AND RESEARCH,Anbarasu Institute Of Medical Sciences And Research,"Anbarasu Institute Of Medical Sciences And Research, T T K Nagar, Irumbuliyur, Tambaram,, Chennai, Distt.- Chengalpattu, Tamilnadu, Pin Code- 600045",Dr. C. Anbarasu And Dr. K.C. Rajabathar Educational And Cultural As Charitable Trust,Chengalpattu,Tamilnadu,Private,GNM,20 (Twenty),20,600045,2025-2026,INC Yearly Report,https://online.indiannursingcouncil.org/Reports/YearlyReportByState.aspx,2026-09-11T11:36:55.238973
Tamilnadu|Namakkal|ANBU COLLEGE OF NURSING,Anbu College Of Nursing,"Anbu College Of Nursing,, Mgr Nagar, Pallipalayam Road,, Komarapalayam, Distt.- Namakkal, Tamilnadu, Pin Code- 638183",Anbu Educational Trust,Namakkal,Tamilnadu,Private,B.Sc(N) | M. Sc (N) | P B B.Sc(N) | GNM,50 (Fifty) | 25 ; 5 In Each Speciality | 40 (Forty) | 20 (Twenty),135,638183,2025-2026,INC Yearly Report,https://online.indiannursingcouncil.org/Reports/YearlyReportByState.aspx,2026-09-11T11:36:55.238973
Tamilnadu|Madurai|ANM TRAINING SCHOOL,Anm Training School,"Anm Training School , Govt.Primary Health Centre Campus, Sathiyamoorthi Nagar, Samayanallur,, Madurai, Distt.- Madurai, Tamilnadu, Pin Code- 625402",Government Of Tamilnadu,Madurai,Tamilnadu,Government,ANM,30 (Thirty),30,625402,2025-2026,INC Yearly Report,https://online.indiannursingcouncil.org/Reports/YearlyReportByState.aspx,2026-09-11T11:36:55.238973
Tamilnadu|Dharmapuri|ANNAI COLLEGE OF NURSING,Annai College Of Nursing,"Annai College Of Nursing , Nambipatti, H.Doddampatti Po , Harur, Distt.- Dharmapuri, Tamilnadu, Pin Code- 636903",Annai Educational Trust,Dharmapuri,Tamilnadu,Private,B.Sc(N),40 (Forty),40,636903,2025-2026,INC Yearly Report,https://online.indiannursingcouncil.org/Reports/YearlyReportByState.aspx,2026-09-11T11:36:55.238973
Tamilnadu|Theni|ANNAI DORA COLLEGE OF NURSING,Annai Dora College Of Nursing,"Annai Dora College Of Nursing,, Sevanilayam, Vill.- Rajathani, Tehsil- Andipatti, Distt.- Theni, Tamilnadu, Pin Code- 625512",Sevanilayam Society,Theni,Tamilnadu,Private,B.Sc(N),50 (Fifty),50,625512,2025-2026,INC Yearly Report,https://online.indiannursingcouncil.org/Reports/YearlyReportByState.aspx,2026-09-11T11:36:55.238973
Tamilnadu|Namakkal|ANNAI JKK SAMPOORANI AMMAL COLLEGE OF NURSING,Annai Jkk Sampoorani Ammal College Of Nursing,"Annai Jkk Sampoorani Ammal College Of Nursing , Ethirmedu, Valayakaranur Post, Komarapalayam , Distt.- Namakkal, Tamilnadu, Pin Code- 638183",Annai Jkk Sampoorani Ammal Charitable Trust,Namakkal,Tamilnadu,Private,GNM | B.Sc(N) | M. Sc (N),60 (Sixty) | 60 (Sixty) | 20 (Twenty) 4 In Each Specialty,140,638183,2025-2026,INC Yearly Report,https://online.indiannursingcouncil.org/Reports/YearlyReportByState.aspx,2026-09-11T11:36:55.238973
Tamilnadu|Coimbatore|ANNAI MEENAKSHI COLLEGE OF NURSING,Annai Meenakshi College Of Nursing,"Annai Meenakshi College Of Nursing , Pb No 4431, Industrial Estate Post, Madukkarai Market Road,, Coimbatore , Distt.- Coimbatore, Tamilnadu, Pin Code- 641021",Chemist Educational And Charitable Trust,Coimbatore,Tamilnadu,Private,B.Sc(N) | M. Sc (N) | P B B.Sc(N),100 (One Hundred) | 21 (Twenty One) | 40 (Forty),161,641021,2025-2026,INC Yearly Report,https://online.indiannursingcouncil.org/Reports/YearlyReportByState.aspx,2026-09-11T11:37:01.868427
Tamilnadu|Chengalpattu|ANNAI VEILANKANNIS SCHOOL OF NURSING,Annai Veilankannis School Of Nursing,"Annai Veilankannis School Of Nursing , No:33 Gandhi Road, Vill.- Nedungundram, Tehsil- Chengalpattu, Distt.- Chengalpattu, Tamilnadu, Pin Code- 600127",Annai Veilankannis Educational And Cultural Society,Chengalpattu,Tamilnadu,Private,GNM,20 (Twenty),20,600127,2025-2026,INC Yearly Report,https://online.indiannursingcouncil.org/Reports/YearlyReportByState.aspx,2026-09-11T11:37:01.868427
Tamilnadu|Kanyakumari|ANNAMMAL SCHOOL OF NURSING,Annammal School Of Nursing,"Annammal School Of Nursing , Annammal Hospital Campus, Kuzhithurai , Distt.- Kanyakumari, Tamilnadu, Pin Code- 629163",Austin Memorial Charitable And Educational Trust,Kanyakumari,Tamilnadu,Private,GNM | B.Sc(N) | M. Sc (N) | P B B.Sc(N),40 (Forty) | 50 (Fifty) | 25 ;(Twenty Five) Obg-5 Med-Surg-5 Chn-5 Paed-5 Psy-5 | 40 (Forty),155,629163,2025-2026,INC Yearly Report,https://online.indiannursingcouncil.org/Reports/YearlyReportByState.aspx,2026-09-11T11:37:01.868427
Tamilnadu|Tirunelveli|ANNASAMY RAJAMMAL COLLEGE OF NURSING,Annasamy Rajammal College Of Nursing,"Annasamy Rajammal College Of Nursing, 6/373, Tamilur, Andipatti Road,, Vill.- Athiyoothu, Tehsil- Alangulam, Distt.- Tirunelveli, Tamilnadu, Pin Code- 627808",St.Mary Angel Educational Trust,Tirunelveli,Tamilnadu,Private,B.Sc(N),50 (Fifty),50,627808,2025-2026,INC Yearly Report,https://online.indiannursingcouncil.org/Reports/YearlyReportByState.aspx,2026-09-11T11:37:01.868427
Tamilnadu|Thiruvallur|APOLLO COLLEGE OF NURSING,Apollo College Of Nursing,"Apollo College Of Nursing, Vanagaram To Ambattur Main Road Ayanambakkam, Chennai , Distt.- Thiruvallur, Tamilnadu, Pin Code- 600095",Apollo Hospitals Educational Trust,Thiruvallur,Tamilnadu,Private,B.Sc(N) | M. Sc (N) | Post Basic Diploma in Operation Room Nursing | Post Basic Diploma in Cardio Thoracic Nursing | P B B.Sc(N) | Post Basic Diploma in Neurology Nursing | Post Basic Diploma in Critical care nursing | Post Basic Diploma in Emergency & Disaster Nursing | Post Basic Diploma in Oncology Nursing | Post Basic Diploma in Neonatal nursing,"100 (One Hundred) | 40: Med-Surg-16, Obg-6, Psy-6, Paed-6, Chn-6 | 10 (Ten) | 10 (Ten) | 50 (Fifty) | 10 (Ten) | 10 (Ten) | 10 (Ten) | 10 (Ten) | 10 (Ten)",260,600095,2025-2026,INC Yearly Report,https://online.indiannursingcouncil.org/Reports/YearlyReportByState.aspx,2026-09-11T11:37:01.868427
Tamilnadu|Thiruvallur|APOLLO SCHOOL OF NURSING,Apollo School Of Nursing,"Apollo School Of Nursing, Vanagaram To Ambattur Main Road Ayanamabakkam, Chennai , Distt.- Thiruvallur, Tamilnadu, Pin Code- 600095",Apollo Hospitals Educational Trust,Thiruvallur,Tamilnadu,Private,GNM,100 (One Hundred),100,600095,2025-2026,INC Yearly Report,https://online.indiannursingcouncil.org/Reports/YearlyReportByState.aspx,2026-09-11T11:37:01.868427
Tamilnadu|Kancheepuram|ARULMIGU MEENAKSHI COLLEGE OF NURSING,Arulmigu Meenakshi College Of Nursing,"Arulmigu Meenakshi College Of Nursing,, Meenakshi Medical College And Research Institute Campus, Enathur, Kancheepuram, Distt.- Kancheepuram, Tamilnadu, Pin Code- 631552",Meenakshi Ammal Trust,Kancheepuram,Tamilnadu,Private,B.Sc(N),100 (One Hundred),100,631552,2025-2026,INC Yearly Report,https://online.indiannursingcouncil.org/Reports/YearlyReportByState.aspx,2026-09-11T11:37:01.868427
Tamilnadu|Tiruvannamalai|ARUNAI INSTITUTE OF NURSING EDUCATION AND RESEARCH,Arunai Institute Of Nursing Education And Research,"Arunai Institute Of Nursing Education And Research , Velu Nagar, Then Mathur, Tiruvannamalai, Distt.- Tiruvannamalai, Tamilnadu, Pin Code- 606603",Jeeva Educational Trust,Tiruvannamalai,Tamilnadu,Private,B.Sc(N),100 (One Hundred),100,606603,2025-2026,INC Yearly Report,https://online.indiannursingcouncil.org/Reports/YearlyReportByState.aspx,2026-09-11T11:37:01.868427
Tamilnadu|Namakkal|ARVINTH COLLEGE OF NURSING,Arvinth College Of Nursing,"Arvinth College Of Nursing,, 2/191,Trichy Main Road, Ellaikalmedu, Mettupatti(P), Valayapatty, Distt.- Namakkal, Tamilnadu, Pin Code- 637020",Arvinth Charitable Trust,Namakkal,Tamilnadu,Private,B.Sc(N) | M. Sc (N) | P B B.Sc(N),"50 (Fifty) | 10 Chn-3, Obg-3, Med-Surg-2, Pae-2 | 40 (Forty)",100,637020,2025-2026,INC Yearly Report,https://online.indiannursingcouncil.org/Reports/YearlyReportByState.aspx,2026-09-11T11:37:01.868427
Tamilnadu|Nilgiris|ASHWINI ADIVASI SCHOOL OF NURSING,Ashwini Adivasi School Of Nursing,"Ashwini Adivasi School Of Nursing, 10/147 G2 G3 Kothervayal, Vill.- Kothervayal, Tehsil- Gudalur, Distt.- Nilgiris, Tamilnadu, Pin Code- 643212",Association For Health Welfare In The Nilgiris,Nilgiris,Tamilnadu,Private,ANM,20 (Twenty),20,643212,2025-2026,INC Yearly Report,https://online.indiannursingcouncil.org/Reports/YearlyReportByState.aspx,2026-09-11T11:37:01.868427
Tamilnadu|Kanyakumari|AVE MARIA COLLEGE OF NURSING,Ave Maria College Of Nursing,"Ave Maria College Of Nursing, Cheriyavilai, Attoor, Thiruvattar Post, Thiruvattar, Distt.- Kanyakumari, Tamilnadu, Pin Code- 629177",Ave Maria Educational And Charitable Trust,Kanyakumari,Tamilnadu,Private,B.Sc(N),50 (Fifty),50,629177,2025-2026,INC Yearly Report,https://online.indiannursingcouncil.org/Reports/YearlyReportByState.aspx,2026-09-11T11:37:01.868427
Tamilnadu|Kanyakumari|BETHLAHEM COLLEGE OF NURSING,Bethlahem College Of Nursing,"Bethlahem College Of Nursing, Nadutheri, Karungal, Kanyakumari Dist, Tamilnadu, Karungal, Distt.- Kanyakumari, Tamilnadu, Pin Code- 629157",Nesamony Memorial Trust,Kanyakumari,Tamilnadu,Private,B.Sc(N),60 (Sixty),60,629157,2025-2026,INC Yearly Report,https://online.indiannursingcouncil.org/Reports/YearlyReportByState.aspx,2026-09-11T11:37:01.868427
Tamilnadu|Kancheepuram|BHAARATH COLLEGE OF NURSING,Bhaarath College Of Nursing,"Bhaarath College Of Nursing, No. 173, Agharam Road, Selaiyur,, Chennai, Distt.- Kancheepuram, Tamilnadu, Pin Code- 600073",Bharath Institute Of Higher Education And Research,Kancheepuram,Tamilnadu,Private,B.Sc(N),100 (One Hundred),100,600073,2025-2026,INC Yearly Report,https://online.indiannursingcouncil.org/Reports/YearlyReportByState.aspx,2026-09-11T11:37:01.868427
Tamilnadu|Dindigul|BHAARATH SCHOOL OF NURSING,Bhaarath School Of Nursing,"Bhaarath School Of Nursing, 72-B, Dindigul Road, Palani , Distt.- Dindigul, Tamilnadu, Pin Code- 624601",V.C.Medical And Educational Charitable Trust,Dindigul,Tamilnadu,Private,GNM | B.Sc(N) | P B B.Sc(N),60 (Sixty) | 60 (Sixty) | 20 (Twenty),140,624601,2025-2026,INC Yearly Report,https://online.indiannursingcouncil.org/Reports/YearlyReportByState.aspx,2026-09-11T11:37:01.868427
Tamilnadu|Thiruvarur|BHARATH COLLEGE OF NURSING,Bharath College Of Nursing,"Bharath College Of Nursing, 428, Thanjai Main Road, Ammaiyappan, Thiruvarur, Thiruvarur, Distt.- Thiruvarur, Tamilnadu, Pin Code- 613701",Bharath Educational Trust,Thiruvarur,Tamilnadu,Private,B.Sc(N),50 (Fifty),50,613701,2025-2026,INC Yearly Report,https://online.indiannursingcouncil.org/Reports/YearlyReportByState.aspx,2026-09-11T11:37:08.590019
Tamilnadu|Erode|BHAVANI COLLEGE OF NURSING,Bhavani College Of Nursing,"Bhavani College Of Nursing, Mettur Main Road, Varathanallur (Po),Bhavani(Tk), Erode, Distt.- Erode, Tamilnadu, Pin Code- 638311",Astalakshmi Educational Trust,Erode,Tamilnadu,Private,B.Sc(N),50 (Fifty),50,638311,2025-2026,INC Yearly Report,https://online.indiannursingcouncil.org/Reports/YearlyReportByState.aspx,2026-09-11T11:37:08.590019
Tamilnadu|Chennai|BILLROTH COLLEGE OF NURSING,Billroth College Of Nursing,"Billroth College Of Nursing,, No. 2, Mettukuppam Road, Maduravoyal, Chennai, Distt.- Chennai, Tamilnadu, Pin Code- 600095",Billroth Medical And Educational Trust,Chennai,Tamilnadu,Private,B.Sc(N),50 (Fifty),50,600095,2025-2026,INC Yearly Report,https://online.indiannursingcouncil.org/Reports/YearlyReportByState.aspx,2026-09-11T11:37:08.590019
Tamilnadu|Tiruppur|BISHOP'S COLLEGE OF NURSING,Bishop's College Of Nursing,"Bishop's College Of Nursing, Csi. Mission Compound, Dharapuram , Distt.- Tiruppur, Tamilnadu, Pin Code- 638656",C.S.I.Trust Association -Csi Trichy-Tanjore Diocese,Tiruppur,Tamilnadu,Private,M. Sc (N) | B.Sc(N),"20 (Twenty): Med-Surg-4, Obg-4, Psy-4, Paed-4, Chn-4 | 50 (Fifty)",70,638656,2025-2026,INC Yearly Report,https://online.indiannursingcouncil.org/Reports/YearlyReportByState.aspx,2026-09-11T11:37:08.590019
Tamilnadu|Kancheepuram|BON SECOURS COLLEGE OF NURSING,Bon Secours College Of Nursing,"Bon Secours College Of Nursing , Molasur, Sunguvarchatram Post, Sriperumbudur, Distt.- Kancheepuram, Tamilnadu, Pin Code- 602106",Franciscan Sisters Of Our Lady Of Bon Secours,Kancheepuram,Tamilnadu,Private,B.Sc(N),50 (Fifty),50,602106,2025-2026,INC Yearly Report,https://online.indiannursingcouncil.org/Reports/YearlyReportByState.aspx,2026-09-11T11:37:08.590019
Tamilnadu|Vellore|BPR SCHOOL OF NURSING,Bpr School Of Nursing,"Bpr School Of Nursing , Old No:39/4, New No:87/4, Filter Bed Road, Vellore, Distt.- Vellore, Tamilnadu, Pin Code- 632001",Dr.Balaji Health And Educational Trust,Vellore,Tamilnadu,Private,GNM,20 (Twenty),20,632001,2025-2026,INC Yearly Report,https://online.indiannursingcouncil.org/Reports/YearlyReportByState.aspx,2026-09-11T11:37:08.590019
Tamilnadu|Kanyakumari|C E T COLLEGE OF NURSING,C E T College Of Nursing,"C E T College Of Nursing, I.2/1-10A, Mookuthi Rd, Thidal Panchayat, Ratnapuram, Thidal , Distt.- Kanyakumari, Tamilnadu, Pin Code- 629851",Crescent Educational And Charitable Trust,Kanyakumari,Tamilnadu,Private,B.Sc(N),50 (Fifty),50,629851,2025-2026,INC Yearly Report,https://online.indiannursingcouncil.org/Reports/YearlyReportByState.aspx,2026-09-11T11:37:08.590019
Tamilnadu|Tirunelveli|C S I ELIZA CALDWELL COLLEGE OF NURSING,C S I Eliza Caldwell College Of Nursing,"C S I Eliza Caldwell College Of Nursing, Kuttam Road, Daiyangudi Po , Idaiyangudi , Distt.- Tirunelveli, Tamilnadu, Pin Code- 627651",Tirunelveli Diocesan Trust Association,Tirunelveli,Tamilnadu,Private,B.Sc(N),50 (Fifty),50,627651,2025-2026,INC Yearly Report,https://online.indiannursingcouncil.org/Reports/YearlyReportByState.aspx,2026-09-11T11:37:08.590019
Tamilnadu|Thiruvallur|C S I HOSPITAL,C S I Hospital,"C S I Hospital, School Of Nursing, Redhills Main Road, Ikkadu, Distt.- Thiruvallur, Tamilnadu, Pin Code- 602021",The Church Of South India,Thiruvallur,Tamilnadu,Private,ANM,20 (Twenty),20,602021,2025-2026,INC Yearly Report,https://online.indiannursingcouncil.org/Reports/YearlyReportByState.aspx,2026-09-11T11:37:08.590019
Tamilnadu|Madurai|C S I JEYARAJ ANNAPACKIAM COLLEGE OF NURSING AND ALLIED SCIENCES,C S I Jeyaraj Annapackiam College Of Nursing And Allied Sciences,"C S I Jeyaraj Annapackiam College Of Nursing And Allied Sciences, Merry Dew Hills, Jonespuram, Pasumalai, Vill.- Pasumalai, Tehsil- Thirupparankundram, Distt.- Madurai, Tamilnadu, Pin Code- 62500","Madura Ramnad Diocese Management Association,Church Of South India Trust Association",Madurai,Tamilnadu,Private,B.Sc(N) | M. Sc (N),60 (Sixty) | 20 (Twenty),80,,2025-2026,INC Yearly Report,https://online.indiannursingcouncil.org/Reports/YearlyReportByState.aspx,2026-09-11T11:37:08.590019
Tamilnadu|Chennai|C S I KALYANI COLLEGE OF NURSING,C S I Kalyani College Of Nursing,"C S I Kalyani College Of Nursing , No 15, Dr Radhakrishnan Salai , Vill.- Chennai, Tehsil- Mylapore, Distt.- Chennai, Tamilnadu, Pin Code- 600004",The Church Of South India Trust Association,Chennai,Tamilnadu,Private,B.Sc(N) | GNM,40 (Forty) | 40 (Forty),80,600004,2025-2026,INC Yearly Report,https://online.indiannursingcouncil.org/Reports/YearlyReportByState.aspx,2026-09-11T11:37:08.590019
Tamilnadu|Erode|C S I MISSION HOSPITAL,C S I Mission Hospital,"C S I Mission Hospital, Pariyal, , Distt.- Erode, Tamilnadu, Pin Code- 638001",,Erode,Tamilnadu,Private,ANM,20 (Twenty),20,638001,2025-2026,INC Yearly Report,https://online.indiannursingcouncil.org/Reports/YearlyReportByState.aspx,2026-09-11T11:37:08.590019
Tamilnadu|Chennai|C S I RAINY HOSPITAL SCHOOL OF NURSING,C S I Rainy Hospital School Of Nursing,"C S I Rainy Hospital School Of Nursing , No 45 G A Road Old Washermenpet, Chennai , Distt.- Chennai, Tamilnadu, Pin Code- 600021",C S I Madras Diocese,Chennai,Tamilnadu,Private,GNM,40 (Forty),40,600021,2025-2026,INC Yearly Report,https://online.indiannursingcouncil.org/Reports/YearlyReportByState.aspx,2026-09-11T11:37:08.590019
Tamilnadu|Madurai|C S I SCHOOL OF NURSING,C S I School Of Nursing,"C S I School Of Nursing , Christian Mission Hospital Campus, Eastveli Street, Madurai, Distt.- Madurai, Tamilnadu, Pin Code- 625001",Madurai Ramnad Diocesan Management Assosiation,Madurai,Tamilnadu,Private,GNM,60 (Sixty),60,625001,2025-2026,INC Yearly Report,https://online.indiannursingcouncil.org/Reports/YearlyReportByState.aspx,2026-09-11T11:37:08.590019
Tamilnadu|Thoothukudi|C S I ST LUKE'S COLLEGE OF NURSING,C S I St Luke's College Of Nursing,"C S I St Luke's College Of Nursing, Thirumaraiyur, Nazareth, Distt.- Thoothukudi, Tamilnadu, Pin Code- 628617",Thoothukudi Nazareth Diocese,Thoothukudi,Tamilnadu,Private,B.Sc(N),50 (Fifty),50,628617,2025-2026,INC Yearly Report,https://online.indiannursingcouncil.org/Reports/YearlyReportByState.aspx,2026-09-11T11:37:08.590019
Tamilnadu|Tiruppur|C.S.I. ANM TRAINING SCHOOL,C.S.I. Anm Training School,"C.S.I. Anm Training School,, Csi Compound,, Vill.- Dharapuram, Tehsil- Dharapuram, Distt.- Tiruppur, Tamilnadu, Pin Code- 638656",Csi Trust Association Trichy-Tanjore Diocese,Tiruppur,Tamilnadu,Private,ANM,20 (Twenty),20,638656,2025-2026,INC Yearly Report,https://online.indiannursingcouncil.org/Reports/YearlyReportByState.aspx,2026-09-11T11:37:08.590019
Tamilnadu|Chengalpattu|CHENNAIS AMIRTA NURSING COLLEGE,Chennais Amirta Nursing College,"Chennais Amirta Nursing College, No 68 Chengalpattu Kancheepuram High Road Athur Chengalpattu, Chengalpattu, Distt.- Chengalpattu, Tamilnadu, Pin Code- 603101",Meenakshiamman Educational Research Institute And Trust,Chengalpattu,Tamilnadu,Private,B.Sc(N),60 (Sixty),60,603101,2025-2026,INC Yearly Report,https://online.indiannursingcouncil.org/Reports/YearlyReportByState.aspx,2026-09-11T11:37:08.590019
Tamilnadu|Coimbatore|CHERRAAN'S COLLEGE OF NURSING,Cherraan's College Of Nursing,"Cherraan's College Of Nursing , 521, Siruvani Main Road, Telungupalayam Pirivu, Vill.- Telungupalyam, Tehsil- Thondamuthur, Distt.- Coimbatore, Tamilnadu, Pin Code- 641039",Cheran Foundation Trust,Coimbatore,Tamilnadu,Private,M. Sc (N) | B.Sc(N),"10 (Ten) Obg-3, Med Surg-1, Psy-2, Chn-2, Paed-2 | 60 (Sixty)",70,641039,2025-2026,INC Yearly Report,https://online.indiannursingcouncil.org/Reports/YearlyReportByState.aspx,2026-09-11T11:37:08.590019
Tamilnadu|Kancheepuram|CHETTINAD COLLEGE OF NURSING,Chettinad College Of Nursing,"Chettinad College Of Nursing , Rajiv Gandhi Salai, Omr, Padur , Kelambakkam, Distt.- Kancheepuram, Tamilnadu, Pin Code- 603103",Chettinad Academy Of Research And Education,Kancheepuram,Tamilnadu,Private,B.Sc(N) | M. Sc (N),"100 (One Hundred) | 10 (Ten) Med-Surg-02, Chn-02, Obg-02, Paed-02, Psy-02",110,603103,2025-2026,INC Yearly Report,https://online.indiannursingcouncil.org/Reports/YearlyReportByState.aspx,2026-09-11T11:37:08.590019
Tamilnadu|Tiruchirappalli|CHILD JESUS COLLEGE OF NURSING,Child Jesus College Of Nursing,"Child Jesus College Of Nursing, Child Jesus Hospital, Post Box No. 17, Cantonment,, Tiruchirappalli , Distt.- Tiruchirappalli, Tamilnadu, Pin Code- 620001",The Institute Of Franciscan Missionaries Of Mary,Tiruchirappalli,Tamilnadu,Private,GNM | B.Sc(N),20 (Twenty) | 50 (Fifty),70,620001,2025-2026,INC Yearly Report,https://online.indiannursingcouncil.org/Reports/YearlyReportByState.aspx,2026-09-11T11:37:08.590019
Tamilnadu|Madurai|CHITHI RAI COLLEGE OF NURSING,Chithi Rai College Of Nursing,"Chithi Rai College Of Nursing,, 36- E, Kurvikaran Salai, Madurai , Distt.- Madurai, Tamilnadu, Pin Code- 625009",Eve's Socio Economic And Educational Development Trust,Madurai,Tamilnadu,Private,B.Sc(N),40 (Forty),40,625009,2025-2026,INC Yearly Report,https://online.indiannursingcouncil.org/Reports/YearlyReportByState.aspx,2026-09-11T11:37:08.590019
Tamilnadu|Dindigul|CHRISTIAN COLLEGE OF NURSING,Christian College Of Nursing,"Christian College Of Nursing, Christian Fellowship Community Health Centre, Ambilikkai, Distt.- Dindigul, Tamilnadu, Pin Code- 624612",Christian Fellowship Community Health Centre,Dindigul,Tamilnadu,Private,B.Sc(N),50 (Fifty),50,624612,2025-2026,INC Yearly Report,https://online.indiannursingcouncil.org/Reports/YearlyReportByState.aspx,2026-09-11T11:37:08.590019
Tamilnadu|Dindigul|CHRISTIAN FELLOWSHIP HOSPITAL,Christian Fellowship Hospital,"Christian Fellowship Hospital, Oddanchatram, Oddanchatram, Distt.- Dindigul, Tamilnadu, Pin Code- 624619",The Christian Fellowship,Dindigul,Tamilnadu,Private,B.Sc(N),60 (Sixty),60,624619,2025-2026,INC Yearly Report,https://online.indiannursingcouncil.org/Reports/YearlyReportByState.aspx,2026-09-11T11:37:16.547243
Tamilnadu|Erode|CHURCH OF SOUTH INDIA SCHOOL OF NURSING,Church Of South India School Of Nursing,"Church Of South India School Of Nursing, Csi Hospital, Brouth Road, Erode, Distt.- Erode, Tamilnadu, Pin Code- 638001",Church Of South India,Erode,Tamilnadu,Private,GNM,20 (Twenty),20,638001,2025-2026,INC Yearly Report,https://online.indiannursingcouncil.org/Reports/YearlyReportByState.aspx,2026-09-11T11:37:16.547243
Tamilnadu|Dindigul|CLAUDINE SCHOOL OF NURSING,Claudine School Of Nursing,"Claudine School Of Nursing , Chellampatty Village, Sitharevu Panchayat, Vill.- Batlagundu, Tehsil- Athoor, Distt.- Dindigul, Tamilnadu, Pin Code- 624202",Congregation Of The Sisters Of The Cross Of Chavanod,Dindigul,Tamilnadu,Private,GNM | B.Sc(N),20 (Twenty) | 60 (Sixty),80,624202,2025-2026,INC Yearly Report,https://online.indiannursingcouncil.org/Reports/YearlyReportByState.aspx,2026-09-11T11:37:16.547243
Tamilnadu|Coimbatore|COLLEGE OF NURSING SRI RAMAKRISHNA INSTITUTE OF PARAMEDICAL SCIENCES,College Of Nursing Sri Ramakrishna Institute Of Paramedical Sciences,"College Of Nursing Sri Ramakrishna Institute Of Paramedical Sciences, 395, Sarojini Naidu Road, Sidhapudur, Coimbatore, Distt.- Coimbatore, Tamilnadu, Pin Code- 641044",S N R Sons Charitable Trust,Coimbatore,Tamilnadu,Private,M. Sc (N) | B.Sc(N),"30 (Thirty) Med Surg-6, Paed-6, Obg-6, Chn-6, Psy-6 | 100 (One Hundred)",130,641044,2025-2026,INC Yearly Report,https://online.indiannursingcouncil.org/Reports/YearlyReportByState.aspx,2026-09-11T11:37:16.547243
Tamilnadu|Vellore|COLLEGE OF NURSING,College Of Nursing,"College Of Nursing, Christian Medical College, Ida Scudder Road, Vill.- Vellore, Tehsil- Vellore, Distt.- Vellore, Tamilnadu, Pin Code- 632004",Christian Medical College,Vellore,Tamilnadu,Private,GNM | B.Sc(N) | M. Sc (N) | Post Basic Diploma in Operation Room Nursing | Post Basic Diploma in Cardio Thoracic Nursing | P B B.Sc(N) | Post Basic Diploma in Neurology Nursing | Post Basic Diploma in Psychiatric nsg. | Post Basic Diploma in Critical care nursing | Post Basic Diploma in Emergency & Disaster Nursing | Post Basic Diploma in Oncology Nursing | Post Basic Diploma in Ortho and Rehabilitation Nsg | Post Basic Diploma in Geriatric Nursing | Post Basic Diploma in Neonatal nursing | Post Basic Diploma in Haematology (including stem cell transplant) Nursing-Residency Programme | Post Basic Diploma in Burns & Reconstructive Surgery Nursing-Residency Programme,100 (One Hundred) | 100 (One Hundred) | 29 (Twenty Nine) Med-Surg-10 Chn-5 Paed-5 Psy-4 Obg-5 | 15 (Fifteen) | 15 (Fiftten) | 50 (Fifty) | 15 (Fifteen) | 20 (Twenty) | 20 (Twenty) | 20 (Twenty) | 20 (Twenty) | 20 (Twenty) | 10 (Ten) | 15 (Fifteen | 20 (Twenty) | 20 (Twenty),489,632004,2025-2026,INC Yearly Report,https://online.indiannursingcouncil.org/Reports/YearlyReportByState.aspx,2026-09-11T11:37:16.547243
Tamilnadu|Chennai|COLLEGE OF NURSING,College Of Nursing,"College Of Nursing, Madras Medical College, E V R Salai, Chennai, Distt.- Chennai, Tamilnadu, Pin Code- 600003",Government Of Tamilnadu,Chennai,Tamilnadu,Government,B.Sc(N) | M. Sc (N) | P B B.Sc(N) | Post Basic Diploma in Critical care nursing | Post Basic Diploma in Neonatal nursing | Nurse Practitioner in Midwifery,50 (Fifty) | 40 (Forty) 8 In Each Speciality | 40 (Forty) | 20 (Twenty) | 20 (Twenty) | 30 (Thirty),200,600003,2025-2026,INC Yearly Report,https://online.indiannursingcouncil.org/Reports/YearlyReportByState.aspx,2026-09-11T11:37:16.547243
Tamilnadu|Theni|COLLEGE OF NURSING,College Of Nursing,"College Of Nursing, Periyakulam, Govt Theni Medical College, Theni, Distt.- Theni, Tamilnadu, Pin Code- 625512",Tamilnadu,Theni,Tamilnadu,Government,B.Sc(N),50 (Fifty),50,625512,2025-2026,INC Yearly Report,https://online.indiannursingcouncil.org/Reports/YearlyReportByState.aspx,2026-09-11T11:37:16.547243
Tamilnadu|Madurai|CRESCENT YOUSUF ZULAIKHA SCHOOL OF NURSING,Crescent Yousuf Zulaikha School Of Nursing,"Crescent Yousuf Zulaikha School Of Nursing , Seethakathi Nagar, Chathirapatti, Distt.- Madurai, Tamilnadu, Pin Code- 625014",All India Islamic Foundation,Madurai,Tamilnadu,Private,GNM,40 (Forty),40,625014,2025-2026,INC Yearly Report,https://online.indiannursingcouncil.org/Reports/YearlyReportByState.aspx,2026-09-11T11:37:23.073853
Tamilnadu|Tiruchirappalli|CSI MISSION GENERAL HOSPITAL,Csi Mission General Hospital,"Csi Mission General Hospital, , School Of Nursing, Woriur, , Trichirappalli, Distt.- Tiruchirappalli, Tamilnadu, Pin Code- 620003",Csi Mission General Hospital,Tiruchirappalli,Tamilnadu,Private,GNM,20 (Twenty),20,620003,2025-2026,INC Yearly Report,https://online.indiannursingcouncil.org/Reports/YearlyReportByState.aspx,2026-09-11T11:37:23.073853
Tamilnadu|Namakkal|DEEPTHI COLLEGE OF NURSING,Deepthi College Of Nursing,"Deepthi College Of Nursing , Kalinaikanur Velagoundanpatty, Vill.- Kalinaickanur, Tehsil- Namakkal, Distt.- Namakkal, Tamilnadu, Pin Code- 637212",Dharshini Educational And Charitable Trust,Namakkal,Tamilnadu,Private,B.Sc(N),100 (One Hundred),100,637212,2025-2026,INC Yearly Report,https://online.indiannursingcouncil.org/Reports/YearlyReportByState.aspx,2026-09-11T11:37:23.073853
Tamilnadu|Nilgiris|DEVAMATHA SCHOOL OF NURSING,Devamatha School Of Nursing,"Devamatha School Of Nursing, Run By H.F.Mission Hospital, Kookalthorai Po, Kotagiri, Distt.- Nilgiris, Tamilnadu, Pin Code- 643217",Social Service Guild Of Assisi Sisters,Nilgiris,Tamilnadu,Private,GNM,20 (Twenty),20,643217,2025-2026,INC Yearly Report,https://online.indiannursingcouncil.org/Reports/YearlyReportByState.aspx,2026-09-11T11:37:23.073853
Tamilnadu|Perambalur|DHANALAKSHMI SRINIVASAN COLLEGE OF NURSING,Dhanalakshmi Srinivasan College Of Nursing,"Dhanalakshmi Srinivasan College Of Nursing, 274/C Thuraiyur Main Road, Perambalur, Distt.- Perambalur, Tamilnadu, Pin Code- 621212",Dhanalakshmi Srinivasan Charitable And Educational Trust,Perambalur,Tamilnadu,Private,ANM | B.Sc(N) | M. Sc (N) | P B B.Sc(N),20 (Twenty) | 100 (One Hundred) | 15 (Fifteen) 03 In Each Speciality | 20 (Twenty),155,621212,2025-2026,INC Yearly Report,https://online.indiannursingcouncil.org/Reports/YearlyReportByState.aspx,2026-09-11T11:37:23.073853
Tamilnadu|Tiruchirappalli|DHANALAKSHMI SRINIVASAN UNIVERSITY COLLEGE OF NURSING,Dhanalakshmi Srinivasan University College Of Nursing,"Dhanalakshmi Srinivasan University College Of Nursing, Nh 45 Trichy Chennai Trunk Road Near Tollplaza Samayapuram Trichirappalli 621112, Trichirappalli, Distt.- Tiruchirappalli, Tamilnadu, Pin Code",Dhanalakshmi Srinivasan University,Tiruchirappalli,Tamilnadu,Private,B.Sc(N),100 (Hundred),100,621112,2025-2026,INC Yearly Report,https://online.indiannursingcouncil.org/Reports/YearlyReportByState.aspx,2026-09-11T11:37:23.073853
Tamilnadu|Namakkal|DHANVANTRI COLLEGE OF NURSING,Dhanvantri College Of Nursing,"Dhanvantri College Of Nursing , Ganpathypuram, No.1, Ranganoor Road, Sanakri (West), , Erode, Distt.- Namakkal, Tamilnadu, Pin Code- 638003",U.R.G. Charitable Trust,Namakkal,Tamilnadu,Private,B.Sc(N) | M. Sc (N) | P B B.Sc(N),100 (One Hundred) | 14 (Fourteen) Med-Surg-6 Psy-2 Chn-2 Obg-2 Paed-2 | 30 (Thirty),144,638003,2025-2026,INC Yearly Report,https://online.indiannursingcouncil.org/Reports/YearlyReportByState.aspx,2026-09-11T11:37:23.073853
Tamilnadu|Salem|DHARAN NURSING COLLEGE AND DHARAN SCHOOL OF NURSING,Dharan Nursing College And Dharan School Of Nursing,"Dharan Nursing College And Dharan School Of Nursing, S.F.No.231/1B, 232/1B, 233/2A, 234/3D, 269/5A, Panamathupatti Village &Amp; Town Panchayar Panamarathupatti To Kammalapatty Road, Vill.- Panamarathup",Dharan Educational Charitable Trust,Salem,Tamilnadu,Private,ANM | B.Sc(N),60 (Sixty) | 100 (One Hundred),160,,2025-2026,INC Yearly Report,https://online.indiannursingcouncil.org/Reports/YearlyReportByState.aspx,2026-09-11T11:37:23.073853
Tamilnadu|Erode|DHARMARATHNAKARA DR MAHALINGAM INSTITUTE OF PARAMEDICAL SCIENCES AND RESEARCH,Dharmarathnakara Dr Mahalingam Institute Of Paramedical Sciences And Research,"Dharmarathnakara Dr Mahalingam Institute Of Paramedical Sciences And Research , Sakthinagar (Po), Vill.- Appakudal, Tehsil- Bhavani, Distt.- Erode, Tamilnadu, Pin Code- 638315",Sri Adichunchanagiri Shikshana Trust,Erode,Tamilnadu,Private,GNM | B.Sc(N) | M. Sc (N),20 (Twenty) | 50 (Fifty) | 20 (Twenty),90,638315,2025-2026,INC Yearly Report,https://online.indiannursingcouncil.org/Reports/YearlyReportByState.aspx,2026-09-11T11:37:23.073853
Tamilnadu|Dharmapuri|DNV SCHOOL OF NURSING,Dnv School Of Nursing,"Dnv School Of Nursing , No.7 Rajagopal Gounder Street, Dharmapuri, Distt.- Dharmapuri, Tamilnadu, Pin Code- 636701",D.N.Vadivel Rajammal Educational And Charitable Trus,Dharmapuri,Tamilnadu,Private,GNM,20 (Twenty),20,636701,2025-2026,INC Yearly Report,https://online.indiannursingcouncil.org/Reports/YearlyReportByState.aspx,2026-09-11T11:37:23.073853
Tamilnadu|Pudukkottai|DOCTOR'S SCHOOL OF NURSING,Doctor's School Of Nursing,"Doctor's School Of Nursing, Thanjavur Main Road, Koolaiyanviduthy, Manaviduthy Post, Pudukkottai, Distt.- Pudukkottai, Tamilnadu, Pin Code- 622203",Doctors Educational And Charitable Trust,Pudukkottai,Tamilnadu,Private,GNM,40 (Forty),40,622203,2025-2026,INC Yearly Report,https://online.indiannursingcouncil.org/Reports/YearlyReportByState.aspx,2026-09-11T11:37:23.073853
Tamilnadu|Coimbatore|DR ALVA PARAMEDICAL EDUCATIONAL INSTITUTE,Dr Alva Paramedical Educational Institute,"Dr Alva Paramedical Educational Institute, 74/ A2, Meenkarai Road, Ambarampalayam, Coimbatore, Distt.- Coimbatore, Tamilnadu, Pin Code- 642103",Dr Alva Educational And Charity Trust,Coimbatore,Tamilnadu,Private,GNM,20 (Twenty),20,642103,2025-2026,INC Yearly Report,https://online.indiannursingcouncil.org/Reports/YearlyReportByState.aspx,2026-09-11T11:37:23.073853
Tamilnadu|Chennai|DR KAMAKSHI COLLEGE OF NURSING,Dr Kamakshi College Of Nursing,"Dr Kamakshi College Of Nursing , No.1, Radial Road, Pallikaranai, Chennai-600100., Pallikaranai, Distt.- Chennai, Tamilnadu, Pin Code- 600100",Dr Kamakshi Healthcare And Educational Trust,Chennai,Tamilnadu,Private,B.Sc(N),40 (Forty),40,600100,2025-2026,INC Yearly Report,https://online.indiannursingcouncil.org/Reports/YearlyReportByState.aspx,2026-09-11T11:37:23.073853
Tamilnadu|Kanyakumari|DR KUMARASWAMI HEALTH CENTRE COLLEGE OF NURSING,Dr Kumaraswami Health Centre College Of Nursing,"Dr Kumaraswami Health Centre College Of Nursing, Perumalpuram, Kottaram, Vill.- Kottaram, Tehsil- Agasteeswaram, Distt.- Kanyakumari, Tamilnadu, Pin Code- 629703",Indian Medical Centre,Kanyakumari,Tamilnadu,Private,B.Sc(N) | GNM,50 (Fifty) | 20 (Twenty),70,629703,2025-2026,INC Yearly Report,https://online.indiannursingcouncil.org/Reports/YearlyReportByState.aspx,2026-09-11T11:37:23.073853
Tamilnadu|Thiruvallur|DR MKL NURSING COLLEGE,Dr Mkl Nursing College,"Dr Mkl Nursing College, No 62/263/5 Orakkadu Village,Sholavaram Panchayat Union,Ponneri Taluk, Orakkadu, Distt.- Thiruvallur, Tamilnadu, Pin Code- 600067",Dr Mk Loganathan Educational Trust,Thiruvallur,Tamilnadu,Private,B.Sc(N),60 (Sixty),60,600067,2025-2026,INC Yearly Report,https://online.indiannursingcouncil.org/Reports/YearlyReportByState.aspx,2026-09-11T11:37:23.073853
Tamilnadu|Tiruchirappalli|DR. G. SAKUNTHALA,Dr. G. Sakunthala,"Dr. G. Sakunthala,School Of Nursing, Keela Street, Murungappaettai, Mutharasanallur(Po), Srirangam(Tk), Trichy , Distt.- Tiruchirappalli, Tamilnadu, Pin Code- 620101",Dr.G.Viswanathan Institute Of Medical Sciences,Tiruchirappalli,Tamilnadu,Private,GNM | B.Sc(N) | M. Sc (N),"20 (Twenty) | 50 (Fifty) | 9 (Nine) Med Surg-2, Paed-4, Obg-3",79,620101,2025-2026,INC Yearly Report,https://online.indiannursingcouncil.org/Reports/YearlyReportByState.aspx,2026-09-11T11:37:23.073853
Tamilnadu|Kanyakumari|DR. JEYASEKHARAN COLLEGE OF NURSING,Dr. Jeyasekharan College Of Nursing,"Dr. Jeyasekharan College Of Nursing, 3-269, Chavalakarakonam, Gurukulam Road, Asaripallam, Nagercoil, Distt.- Kanyakumari, Tamilnadu, Pin Code- 629201",Dr. Jeyasekharan Medical Trust,Kanyakumari,Tamilnadu,Private,B.Sc(N) | GNM,60 (Sixty) | 20 (Twenty),80,629201,2025-2026,INC Yearly Report,https://online.indiannursingcouncil.org/Reports/YearlyReportByState.aspx,2026-09-11T11:37:23.073853
Tamilnadu|Villuppuram|E.S. SCHOOL OF NURSING,E.S. School Of Nursing,"E.S. School Of Nursing, Chennai Trichy Highway (Nh-45), E.S. Nagar, V.Salai, Vill.- V.Salai, Tehsil- Vikkiravandi, Distt.- Villuppuram, Tamilnadu, Pin Code- 605652",Shantha Medical Foundation,Villuppuram,Tamilnadu,Private,ANM | GNM | B.Sc(N) | P B B.Sc(N) | M. Sc (N),40 (Forty) | 60 (Sixty) | 100 (One Hundred) | 50 (Fifty) | 25 5 In Each Speciality,275,605652,2025-2026,INC Yearly Report,https://online.indiannursingcouncil.org/Reports/YearlyReportByState.aspx,2026-09-11T11:37:23.073853
Tamilnadu|Coimbatore|ELLEN COLLEGE OF NURSING,Ellen College Of Nursing,"Ellen College Of Nursing, Navakkarai, Coimbatore, Distt.- Coimbatore, Tamilnadu, Pin Code- 641105",Royal Educational Foundations,Coimbatore,Tamilnadu,Private,B.Sc(N) | M. Sc (N),50 (Fifty) | 25 (Twenty Five),75,641105,2025-2026,INC Yearly Report,https://online.indiannursingcouncil.org/Reports/YearlyReportByState.aspx,2026-09-11T11:37:30.185568
Tamilnadu|Coimbatore|ENNAM COLLEGE OF NURSING,Ennam College Of Nursing,"Ennam College Of Nursing, Elur Post, Solavampalayam Village, Coimbatore, Distt.- Coimbatore, Tamilnadu, Pin Code- 641032",Ennam Educational Trust,Coimbatore,Tamilnadu,Private,B.Sc(N),60 (Sixty),60,641032,2025-2026,INC Yearly Report,https://online.indiannursingcouncil.org/Reports/YearlyReportByState.aspx,2026-09-11T11:37:30.185568
Tamilnadu|Thiruvallur|FACULTY OF NURSING,Faculty Of Nursing,"Faculty Of Nursing, Dr M G R Educational Research Institute, Periyar E.V.R. High Road, Velappanchavadi, Distt.- Thiruvallur, Tamilnadu, Pin Code- 600077",Dr. M.G.R. Educational And Resarch Institute,Thiruvallur,Tamilnadu,Private,B.Sc(N) | M. Sc (N),100 (One Hundred) | 25 (Twenty Five) 5 In Each Specialty,125,600077,2025-2026,INC Yearly Report,https://online.indiannursingcouncil.org/Reports/YearlyReportByState.aspx,2026-09-11T11:37:30.185568
Tamilnadu|Tiruvannamalai|FLORENCE NIGHTINGALE SCHOOL OF NURSING,Florence Nightingale School Of Nursing,"Florence Nightingale School Of Nursing, Samabanthanur Village, Somasipadi Post, Tiruvannamalai , Distt.- Tiruvannamalai, Tamilnadu, Pin Code- 606611",Rangammal Memorial Rehabilitation Society,Tiruvannamalai,Tamilnadu,Private,GNM,40 (Forty),40,606611,2025-2026,INC Yearly Report,https://online.indiannursingcouncil.org/Reports/YearlyReportByState.aspx,2026-09-11T11:37:30.185568
Tamilnadu|Thiruvallur|G R T COLLEGE OF NURSING,G R T College Of Nursing,"G R T College Of Nursing, G R T Mahalakshmi Nagar, Chennai - Tirupathi Highway, Vill.- Perugalathur, Tehsil- Tiruttani, Distt.- Thiruvallur, Tamilnadu, Pin Code- 631209",G R T Mahalakshmi Educational Charitable Trust,Thiruvallur,Tamilnadu,Private,B.Sc(N),60 (Sixty),60,631209,2025-2026,INC Yearly Report,https://online.indiannursingcouncil.org/Reports/YearlyReportByState.aspx,2026-09-11T11:37:30.185568
Tamilnadu|Dindigul|G.T.N.COLLEGE OF NURSING,G.T.N.College Of Nursing,"G.T.N.College Of Nursing, Gtn College Of Nursing, Old Karur Road, Dindigul-05, Dindigul, Distt.- Dindigul, Tamilnadu, Pin Code- 624005",G.T.Narayana Swamy Naidu Charities Trust,Dindigul,Tamilnadu,Private,ANM,40 (Forty),40,624005,2025-2026,INC Yearly Report,https://online.indiannursingcouncil.org/Reports/YearlyReportByState.aspx,2026-09-11T11:37:30.185568
Tamilnadu|Coimbatore|GANGA SCHOOL OF NURSING,Ganga School Of Nursing,"Ganga School Of Nursing, Sf.No 442Vattamalaipalayam Nggo Colony, Vill.- Coimbatore, Tehsil- Perianaicken Palayam, Distt.- Coimbatore, Tamilnadu, Pin Code- 641022",Shanmuganathan Kanakavalli Medical Education And Research Foundation,Coimbatore,Tamilnadu,Private,GNM | B.Sc(N) | M. Sc (N) | P B B.Sc(N),20 (Twenty) | 50 (Fifty) | 10 (Ten) | 40 (Forty),120,641022,2025-2026,INC Yearly Report,https://online.indiannursingcouncil.org/Reports/YearlyReportByState.aspx,2026-09-11T11:37:30.185568
Tamilnadu|Coimbatore|GEM INSTITUTE OF NURSING EDUCATION & RESEARCH,Gem Institute Of Nursing Education & Research,"Gem Institute Of Nursing Education & Research, 4/146, Peedampalli, Ondipudur Via, Vill.- Peedampalli, Tehsil- Soolur, Distt.- Coimbatore, Tamilnadu, Pin Code- 641016",Gem Digestive Diseases Foundation,Coimbatore,Tamilnadu,Private,B.Sc(N),60 (Sixty),60,641016,2025-2026,INC Yearly Report,https://online.indiannursingcouncil.org/Reports/YearlyReportByState.aspx,2026-09-11T11:37:30.185568
Tamilnadu|Kanyakumari|GLOBAL COLLEGE OF NURSING,Global College Of Nursing,"Global College Of Nursing, Edavilagam Nattalam , Vill.- Nattalam, Tehsil- Killiyoor, Distt.- Kanyakumari, Tamilnadu, Pin Code- 629195",Immanuel Arasar International Institute Of Science And Technology Educational And Charitable Trust,Kanyakumari,Tamilnadu,Private,B.Sc(N) | M. Sc (N) | P B B.Sc(N) | GNM,100 (One Hundred) | 25 (Twenty Five) 5 In Each Speciality | 30 (Thirty) | 40 (Forty),195,629195,2025-2026,INC Yearly Report,https://online.indiannursingcouncil.org/Reports/YearlyReportByState.aspx,2026-09-11T11:37:30.185568
Tamilnadu|Madurai|GOVERNMENT COLLEGE OF NURSING,Government College Of Nursing,"Government College Of Nursing, Madurai, Vill.- Madurai, Tehsil- Madurai East, Distt.- Madurai, Tamilnadu, Pin Code- 625020",Govt Of Tamilnadu,Madurai,Tamilnadu,Government,M. Sc (N) | B.Sc(N),"25; Med-Surg-5, Pae-5, Psy-5, Obg-5, Chn-5 | 50 (Fifty)",75,625020,2025-2026,INC Yearly Report,https://online.indiannursingcouncil.org/Reports/YearlyReportByState.aspx,2026-09-11T11:37:30.185568
Tamilnadu|Cuddalore|GOVERNMENT COLLEGE OF NURSING,Government College Of Nursing,"Government College Of Nursing,, Cuddalore, Vill.- Annamalai Nagar, Tehsil- Kumaratchi, Distt.- Cuddalore, Tamilnadu, Pin Code- 608002",Govt Of Tamilnadu,Cuddalore,Tamilnadu,Private,M. Sc (N) | B.Sc(N),"36 - Med-Surg-8, Chn-8, Paed-8, Obg-8, Psy-4 | 100 (One Hundred)",136,608002,2025-2026,INC Yearly Report,https://online.indiannursingcouncil.org/Reports/YearlyReportByState.aspx,2026-09-11T11:37:30.185568
Tamilnadu|Cuddalore|GOVERNMENT CUDDALORE MEDICAL COLLEGE AND HOSPITAL SCHOOL OF NURSING,Government Cuddalore Medical College And Hospital School Of Nursing,"Government Cuddalore Medical College And Hospital School Of Nursing , Annamalai Nagar, Chidambaram, Vill.- Annamalinagar, Tehsil- Kumaratchi, Distt.- Cuddalore, Tamilnadu, Pin Code- 608002",Government,Cuddalore,Tamilnadu,Private,GNM,20 (Twenty),20,608002,2025-2026,INC Yearly Report,https://online.indiannursingcouncil.org/Reports/YearlyReportByState.aspx,2026-09-11T11:37:30.185568
Tamilnadu|Virudhunagar|GOVERNMENT SCHOOL OF NURSING,Government School Of Nursing,"Government School Of Nursing, Government Head Quarters Hospital, Ramamoorthy Road,, Virudhunagar, Distt.- Virudhunagar, Tamilnadu, Pin Code- 626001",Tamilnadu,Virudhunagar,Tamilnadu,Government,GNM,100 (One Hundred),100,626001,2025-2026,INC Yearly Report,https://online.indiannursingcouncil.org/Reports/YearlyReportByState.aspx,2026-09-11T11:37:30.185568
Tamilnadu|Kancheepuram|GOVERNMENT SCHOOL OF NURSING,Government School Of Nursing,"Government School Of Nursing, Government Headquarters Hospital, Kancheepuram, Distt.- Kancheepuram, Tamilnadu, Pin Code- 631501",Govt. Of Tamil Nadu,Kancheepuram,Tamilnadu,Government,GNM,50 (Fifty),50,631501,2025-2026,INC Yearly Report,https://online.indiannursingcouncil.org/Reports/YearlyReportByState.aspx,2026-09-11T11:37:30.185568
Tamilnadu|Salem|GOVT COLLEGE OF NURSING,Govt College Of Nursing,"Govt College Of Nursing, Govt Mohan Kumaramangalam Medical College, Salem, , Distt.- Salem, Tamilnadu, Pin Code- 636030",Govt Of Tamilnadu,Salem,Tamilnadu,Government,B.Sc(N) | P B B.Sc(N),50 (Fifty) | 50 (Fifty),100,636030,2025-2026,INC Yearly Report,https://online.indiannursingcouncil.org/Reports/YearlyReportByState.aspx,2026-09-11T11:37:30.185568
Tamilnadu|Ramanathapuram|GOVT HEADQUATERS HOSPITAL,Govt Headquaters Hospital,"Govt Headquaters Hospital, Ramnad, Ramnathapuram, Distt.- Ramanathapuram, Tamilnadu, Pin Code- 623501",Govt Of Tamilnadu,Ramanathapuram,Tamilnadu,Government,GNM,100 (One Hundred),100,623501,2025-2026,INC Yearly Report,https://online.indiannursingcouncil.org/Reports/YearlyReportByState.aspx,2026-09-11T11:37:36.649109
Tamilnadu|Vellore|GOVT VELLORE MEDICAL COLLEGE HOSPITAL,Govt Vellore Medical College Hospital,"Govt Vellore Medical College Hospital, Adukkambarai, Vellore, Distt.- Vellore, Tamilnadu, Pin Code- 632001",Tamilnadu,Vellore,Tamilnadu,Government,GNM,100 (One Hundred),100,632001,2025-2026,INC Yearly Report,https://online.indiannursingcouncil.org/Reports/YearlyReportByState.aspx,2026-09-11T11:37:36.649109
Tamilnadu|Cuddalore|GOVT. SCHOOL OF NURSING,Govt. School Of Nursing,"Govt. School Of Nursing , Govt. Head Quarters Hospital , Cuddalore, Distt.- Cuddalore, Tamilnadu, Pin Code- 607001",Govt Of Tamilnadu,Cuddalore,Tamilnadu,Government,GNM,50 (Fifty),50,607001,2025-2026,INC Yearly Report,https://online.indiannursingcouncil.org/Reports/YearlyReportByState.aspx,2026-09-11T11:37:36.649109
Tamilnadu|Kanyakumari|GRACE COLLEGE OF NURSING,Grace College Of Nursing,"Grace College Of Nursing, Andiyankattuvilai,, Vill.- Padanthalumoodu, Tehsil- Munchirai, Distt.- Kanyakumari, Tamilnadu, Pin Code- 629163",Grace Educational And Charitable Trust,Kanyakumari,Tamilnadu,Private,B.Sc(N) | P B B.Sc(N) | GNM,50 (Fifty) | 30 (Thirty) | 20 (Twenty),100,629163,2025-2026,INC Yearly Report,https://online.indiannursingcouncil.org/Reports/YearlyReportByState.aspx,2026-09-11T11:37:36.649109
Tamilnadu|Chengalpattu|HINDU MISSION SCHOOL OF NURSING,Hindu Mission School Of Nursing,"Hindu Mission School Of Nursing, No 103, G S T Road, Tambaram West, Vill.- Tambaram, Tehsil- Chengalpattu, Distt.- Chengalpattu, Tamilnadu, Pin Code- 600045",Hindu Mission Hospital,Chengalpattu,Tamilnadu,Private,GNM | B.Sc(N),20 (Twenty) | 40 (Forty),60,600045,2025-2026,INC Yearly Report,https://online.indiannursingcouncil.org/Reports/YearlyReportByState.aspx,2026-09-11T11:37:36.649109
Tamilnadu|Coimbatore|HINDUSTHAN COLLEGE OF NURSING,Hindusthan College Of Nursing,"Hindusthan College Of Nursing, Udayampalayam Road, Nava India, Coimbatore, Distt.- Coimbatore, Tamilnadu, Pin Code- 641028",Hindusthan Educational And Charitable Trust,Coimbatore,Tamilnadu,Private,B.Sc(N),60 (Sixty),60,641028,2025-2026,INC Yearly Report,https://online.indiannursingcouncil.org/Reports/YearlyReportByState.aspx,2026-09-11T11:37:36.649109
Tamilnadu|Sivaganga|IMMACULATE SCHOOL OF NURSING,Immaculate School Of Nursing,"Immaculate School Of Nursing, St.Joseph's Hospital Campus, Vill.- Puliyal, Tehsil- Devakottai, Distt.- Sivaganga, Tamilnadu, Pin Code- 630312",The Immaculate Conception Women Development Social Service Society,Sivaganga,Tamilnadu,Private,GNM | B.Sc(N),20 (Twenty) | 50 (Fifty),70,630312,2025-2026,INC Yearly Report,https://online.indiannursingcouncil.org/Reports/YearlyReportByState.aspx,2026-09-11T11:37:36.649109
Tamilnadu|Kanyakumari|IMMANUEL ARASAR COLLEGE OF NURSING,Immanuel Arasar College Of Nursing,"Immanuel Arasar College Of Nursing, Edaivilagam Nattalam, Marthandam, Distt.- Kanyakumari, Tamilnadu, Pin Code- 629165",Immanuel Arasar International Institute Of Science And Technology Educational And Charitable Trust,Kanyakumari,Tamilnadu,Private,B.Sc(N),60 (Sixty),60,629165,2025-2026,INC Yearly Report,https://online.indiannursingcouncil.org/Reports/YearlyReportByState.aspx,2026-09-11T11:37:36.649109
Tamilnadu|Tiruchirappalli|INDIRA COLLEGE OF NURSING,Indira College Of Nursing,"Indira College Of Nursing , Trichy-Chennai Main Road, Konalai(Po), Tiruchirappalli , Distt.- Tiruchirappalli, Tamilnadu, Pin Code- 621105",Sri Bhadugaa Seva Trust,Tiruchirappalli,Tamilnadu,Private,M. Sc (N) | B.Sc(N),"10 (Ten) Chn-3, Obg-3, Med-Surg-2, Paed-2 | 60 (Sixty)",70,621105,2025-2026,INC Yearly Report,https://online.indiannursingcouncil.org/Reports/YearlyReportByState.aspx,2026-09-11T11:37:36.649109
Tamilnadu|Thiruvallur|INDIRA SCHOOL OF NURSING,Indira School Of Nursing,"Indira School Of Nursing,, 1, V G R Nagar, V G R Gardens, Pandur, Thiruvallur, Distt.- Thiruvallur, Tamilnadu, Pin Code- 631203",Indira Educational And Charitable Trust,Thiruvallur,Tamilnadu,Private,GNM | B.Sc(N) | M. Sc (N),40 (Forty) | 100 (One Hundred) | 25 (Twenty Five) 5 In Each Speciality,165,631203,2025-2026,INC Yearly Report,https://online.indiannursingcouncil.org/Reports/YearlyReportByState.aspx,2026-09-11T11:37:36.649109
Tamilnadu|Coimbatore|INSTITUTE OF NURSING,Institute Of Nursing,"Institute Of Nursing, G.Kuppuswamy Naidu Memmorial Hospital, Pappanaickenpalayam, Coimbatore, Distt.- Coimbatore, Tamilnadu, Pin Code- 641037",The Kuppuswamy Naidu Chariy Trust For Education And Medical Relief,Coimbatore,Tamilnadu,Private,GNM | M. Sc (N),20 (Twenty) | 10 (Ten) Med-Surg(Oncology-5 Cardiothoracic-5,30,641037,2025-2026,INC Yearly Report,https://online.indiannursingcouncil.org/Reports/YearlyReportByState.aspx,2026-09-11T11:37:36.649109
Tamilnadu|Tirunelveli|ITHAYA JYOTHI COLLEGE OF NURSING,Ithaya Jyothi College Of Nursing,"Ithaya Jyothi College Of Nursing , Caussanelpuram, Konganthanparai,, Tirunelveli , Distt.- Tirunelveli, Tamilnadu, Pin Code- 627007",Brothers Of Sacred Heart Of Jesus,Tirunelveli,Tamilnadu,Private,B.Sc(N),50 (Fifty),50,627007,2025-2026,INC Yearly Report,https://online.indiannursingcouncil.org/Reports/YearlyReportByState.aspx,2026-09-11T11:37:36.649109
Tamilnadu|Tiruchirappalli|J.J. COLLEGE OF NURSING,J.J. College Of Nursing,"J.J. College Of Nursing, Ammapettai, Poolangulathupatti Post, Tiruchirappalli 620 009. Tamil Nadu, Tiruchirappalli, Distt.- Tiruchirappalli, Tamilnadu, Pin Code- 620009",J.J. Educational Health And Charitable Trust,Tiruchirappalli,Tamilnadu,Private,B.Sc(N),50 (Fifty),50,620009,2025-2026,INC Yearly Report,https://online.indiannursingcouncil.org/Reports/YearlyReportByState.aspx,2026-09-11T11:37:36.649109
Tamilnadu|Coimbatore|J.K. COLLEGE OF NURSING,J.K. College Of Nursing,"J.K. College Of Nursing , Sf.No 90 Kamaraj Road, Uppilipalayam Post, Coimbatore, Distt.- Coimbatore, Tamilnadu, Pin Code- 641015",J. K. Trust,Coimbatore,Tamilnadu,Private,B.Sc(N),40 (FORTY),40,641015,2025-2026,INC Yearly Report,https://online.indiannursingcouncil.org/Reports/YearlyReportByState.aspx,2026-09-11T11:37:36.649109
Tamilnadu|Vellore|J.P.K.M. COLLEGE OF MEDICAL SCIENCES,J.P.K.M. College Of Medical Sciences,"J.P.K.M. College Of Medical Sciences , 12,Annai Theresa 4Th Street, Phase-3, Sathuvachari, Vellore, Distt.- Vellore, Tamilnadu, Pin Code- 632009",J.P.K.M. Educational Trust,Vellore,Tamilnadu,Private,GNM,25 (Twenty Five),25,632009,2025-2026,INC Yearly Report,https://online.indiannursingcouncil.org/Reports/YearlyReportByState.aspx,2026-09-11T11:37:36.649109
Tamilnadu|Chennai|J.V INSTITUTE OF NURSING,J.V Institute Of Nursing,"J.V Institute Of Nursing , No 16 1St Street Taylor's Kodambakkam, Chennai, Distt.- Chennai, Tamilnadu, Pin Code- 600024",J.V Educational Trus,Chennai,Tamilnadu,Private,GNM,20 (Twenty),20,600024,2025-2026,INC Yearly Report,https://online.indiannursingcouncil.org/Reports/YearlyReportByState.aspx,2026-09-11T11:37:36.649109
Tamilnadu|Chengalpattu|JAGANNATH COLLEGE OF NURSING,Jagannath College Of Nursing,"Jagannath College Of Nursing, Thandalam Village,Thiruporur Taluk,Chengalpattu District,603110., Thiruporur, Distt.- Chengalpattu, Tamilnadu, Pin Code- 603110",Sri Venkateshwara Educational And Charitable Trust,Chengalpattu,Tamilnadu,Private,B.Sc(N),60 (Sixty),60,603110,2025-2026,INC Yearly Report,https://online.indiannursingcouncil.org/Reports/YearlyReportByState.aspx,2026-09-11T11:37:36.649109
Tamilnadu|Dindigul|JAINEE SCHOOL OF NURSING,Jainee School Of Nursing,"Jainee School Of Nursing, Dindigul-Theni Road, Veerakkal Bpo, N.Panjampatti(Po), Dindigul, Distt.- Dindigul, Tamilnadu, Pin Code- 624303",Jainee Health And Educational Chartitable Trust,Dindigul,Tamilnadu,Private,GNM | B.Sc(N) | M. Sc (N) | P B B.Sc(N),20 (Twenty) | 50 (Fifty) | 12 (Twelve) Psy-3 Obg-3 Paed-3 Chn-3 | 30 (Thirty),112,624303,2025-2026,INC Yearly Report,https://online.indiannursingcouncil.org/Reports/YearlyReportByState.aspx,2026-09-11T11:37:36.649109
Tamilnadu|Krishnagiri|JEEVA COLLEGE OF NURSING,Jeeva College Of Nursing,"Jeeva College Of Nursing, Puliyanjeri Village, Beemanda Palli Panchyat, Veppanapalli Union, Krishnagiri, Distt.- Krishnagiri, Tamilnadu, Pin Code- 635001",Sree Pankajam Krishanan Educational,Krishnagiri,Tamilnadu,Private,B.Sc(N) | M. Sc (N) | GNM,"100 (One Hundred) | 20 (Twenty) Chn-02, Obg-03, Med-Surg-05, Pead-05, Psy-05 | 20 (Twenty)",140,635001,2025-2026,INC Yearly Report,https://online.indiannursingcouncil.org/Reports/YearlyReportByState.aspx,2026-09-11T11:37:36.649109
Tamilnadu|Coimbatore|K M C H SCHOOL OF NURSING,K M C H School Of Nursing,"K M C H School Of Nursing, S. F. Nos. 259 267, Kalapatti Village, Vill.- Kalapatti, Tehsil- Coimbatore North, Distt.- Coimbatore, Tamilnadu, Pin Code- 641048",Kovai Medical Center Research And Educational Trust,Coimbatore,Tamilnadu,Private,GNM | B.Sc(N) | M. Sc (N) | P B B.Sc(N) | Post Basic Diploma in Critical care nursing | NURSE PRACTITIONER IN CRITICAL CARE(NPCC),"60 (Sixty) | 100 (One Hundred) | 20 (Twenty) Med Surg- 8, Chn- 2, Pead- 4, Obg- 4, Psy- 2 | 25 (Twenty Five) | 10 (Ten) | 20 (Twenty)",235,641048,2025-2026,INC Yearly Report,https://online.indiannursingcouncil.org/Reports/YearlyReportByState.aspx,2026-09-11T11:37:42.884804
Tamilnadu|Tiruchirappalli|K M C SCHOOL OF NURSING,K M C School Of Nursing,"K M C School Of Nursing, No.91, Navalur Kuttapattu Village, Dindugal Main Road, Vill.- Navalur Kuttapattu, Tehsil- Manikandam, Distt.- Tiruchirappalli, Tamilnadu, Pin Code- 620009",Kavery Medical Trust,Tiruchirappalli,Tamilnadu,Private,GNM | B.Sc(N) | M. Sc (N) | NURSE PRACTITIONER IN CRITICAL CARE(NPCC),40 (Forty) | 100 (One Hundred) | 25 (Twenty Five) 05 (Five) In Each Specialty | 10 (Ten),175,620009,2025-2026,INC Yearly Report,https://online.indiannursingcouncil.org/Reports/YearlyReportByState.aspx,2026-09-11T11:37:42.884804
Tamilnadu|Coimbatore|K R SCHOOL OF NURSING,K R School Of Nursing,"K R School Of Nursing, K R Hospital Building, Mettupalayam Road, Coimbatore, Distt.- Coimbatore, Tamilnadu, Pin Code- 641020",Salzer Educational Medical Research Trust,Coimbatore,Tamilnadu,Private,GNM,20 (Twenty),20,641020,2025-2026,INC Yearly Report,https://online.indiannursingcouncil.org/Reports/YearlyReportByState.aspx,2026-09-11T11:37:42.884804
Tamilnadu|Nagapattinam|KALAIMAHAL COLLEGE OF NURSING,Kalaimahal College Of Nursing,"Kalaimahal College Of Nursing, Kalahasthinapuram Main Road, Mudikandanallur Village, Tharagambadi Taluk., Mayiladuthurai, Distt.- Nagapattinam, Tamilnadu, Pin Code- 609309",Sri Kalaimahal Educational Trust,Nagapattinam,Tamilnadu,Private,B.Sc(N),60 (Sixty),60,609309,2025-2026,INC Yearly Report,https://online.indiannursingcouncil.org/Reports/YearlyReportByState.aspx,2026-09-11T11:37:42.884804
Tamilnadu|Virudhunagar|KALASALINGAM COLLEGE OF NURSING,Kalasalingam College Of Nursing,"Kalasalingam College Of Nursing, Srivilliputhur, Krishnankoil, Vill.- Kunnur, Tehsil- Watrap, Distt.- Virudhunagar, Tamilnadu, Pin Code- 626126",Kalasalingam Academy Of Research And Education,Virudhunagar,Tamilnadu,Private,B.Sc(N),100 (One Hundred),100,626126,2025-2026,INC Yearly Report,https://online.indiannursingcouncil.org/Reports/YearlyReportByState.aspx,2026-09-11T11:37:42.884804
Tamilnadu|Salem|KAMALA COLLEGE OF MEDICAL SCIENCES,Kamala College Of Medical Sciences,"Kamala College Of Medical Sciences, 22/44,Venkata Rao Road, Near Town Railway Station & Eb Office, Salem, Distt.- Salem, Tamilnadu, Pin Code- 636001",Sowrashtra Educational Trust,Salem,Tamilnadu,Private,GNM | B.Sc(N),20 (Twenty) | 40 (Forty),60,636001,2025-2026,INC Yearly Report,https://online.indiannursingcouncil.org/Reports/YearlyReportByState.aspx,2026-09-11T11:37:42.884804
Tamilnadu|Kanyakumari|KANYAKUMARI MEDICAL MISSION RESEARCH CENTRE (KMMC) COLLEGE OF NURSING,Kanyakumari Medical Mission Research Centre (Kmmc) College Of Nursing,"Kanyakumari Medical Mission Research Centre (Kmmc) College Of Nursing, Kmmc, Devasahayam Nagar, Muttom - Eraniel Road, Muttom, Kanyakumari - 629202, Nagercoil, Distt.- Kanyakumari, Tamilnadu, Pin C",St. Joseph University,Kanyakumari,Tamilnadu,Private,B.Sc(N),100 (One Hundred),100,629202,2025-2026,INC Yearly Report,https://online.indiannursingcouncil.org/Reports/YearlyReportByState.aspx,2026-09-11T11:37:42.884804
Tamilnadu|Kanyakumari|KANYAKUMARI MEDICAL MISSION,Kanyakumari Medical Mission,"Kanyakumari Medical Mission, Ingrid Kowski School Of Nursing,, Csi Hospital, Sinclair Street,, Marthandam, Distt.- Kanyakumari, Tamilnadu, Pin Code- 629165",Church Of South India Trust Association,Kanyakumari,Tamilnadu,Private,GNM,20 (Twenty),20,629165,2025-2026,INC Yearly Report,https://online.indiannursingcouncil.org/Reports/YearlyReportByState.aspx,2026-09-11T11:37:42.884804
Tamilnadu|Chengalpattu|KARPAGA VINAYAGA COLLEGE OF NURSING,Karpaga Vinayaga College Of Nursing,"Karpaga Vinayaga College Of Nursing , Gst Road Chinnakolambakkam, Palayanor Post, Madurantakam Tk, Kancheepuram, Distt.- Chengalpattu, Tamilnadu, Pin Code- 603308",Karpaga Vinayaga Educational Trust,Chengalpattu,Tamilnadu,Private,B.Sc(N) | M. Sc (N),100 (One Hundred) | 25 (Twenty Five) 5 In Each Speciliaty,125,603308,2025-2026,INC Yearly Report,https://online.indiannursingcouncil.org/Reports/YearlyReportByState.aspx,2026-09-11T11:37:42.884804
Tamilnadu|Pudukkottai|KARPAGA VINAYAGA COLLEGE OF NURSING,Karpaga Vinayaga College Of Nursing,"Karpaga Vinayaga College Of Nursing, J.J.Institute Of Nursing , Jj Nagar Sivapuram Post , Pudukkotta , Distt.- Pudukkottai, Tamilnadu, Pin Code- 622001",Karpaga Vinayaga Educational Trust,Pudukkottai,Tamilnadu,Private,M. Sc (N) | GNM | B.Sc(N),"10 (Ten) Med-Surg-2, Paed-3, Obg-1, Chn-2, Psy-2 | 40 (Forty) | 50 (Fifty)",100,622001,2025-2026,INC Yearly Report,https://online.indiannursingcouncil.org/Reports/YearlyReportByState.aspx,2026-09-11T11:37:42.884804
Tamilnadu|Coimbatore|KARPAGAM NURSING COLLEGE,Karpagam Nursing College,"Karpagam Nursing College, S.F.No.770, 763, Vill.- Othakkalmandapam, Tehsil- Kinathukadavu, Distt.- Coimbatore, Tamilnadu, Pin Code- 641032",Karpagam Charity Trust,Coimbatore,Tamilnadu,Private,B.Sc(N),100 (One Hundred),100,641032,2025-2026,INC Yearly Report,https://online.indiannursingcouncil.org/Reports/YearlyReportByState.aspx,2026-09-11T11:37:42.884804
Tamilnadu|Pudukkottai|KEERRAI THAMIL SELVAN SCHOOL OF NURSING,Keerrai Thamil Selvan School Of Nursing,"Keerrai Thamil Selvan School Of Nursing, K T S Nagar, Sathiyamangalam, Pudukkottai, Distt.- Pudukkottai, Tamilnadu, Pin Code- 622501",Keerrai Thamil Selvan Edun And Char Trust,Pudukkottai,Tamilnadu,Private,GNM | B.Sc(N),20 (Twenty) | 50 (Fifty),70,622501,2025-2026,INC Yearly Report,https://online.indiannursingcouncil.org/Reports/YearlyReportByState.aspx,2026-09-11T11:37:42.884804
Tamilnadu|Coimbatore|KONGUNADU COLLEGE OF NURSING,Kongunadu College Of Nursing,"Kongunadu College Of Nursing,, 518-520, Dheenampalyam,, Vill.- Kalikkanaichenpalayam , Tehsil- Thondamuthur, Distt.- Coimbatore, Tamilnadu, Pin Code- 641109",Kovai Kongunattu Arakattalai,Coimbatore,Tamilnadu,Private,B.Sc(N) | ANM | M. Sc (N) | GNM | P B B.Sc(N),100 (One Hundred) | 30 (Thirty) | 30 (Thirty) | 40 (Forty) | 40 (Forty),240,641109,2025-2026,INC Yearly Report,https://online.indiannursingcouncil.org/Reports/YearlyReportByState.aspx,2026-09-11T11:37:42.884804
Tamilnadu|Cuddalore|KRISHNA HOSPITAL SCHOOL OF NURSING,Krishna Hospital School Of Nursing,"Krishna Hospital School Of Nursing,, Nellikuppam Main Road, Nathapattu Post, Vill.- Thottapattu , Tehsil- Cuddalore, Distt.- Cuddalore, Tamilnadu, Pin Code- 607109",Krishna Hospital Research Foundation,Cuddalore,Tamilnadu,Private,GNM,20 (Twenty),20,607109,2025-2026,INC Yearly Report,https://online.indiannursingcouncil.org/Reports/YearlyReportByState.aspx,2026-09-11T11:37:49.670418
Tamilnadu|Vellore|KUMARAN COLLEGE OF MEDICAL SCIENCES AND RESEARCH INSITITUTE,Kumaran College Of Medical Sciences And Research Insititute,"Kumaran College Of Medical Sciences And Research Insititute, 112, Katpadi Road, Kainjur,Gandhi Nagar Post, Vill.- Kalinjur, Tehsil- Katpadi, Distt.- Vellore, Tamilnadu, Pin Code- 632006",Dr. T Kumara Guru And Mylambaigai Trust,Vellore,Tamilnadu,Private,GNM,20 (Twenty),20,632006,2025-2026,INC Yearly Report,https://online.indiannursingcouncil.org/Reports/YearlyReportByState.aspx,2026-09-11T11:37:49.670418
Tamilnadu|Coimbatore|KUMARAN COLLEGE OF NURSING,Kumaran College Of Nursing,"Kumaran College Of Nursing, Kondayampalayam Panchayat & Village,Coimbatore-641110 , Coimbatore, Distt.- Coimbatore, Tamilnadu, Pin Code- 641110",Kumaran Medicals Educational Trust,Coimbatore,Tamilnadu,Private,B.Sc(N),50 (Fifty),50,641110,2025-2026,INC Yearly Report,https://online.indiannursingcouncil.org/Reports/YearlyReportByState.aspx,2026-09-11T11:37:49.670418
Tamilnadu|Thanjavur|KUNDAVAII SCHOOL OF NURSING,Kundavaii School Of Nursing,"Kundavaii School Of Nursing,, 528- B, East Main Street, Thanjavur, Distt.- Thanjavur, Tamilnadu, Pin Code- 613001",Ganesh Aarthi Medical Research Foundation,Thanjavur,Tamilnadu,Private,GNM,20 (Twenty),20,613001,2025-2026,INC Yearly Report,https://online.indiannursingcouncil.org/Reports/YearlyReportByState.aspx,2026-09-11T11:37:49.670418
Tamilnadu|Dharmapuri|LAXMINARAYANA SCHOOL OF NURSING,Laxminarayana School Of Nursing,"Laxminarayana School Of Nursing , 14-1 By Pass Road, Dharmapuri , Distt.- Dharmapuri, Tamilnadu, Pin Code- 636701",Laxminarayana Educational Trust,Dharmapuri,Tamilnadu,Private,GNM,20 (Twenty),20,636701,2025-2026,INC Yearly Report,https://online.indiannursingcouncil.org/Reports/YearlyReportByState.aspx,2026-09-11T11:37:49.670418
Tamilnadu|Tiruchirappalli|M A M COLLEGE OF NURSING,M A M College Of Nursing,"M A M College Of Nursing, Trichy - Chennai Trunk Road, Siruganur,, Tiruchirappalli , Distt.- Tiruchirappalli, Tamilnadu, Pin Code- 621105",Maluk Educational Health And Charitable Trust,Tiruchirappalli,Tamilnadu,Private,B.Sc(N) | P B B.Sc(N),50 (Fifty) | 30 (Thirty),80,621105,2025-2026,INC Yearly Report,https://online.indiannursingcouncil.org/Reports/YearlyReportByState.aspx,2026-09-11T11:37:49.670418
Tamilnadu|Chennai|M M M COLLEGE OF NURSING,M M M College Of Nursing,"M M M College Of Nursing, No. 9, Block No. 11, Kannadasan Salai, Mogappair East, Chennai, Distt.- Chennai, Tamilnadu, Pin Code- 600037",The Madras Medical Mission,Chennai,Tamilnadu,Private,B.Sc(N) | M. Sc (N) | P B B.Sc(N),50 (Fifty) | 15 (Fifteen) Med-Surg-3 Paed-4 Chn-3 Psy-2 Obg-3 | 20 (Twenty),85,600037,2025-2026,INC Yearly Report,https://online.indiannursingcouncil.org/Reports/YearlyReportByState.aspx,2026-09-11T11:37:49.670418
Tamilnadu|Kancheepuram|MADHA COLLEGE OF NURSING,Madha College Of Nursing,"Madha College Of Nursing, Madha Nagar, Somangalam Road,, Vill.- Kunrathur, Tehsil- Kundrathur, Distt.- Kancheepuram, Tamilnadu, Pin Code- 600069",Soosaiya Peter Educational Trust,Kancheepuram,Tamilnadu,Private,B.Sc(N) | M. Sc (N) | P B B.Sc(N),100 (One Hundred) | 30 (Thirty) Med-Surg-10 Chn-5 Paed-5 Obg-5 Psy-5 | 30 (Thirty),160,600069,2025-2026,INC Yearly Report,https://online.indiannursingcouncil.org/Reports/YearlyReportByState.aspx,2026-09-11T11:37:49.670418
Tamilnadu|Madurai|MADURAI APOLLO COLLEGE OF NURSING,Madurai Apollo College Of Nursing,"Madurai Apollo College Of Nursing , Eliyarpathi Village, Thiruparankundram Union, Madurai, Distt.- Madurai, Tamilnadu, Pin Code- 625022",Apollo Hospitals Educational Trust,Madurai,Tamilnadu,Private,B.Sc(N),100 (One Hundred),100,625022,2025-2026,INC Yearly Report,https://online.indiannursingcouncil.org/Reports/YearlyReportByState.aspx,2026-09-11T11:37:49.670418
Tamilnadu|Tirupur|MAHARANI NURSING COLLEGE,Maharani Nursing College,"Maharani Nursing College, 1/74, Nanjiyampalayam, Tirupur Main Road , Dharapuram, Distt.- Tirupur, Tamilnadu, Pin Code- 638657",Maharani Educaitonal And Charitable Trust,Tirupur,Tamilnadu,Private,B.Sc(N),50 (Fifty),50,638657,2025-2026,INC Yearly Report,https://online.indiannursingcouncil.org/Reports/YearlyReportByState.aspx,2026-09-11T11:37:49.670418
Tamilnadu|Salem|MAHENDRA COLLEGE OF NURSING,Mahendra College Of Nursing,"Mahendra College Of Nursing, Mahendra College Of Nursing,Attur Main Road,Minnampalli,Salem, Salem, Distt.- Salem, Tamilnadu, Pin Code- 636106",Mahendra Educational Trust,Salem,Tamilnadu,Private,B.Sc(N),60 (Sixty),60,636106,2025-2026,INC Yearly Report,https://online.indiannursingcouncil.org/Reports/YearlyReportByState.aspx,2026-09-11T11:37:49.670418
Tamilnadu|Villuppuram|MAILAM NURSING COLLEGE,Mailam Nursing College,"Mailam Nursing College, Mailam Post Office, Tindivanam, Distt.- Villuppuram, Tamilnadu, Pin Code- 604304",Mailam Subramaniya Swamy Educational Trust,Villuppuram,Tamilnadu,Private,ANM | B.Sc(N),60 (Sixty) | 100 (One Hundred),160,604304,2025-2026,INC Yearly Report,https://online.indiannursingcouncil.org/Reports/YearlyReportByState.aspx,2026-09-11T11:37:49.670418
Tamilnadu|Thanjavur|MANNAI NARAYANASAMY SCHOOL OF NURSING,Mannai Narayanasamy School Of Nursing,"Mannai Narayanasamy School Of Nursing,, Thanjavur - Kumbakonam Highway, Handankorai Post Mathur , Thanjavur , Distt.- Thanjavur, Tamilnadu, Pin Code- 614206",Mannai Narayanasamy Educational Trust,Thanjavur,Tamilnadu,Private,GNM | B.Sc(N),20 (Twenty) | 50 (Fifty),70,614206,2025-2026,INC Yearly Report,https://online.indiannursingcouncil.org/Reports/YearlyReportByState.aspx,2026-09-11T11:37:49.670418
Tamilnadu|Kanyakumari|MARIA COLLEGE OF NURSING,Maria College Of Nursing,"Maria College Of Nursing, Valathuvilai, Thoottavaram, Moovatumugham Post, Attoor Town Panchayat, Moovattumugam, Distt.- Kanyakumari, Tamilnadu, Pin Code- 629177",Maria Educational And Charitable Trust,Kanyakumari,Tamilnadu,Private,B.Sc(N),60 (Sixty),60,629177,2025-2026,INC Yearly Report,https://online.indiannursingcouncil.org/Reports/YearlyReportByState.aspx,2026-09-11T11:37:49.670418
Tamilnadu|Tiruchirappalli|MARIAMMAN NURSING COLLEGE,Mariamman Nursing College,"Mariamman Nursing College, Mariamman Nursing College,No.111/1, Ammapettai,Poolangulathupatti (Po),Srirangam Taluk, Trichy - 620 009, Trichy, Distt.- Tiruchirappalli, Tamilnadu, Pin Code- 620009",Thousu Periyakkal Educational Health And Charitable Trust,Tiruchirappalli,Tamilnadu,Private,B.Sc(N),60 (Sixty),60,620009,2025-2026,INC Yearly Report,https://online.indiannursingcouncil.org/Reports/YearlyReportByState.aspx,2026-09-11T11:37:49.670418
Tamilnadu|Kancheepuram|MEENAKSHI COLLEGE OF NURSING,Meenakshi College Of Nursing,"Meenakshi College Of Nursing, Chikkarayapuram, Kundrathur Main Road, Near Managadu, Vill.- Chikkarayapuram, Tehsil- Kundrathur, Distt.- Kancheepuram, Tamilnadu, Pin Code- 600069",Meenakshi Academy Of Higher Education And Research,Kancheepuram,Tamilnadu,Private,B.Sc(N) | M. Sc (N) | P B B.Sc(N),"50 (Fifty) | 25; Med-Surg-5, Paed-6, Chn-5, Obg-4, Psy-5 | 25 (Twenty Five)",100,600069,2025-2026,INC Yearly Report,https://online.indiannursingcouncil.org/Reports/YearlyReportByState.aspx,2026-09-11T11:37:49.670418
Tamilnadu|Madurai|MEENAKSHI COLLEGE OF NURSING,Meenakshi College Of Nursing,"Meenakshi College Of Nursing, Kottakudi, Melur Taluk, Vill.- Kottakudi, Tehsil- Melur, Distt.- Madurai, Tamilnadu, Pin Code- 625106",S R Trust,Madurai,Tamilnadu,Private,B.Sc(N),100 (One Hundred),100,625106,2025-2026,INC Yearly Report,https://online.indiannursingcouncil.org/Reports/YearlyReportByState.aspx,2026-09-11T11:37:49.670418
Tamilnadu|Kancheepuram|MOHAMED SATHAK A J COLLEGE OF NURSING,Mohamed Sathak A J College Of Nursing,"Mohamed Sathak A J College Of Nursing , No.34,Rajiv Gandhi Road(Omr) It Highway Siruseri, Vill.- Thazhambur, Tehsil- Tiruporur, Distt.- Kancheepuram, Tamilnadu, Pin Code- 603103",Mohamed Sathak Trust,Kancheepuram,Tamilnadu,Private,B.Sc(N) | M. Sc (N),"50 (Fifty) | 15 (Fifteen) Med-Surg-3, Paed-3, Obg-3, Psy-3, Chn-3",65,603103,2025-2026,INC Yearly Report,https://online.indiannursingcouncil.org/Reports/YearlyReportByState.aspx,2026-09-11T11:37:49.670418
Tamilnadu|Tiruchirappalli|MOOKAMBIGAI SCHOOL OF NURSING,Mookambigai School Of Nursing,"Mookambigai School Of Nursing , Pudukottai Main Road, Mathur, Trichy, Distt.- Tiruchirappalli, Tamilnadu, Pin Code- 622515",Srimathi Jayalakshmi Educational Health And Charitable Trust,Tiruchirappalli,Tamilnadu,Private,GNM,20 (Twenty),20,622515,2025-2026,INC Yearly Report,https://online.indiannursingcouncil.org/Reports/YearlyReportByState.aspx,2026-09-11T11:37:56.100077
Tamilnadu|Pudukkottai|MOTHER TERASA COLLEGE OF NURSING,Mother Terasa College Of Nursing,"Mother Terasa College Of Nursing, Mettusalai,Illupur,, Pudukkottai, Distt.- Pudukkottai, Tamilnadu, Pin Code- 622102",Dr.A.P.J Abdul Kalam Educational Charitable Trust,Pudukkottai,Tamilnadu,Private,ANM | GNM | B.Sc(N),30 (Thirty) | 100 (One Hundred) | 100 (One Hundred),230,622102,2025-2026,INC Yearly Report,https://online.indiannursingcouncil.org/Reports/YearlyReportByState.aspx,2026-09-11T11:37:56.100077
Tamilnadu|Pudukkottai|MOUNT ZION COLLEGE OF NURSING,Mount Zion College Of Nursing,"Mount Zion College Of Nursing, Lena Villakku, , Vill.- Pilivalam (P O), Tehsil- Thirumayam, Distt.- Pudukkottai, Tamilnadu, Pin Code- 622507",Mount Zion Charitable Education Trust,Pudukkottai,Tamilnadu,Private,B.Sc(N),50 (Fifty),50,622507,2025-2026,INC Yearly Report,https://online.indiannursingcouncil.org/Reports/YearlyReportByState.aspx,2026-09-11T11:37:56.100077
Tamilnadu|Theni|N.R.T. COLLEGE OF NURSING,N.R.T. College Of Nursing,"N.R.T. College Of Nursing, Madurai Road, Theni, Distt.- Theni, Tamilnadu, Pin Code- 625531","N.R.Thiagarajan Memorial Educational And Charitable Trust,Theni",Theni,Tamilnadu,Private,B.Sc(N) | ANM,100 (One Hundred) | 60 (Sixty),160,625531,2025-2026,INC Yearly Report,https://online.indiannursingcouncil.org/Reports/YearlyReportByState.aspx,2026-09-11T11:37:56.100077
Tamilnadu|Erode|NANDHA COLLEGE OF NURSING,Nandha College Of Nursing,"Nandha College Of Nursing,, Koorapalayam &Quot;Pirivu&Quot;, Pitchandampalayam Post, Erode, Distt.- Erode, Tamilnadu, Pin Code- 638052",Sri Nandha Educational Trust,Erode,Tamilnadu,Private,B.Sc(N) | M. Sc (N) | GNM,100 (One Hundred) | 20 (Twenty) 4 In Each Speciality | 20 (Twenty),140,638052,2025-2026,INC Yearly Report,https://online.indiannursingcouncil.org/Reports/YearlyReportByState.aspx,2026-09-11T11:37:56.100077
Tamilnadu|Coimbatore|NEHRU COLLEGE OF NURSING AND RESEARCH INSTITUTE,Nehru College Of Nursing And Research Institute,"Nehru College Of Nursing And Research Institute, Nehru Gardens , Thirumalayampalayamcoimbatore, Coimbatore, Distt.- Coimbatore, Tamilnadu, Pin Code- 641105",Nehru College Of Educational And Charitable Trust,Coimbatore,Tamilnadu,Private,B.Sc(N),60 (Sixty),60,641105,2025-2026,INC Yearly Report,https://online.indiannursingcouncil.org/Reports/YearlyReportByState.aspx,2026-09-11T11:37:56.100077
Tamilnadu|Tiruchirappalli|NEHRU COLLEGE OF NURSING,Nehru College Of Nursing,"Nehru College Of Nursing, Sf No440/2B Inamkulathur Trichy, Dindigul Highyway, Tiruchirappalli, Distt.- Tiruchirappalli, Tamilnadu, Pin Code- 621303",Nehru Educational Trust,Tiruchirappalli,Tamilnadu,Private,B.Sc(N),60 (Sixty),60,621303,2025-2026,INC Yearly Report,https://online.indiannursingcouncil.org/Reports/YearlyReportByState.aspx,2026-09-11T11:37:56.100077
Tamilnadu|Tirunelveli|NEHRU NURSING COLLEGE,Nehru Nursing College,"Nehru Nursing College, P.B.No.3 Nehru Nagar,Tiruchendur Road,Vallioor , Vill.- Vallioor, Tehsil- Radhapuram, Distt.- Tirunelveli, Tamilnadu, Pin Code- 627117",Marian Educational And Charitable Trust,Tirunelveli,Tamilnadu,Private,B.Sc(N) | M. Sc (N),50 (Fifty) | 25 ; 5 In Each Speciality,75,627117,2025-2026,INC Yearly Report,https://online.indiannursingcouncil.org/Reports/YearlyReportByState.aspx,2026-09-11T11:37:56.100077
Tamilnadu|Coimbatore|NIGHTINGALE INSTITUTE OF NURSING EDUCATION,Nightingale Institute Of Nursing Education,"Nightingale Institute Of Nursing Education, Mgr Nagar Madukkarai Market Road, Madukkarai , Distt.- Coimbatore, Tamilnadu, Pin Code- 641105",C.S Educational Trust,Coimbatore,Tamilnadu,Private,B.Sc(N),60 (Sixty),60,641105,2025-2026,INC Yearly Report,https://online.indiannursingcouncil.org/Reports/YearlyReportByState.aspx,2026-09-11T11:37:56.100077
Tamilnadu|Dindigul|NPR COLLEGE OF NURSING AND RESEARCH INSTITUTE,Npr College Of Nursing And Research Institute,"Npr College Of Nursing And Research Institute, Npr Nagar, Uluppakudi Post, Punnapatti Village, Natham Taluk, , Natham, Distt.- Dindigul, Tamilnadu, Pin Code- 624401",Titan Educational Trust,Dindigul,Tamilnadu,Private,B.Sc(N),60 (Sixty),60,624401,2025-2026,INC Yearly Report,https://online.indiannursingcouncil.org/Reports/YearlyReportByState.aspx,2026-09-11T11:37:56.100077
Tamilnadu|Cuddalore|O P R MEMORIAL COLLEGE OF PARAMEDICAL SCIENCES,O P R Memorial College Of Paramedical Sciences,"O P R Memorial College Of Paramedical Sciences, Neyveli Main Road, Vadalur, Vadlur, Distt.- Cuddalore, Tamilnadu, Pin Code- 607303",Siddha Sanmarga Nilayam,Cuddalore,Tamilnadu,Private,ANM | GNM,20 (Twenty) | 20 (Twenty),40,607303,2025-2026,INC Yearly Report,https://online.indiannursingcouncil.org/Reports/YearlyReportByState.aspx,2026-09-11T11:37:56.100077
Tamilnadu|Dharmapuri|OMSAKTHI COLLEGE OF NURSING,Omsakthi College Of Nursing,"Omsakthi College Of Nursing , A.Reddihalli (Vil), Sogathur Post, Pennagaram Main Road, Dharmapuri, Distt.- Dharmapuri, Tamilnadu, Pin Code- 636801",Omsakthi Lavanya Balavignesh Medical And Educational Trust,Dharmapuri,Tamilnadu,Private,B.Sc(N) | GNM,100 (One Hundred) | 60 (Sixty),160,636801,2025-2026,INC Yearly Report,https://online.indiannursingcouncil.org/Reports/YearlyReportByState.aspx,2026-09-11T11:37:56.100077
Tamilnadu|Dindigul|OUR LADY SCHOOL OF NURSING,Our Lady School Of Nursing,"Our Lady School Of Nursing , St. Joseph Hospital, Trichy Road, Dindigul, Distt.- Dindigul, Tamilnadu, Pin Code- 624001",The Council Of The Icm Hospitals,Dindigul,Tamilnadu,Private,GNM,20 (Twenty),20,624001,2025-2026,INC Yearly Report,https://online.indiannursingcouncil.org/Reports/YearlyReportByState.aspx,2026-09-11T11:37:56.100077
Tamilnadu|Kancheepuram|P S P NURSING COLLEGE,P S P Nursing College,"P S P Nursing College, Tambaram Kanchipuram Highway, Oragadam, Panrutti Sriperumbudur Taluk, Kanchipuram, Distt.- Kancheepuram, Tamilnadu, Pin Code- 631604",Periyasamypillai Educational Trust,Kancheepuram,Tamilnadu,Private,B.Sc(N),100 (One Hundred),100,631604,2025-2026,INC Yearly Report,https://online.indiannursingcouncil.org/Reports/YearlyReportByState.aspx,2026-09-11T11:37:56.100077
Tamilnadu|Krishnagiri|P.S.V.COLLEGE OF NURSING,P.S.V.College Of Nursing,"P.S.V.College Of Nursing, Bangalore - Chennai Highway, Bargur Taluk, Vill.- Ballinayanapalli, Tehsil- Barugur, Distt.- Krishnagiri, Tamilnadu, Pin Code- 635108",St.Joan's Educational Trust,Krishnagiri,Tamilnadu,Private,B.Sc(N),60 (Sixty),60,635108,2025-2026,INC Yearly Report,https://online.indiannursingcouncil.org/Reports/YearlyReportByState.aspx,2026-09-11T11:37:56.100077
Tamilnadu|Dharmapuri|PACHAMUTHU COLLEGE OF NURSING,Pachamuthu College Of Nursing,"Pachamuthu College Of Nursing, 178/1, Muthupatti, Hale Dharmapuri (Po), Krishnagiri Main Road, Dharmapuri, Dharmapuri, Distt.- Dharmapuri, Tamilnadu, Pin Code- 636701",Pachamuthu Educational Trust,Dharmapuri,Tamilnadu,Private,GNM | B.Sc(N),60 (Sixty) | 60 (Sixty),120,636701,2025-2026,INC Yearly Report,https://online.indiannursingcouncil.org/Reports/YearlyReportByState.aspx,2026-09-11T11:37:56.100077
Tamilnadu|Thoothukudi|PADMA SHRI DR SIVANTHI ADITANAR COLLEGE OF NURSING,Padma Shri Dr Sivanthi Aditanar College Of Nursing,"Padma Shri Dr Sivanthi Aditanar College Of Nursing, Tirunelveli Road , Tiruchendur, Distt.- Thoothukudi, Tamilnadu, Pin Code- 628215",Aditanar Educational Institution,Thoothukudi,Tamilnadu,Private,B.Sc(N),60 (Sixty),60,628215,2025-2026,INC Yearly Report,https://online.indiannursingcouncil.org/Reports/YearlyReportByState.aspx,2026-09-11T11:37:56.100077
Tamilnadu|Kancheepuram|PADMASREE COLLEGE OF NURSING,Padmasree College Of Nursing,"Padmasree College Of Nursing, Mariyamman Kovil Street, No. 84, Keelottivakkam Village, Walajabad, Distt.- Kancheepuram, Tamilnadu, Pin Code- 631605",Sree Kamatchi Amman Educational Trust,Kancheepuram,Tamilnadu,Private,B.Sc(N) | M. Sc (N),60 (Sixty) | 15 (Fifteen) 3 In Each Specalty,75,631605,2025-2026,INC Yearly Report,https://online.indiannursingcouncil.org/Reports/YearlyReportByState.aspx,2026-09-11T11:37:56.100077
Tamilnadu|Dharmapuri|PADMAVATHI SCHOOL OF NURSING,Padmavathi School Of Nursing,"Padmavathi School Of Nursing , Periyanahalli, Dharmapuri , Distt.- Dharmapuri, Tamilnadu, Pin Code- 635205",Sri Govinda Gounder Memorial Educational Trust,Dharmapuri,Tamilnadu,Private,GNM,50 (Fifty),50,635205,2025-2026,INC Yearly Report,https://online.indiannursingcouncil.org/Reports/YearlyReportByState.aspx,2026-09-11T11:37:56.100077
Tamilnadu|Thiruvallur|PANIMALAR COLLEGE OF NURSING,Panimalar College Of Nursing,"Panimalar College Of Nursing, Varadharajapuram,, Chennai, Distt.- Thiruvallur, Tamilnadu, Pin Code- 600123",Jaisakthi Educational Trust,Thiruvallur,Tamilnadu,Private,B.Sc(N),100 (One Hundred),100,600123,2025-2026,INC Yearly Report,https://online.indiannursingcouncil.org/Reports/YearlyReportByState.aspx,2026-09-11T11:37:56.100077
Tamilnadu|Vellore|PARIMALA PANDURANGAN COLLEGE OF PARAMEDICAL SCIENCE,Parimala Pandurangan College Of Paramedical Science,"Parimala Pandurangan College Of Paramedical Science, No.55,Chithathur Village, Walajapet, Distt.- Vellore, Tamilnadu, Pin Code- 632501",Parimala Pandurangan Educational Trust,Vellore,Tamilnadu,Private,ANM,40 (Forty),40,632501,2025-2026,INC Yearly Report,https://online.indiannursingcouncil.org/Reports/YearlyReportByState.aspx,2026-09-11T11:38:03.183948
Tamilnadu|Thoothukudi|PARIMALA SCHOOL OF NURSING,Parimala School Of Nursing,"Parimala School Of Nursing, 2/115 B, New Town, Ayyaneri Post, Kovilpatti, Distt.- Thoothukudi, Tamilnadu, Pin Code- 628502",Raga Educational Trust,Thoothukudi,Tamilnadu,Private,GNM | B.Sc(N),20 (Twenty) | 50 (Fifty),70,628502,2025-2026,INC Yearly Report,https://online.indiannursingcouncil.org/Reports/YearlyReportByState.aspx,2026-09-11T11:38:03.183948
Tamilnadu|Villuppuram|PAULS COLLEGE OF NURSING,Pauls College Of Nursing,"Pauls College Of Nursing, Paulsnagar, Villuppuram, Distt.- Villuppuram, Tamilnadu, Pin Code- 605109",Pauls Educational Trust,Villuppuram,Tamilnadu,Private,B.Sc(N),50 (Fifty),50,605109,2025-2026,INC Yearly Report,https://online.indiannursingcouncil.org/Reports/YearlyReportByState.aspx,2026-09-11T11:38:03.183948
Tamilnadu|Chengalpattu|PERI COLLEGE OF NURSING,Peri College Of Nursing,"Peri College Of Nursing, No.1, Main Walkaway, Mannivakkam, Tambaram West, Chennai, Tamil Nadu 600048, Chengalpattu, Distt.- Chengalpattu, Tamilnadu, Pin Code- 600048",Adhi Periasamy Educational Trust,Chengalpattu,Tamilnadu,Private,B.Sc(N),40 (Forty),40,600048,2025-2026,INC Yearly Report,https://online.indiannursingcouncil.org/Reports/YearlyReportByState.aspx,2026-09-11T11:38:03.183948
Tamilnadu|Namakkal|PGP COLLEGE OF NURSING AND RESEARCH,Pgp College Of Nursing And Research,"Pgp College Of Nursing And Research, Nh-7, Namakkal-Karur Main Road, Vill.- Pillaikalathur, Tehsil- Paramathi, Distt.- Namakkal, Tamilnadu, Pin Code- 637207",Pgp Educational And Welfare Society,Namakkal,Tamilnadu,Private,B.Sc(N),100 (One Hundred),100,637207,2025-2026,INC Yearly Report,https://online.indiannursingcouncil.org/Reports/YearlyReportByState.aspx,2026-09-11T11:38:03.183948
Tamilnadu|Coimbatore|PPG COLLEGE OF NURSING,Ppg College Of Nursing,"Ppg College Of Nursing , 9/1, Keeranatham Road, Saravanampatti Post,, Coimbatore, Distt.- Coimbatore, Tamilnadu, Pin Code- 641035",Ppg Memorial Charitable Trust,Coimbatore,Tamilnadu,Private,B.Sc(N) | M. Sc (N) | P B B.Sc(N) | GNM,100 (One Hundred) | 40 (Forty) Med-Surg-12 Paed-7 Chn-5 Obg-6 Psy-10 | 40 (Forty) | 20 (Twenty),200,641035,2025-2026,INC Yearly Report,https://online.indiannursingcouncil.org/Reports/YearlyReportByState.aspx,2026-09-11T11:38:03.183948
Tamilnadu|Sivaganga|PRANAV COLLEGE OF NURSING ACADEMY,Pranav College Of Nursing Academy,"Pranav College Of Nursing Academy, Sreenivasa Gardens,Madurai-Sivagangai Road,Enathi, Sivaganga, Distt.- Sivaganga, Tamilnadu, Pin Code- 630561",Srinivas Trust,Sivaganga,Tamilnadu,Private,B.Sc(N),40 (Forty),40,630561,2025-2026,INC Yearly Report,https://online.indiannursingcouncil.org/Reports/YearlyReportByState.aspx,2026-09-11T11:38:03.183948
Tamilnadu|Coimbatore|PSG COLLEGE OF NURSING,Psg College Of Nursing,"Psg College Of Nursing, Avinashi Road, Peelamedu, Vill.- Sowripalayam, Tehsil- Soolur, Distt.- Coimbatore, Tamilnadu, Pin Code- 641028",Psg And Sons Charities,Coimbatore,Tamilnadu,Private,B.Sc(N) | M. Sc (N),100 (One Hundred) | 30 (Thirty) 6 In Each Speciality,130,641028,2025-2026,INC Yearly Report,https://online.indiannursingcouncil.org/Reports/YearlyReportByState.aspx,2026-09-11T11:38:03.183948
Tamilnadu|Coimbatore|R V S SCHOOL OF NURSING,R V S School Of Nursing,"R V S School Of Nursing, 242-B, Trichy Road, Vill.- Sulur, Tehsil- Soolur, Distt.- Coimbatore, Tamilnadu, Pin Code- 641402",R V S Educational Trsut,Coimbatore,Tamilnadu,Private,GNM | B.Sc(N) | M. Sc (N),"25 (Twenty Five) | 50 (Fifty) | 16 (Sixteen) Med-Surg-4, Obg-4, Paed-4, Chn-4",91,641402,2025-2026,INC Yearly Report,https://online.indiannursingcouncil.org/Reports/YearlyReportByState.aspx,2026-09-11T11:38:03.183948
Tamilnadu|Kancheepuram|RAJALAKSHMI COLLEGE OF NURSING,Rajalakshmi College Of Nursing,"Rajalakshmi College Of Nursing, No:1, Thandalam Rajalakshmi Nagar, Chennai, Distt.- Kancheepuram, Tamilnadu, Pin Code- 602105",Lady Parvatham Trust,Kancheepuram,Tamilnadu,Private,B.Sc(N),50 (Fifty),50,602105,2025-2026,INC Yearly Report,https://online.indiannursingcouncil.org/Reports/YearlyReportByState.aspx,2026-09-11T11:38:03.183948
Tamilnadu|Kanyakumari|RAJAPALAYAM NURSES TRANING INSTITUTE,Rajapalayam Nurses Traning Institute,"Rajapalayam Nurses Traning Institute, James Hospital Premises, Near Anna Statue, Calachel., Nagercoil, Distt.- Kanyakumari, Tamilnadu, Pin Code- 629251",James Memorial Charitable Trust,Kanyakumari,Tamilnadu,Private,GNM,20 (Twenty),20,629251,2025-2026,INC Yearly Report,https://online.indiannursingcouncil.org/Reports/YearlyReportByState.aspx,2026-09-11T11:38:03.183948
Tamilnadu|Sivaganga|RASS ACADEMY COLLEGE OF NURSING,Rass Academy College Of Nursing,"Rass Academy College Of Nursing,, Pappan Valasai Pirivu, Poovanthi, Sivagangai , Distt.- Sivaganga, Tamilnadu, Pin Code- 630611",Rass Trust,Sivaganga,Tamilnadu,Private,B.Sc(N) | M. Sc (N) | P B B.Sc(N),60 (Sixty) | 25 (Twenty Five) | 40 (Forty),125,630611,2025-2026,INC Yearly Report,https://online.indiannursingcouncil.org/Reports/YearlyReportByState.aspx,2026-09-11T11:38:03.183948
Tamilnadu|Virudhunagar|RATHINAAM COLLEGE OF NURSING,Rathinaam College Of Nursing,"Rathinaam College Of Nursing, 1/308/5, Thiruchuli Road, Kulasekaranallur, Aruppukottai, Distt.- Virudhunagar, Tamilnadu, Pin Code- 626105",Jeeva Rathinam Educational Trust,Virudhunagar,Tamilnadu,Private,B.Sc(N),60 (Sixty),60,626105,2025-2026,INC Yearly Report,https://online.indiannursingcouncil.org/Reports/YearlyReportByState.aspx,2026-09-11T11:38:03.183948
Tamilnadu|Tiruppur|REVATHI COLLEGE OF NURSING,Revathi College Of Nursing,"Revathi College Of Nursing, 2/718-1 To 2/718-4, Velayuthampalayam Post, Vill.- Poolakattupalayam, Tehsil- Avinashi, Distt.- Tiruppur, Tamilnadu, Pin Code- 641654",Revathi Charity Trust,Tiruppur,Tamilnadu,Private,B.Sc(N) | M. Sc (N),100 (One Hundred) | 20 (Twenty) 04 Each Subject,120,641654,2025-2026,INC Yearly Report,https://online.indiannursingcouncil.org/Reports/YearlyReportByState.aspx,2026-09-11T11:38:03.183948
Tamilnadu|Thiruvallur|RIGHT SCHOOL OF NURSING,Right School Of Nursing,"Right School Of Nursing, 1/5 Chettiyar Agaram Road, Vanagaram, Vill.- Sivabootham, Tehsil- Poonamallee, Distt.- Thiruvallur, Tamilnadu, Pin Code- 600095",Shree Abirami Educational Trust,Thiruvallur,Tamilnadu,Private,GNM | B.Sc(N),20 (Twenty) | 50 (Fifty),70,600095,2025-2026,INC Yearly Report,https://online.indiannursingcouncil.org/Reports/YearlyReportByState.aspx,2026-09-11T11:38:03.183948
Tamilnadu|Coimbatore|ROYAL CARE INSTITUTE OF NURSING,Royal Care Institute Of Nursing,"Royal Care Institute Of Nursing , Neelambur , Coimbatore , Distt.- Coimbatore, Tamilnadu, Pin Code- 641062",Royalcare Trust,Coimbatore,Tamilnadu,Private,B.Sc(N) | GNM,50 (Fifty) | 40 (Forty),90,641062,2025-2026,INC Yearly Report,https://online.indiannursingcouncil.org/Reports/YearlyReportByState.aspx,2026-09-11T11:38:03.183948
Tamilnadu|Coimbatore|RVS COLLEGE OF NURSING,Rvs College Of Nursing,"Rvs College Of Nursing , Kumaran Kottam Campus, Kannampalayam,, Coimbatore, Distt.- Coimbatore, Tamilnadu, Pin Code- 641402",Rvs Medical Trust,Coimbatore,Tamilnadu,Private,B.Sc(N),60 (Sixty),60,641402,2025-2026,INC Yearly Report,https://online.indiannursingcouncil.org/Reports/YearlyReportByState.aspx,2026-09-11T11:38:03.183948
Tamilnadu|Thoothukudi|S A H SCHOOL OF NURSING,S A H School Of Nursing,"S A H School Of Nursing, 145/5B, Jeyaraj Road, Tuticorin, Distt.- Thoothukudi, Tamilnadu, Pin Code- 628002",Dr. Aruls Health And Educational Foundation,Thoothukudi,Tamilnadu,Private,GNM,20 (Twenty),20,628002,2025-2026,INC Yearly Report,https://online.indiannursingcouncil.org/Reports/YearlyReportByState.aspx,2026-09-11T11:38:03.183948
Tamilnadu|Coimbatore|S N S COLLEGE OF NURSING,S N S College Of Nursing,"S N S College Of Nursing, Sns Kalvi Nagar, Sathy Road, Saravanampatti Po, Vill.- Saravanampatti, Tehsil- Sarcarsamakulam, Distt.- Coimbatore, Tamilnadu, Pin Code- 641035",Sri S N S Charitable Trust,Coimbatore,Tamilnadu,Private,B.Sc(N),60 (Sixty),60,641035,2025-2026,INC Yearly Report,https://online.indiannursingcouncil.org/Reports/YearlyReportByState.aspx,2026-09-11T11:38:10.339805
Tamilnadu|Salem|S P C INSTITUTE OF NURSING EDUCATION AND RESEARCH,S P C Institute Of Nursing Education And Research,"S P C Institute Of Nursing Education And Research, Sf. No. 79/1-80/10D Harur Main Road Achankuttapatty Vill Po, Vill.- Achankuttapatty, Tehsil- Salem, Distt.- Salem, Tamilnadu, Pin Code- 636122",S P C Educational Trust,Salem,Tamilnadu,Private,B.Sc(N) | M. Sc (N),50 (Fifty) | 10 (Ten) Obg-05 Paed-05,60,636122,2025-2026,INC Yearly Report,https://online.indiannursingcouncil.org/Reports/YearlyReportByState.aspx,2026-09-11T11:38:10.339805
Tamilnadu|Kancheepuram|S R M SCHOOL OF NURSING,S R M School Of Nursing,"S R M School Of Nursing , Srm Nagar, Kancheepuram , Distt.- Kancheepuram, Tamilnadu, Pin Code- 603203",S R M Institute Of Science And Technology,Kancheepuram,Tamilnadu,Private,GNM | M. Sc (N) | B.Sc(N) | Post Basic Diploma in Operation Room Nursing | P B B.Sc(N) | Post Basic Diploma in Critical care nursing | Post Basic Diploma in Emergency &amp; Disaster Nursing | NURSE PRACTITIONER IN CRITICAL CARE(NPCC),20 (Twenty) | 25 (Twenty Five) Med Surg-5 Paed-5 Obg-5 Psy-5 Chn-5 | 100 (One Hundred) | 5 (Five) | 30 (Thirty) | 05 (Five) | 05 (Five) | 10 (Ten),200,603203,2025-2026,INC Yearly Report,https://online.indiannursingcouncil.org/Reports/YearlyReportByState.aspx,2026-09-11T11:38:10.339805
Tamilnadu|Tenkasi|S. THANGAPAZHAM COLLEGE OF NURSING,S. Thangapazham College Of Nursing,"S. Thangapazham College Of Nursing, 2/280, Chinthamaniperiputhur,Athuvazhi Postsivagiri Tk.,, Vasudevanallur, Distt.- Tenkasi, Tamilnadu, Pin Code- 627760",Thiru.K.Subramania Nadar Vadivoo Ammal Educational Trust,Tenkasi,Tamilnadu,Private,B.Sc(N),60 (Sixty),60,627760,2025-2026,INC Yearly Report,https://online.indiannursingcouncil.org/Reports/YearlyReportByState.aspx,2026-09-11T11:38:10.339805
Tamilnadu|Madurai|SACRED HEART NURSING COLLEGE,Sacred Heart Nursing College,"Sacred Heart Nursing College , 4/235, College Road, Thasildhar Nagar, Madurai, Distt.- Madurai, Tamilnadu, Pin Code- 625020",Ultra Trust,Madurai,Tamilnadu,Private,B.Sc(N) | M. Sc (N) | P B B.Sc(N) | GNM,"60 (Sixty) | 30 (Thirty) Med-Surg-10, Paed-6, Psy-4, Chn-5, Obg-5 | 20 (Twenty) | 50 (Fifty)",160,625020,2025-2026,INC Yearly Report,https://online.indiannursingcouncil.org/Reports/YearlyReportByState.aspx,2026-09-11T11:38:10.339805
Tamilnadu|Dindigul|SACRED HEART SCHOOL OF NURSING,Sacred Heart School Of Nursing,"Sacred Heart School Of Nursing, A.Vellodu,, Vill.- Pudupatti, Tehsil- Athoor, Distt.- Dindigul, Tamilnadu, Pin Code- 624307","Society Of The Sisters Of The Sacred Heart Of Jesus,Vellore",Dindigul,Tamilnadu,Private,ANM | B.Sc(N),40 (Forty) | 50 (Fifty),90,624307,2025-2026,INC Yearly Report,https://online.indiannursingcouncil.org/Reports/YearlyReportByState.aspx,2026-09-11T11:38:10.339805
Tamilnadu|Tiruchirappalli|SAGAYAMATHA A.N.M TRAINING SCHOOL,Sagayamatha A.N.M Training School,"Sagayamatha A.N.M Training School, Sagayamatha Hospital,, Vill.- Pullambadi, Tehsil- Lalgudi, Distt.- Tiruchirappalli, Tamilnadu, Pin Code- 621711",Sagayamatha Health Educational Social Service Society,Tiruchirappalli,Tamilnadu,Private,ANM,30 (Thirty),30,621711,2025-2026,INC Yearly Report,https://online.indiannursingcouncil.org/Reports/YearlyReportByState.aspx,2026-09-11T11:38:10.339805
Tamilnadu|Coimbatore|SAI INSTITUTE OF NURSING EDUCATION,Sai Institute Of Nursing Education,"Sai Institute Of Nursing Education, Velanthavalam Road,Veerapanur,Coimbatore ,Pichanoor,Coimbatore, Coimbatore, Distt.- Coimbatore, Tamilnadu, Pin Code- 641105",Vailankanni Charitable Trust,Coimbatore,Tamilnadu,Private,B.Sc(N),60 (Sixty),60,641105,2025-2026,INC Yearly Report,https://online.indiannursingcouncil.org/Reports/YearlyReportByState.aspx,2026-09-11T11:38:10.339805
Tamilnadu|Dindigul|SAI SAKTHI COLLEGE OF NURSING,Sai Sakthi College Of Nursing,"Sai Sakthi College Of Nursing, Mahespuram, Dindigul West, Oddanchatram - 624619, Dindigul, Distt.- Dindigul, Tamilnadu, Pin Code- 624619",Guruguhan Health And Educational Trust,Dindigul,Tamilnadu,Private,B.Sc(N),60 (Sixty),60,624619,2025-2026,INC Yearly Report,https://online.indiannursingcouncil.org/Reports/YearlyReportByState.aspx,2026-09-11T11:38:10.339805
Tamilnadu|Dindigul|SAKTHI SCHOOL OF NURSING,Sakthi School Of Nursing,"Sakthi School Of Nursing,, Sakthi Hospital, Thiruvalluver Road,, Vill.- Palakkanuthu , Tehsil- Oddanchatram, Distt.- Dindigul, Tamilnadu, Pin Code- 624619",Sowdamman Charitable Trust,Dindigul,Tamilnadu,Private,GNM,50 (Fifty),50,624619,2025-2026,INC Yearly Report,https://online.indiannursingcouncil.org/Reports/YearlyReportByState.aspx,2026-09-11T11:38:10.339805
Tamilnadu|Cuddalore|SANDARAVADHANAM SCHOOL OF NURSING,Sandaravadhanam School Of Nursing,"Sandaravadhanam School Of Nursing , Pazhanchanallur-Post, Pazhanchanallur, Distt.- Cuddalore, Tamilnadu, Pin Code- 608301",M R K Memorial Educational Trust,Cuddalore,Tamilnadu,Private,GNM,40 (Forty),40,608301,2025-2026,INC Yearly Report,https://online.indiannursingcouncil.org/Reports/YearlyReportByState.aspx,2026-09-11T11:38:10.339805
Tamilnadu|Tirupur|SARA SCHOOL OF NURSING,Sara School Of Nursing,"Sara School Of Nursing, Palani Main Road, Manakkadavu,, Dharapuram, Distt.- Tirupur, Tamilnadu, Pin Code- 638673",Tamilnadu Muslim Women Education And Welfare Association,Tirupur,Tamilnadu,Private,GNM | B.Sc(N),20 (Twenty) | 50 (Fifty),70,638673,2025-2026,INC Yearly Report,https://online.indiannursingcouncil.org/Reports/YearlyReportByState.aspx,2026-09-11T11:38:10.339805
Tamilnadu|Kancheepuram|SATHYABAMA COLLEGE OF NURSING,Sathyabama College Of Nursing,"Sathyabama College Of Nursing, Jeppiaar Nagar, Rajiv Gandhi Salai, Chennai 600119, Chennai, Distt.- Kancheepuram, Tamilnadu, Pin Code- 600119",Sathyabama Institute Of Science And Technology Trust,Kancheepuram,Tamilnadu,Private,B.Sc(N),100 (One Hundred),100,600119,2025-2026,INC Yearly Report,https://online.indiannursingcouncil.org/Reports/YearlyReportByState.aspx,2026-09-11T11:38:10.339805
Tamilnadu|Kancheepuram|SAVEETHA COLLEGE OF NURSING,Saveetha College Of Nursing,"Saveetha College Of Nursing, Saveetha Nagar, Thandalam, Chennai, Distt.- Kancheepuram, Tamilnadu, Pin Code- 602105",Saveetha Institute Of Medical And Technical Sciences,Kancheepuram,Tamilnadu,Private,Ph. D,04 (Four),4,602105,2025-2026,INC Yearly Report,https://online.indiannursingcouncil.org/Reports/YearlyReportByState.aspx,2026-09-11T11:38:10.339805
Tamilnadu|Kancheepuram|SAVEETHA DENTAL COLLEGE AND HOSPITAL,Saveetha Dental College And Hospital,"Saveetha Dental College And Hospital, College Of Nursing, Saveetha University, Saveetha Nagar, Thandalam, Chennai , Distt.- Kancheepuram, Tamilnadu, Pin Code- 602105",Saveetha Institute Of Medical And Technical Sciences - Saveetha University,Kancheepuram,Tamilnadu,Private,M. Sc (N) | B.Sc(N) | P B B.Sc(N) | NURSE PRACTITIONER IN CRITICAL CARE(NPCC),"30 (Thirty): Med-Surg-6; Chn-6, Obg-6, Psy-6, Paed-6 | 100 (One Hundred) | 50 (Ffity) | 15 (Fifteen)",195,602105,2025-2026,INC Yearly Report,https://online.indiannursingcouncil.org/Reports/YearlyReportByState.aspx,2026-09-11T11:38:10.339805
Tamilnadu|Dindigul|SCHOOL OF NURSING,School Of Nursing,"School Of Nursing , Govt. Head Qrts. Hospital, Trichy - Dindigul Road, Dindigul , Distt.- Dindigul, Tamilnadu, Pin Code- 624001",Government Of Tamilnadu,Dindigul,Tamilnadu,Government,GNM,50 (Fifty),50,624001,2025-2026,INC Yearly Report,https://online.indiannursingcouncil.org/Reports/YearlyReportByState.aspx,2026-09-11T11:38:16.898405
Tamilnadu|Tiruchirappalli|SCHOOL OF NURSING,School Of Nursing,"School Of Nursing , K.A.P.V.Govt. Medical College, Tiruchirappalli , Distt.- Tiruchirappalli, Tamilnadu, Pin Code- 620001",Govt Of Tamilnadu,Tiruchirappalli,Tamilnadu,Government,GNM,100 (One Hundred),100,620001,2025-2026,INC Yearly Report,https://online.indiannursingcouncil.org/Reports/YearlyReportByState.aspx,2026-09-11T11:38:16.898405
Tamilnadu|Nilgiris|SCHOOL OF NURSING,School Of Nursing,"School Of Nursing , No41 Jail Hill Lane, Ooty-1 , Nilgiris, Distt.- Nilgiris, Tamilnadu, Pin Code- 643001",Tamilnadu,Nilgiris,Tamilnadu,Government,GNM,50 (Fifty),50,643001,2025-2026,INC Yearly Report,https://online.indiannursingcouncil.org/Reports/YearlyReportByState.aspx,2026-09-11T11:38:16.898405
Tamilnadu|Coimbatore|SCHOOL OF NURSING COIMBATORE MEDICAL COLLEGE,School Of Nursing Coimbatore Medical College,"School Of Nursing Coimbatore Medical College , Peelamedu, Coimbatore, Distt.- Coimbatore, Tamilnadu, Pin Code- 641014",Govt Of Tamilnadu,Coimbatore,Tamilnadu,Government,GNM,100 (One Hundred),100,641014,2025-2026,INC Yearly Report,https://online.indiannursingcouncil.org/Reports/YearlyReportByState.aspx,2026-09-11T11:38:16.898405
Tamilnadu|Chennai|SCHOOL OF NURSING GOVERNMENT KILPAUK MEDICAL COLLEGE,School Of Nursing Government Kilpauk Medical College,"School Of Nursing Government Kilpauk Medical College , Govt.Kilpauk Medical College, Chennai, Distt.- Chennai, Tamilnadu, Pin Code- 600010",Govt Of Tamilnadu,Chennai,Tamilnadu,Government,GNM,100 (One Hundred),100,600010,2025-2026,INC Yearly Report,https://online.indiannursingcouncil.org/Reports/YearlyReportByState.aspx,2026-09-11T11:38:16.898405
Tamilnadu|Chennai|SCHOOL OF NURSING INSTITUTE OF SOCIAL OBSTETRICS AND,School Of Nursing Institute Of Social Obstetrics And,"School Of Nursing Institute Of Social Obstetrics And , Govt. Kasturba Gandhi Hospital For Women Children, Triplicane, Chennai, Distt.- Chennai, Tamilnadu, Pin Code- 600005",Government Of Tamilnadu,Chennai,Tamilnadu,Government,GNM,50 (Fifty),50,600005,2025-2026,INC Yearly Report,https://online.indiannursingcouncil.org/Reports/YearlyReportByState.aspx,2026-09-11T11:38:16.898405
Tamilnadu|Cuddalore|SCHOOL OF NURSING MAYOR RADHAKRISHNAN INSTITUTE OF PARAMEDICAL SCIENCES,School Of Nursing Mayor Radhakrishnan Institute Of Paramedical Sciences,"School Of Nursing Mayor Radhakrishnan Institute Of Paramedical Sciences , Ko-Mangalam-Village,, Cuddalore, Distt.- Cuddalore, Tamilnadu, Pin Code- 606003",Mayuri Educational Trust,Cuddalore,Tamilnadu,Private,GNM,20 (Twenty),20,606003,2025-2026,INC Yearly Report,https://online.indiannursingcouncil.org/Reports/YearlyReportByState.aspx,2026-09-11T11:38:16.898405
Tamilnadu|Kancheepuram|SCHOOL OF NURSING,School Of Nursing,"School Of Nursing, Chengalpattu Govt. Medical College Hospital, Vill.- Chengalpattu, Tehsil- Kattankulathur, Distt.- Kancheepuram, Tamilnadu, Pin Code- 60300",Govt Of Tamilnadu,Kancheepuram,Tamilnadu,Government,GNM,100 (One Hundred),100,,2025-2026,INC Yearly Report,https://online.indiannursingcouncil.org/Reports/YearlyReportByState.aspx,2026-09-11T11:38:16.898405
Tamilnadu|Erode|SCHOOL OF NURSING,School Of Nursing,"School Of Nursing, Government Erode Medical College And Hospital, Erode , Distt.- Erode, Tamilnadu, Pin Code- 638053",The Institute Of Road Transport,Erode,Tamilnadu,Government,GNM,60 (Sixty),60,638053,2025-2026,INC Yearly Report,https://online.indiannursingcouncil.org/Reports/YearlyReportByState.aspx,2026-09-11T11:38:16.898405
Tamilnadu|Salem|SCHOOL OF NURSING,School Of Nursing,"School Of Nursing, Government Mohan Kumaramangalam Medical College , 7 Hospital,, Salem , Distt.- Salem, Tamilnadu, Pin Code- 636001",Govt. Of Tamil Nadu,Salem,Tamilnadu,Government,GNM,100 (One Hundred),100,636001,2025-2026,INC Yearly Report,https://online.indiannursingcouncil.org/Reports/YearlyReportByState.aspx,2026-09-11T11:38:16.898405
Tamilnadu|Tiruppur|SCHOOL OF NURSING,School Of Nursing,"School Of Nursing, Govt Headquarters Hospital, Tiruppur, Distt.- Tiruppur, Tamilnadu, Pin Code- 641608",Tamilnadu,Tiruppur,Tamilnadu,Government,GNM,100 (One Hundred),100,641608,2025-2026,INC Yearly Report,https://online.indiannursingcouncil.org/Reports/YearlyReportByState.aspx,2026-09-11T11:38:16.898405
Tamilnadu|Kanyakumari|SCHOOL OF NURSING,School Of Nursing,"School Of Nursing, Kanyakumari Govt. Medical College, Asaripallam, Nagercoil, Distt.- Kanyakumari, Tamilnadu, Pin Code- 629201",Tamil Nadu,Kanyakumari,Tamilnadu,Government,GNM | M. Sc (N) | B.Sc(N) | P B B.Sc(N),"100 (One Hundred) | 20 (Twenty) Med Surg-4, Psy-4, Paed-4, Chn-4, Obg-4 | 100 (One Hundred) | 20 (Twenty)",240,629201,2025-2026,INC Yearly Report,https://online.indiannursingcouncil.org/Reports/YearlyReportByState.aspx,2026-09-11T11:38:16.898405
Tamilnadu|Chennai|SCHOOL OF NURSING,School Of Nursing,"School Of Nursing, Madras Medical College, Chennai, Distt.- Chennai, Tamilnadu, Pin Code- 600003",Tamil Nadu,Chennai,Tamilnadu,Government,GNM,100 (One Hundred),100,600003,2025-2026,INC Yearly Report,https://online.indiannursingcouncil.org/Reports/YearlyReportByState.aspx,2026-09-11T11:38:16.898405
Tamilnadu|Madurai|SCHOOL OF NURSING,School Of Nursing,"School Of Nursing, Madurai Medical College, Madurai, Madurai, Distt.- Madurai, Tamilnadu, Pin Code- 625020",Govt Of Tamilnadu,Madurai,Tamilnadu,Government,GNM,100 (One Hundred),100,625020,2025-2026,INC Yearly Report,https://online.indiannursingcouncil.org/Reports/YearlyReportByState.aspx,2026-09-11T11:38:16.898405
Tamilnadu|Vellore|SCHOOL OF NURSING,School Of Nursing,"School Of Nursing, Schieffelin Institute Of Health - Research And Leprosy Centre, Karigiri , Distt.- Vellore, Tamilnadu, Pin Code- 632106","Schieffelin Institute Of Health - Research And Leprosy Centre,",Vellore,Tamilnadu,Private,GNM,20 (Twenty),20,632106,2025-2026,INC Yearly Report,https://online.indiannursingcouncil.org/Reports/YearlyReportByState.aspx,2026-09-11T11:38:16.898405
Tamilnadu|Ranipet|SCHOOL OF NURSING,School Of Nursing,"School Of Nursing, Scudder Memorial Hospital,, Ranipet, Distt.- Ranipet, Tamilnadu, Pin Code- 632401",The Church Of South India Trust Association,Ranipet,Tamilnadu,Private,GNM | B.Sc(N) | P B B.Sc(N),40 (Forty) | 50 (Fifty) | 20 (Twenty),110,632401,2025-2026,INC Yearly Report,https://online.indiannursingcouncil.org/Reports/YearlyReportByState.aspx,2026-09-11T11:38:16.898405
Tamilnadu|Perambalur|SCHOOL OF NURSING,School Of Nursing,"School Of Nursing, T N Christian Revival Mission Org, 14, Venkatesapuram,, Perambalur, Distt.- Perambalur, Tamilnadu, Pin Code- 621212",T N Christian Revival Mission Org,Perambalur,Tamilnadu,Private,GNM,20 (Twenty),20,621212,2025-2026,INC Yearly Report,https://online.indiannursingcouncil.org/Reports/YearlyReportByState.aspx,2026-09-11T11:38:16.898405
Tamilnadu|Tirunelveli|SCHOOL OF NURSING,School Of Nursing,"School Of Nursing, Tirunelveli Medical College, Tirunelveli , Distt.- Tirunelveli, Tamilnadu, Pin Code- 627011",Government Of Tamil Nadu,Tirunelveli,Tamilnadu,Government,GNM,100 (One Hundred),100,627011,2025-2026,INC Yearly Report,https://online.indiannursingcouncil.org/Reports/YearlyReportByState.aspx,2026-09-11T11:38:16.898405
Tamilnadu|Nagapattinam|SCHOOL OF NURSING,School Of Nursing,"School Of Nursing,, Govt. Headquarters Hospital,, Nagapattinam, Distt.- Nagapattinam, Tamilnadu, Pin Code- 611001",Tamilnadu,Nagapattinam,Tamilnadu,Government,GNM,100 (One Hundred),100,611001,2025-2026,INC Yearly Report,https://online.indiannursingcouncil.org/Reports/YearlyReportByState.aspx,2026-09-11T11:38:16.898405
Tamilnadu|Erode|SEETHALAKSHMI SCHOOL OF NURSING,Seethalakshmi School Of Nursing,"Seethalakshmi School Of Nursing , 98,Mill Road Gobichettipalayam, Erode, Distt.- Erode, Tamilnadu, Pin Code- 638476",Seethalakshmi Medical Relief Trus,Erode,Tamilnadu,Private,GNM,20 (Twenty),20,638476,2025-2026,INC Yearly Report,https://online.indiannursingcouncil.org/Reports/YearlyReportByState.aspx,2026-09-11T11:38:16.898405
Tamilnadu|Tiruchirappalli|SERVITE COLLEGE OF NURSING,Servite College Of Nursing,"Servite College Of Nursing, Edamalaipatty Via, Trichy, Distt.- Tiruchirappalli, Tamilnadu, Pin Code- 620012",The Society Of Congregation Of Mother Of Sorrowsserva,Tiruchirappalli,Tamilnadu,Private,B.Sc(N),50 (Fifty),50,620012,2025-2026,INC Yearly Report,https://online.indiannursingcouncil.org/Reports/YearlyReportByState.aspx,2026-09-11T11:38:23.227156
Tamilnadu|Pudukkottai|SERVITE M P H W FEMALE TRAINING SCHOOL,Servite M P H W Female Training School,"Servite M P H W Female Training School , Holy Family Hansenorium, Fathimanagar Post, E.Pudur Via, Trichy, Distt.- Pudukkottai, Tamilnadu, Pin Code- 620012",Holy Family Hansenorium,Pudukkottai,Tamilnadu,Private,ANM,40 (Forty),40,620012,2025-2026,INC Yearly Report,https://online.indiannursingcouncil.org/Reports/YearlyReportByState.aspx,2026-09-11T11:38:23.227156
Tamilnadu|Salem|SHANMUGA COLLEGE OF NURSING,Shanmuga College Of Nursing,"Shanmuga College Of Nursing , No: 24, Sarada College Road, Salem , Distt.- Salem, Tamilnadu, Pin Code- 636007",Shanmuga Medical Research Foundation Trust,Salem,Tamilnadu,Private,M. Sc (N) | GNM | B.Sc(N),"23(Twenty Three); Med-Surg-5, Psy-5, Paed-4, Chn-4, Obg-5 | 20 (Twenty) | 60 (Sixty)",103,636007,2025-2026,INC Yearly Report,https://online.indiannursingcouncil.org/Reports/YearlyReportByState.aspx,2026-09-11T11:38:23.227156
Tamilnadu|Madurai|SHENBAGAM SCHOOL OF NURSING,Shenbagam School Of Nursing,"Shenbagam School Of Nursing , Plot No:149, Anna Nagar, Madurai , Madurai, Distt.- Madurai, Tamilnadu, Pin Code- 625020",Sironmaniammal Health And Educational Foundation,Madurai,Tamilnadu,Private,GNM,20 (Twenty),20,625020,2025-2026,INC Yearly Report,https://online.indiannursingcouncil.org/Reports/YearlyReportByState.aspx,2026-09-11T11:38:23.227156
Tamilnadu|Thiruvallur|SHENBAGHA COLLEGE OF NURSING,Shenbagha College Of Nursing,"Shenbagha College Of Nursing , Plot No.1, Mettu Street,, Vill.- Mathiravedu, Tehsil- Poonamallee, Distt.- Thiruvallur, Tamilnadu, Pin Code- 600077",Saraswathy Medical And Educational Charitable Trust,Thiruvallur,Tamilnadu,Private,B.Sc(N),50 (Fifty),50,600077,2025-2026,INC Yearly Report,https://online.indiannursingcouncil.org/Reports/YearlyReportByState.aspx,2026-09-11T11:38:23.227156
Tamilnadu|Tirupur|SHIVPARVATHI MANDRADIAR INSTITUTE OF HEALTH SCIENCE,Shivparvathi Mandradiar Institute Of Health Science,"Shivparvathi Mandradiar Institute Of Health Science , Nathakadaiyur(Via), Palayakottai , Distt.- Tirupur, Tamilnadu, Pin Code- 638108",Shivparvathi Mandradiar Educational Trust.,Tirupur,Tamilnadu,Private,B.Sc(N) | M. Sc (N),50 (Fifty) | 20 : 4 In Each Speciality,70,638108,2025-2026,INC Yearly Report,https://online.indiannursingcouncil.org/Reports/YearlyReportByState.aspx,2026-09-11T11:38:23.227156
Tamilnadu|Salem|SHRI BHARANI COLLEGE OF NURSING,Shri Bharani College Of Nursing,"Shri Bharani College Of Nursing, Opposite To Esi Hospital Quarters, Majrakollapatty, Steel Plant Road, Salem, Distt.- Salem, Tamilnadu, Pin Code- 636030",Hri Bharani Educational And Health Trust,Salem,Tamilnadu,Private,B.Sc(N) | P B B.Sc(N) | GNM,50 (Fifty) | 40 (Forty) | 20 (Twenty),110,636030,2025-2026,INC Yearly Report,https://online.indiannursingcouncil.org/Reports/YearlyReportByState.aspx,2026-09-11T11:38:23.227156
Tamilnadu|Kancheepuram|SHRI SATHYA SAI COLLEGE OF NURSING,Shri Sathya Sai College Of Nursing,"Shri Sathya Sai College Of Nursing, Shri Sathya Sai Medical College Campus, Tiruporur-Guduvanchery Main Road, Ammapettai Village, Vill.- Ammapettai, Tehsil- Tiruporur, Distt.- Kancheepuram, Tamiln",Shri Balaji Vidhyapeeth,Kancheepuram,Tamilnadu,Private,B.Sc(N),100 (One Hundred),100,,2025-2026,INC Yearly Report,https://online.indiannursingcouncil.org/Reports/YearlyReportByState.aspx,2026-09-11T11:38:23.227156
Tamilnadu|Vellore|SIVAKUMAR SCHOOL OF NURSING,Sivakumar School Of Nursing,"Sivakumar School Of Nursing,, Odiyathur Road, Pallikonda Via, Vill.- Vettuvanam, Tehsil- Anaicut, Distt.- Vellore, Tamilnadu, Pin Code- 635809",Keerthana Educational And Social Service Trust,Vellore,Tamilnadu,Private,GNM,20 (Twenty),20,635809,2025-2026,INC Yearly Report,https://online.indiannursingcouncil.org/Reports/YearlyReportByState.aspx,2026-09-11T11:38:23.227156
Tamilnadu|Chennai|SOORIYA SCHOOL OF NURSING,Sooriya School Of Nursing,"Sooriya School Of Nursing,, No. 26, Kaveri Stree, Sali Gramam,, Vill.- Mambalam, Tehsil- Mambalam, Distt.- Chennai, Tamilnadu, Pin Code- 600093",Sooriya Educational Foundation,Chennai,Tamilnadu,Private,GNM,20 (Twenty),20,600093,2025-2026,INC Yearly Report,https://online.indiannursingcouncil.org/Reports/YearlyReportByState.aspx,2026-09-11T11:38:23.227156
Tamilnadu|Coimbatore|SREE ABIRAMI COLLEGE OF NURSING,Sree Abirami College Of Nursing,"Sree Abirami College Of Nursing , Machegoundanpalayam, Eachanari Post, Vill.- Seerapalayam, Tehsil- Madatthukulam, Distt.- Coimbatore, Tamilnadu, Pin Code- 641021",Sree Abirami Charitable Trust,Coimbatore,Tamilnadu,Private,B.Sc(N) | M. Sc (N) | P B B.Sc(N) | GNM,100 (Hundred) | 25 (Twenty Five) | 40 (Forty) | 100 (Hundred),265,641021,2025-2026,INC Yearly Report,https://online.indiannursingcouncil.org/Reports/YearlyReportByState.aspx,2026-09-11T11:38:23.227156
Tamilnadu|Kancheepuram|SREE BALAJI COLLEGE OF NURSING,Sree Balaji College Of Nursing,"Sree Balaji College Of Nursing , 7, Works Road, Chromepet,, Chennai , Distt.- Kancheepuram, Tamilnadu, Pin Code- 600044",Bharath Institute Of Higher Education And Research,Kancheepuram,Tamilnadu,Private,B.Sc(N) | M. Sc (N) | P B B.Sc(N) | NURSE PRACTITIONER IN CRITICAL CARE(NPCC),"100 (One Hundred) | 25 (Twenty Five) Med-Surg-5, Paed-5, Obg-5, Psy-5, Chn-5 | 15 (Fifteen) | 10 (Ten)",150,600044,2025-2026,INC Yearly Report,https://online.indiannursingcouncil.org/Reports/YearlyReportByState.aspx,2026-09-11T11:38:23.227156
Tamilnadu|Kanyakumari|SREE MOOKAMBIKA SCHOOL OF NURSING,Sree Mookambika School Of Nursing,"Sree Mookambika School Of Nursing , V.P.M. Hospital Complex, Padanilam,, Kulasekharam, Distt.- Kanyakumari, Tamilnadu, Pin Code- 629161",Padanilam Welfare Trust,Kanyakumari,Tamilnadu,Private,GNM | B.Sc(N) | M. Sc (N) | P B B.Sc(N),"20 (Twenty) | 100 (One Hundred) | 20 (Twenty) Obg-5,Paed-6, Medg Surg-5, Chn-2, Psy-2 | 30 (Thirty)",170,629161,2025-2026,INC Yearly Report,https://online.indiannursingcouncil.org/Reports/YearlyReportByState.aspx,2026-09-11T11:38:23.227156
Tamilnadu|Kanyakumari|SREE RAMAKRISHNA COLLEGE OF NURSING,Sree Ramakrishna College Of Nursing,"Sree Ramakrishna College Of Nursing, College Road, Koodaithooki,, Vill.- Aruvikarai, Tehsil- Thiruvattar, Distt.- Kanyakumari, Tamilnadu, Pin Code- 629161",Sree Ramakrishna Educational And Charitable Trust,Kanyakumari,Tamilnadu,Private,B.Sc(N),50 (Fifty),50,629161,2025-2026,INC Yearly Report,https://online.indiannursingcouncil.org/Reports/YearlyReportByState.aspx,2026-09-11T11:38:23.227156
Tamilnadu|Thiruvallur|SREE SASTHA COLLEGE OF NURSING,Sree Sastha College Of Nursing,"Sree Sastha College Of Nursing, Chennai-Bangalore Highway, Chembarambakkam, Chennai, Distt.- Thiruvallur, Tamilnadu, Pin Code- 600123",Am Kanniappa Mudaliar And Amk Jambulinga Mudaliar Educational Trust,Thiruvallur,Tamilnadu,Private,B.Sc(N),40 (Forty),40,600123,2025-2026,INC Yearly Report,https://online.indiannursingcouncil.org/Reports/YearlyReportByState.aspx,2026-09-11T11:38:23.227156
Tamilnadu|Tiruchirappalli|SRI AMMAN COLLEGE OF NURSING,Sri Amman College Of Nursing,"Sri Amman College Of Nursing, Pothavur, Inampuliyur Post, Srirangam Taluk, Trichy, Trichy, Distt.- Tiruchirappalli, Tamilnadu, Pin Code- 639103",Sri Amman Educational And Charitable Trust,Tiruchirappalli,Tamilnadu,Private,B.Sc(N),50 (Fifty),50,639103,2025-2026,INC Yearly Report,https://online.indiannursingcouncil.org/Reports/YearlyReportByState.aspx,2026-09-11T11:38:23.227156
Tamilnadu|Karur|SRI AUROBINDO SCHOOL OF NURSING,Sri Aurobindo School Of Nursing,"Sri Aurobindo School Of Nursing, Sf.No: 462/1, Aurobindo Nagar, Tnpl Road, Punnamchatram, Karur, Distt.- Karur, Tamilnadu, Pin Code- 639136","Annai Sri Aurobindo Educational Trust, Karur",Karur,Tamilnadu,Private,GNM | B.Sc(N) | M. Sc (N) | P B B.Sc(N),"20 (Twenty) | 50 (Fifty) | 10 Med-Surg-3, Obg-3 Psy-4 | 40 (Forty)",120,639136,2025-2026,INC Yearly Report,https://online.indiannursingcouncil.org/Reports/YearlyReportByState.aspx,2026-09-11T11:38:29.385623
Tamilnadu|Tirunelveli|SRI BALAJI COLLEGE OF NURSING,Sri Balaji College Of Nursing,"Sri Balaji College Of Nursing, 309/5, Knowledge Temple Campus, Shri Ramachandra Nagar, Vill.- Cheranmahadevi, Tehsil- Cheranmahadevi, Distt.- Tirunelveli, Tamilnadu, Pin Code- 627414",Muthu Memorial Educational Trust,Tirunelveli,Tamilnadu,Private,B.Sc(N),50 (Fifty),50,627414,2025-2026,INC Yearly Report,https://online.indiannursingcouncil.org/Reports/YearlyReportByState.aspx,2026-09-11T11:38:29.385623
Tamilnadu|Thiruvallur|SRI DEVI COLLEGE OF NURSING,Sri Devi College Of Nursing,"Sri Devi College Of Nursing, Krishna Puram, Vill.- Krishnapuram, Tehsil- Minjur, Distt.- Thiruvallur, Tamilnadu, Pin Code- 621204",Sridevi Educational And Charitable Trust,Thiruvallur,Tamilnadu,Private,B.Sc(N),50 (Fifty),50,621204,2025-2026,INC Yearly Report,https://online.indiannursingcouncil.org/Reports/YearlyReportByState.aspx,2026-09-11T11:38:29.385623
Tamilnadu|Salem|SRI GOKULAM SCHOOL OF NURSING,Sri Gokulam School Of Nursing,"Sri Gokulam School Of Nursing , 3/836, Periyakalam, Neikarapatti, Vill.- Salem , Tehsil- Salem, Distt.- Salem, Tamilnadu, Pin Code- 636010",Sri Gokulam Trust,Salem,Tamilnadu,Private,GNM | B.Sc(N) | M. Sc (N),"40 (Forty) | 60 (Sixty) | 35; Med-Surg-9, Obg-7, Paed-7, Psy-7, Chn-5",135,636010,2025-2026,INC Yearly Report,https://online.indiannursingcouncil.org/Reports/YearlyReportByState.aspx,2026-09-11T11:38:29.385623
Tamilnadu|Vellore|SRI JEYA SCHOOL OF NURSING,Sri Jeya School Of Nursing,"Sri Jeya School Of Nursing , Sri Jeya Hospital, No. 4, Mugunthan Nagar,, Tirupattur, Distt.- Vellore, Tamilnadu, Pin Code- 635601",Sri Jeya Hospital Trust,Vellore,Tamilnadu,Private,GNM,40 (Forty),40,635601,2025-2026,INC Yearly Report,https://online.indiannursingcouncil.org/Reports/YearlyReportByState.aspx,2026-09-11T11:38:29.385623
Tamilnadu|Tirunelveli|SRI K RAMACHANDRAN NAIDU COLLEGE OF NURSING,Sri K Ramachandran Naidu College Of Nursing,"Sri K Ramachandran Naidu College Of Nursing,, P B No. 1, K R Naidu Nagar, Karivalamvantha Nallur (Via), Vill.- Paruvakudi, Tehsil- Sankarankovil, Distt.- Tirunelveli, Tamilnadu, Pin Code- 627753",K Ramachandra Naidu Telvau Minorities Edu And Cha,Tirunelveli,Tamilnadu,Private,M. Sc (N) | P B B.Sc(N) | ANM | GNM | B.Sc(N),"20 (Twenty) Med-Surg-4, Paed-4, Chn-4, Psy-4, Obg-4 | 30 (Thirty) | 60 (Sixty) | 50 (Fifty) | 60 (Sixty)",220,627753,2025-2026,INC Yearly Report,https://online.indiannursingcouncil.org/Reports/YearlyReportByState.aspx,2026-09-11T11:38:29.385623
Tamilnadu|Salem|SRI KRISHANA INSTITUTE OF NURSING EDUCATION AND RESEARCH,Sri Krishana Institute Of Nursing Education And Research,"Sri Krishana Institute Of Nursing Education And Research, 123 &Amp; 124, Kangeyanur Village, Pannapatty Po, Omalur, Salem, Distt.- Salem, Tamilnadu, Pin Code- 636305",Uma Raja Ganesh Educational Charitable Trust,Salem,Tamilnadu,Private,B.Sc(N),50 (Fifty),50,636305,2025-2026,INC Yearly Report,https://online.indiannursingcouncil.org/Reports/YearlyReportByState.aspx,2026-09-11T11:38:29.385623
Tamilnadu|Coimbatore|SRI LAKSHMI COLLEGE OF NURSING,Sri Lakshmi College Of Nursing,"Sri Lakshmi College Of Nursing, Sf. No 32,Mettupalyam Road,Behind Indian Bank,Thudiyalur, Coimbatore, Distt.- Coimbatore, Tamilnadu, Pin Code- 641034",Lakshmi Duraiswamy Charitable Trust,Coimbatore,Tamilnadu,Private,B.Sc(N),40 (Forty),40,641034,2025-2026,INC Yearly Report,https://online.indiannursingcouncil.org/Reports/YearlyReportByState.aspx,2026-09-11T11:38:29.385623
Tamilnadu|Vellore|SRI NARAYANI SCHOOL OF NURSING,Sri Narayani School Of Nursing,"Sri Narayani School Of Nursing, Thirumalaikodi, Sripuram, Vill.- Sekkanoor, Tehsil- Vellore, Distt.- Vellore, Tamilnadu, Pin Code- 632055",Sri Sakthi Amma Health Care Trust,Vellore,Tamilnadu,Private,GNM | M. Sc (N) | B.Sc(N) | P B B.Sc(N),40 (Forty) | 20 (Twenty) 4 In Each Speciality | 100 (One Hundred) | 20 (Twenty),180,632055,2025-2026,INC Yearly Report,https://online.indiannursingcouncil.org/Reports/YearlyReportByState.aspx,2026-09-11T11:38:29.385623
Tamilnadu|Chennai|SRI RAMACHANDRA INSTITUTE OF HIGHER EDUCATION AND RESEARCH,Sri Ramachandra Institute Of Higher Education And Research,"Sri Ramachandra Institute Of Higher Education And Research, No. 1, Ramachandra Nagar, Porur, Chennai, Chennai, Distt.- Chennai, Tamilnadu, Pin Code- 600116",Sri Ramachandra Institute Of Higher Education And Research Trust,Chennai,Tamilnadu,Private,Ph. D | B.Sc(N) | M. Sc (N) | P B B.Sc(N) | NURSE PRACTITIONER IN CRITICAL CARE(NPCC),04 (Four) | 100 (One Hundred) | 30 (Thirty) 6 In Each Speciality | 20 (Twenty) | 10 (Ten),164,600116,2025-2026,INC Yearly Report,https://online.indiannursingcouncil.org/Reports/YearlyReportByState.aspx,2026-09-11T11:38:29.385623
Tamilnadu|Villuppuram|SRI RANGAPOOPATHI COLLEGE OF PARAMEDICAL SCIENCE,Sri Rangapoopathi College Of Paramedical Science,"Sri Rangapoopathi College Of Paramedical Science, Alampoondi Postgingee Talukvillupuram District - 604151, Gingee, Distt.- Villuppuram, Tamilnadu, Pin Code- 604151",Sri Rangapoopathi Educational Charitable Trust,Villuppuram,Tamilnadu,Private,ANM | GNM,30 (Thirty) | 40 (Forty),70,604151,2025-2026,INC Yearly Report,https://online.indiannursingcouncil.org/Reports/YearlyReportByState.aspx,2026-09-11T11:38:29.385623
Tamilnadu|Erode|SRI SAI SINDHU COLLEGE OF NURSING,Sri Sai Sindhu College Of Nursing,"Sri Sai Sindhu College Of Nursing, Gobi-Tiruppur Road,Kolappalur Village And Town Panchayat, Gobichettipalayam ,Taluk,Erode District, Tamilnadu -638456 , Gobichettipalayam, Distt.- Erode, Tamilnadu",Sri Sai Sindu Foundation,Erode,Tamilnadu,Private,B.Sc(N),60 (Sixty),60,638456,2025-2026,INC Yearly Report,https://online.indiannursingcouncil.org/Reports/YearlyReportByState.aspx,2026-09-11T11:38:29.385623
Tamilnadu|Salem|SRI SHANMUGHA COLLEGE OF NURSING FOR WOMEN,Sri Shanmugha College Of Nursing For Women,"Sri Shanmugha College Of Nursing For Women , Pullipalayam,Morur Po,Sankari Tk Salem District,Tamilnadu, Sankari, Distt.- Salem, Tamilnadu, Pin Code- 637304",Sri Shanmugha Educational Charitable Trust,Salem,Tamilnadu,Private,B.Sc(N),100 (One Hundred),100,637304,2025-2026,INC Yearly Report,https://online.indiannursingcouncil.org/Reports/YearlyReportByState.aspx,2026-09-11T11:38:36.633803
Tamilnadu|Thiruvallur|SRI VENKATESWARAA NURSING COLLEGE,Sri Venkateswaraa Nursing College,"Sri Venkateswaraa Nursing College , No 51 Gnt Road, Near Redhills Toll Plaza , Nallur Village , Chennai, Distt.- Thiruvallur, Tamilnadu, Pin Code- 600067",A.R.R Trust,Thiruvallur,Tamilnadu,Private,B.Sc(N),100 (One Hundred),100,600067,2025-2026,INC Yearly Report,https://online.indiannursingcouncil.org/Reports/YearlyReportByState.aspx,2026-09-11T11:38:36.633803
Tamilnadu|Krishnagiri|SRI VIJAY VIDYALAYA COLLEGE OF NURSING AND RESEARCH,Sri Vijay Vidyalaya College Of Nursing And Research,"Sri Vijay Vidyalaya College Of Nursing And Research, Kandhikuppam Village, Krishnagiri, Distt.- Krishnagiri, Tamilnadu, Pin Code- 635108",Sri Vijay Educational Trust,Krishnagiri,Tamilnadu,Private,B.Sc(N),60 (Sixty),60,635108,2025-2026,INC Yearly Report,https://online.indiannursingcouncil.org/Reports/YearlyReportByState.aspx,2026-09-11T11:38:36.633803
Tamilnadu|Perambalur|SRINIVASAN COLLEGE OF NURSING,Srinivasan College Of Nursing,"Srinivasan College Of Nursing, Nh 45, Trichy Chennai Highway, Siruvachur, Perambalur, Distt.- Perambalur, Tamilnadu, Pin Code- 621113",Srinivasan Charitable And Educational Trust,Perambalur,Tamilnadu,Private,B.Sc(N),100 (One Hundred),100,621113,2025-2026,INC Yearly Report,https://online.indiannursingcouncil.org/Reports/YearlyReportByState.aspx,2026-09-11T11:38:36.633803
Tamilnadu|Perambalur|SRINIVASAN NURSING COLLEGE,Srinivasan Nursing College,"Srinivasan Nursing College, Aranarai (South) Village, Thuraiyur Road, Perambalur, Distt.- Perambalur, Tamilnadu, Pin Code- 621212",Srinivasan Health And Educational Trust,Perambalur,Tamilnadu,Private,B.Sc(N),100 (One Hundred),100,621212,2025-2026,INC Yearly Report,https://online.indiannursingcouncil.org/Reports/YearlyReportByState.aspx,2026-09-11T11:38:36.633803
Tamilnadu|Kanyakumari|ST ANTONY'S SCHOOL OF NURSING,St Antony's School Of Nursing,"St Antony's School Of Nursing, Amanattantheri, Enayam, Distt.- Kanyakumari, Tamilnadu, Pin Code- 629193",The R. C. Diocese Of Kottar,Kanyakumari,Tamilnadu,Private,GNM,20 (Twenty),20,629193,2025-2026,INC Yearly Report,https://online.indiannursingcouncil.org/Reports/YearlyReportByState.aspx,2026-09-11T11:38:36.633803
Tamilnadu|Tirunelveli|ST JOHN'S COLLEGE OF NURSING,St John's College Of Nursing,"St John's College Of Nursing , No.5,St.Johns Nagar,Oorkkadu Road,Veeravanallur-627426, Tirunelveli Dist, Veeravanallur, Distt.- Tirunelveli, Tamilnadu, Pin Code- 627426",St.Johnseducational Trust,Tirunelveli,Tamilnadu,Private,B.Sc(N),60 (Sixty),60,627426,2025-2026,INC Yearly Report,https://online.indiannursingcouncil.org/Reports/YearlyReportByState.aspx,2026-09-11T11:38:36.633803
Tamilnadu|Vellore|ST JOHN'S SCHOOL OF NURSING,St John's School Of Nursing,"St John's School Of Nursing,, Vellore -Arni Highway Nh 234, Dharmavaram Road, Nelvoy Pennathur, Vill.- Nelvoy, Tehsil- Kaniyambadi, Distt.- Vellore, Tamilnadu, Pin Code- 632011",S K Education Trust,Vellore,Tamilnadu,Private,GNM,20 (Twenty),20,632011,2025-2026,INC Yearly Report,https://online.indiannursingcouncil.org/Reports/YearlyReportByState.aspx,2026-09-11T11:38:36.633803
Tamilnadu|Tirunelveli|ST MARIAM COLLEGE OF NURSING,St Mariam College Of Nursing,"St Mariam College Of Nursing, Tirunelveli-Tenkasi Road,, Vill.- Pudur, Tehsil- Manur, Distt.- Tirunelveli, Tamilnadu, Pin Code- 627851",Amminikutty Educational And Charitable Trust,Tirunelveli,Tamilnadu,Private,B.Sc(N),60 (Sixty),60,627851,2025-2026,INC Yearly Report,https://online.indiannursingcouncil.org/Reports/YearlyReportByState.aspx,2026-09-11T11:38:36.633803
Tamilnadu|Thanjavur|ST XAVIER SCHOOL OF NURSING,St Xavier School Of Nursing,"St Xavier School Of Nursing, Needamangalam Main Road, Sakkottai Post, Kumbakonam, Distt.- Thanjavur, Tamilnadu, Pin Code- 612401",Savariyar Educational Trust,Thanjavur,Tamilnadu,Private,GNM | B.Sc(N),20 (Twenty) | 100 (One Hundred),120,612401,2025-2026,INC Yearly Report,https://online.indiannursingcouncil.org/Reports/YearlyReportByState.aspx,2026-09-11T11:38:36.633803
Tamilnadu|Kanyakumari|ST XAVIER'S CATHOLIC COLLEGE OF NURSING,St Xavier's Catholic College Of Nursing,"St Xavier's Catholic College Of Nursing, Chunkankadai, Aloor, Nagercoil, Distt.- Kanyakumari, Tamilnadu, Pin Code- 629003",The R C Ciocese Of Kottar,Kanyakumari,Tamilnadu,Private,B.Sc(N) | M. Sc (N) | P B B.Sc(N),100 (One Hundred) | 25 (Twenty Five) | 40 (Forty),165,629003,2025-2026,INC Yearly Report,https://online.indiannursingcouncil.org/Reports/YearlyReportByState.aspx,2026-09-11T11:38:36.633803
Tamilnadu|Kanyakumari|ST. JUDE'S NURSING COLLEGE,St. Jude's Nursing College,"St. Jude's Nursing College, 16-184-1, Annai Nagar, Tholayavattam, Kanyakumari , Karungal, Distt.- Kanyakumari, Tamilnadu, Pin Code- 629157",Cpm Educational Trust,Kanyakumari,Tamilnadu,Private,B.Sc(N),50 (Fifty),50,629157,2025-2026,INC Yearly Report,https://online.indiannursingcouncil.org/Reports/YearlyReportByState.aspx,2026-09-11T11:38:36.633803
Tamilnadu|Krishnagiri|ST. PETER'S NURSING SCHOOL/COLLEGE AND RESEARCH INSTITUTE,St. Peter's Nursing School/College And Research Institute,"St. Peter's Nursing School/College And Research Institute, Sf.No.502/1, Chennathur Village, Opp To Ii Sipcot, Hosur, Distt.- Krishnagiri, Tamilnadu, Pin Code- 635130",St. Peter's Institute Of Higher Education &Amp; Research Trust,Krishnagiri,Tamilnadu,Private,GNM | B.Sc(N),20 (Twenty) | 100 (One Hundred),120,635130,2025-2026,INC Yearly Report,https://online.indiannursingcouncil.org/Reports/YearlyReportByState.aspx,2026-09-11T11:38:36.633803
Tamilnadu|Tiruvannamalai|ST.BENEDICT'S SCHOOL OF NURSING FOR WOMEN,St.Benedict's School Of Nursing For Women,"St.Benedict's School Of Nursing For Women , Post Box No.2, Vengikkal Post, Adaiyur, Tiruvannamalai , Distt.- Tiruvannamalai, Tamilnadu, Pin Code- 606604",Hospitality For The Needy Society,Tiruvannamalai,Tamilnadu,Private,GNM,20 (Twenty),20,606604,2025-2026,INC Yearly Report,https://online.indiannursingcouncil.org/Reports/YearlyReportByState.aspx,2026-09-11T11:38:36.633803
Tamilnadu|Salem|ST.BONNIE WHITE COLLEGE OF NURSING,St.Bonnie White College Of Nursing,"St.Bonnie White College Of Nursing , Vai Thathanoor, Poovanur(Po), Paruthikadu , Salem , Distt.- Salem, Tamilnadu, Pin Code- 636122",Indian Christian Mission Centre,Salem,Tamilnadu,Private,B.Sc(N),50 (Fifty),50,636122,2025-2026,INC Yearly Report,https://online.indiannursingcouncil.org/Reports/YearlyReportByState.aspx,2026-09-11T11:38:36.633803
Tamilnadu|Tiruvannamalai|ST.MARY'S HOSPITAL & INSTITUTE OF BIOMEDICAL TECHNOLOGY,St.Mary's Hospital & Institute Of Biomedical Technology,"St.Mary's Hospital & Institute Of Biomedical Technology, Mettukudisai Village,Arni Tk,Tiruvannamalai.Dtpin Code -632315, Arni, Distt.- Tiruvannamalai, Tamilnadu, Pin Code- 632315",Dr.A.J.Memorial Educational Trust,Tiruvannamalai,Tamilnadu,Private,GNM,20 (Twenty),20,632315,2025-2026,INC Yearly Report,https://online.indiannursingcouncil.org/Reports/YearlyReportByState.aspx,2026-09-11T11:38:36.633803
Tamilnadu|Tenkasi|ST.MARY'S INSITUTE OF NURSING,St.Mary's Insitute Of Nursing,"St.Mary's Insitute Of Nursing, Madurai Main Road,Chinthamani, Puliangudi,Kadayanallur Taluk, Tenkasi District, Puliangudi, Distt.- Tenkasi, Tamilnadu, Pin Code- 627855",Thangammal Memorial Social Welfare Trust,Tenkasi,Tamilnadu,Private,B.Sc(N),60 (Sixty),60,627855,2025-2026,INC Yearly Report,https://online.indiannursingcouncil.org/Reports/YearlyReportByState.aspx,2026-09-11T11:38:36.633803
Tamilnadu|Coimbatore|ST.MARYS SCHOOL OF NURSING,St.Marys School Of Nursing,"St.Marys School Of Nursing , St.Marys Hospital Campus, Church Road, Podanur, Distt.- Coimbatore, Tamilnadu, Pin Code- 641023",Franciscan Sisters Of The Presentation Of The Blessed Virgin Mary,Coimbatore,Tamilnadu,Private,GNM,20 (Twenty),20,641023,2025-2026,INC Yearly Report,https://online.indiannursingcouncil.org/Reports/YearlyReportByState.aspx,2026-09-11T11:38:36.633803
Tamilnadu|Tenkasi|ST.MARYS SCHOOL OF NURSING,St.Marys School Of Nursing,"St.Marys School Of Nursing, Kuthukkalvalasai Tenkasi , Tenkasi , Distt.- Tenkasi, Tamilnadu, Pin Code- 627803",St.Marys Educational Service Society,Tenkasi,Tamilnadu,Private,GNM,35 (Thirty Five),35,627803,2025-2026,INC Yearly Report,https://online.indiannursingcouncil.org/Reports/YearlyReportByState.aspx,2026-09-11T11:38:36.633803
Tamilnadu|Kancheepuram|ST.THERESA OF CHILD JESUS SCHOOL OF NURSING,St.Theresa Of Child Jesus School Of Nursing,"St.Theresa Of Child Jesus School Of Nursing , St.Thomas Hospital, St.Thomas Mount, Chennai, Distt.- Kancheepuram, Tamilnadu, Pin Code- 600016",Franciscan Sisters Of St.Joseph,Kancheepuram,Tamilnadu,Private,GNM,20 (Twenty),20,600016,2025-2026,INC Yearly Report,https://online.indiannursingcouncil.org/Reports/YearlyReportByState.aspx,2026-09-11T11:38:36.633803
Tamilnadu|Dindigul|SURABI SCHOOL OF NURSING,Surabi School Of Nursing,"Surabi School Of Nursing , Periyamallanam Patty, Pappanam Patty(Po), Dindigul , Distt.- Dindigul, Tamilnadu, Pin Code- 624622",Surabi Educational And Charitable Trust,Dindigul,Tamilnadu,Private,GNM,50 (Fifty),50,624622,2025-2026,INC Yearly Report,https://online.indiannursingcouncil.org/Reports/YearlyReportByState.aspx,2026-09-11T11:38:36.633803
Tamilnadu|Virudhunagar|SURAN COLLEGE OF NURSING,Suran College Of Nursing,"Suran College Of Nursing,, Chattrapattai-Vanniyampattai Rd, Near Mottamalai, Vill.- Pillayar Kulam Villlage, Tehsil- Srivilliputur, Distt.- Virudhunagar, Tamilnadu, Pin Code- 626137",Pimasugan Educational Trust,Virudhunagar,Tamilnadu,Private,B.Sc(N),50 (Fifty),50,626137,2025-2026,INC Yearly Report,https://online.indiannursingcouncil.org/Reports/YearlyReportByState.aspx,2026-09-11T11:38:36.633803
Tamilnadu|Dharmapuri|SWAMI VIVEKANANDA COLLEGE OF NURSING,Swami Vivekananda College Of Nursing,"Swami Vivekananda College Of Nursing, Sri Ramakrishna Nagar, A. Jettihalli Post,, Dharmapuri, Distt.- Dharmapuri, Tamilnadu, Pin Code- 636807",Sri Ramakrishna Vivekananda Educational And Charitable Trust,Dharmapuri,Tamilnadu,Private,B.Sc(N) | GNM | M. Sc (N) | P B B.Sc(N),40 (Forty) | 40 (Forty) | 25 (Twenty Five) | 30 (Thirty),135,636807,2025-2026,INC Yearly Report,https://online.indiannursingcouncil.org/Reports/YearlyReportByState.aspx,2026-09-11T11:38:36.633803
Tamilnadu|Ramanathapuram|SYED AMMAL SCHOOL OF NURSING WOMEN,Syed Ammal School Of Nursing Women,"Syed Ammal School Of Nursing Women, Dr.E.M.Abdullah Campuslanthai, Ramanathapuram, Distt.- Ramanathapuram, Tamilnadu, Pin Code- 623502",Syed Ammal Trust,Ramanathapuram,Tamilnadu,Private,GNM,40 (Forty),40,623502,2025-2026,INC Yearly Report,https://online.indiannursingcouncil.org/Reports/YearlyReportByState.aspx,2026-09-11T11:38:43.008965
Tamilnadu|Salem|TAGORE COLLEGE OF NURSING,Tagore College Of Nursing,"Tagore College Of Nursing, Salem – Chennai Highwaydeviyakurichi, Atturtk, Attur, Distt.- Salem, Tamilnadu, Pin Code- 636112",Southern Educational Rural Development Society,Salem,Tamilnadu,Private,B.Sc(N),60 (Sixty),60,636112,2025-2026,INC Yearly Report,https://online.indiannursingcouncil.org/Reports/YearlyReportByState.aspx,2026-09-11T11:38:43.008965
Tamilnadu|Chengalpattu|TAGORE COLLEGE OF NURSING,Tagore College Of Nursing,"Tagore College Of Nursing, Tagore Medical College Hospital, Rathinamangalam, Melakkottaiyur, Post Chennai, Vill.- Rathinamangalam, Tehsil- Chengalpattu, Distt.- Chengalpattu, Tamilnadu, Pin Cod",Tagore Educational Trust,Chengalpattu,Tamilnadu,Private,B.Sc(N),100 (One Hundred),100,,2025-2026,INC Yearly Report,https://online.indiannursingcouncil.org/Reports/YearlyReportByState.aspx,2026-09-11T11:38:43.008965
Tamilnadu|Coimbatore|TEXCITY SCHOOL OF NURSING,Texcity School Of Nursing,"Texcity School Of Nursing, Texcity Campus Podanur Main Road, Coimbatore, Distt.- Coimbatore, Tamilnadu, Pin Code- 641023",Texcity Medical And Educational Trust,Coimbatore,Tamilnadu,Private,GNM | M. Sc (N) | B.Sc(N),20 (Twenty) | 12 (Twelve) Med-Surg-3 Psy-3 Paed-3 Obg-3 | 50 (Fifty),82,641023,2025-2026,INC Yearly Report,https://online.indiannursingcouncil.org/Reports/YearlyReportByState.aspx,2026-09-11T11:38:43.008965
Tamilnadu|Perambalur|THANTHAI ROEVER COLLEGE OF NURSING,Thanthai Roever College Of Nursing,"Thanthai Roever College Of Nursing , Roever Campus, Perambalur, Distt.- Perambalur, Tamilnadu, Pin Code- 621212",St John Sangam Trust,Perambalur,Tamilnadu,Private,B.Sc(N) | M. Sc (N) | GNM,"50 (Fifty) | 20 ; Med-Surg-10, Chn-5, Paed-5 | 20 (Twenty)",90,621212,2025-2026,INC Yearly Report,https://online.indiannursingcouncil.org/Reports/YearlyReportByState.aspx,2026-09-11T11:38:43.008965
Tamilnadu|Salem|THARAMANGALAM SENGUNTHAR COLLEGE OF NURSING,Tharamangalam Sengunthar College Of Nursing,"Tharamangalam Sengunthar College Of Nursing, Omalur Main Road, Tharamangalam - Post, Omalur - Tk, Salem - Dt., Salem, Distt.- Salem, Tamilnadu, Pin Code- 636502",The Sengunthar Education Board,Salem,Tamilnadu,Private,B.Sc(N),60 (Sixty),60,636502,2025-2026,INC Yearly Report,https://online.indiannursingcouncil.org/Reports/YearlyReportByState.aspx,2026-09-11T11:38:43.008965
Tamilnadu|Kanyakumari|THASIAH COLLEGE OF NURSING,Thasiah College Of Nursing,"Thasiah College Of Nursing, Vellivilagam, Viricode-Po,, Vill.- Unnamalaikadai, Tehsil- Killiyoor, Distt.- Kanyakumari, Tamilnadu, Pin Code- 629165",Chellakan Memorial Educational And Charitabletrust,Kanyakumari,Tamilnadu,Private,B.Sc(N) | M. Sc (N),60 (Sixty) | 25 (Twenty Five) 5 In Each Speciality,85,629165,2025-2026,INC Yearly Report,https://online.indiannursingcouncil.org/Reports/YearlyReportByState.aspx,2026-09-11T11:38:43.008965
Tamilnadu|Dindigul|THE GANDHIGRAM INSTITUTE OF RURAL HEALTH FAMIL WELFARE TRUST,The Gandhigram Institute Of Rural Health Famil Welfare Trust,"The Gandhigram Institute Of Rural Health Famil Welfare Trust, Ambathurai R S, Soundram Nagar, P O - Gandhigram, Dindigul, Distt.- Dindigul, Tamilnadu, Pin Code- 624302",The Gandhigram Institute Of Rural Health And Family Welfare Trust,Dindigul,Tamilnadu,Private,ANM Promotional,30 (Thirty),30,624302,2025-2026,INC Yearly Report,https://online.indiannursingcouncil.org/Reports/YearlyReportByState.aspx,2026-09-11T11:38:43.008965
Tamilnadu|Kanyakumari|THE SALVATION ARMY - CATHERINE BOOTH SCHOOL OF NURSING,The Salvation Army - Catherine Booth School Of Nursing,"The Salvation Army - Catherine Booth School Of Nursing , Vadasery, Nagercoil, Distt.- Kanyakumari, Tamilnadu, Pin Code- 629001",The Salvation Arm,Kanyakumari,Tamilnadu,Private,GNM | B.Sc(N),25 (Twenty Five) | 50 (Fifty),75,629001,2025-2026,INC Yearly Report,https://online.indiannursingcouncil.org/Reports/YearlyReportByState.aspx,2026-09-11T11:38:43.008965
Tamilnadu|Theni|THIRAVIUM COLLEGE OF NURSING,Thiravium College Of Nursing,"Thiravium College Of Nursing, Mount Jerusalem, Periyakulam Road, Kailasapatty, Vill.- Kailasapatty, Tehsil- Periyakulam, Distt.- Theni, Tamilnadu, Pin Code- 626505",Trinity Trust,Theni,Tamilnadu,Private,B.Sc(N),60 (Sixty),60,626505,2025-2026,INC Yearly Report,https://online.indiannursingcouncil.org/Reports/YearlyReportByState.aspx,2026-09-11T11:38:43.008965
Tamilnadu|Tiruchirappalli|THIRUMALAI SRINIVASA PARA MEDICAL INSTITUTION,Thirumalai Srinivasa Para Medical Institution,"Thirumalai Srinivasa Para Medical Institution, 96 Athur Road, Perambalur Road, Vill.- Kizhakkuvadi, Tehsil- Thuraiyur, Distt.- Tiruchirappalli, Tamilnadu, Pin Code- 621010",Chellammal Trust,Tiruchirappalli,Tamilnadu,Private,GNM,20 (Twenty),20,621010,2025-2026,INC Yearly Report,https://online.indiannursingcouncil.org/Reports/YearlyReportByState.aspx,2026-09-11T11:38:43.008965
Tamilnadu|Coimbatore|UNITED COLLEGE OF NURSING,United College Of Nursing,"United College Of Nursing, G.Koundampalayam , Periyanaickenpalayam, Coimbatore, Coimbatore, Distt.- Coimbatore, Tamilnadu, Pin Code- 641020",Uit Educational Trust,Coimbatore,Tamilnadu,Private,B.Sc(N),60 (Sixty),60,641020,2025-2026,INC Yearly Report,https://online.indiannursingcouncil.org/Reports/YearlyReportByState.aspx,2026-09-11T11:38:43.008965
Tamilnadu|Coimbatore|V G SCHOOL OF NURSING,V G School Of Nursing,"V G School Of Nursing, (A Unit Of V G Hospital), No 76A, Mettupalayam Road, Thudiyalur Post, Coimbatore, Distt.- Coimbatore, Tamilnadu, Pin Code- 641034",A V L S Trust,Coimbatore,Tamilnadu,Private,GNM,20 (Twenty),20,641034,2025-2026,INC Yearly Report,https://online.indiannursingcouncil.org/Reports/YearlyReportByState.aspx,2026-09-11T11:38:43.008965
Tamilnadu|Virudhunagar|V P M M COLLEGE OF NURSING,V P M M College Of Nursing,"V P M M College Of Nursing, V P M Nagar, Krishnankoil, Srivilliputhur, Distt.- Virudhunagar, Tamilnadu, Pin Code- 626190",V.P.Muthiahpillai Meenakshi Ammal Trust,Virudhunagar,Tamilnadu,Private,B.Sc(N),50 (Fifty),50,626190,2025-2026,INC Yearly Report,https://online.indiannursingcouncil.org/Reports/YearlyReportByState.aspx,2026-09-11T11:38:43.008965
Tamilnadu|Chennai|V.H.S.-M.A.CHIDAMBARAM SCHOOL OF NURSING,V.H.S.-M.A.Chidambaram School Of Nursing,"V.H.S.-M.A.Chidambaram School Of Nursing, V.H.S., T.T.T.I Post Taramani, Chennai , Distt.- Chennai, Tamilnadu, Pin Code- 600113",M.A.C. Educational Foundation,Chennai,Tamilnadu,Private,GNM | B.Sc(N) | M. Sc (N),"20 (Twenty) | 60 (Sixty) | 18 (Eighteen) Chn-5, Med-Surg-5, Obg-4, Ped-4",98,600113,2025-2026,INC Yearly Report,https://online.indiannursingcouncil.org/Reports/YearlyReportByState.aspx,2026-09-11T11:38:43.008965
Tamilnadu|Virudhunagar|V.V.VANNIAPERUMAL NURSING COLLEGE FOR WOMEN,V.V.Vanniaperumal Nursing College For Women,"V.V.Vanniaperumal Nursing College For Women, Virudhunagar, 369/2, Chatrarediapatti Village, Madurai Road, Virudhunagar , Virudhunagar, Distt.- Virudhunagar, Tamilnadu, Pin Code- 626001",V.V.Vanniaperumal College For Women Managing Board,Virudhunagar,Tamilnadu,Private,B.Sc(N),50 (Fifty),50,626001,2025-2026,INC Yearly Report,https://online.indiannursingcouncil.org/Reports/YearlyReportByState.aspx,2026-09-11T11:38:43.008965
Tamilnadu|Thiruvallur|VEE CARE COLLEGE OF NURSING,Vee Care College Of Nursing,"Vee Care College Of Nursing, 1/5,Chettiar Agaram Road, Sivabootham Village,Vanagaram, Chennai , Chennai, Distt.- Thiruvallur, Tamilnadu, Pin Code- 600095",Veeras Trust,Thiruvallur,Tamilnadu,Private,B.Sc(N),40 (Forty),40,600095,2025-2026,INC Yearly Report,https://online.indiannursingcouncil.org/Reports/YearlyReportByState.aspx,2026-09-11T11:38:43.008965
Tamilnadu|Thiruvallur|VEL NURSING COLLEGE,Vel Nursing College,"Vel Nursing College, No:12/123, Periyapalayam Road, Velan Nagar, Manjankaranai Village, Thiruvallur, Distt.- Thiruvallur, Tamilnadu, Pin Code- 601102","Vel's Institute Of Science, Technology And Advanced Studies - Vistas",Thiruvallur,Tamilnadu,Private,B.Sc(N),100 (One Hundred),100,601102,2025-2026,INC Yearly Report,https://online.indiannursingcouncil.org/Reports/YearlyReportByState.aspx,2026-09-11T11:38:43.008965
Tamilnadu|Madurai|VELAMMAL SCHOOL OF NURSING,Velammal School Of Nursing,"Velammal School Of Nursing , Velammal Village, Madurai-Tuticorin Ring Road, Vill.- Anuppanadi, Tehsil- Madurai West, Distt.- Madurai, Tamilnadu, Pin Code- 625009",Velammal Educational Trust,Madurai,Tamilnadu,Private,GNM | B.Sc(N) | M. Sc (N),50 (Fifty) | 100 (One Hundred) | 12 (Twelve) Med Surg-04 Psy-02 Obg-02 Chn-02 Paed-02,162,625009,2025-2026,INC Yearly Report,https://online.indiannursingcouncil.org/Reports/YearlyReportByState.aspx,2026-09-11T11:38:43.008965
Tamilnadu|Erode|VELLALAR COLLEGE OF NURSING,Vellalar College Of Nursing,"Vellalar College Of Nursing, Maruthi Nagar Thindal , Vill.- Villarasampatti, Thindal, Tehsil- Erode, Distt.- Erode, Tamilnadu, Pin Code- 638012",Vellalar Educational Trust,Erode,Tamilnadu,Private,B.Sc(N),60 (Sixty),60,638012,2025-2026,INC Yearly Report,https://online.indiannursingcouncil.org/Reports/YearlyReportByState.aspx,2026-09-11T11:38:43.008965
Tamilnadu|Kancheepuram|VENKATESWARA NURSING COLLEGE,Venkateswara Nursing College,"Venkateswara Nursing College , Off Omr, Near Navalur, Thalambur, Chennai , Distt.- Kancheepuram, Tamilnadu, Pin Code- 600130",Vel's Institute Of Science Technology And Advanced Studies Vistas,Kancheepuram,Tamilnadu,Private,B.Sc(N) | M. Sc (N),60 (Sixty) | 20 (Twenty) 4 In Each Speciality,80,600130,2025-2026,INC Yearly Report,https://online.indiannursingcouncil.org/Reports/YearlyReportByState.aspx,2026-09-11T11:38:48.940082
Tamilnadu|Thanjavur|VENKATESWARA SCHOOL OF NURSING,Venkateswara School Of Nursing,"Venkateswara School Of Nursing, Kumbakonam Chnnai Main Road, Anaikkarai (Po),, Thiruvidaimaruthur, Distt.- Thanjavur, Tamilnadu, Pin Code- 612502",Isai Velalar Educational Trust,Thanjavur,Tamilnadu,Private,GNM,20 (Twenty),20,612502,2025-2026,INC Yearly Report,https://online.indiannursingcouncil.org/Reports/YearlyReportByState.aspx,2026-09-11T11:38:48.940082
Tamilnadu|Tiruvannamalai|VIGNESH NURSING COLLEGE,Vignesh Nursing College,"Vignesh Nursing College, No 131, Manalurpet Road, Kizhannaikkarai, Tiruvannamalai, Distt.- Tiruvannamalai, Tamilnadu, Pin Code- 606603",Sree Selvavinayagar Trust,Tiruvannamalai,Tamilnadu,Private,M. Sc (N) | B.Sc(N) | P B B.Sc(N),"20 (Twenty) Med-Sg-4, Psy-4, Chn-4, Paed-4, Obg-4 | 60 (Sixty) | 30 (Thirty)",110,606603,2025-2026,INC Yearly Report,https://online.indiannursingcouncil.org/Reports/YearlyReportByState.aspx,2026-09-11T11:38:48.940082
Tamilnadu|Madurai|VIKRAM COLLEGE OF NURSING,Vikram College Of Nursing,"Vikram College Of Nursing, 3/424, Ring Road Junction Road, Sivagangai Ring Road, Madurai, Distt.- Madurai, Tamilnadu, Pin Code- 625020",Vikram Trust,Madurai,Tamilnadu,Private,B.Sc(N) | GNM,60 (Sixty) | 40 (Forty),100,625020,2025-2026,INC Yearly Report,https://online.indiannursingcouncil.org/Reports/YearlyReportByState.aspx,2026-09-11T11:38:48.940082
Tamilnadu|Salem|VINAYAKA MISSION'S ANNAPOORNA SCHOOL OF NURSING,Vinayaka Mission's Annapoorna School Of Nursing,"Vinayaka Mission's Annapoorna School Of Nursing, Nh-47, Sankari Main Road, Chinnaseeragapadi Post, Salem, Distt.- Salem, Tamilnadu, Pin Code- 636308",Vinayaka Missions University,Salem,Tamilnadu,Private,GNM | B.Sc(N) | M. Sc (N),20 (Twenty) | 100 (One Hundred) | 20 (Twenty),140,636308,2025-2026,INC Yearly Report,https://online.indiannursingcouncil.org/Reports/YearlyReportByState.aspx,2026-09-11T11:38:48.940082
Tamilnadu|Salem|VINAYAKA SCHOOL OF NURSING,Vinayaka School Of Nursing,"Vinayaka School Of Nursing, 44- A, Second Agraharam, Salem , Distt.- Salem, Tamilnadu, Pin Code- 636001",Thirumuruga Kirupananda Variyar Thavathiru Sundara Swamigal Medical Educational And Charitable Trust,Salem,Tamilnadu,Private,GNM,20 (Twenty),20,636001,2025-2026,INC Yearly Report,https://online.indiannursingcouncil.org/Reports/YearlyReportByState.aspx,2026-09-11T11:38:48.940082
Tamilnadu|Salem|VIVEKANANDHA ANM SCHOOL,Vivekanandha Anm School,"Vivekanandha Anm School, Veerachipalayam, Sankari West Post, Sankari Taluk, Sankari, Distt.- Salem, Tamilnadu, Pin Code- 637303",Rabindharanath Tagore Educational Charitable Trust,Salem,Tamilnadu,Private,ANM | GNM | B.Sc(N),20 (Twenty) | 40 (Forty) | 100 (One Hundred),160,637303,2025-2026,INC Yearly Report,https://online.indiannursingcouncil.org/Reports/YearlyReportByState.aspx,2026-09-11T11:38:48.940082
Tamilnadu|Namakkal|VIVEKANANDHA SCHOOL OF ANM,Vivekanandha School Of Anm,"Vivekanandha School Of Anm, Elayampalayam, Tiruchengode, Distt.- Namakkal, Tamilnadu, Pin Code- 637205",Angammal Educational Trust,Namakkal,Tamilnadu,Private,ANM | GNM | M. Sc (N) | B.Sc(N) | P B B.Sc(N),"40 (Forty) | 60 (Sixty) | 20 (Twenty) Paed-4, Chn-4, Med Surg-6, Obg-4, Psy-2 | 100 (One Hundred) | 40 (Forty)",260,637205,2025-2026,INC Yearly Report,https://online.indiannursingcouncil.org/Reports/YearlyReportByState.aspx,2026-09-11T11:38:48.940082
Tamilnadu|Kanyakumari|WHITE MEMORIAL COLLEGE OF NURSING,White Memorial College Of Nursing,"White Memorial College Of Nursing, Veeyannoor P.O., Attoor, Distt.- Kanyakumari, Tamilnadu, Pin Code- 629177",White Memorial Educational Society,Kanyakumari,Tamilnadu,Private,GNM,20 (Twenty),20,629177,2025-2026,INC Yearly Report,https://online.indiannursingcouncil.org/Reports/YearlyReportByState.aspx,2026-09-11T11:38:48.940082
Tamilnadu|Kanyakumari|WILLIAM'S SCHOOL OF NURSING,William's School Of Nursing,"William's School Of Nursing, William Hosp. Campus, Krishnancoil, M S Rd, Nagercoil, Distt.- Kanyakumari, Tamilnadu, Pin Code- 62900",Grace William Medical Educational Trust,Kanyakumari,Tamilnadu,Private,GNM,20 (Twenty),20,,2025-2026,INC Yearly Report,https://online.indiannursingcouncil.org/Reports/YearlyReportByState.aspx,2026-09-11T11:38:48.940082
