sl_no,institution_name_raw,institution_address_raw,trust_name,district_name,state,sector,programme,annual_intake,academic_year,page_number,source_url,extraction_timestamp
1,A N M (R) Training School,"A N M (R) Training School , Raghunathpur Sd/Ss Hospital, Barakar Road, Purulia, Distt.- Purulia, West Bengal, Pin Code- 723133",Govt. Of West Bengal,Purulia,West Bengal,Government,ANM,60 (Sixty),2025-2026,1,https://online.indiannursingcouncil.org/Reports/YearlyReportByState.aspx,2026-09-11T11:43:56.143278
1,A N M (R) Training School,"A N M (R) Training School , Raghunathpur Sd/Ss Hospital, Barakar Road, Purulia, Distt.- Purulia, West Bengal, Pin Code- 723133",Govt. Of West Bengal,Purulia,West Bengal,Government,GNM,65 (Sixty Five),2025-2026,1,https://online.indiannursingcouncil.org/Reports/YearlyReportByState.aspx,2026-09-11T11:43:56.143278
2,A N M (R) Nursing Training School,"A N M (R) Nursing Training School, Domkal S D & S S H, Domkal, Domkal, Distt.- Murshidabad, West Bengal, Pin Code- 742303",Government Of West Bengal,Murshidabad,West Bengal,Government,ANM,50 (Fifty),2025-2026,1,https://online.indiannursingcouncil.org/Reports/YearlyReportByState.aspx,2026-09-11T11:43:56.143278
3,A N M (R) Training School,"A N M (R) Training School, Diamond Harbour Government Medical College, Newtown, Diamond Harbour, Ward No-4, Diamond Harbour, Distt.- South 24 Parganas, West Bengal, Pin Code- 743331",Government Of West Bengal,South 24 Parganas,West Bengal,Government,ANM,50 (Fifty),2025-2026,1,https://online.indiannursingcouncil.org/Reports/YearlyReportByState.aspx,2026-09-11T11:43:56.143278
4,A N M (R) Training School,"A N M (R) Training School, Jangipur S D Hospital, P.O.- Raghunathganj, Jangipur, Distt.- Murshidabad, West Bengal, Pin Code- 742225",Govt. Of West Bengal,Murshidabad,West Bengal,Government,ANM,50 (Fifty),2025-2026,1,https://online.indiannursingcouncil.org/Reports/YearlyReportByState.aspx,2026-09-11T11:43:56.143278
4,A N M (R) Training School,"A N M (R) Training School, Jangipur S D Hospital, P.O.- Raghunathganj, Jangipur, Distt.- Murshidabad, West Bengal, Pin Code- 742225",Govt. Of West Bengal,Murshidabad,West Bengal,Government,GNM,60 (Sixty),2025-2026,1,https://online.indiannursingcouncil.org/Reports/YearlyReportByState.aspx,2026-09-11T11:43:56.143278
5,A N M (R) Training School,"A N M (R) Training School, Vidyasagar S G Hospital, Behala , Distt.- Kolkata, West Bengal, Pin Code- 700034",Govt. Of West Bengal,Kolkata,West Bengal,Government,ANM,60 (Sixty),2025-2026,1,https://online.indiannursingcouncil.org/Reports/YearlyReportByState.aspx,2026-09-11T11:43:56.143278
6,A N M Training School,"A N M Training School, Kakdwip Sub-Divisional Hospital, Village + Post- Subhasnagar, Vill.- Subhasnagar, Tehsil- Kakdwip, Distt.- South 24 Parganas, West Bengal, Pin Code- 743347",Govt. Of West Bengal,South 24 Parganas,West Bengal,Government,ANM,60 (Sixty),2025-2026,1,https://online.indiannursingcouncil.org/Reports/YearlyReportByState.aspx,2026-09-11T11:43:56.143278
7,Abs Academy Of Nursing And Health Sciences,"Abs Academy Of Nursing And Health Sciences, J.P Avenue, Sagarbhanga, Durgapur, Durgapur, Distt.- Paschim Bardhaman, West Bengal, Pin Code- 713211",Sarthak Educational Trust,Paschim Bardhaman,West Bengal,Private,GNM,60 (Sixty),2025-2026,1,https://online.indiannursingcouncil.org/Reports/YearlyReportByState.aspx,2026-09-11T11:43:56.143278
8,Adan Institue Of Nursing Science,"Adan Institue Of Nursing Science, Milan More, Sisbari, P.O.-Champasari, P.S.-Pradhannagr, Dist-Darjeeling, Pin-734003, Siliguri, Distt.- Darjeeling, West Bengal, Pin Code- 734003",Hosana Welfare Society,Darjeeling,West Bengal,Private,GNM,60 (Sixty),2025-2026,1,https://online.indiannursingcouncil.org/Reports/YearlyReportByState.aspx,2026-09-11T11:43:56.143278
8,Adan Institue Of Nursing Science,"Adan Institue Of Nursing Science, Milan More, Sisbari, P.O.-Champasari, P.S.-Pradhannagr, Dist-Darjeeling, Pin-734003, Siliguri, Distt.- Darjeeling, West Bengal, Pin Code- 734003",Hosana Welfare Society,Darjeeling,West Bengal,Private,B.Sc(N),40 (Forty),2025-2026,1,https://online.indiannursingcouncil.org/Reports/YearlyReportByState.aspx,2026-09-11T11:43:56.143278
9,Agragati Institute Of Health Sciences Nursing Education Unit,"Agragati Institute Of Health Sciences Nursing Education Unit, Village P.O.-Rashpur, P.S.-Amta, , Distt.- Howrah, West Bengal, Pin Code- 711401",Agragati,Howrah,West Bengal,Private,GNM,60 (Sixty),2025-2026,1,https://online.indiannursingcouncil.org/Reports/YearlyReportByState.aspx,2026-09-11T11:43:56.143278
9,Agragati Institute Of Health Sciences Nursing Education Unit,"Agragati Institute Of Health Sciences Nursing Education Unit, Village P.O.-Rashpur, P.S.-Amta, , Distt.- Howrah, West Bengal, Pin Code- 711401",Agragati,Howrah,West Bengal,Private,B.Sc(N),60 (Sixty),2025-2026,1,https://online.indiannursingcouncil.org/Reports/YearlyReportByState.aspx,2026-09-11T11:43:56.143278
10,Aliah University,"Aliah University, Department Of Nursing, 17, Gora Chand Road, Park Circus, Kolkata , Distt.- Kolkata, West Bengal, Pin Code- 700014",Government Of West Bengal,Kolkata,West Bengal,Government,B.Sc(N),60 (Sixty),2025-2026,1,https://online.indiannursingcouncil.org/Reports/YearlyReportByState.aspx,2026-09-11T11:43:56.143278
11,Anandaloke Institute Of Nursing Education,"Anandaloke Institute Of Nursing Education, Green Park Tea, Auction Road, Mallaguri, Siliguri, Distt.- Darjeeling, West Bengal, Pin Code- 734001",Skr Educational Foundation,Darjeeling,West Bengal,Private,GNM,60 (Sixty),2025-2026,1,https://online.indiannursingcouncil.org/Reports/YearlyReportByState.aspx,2026-09-11T11:43:56.143278
11,Anandaloke Institute Of Nursing Education,"Anandaloke Institute Of Nursing Education, Green Park Tea, Auction Road, Mallaguri, Siliguri, Distt.- Darjeeling, West Bengal, Pin Code- 734001",Skr Educational Foundation,Darjeeling,West Bengal,Private,B.Sc(N),55 (Fifty Five),2025-2026,1,https://online.indiannursingcouncil.org/Reports/YearlyReportByState.aspx,2026-09-11T11:43:56.143278
12,Angel Day School Of Nursing,"Angel Day School Of Nursing, Vill: Rahana (2Nd More), P.O. Sadhanpur, P.S. Amdanga, Dist. North 24 Parganas, Pin: 743221, West Bengal, Barasat, Distt.- North 24 Parganas, West Bengal, Pin Code- 74",Angel Day School Trust,North 24 Parganas,West Bengal,Private,GNM,60 (Sixty),2025-2026,1,https://online.indiannursingcouncil.org/Reports/YearlyReportByState.aspx,2026-09-11T11:43:56.143278
13,Annapurna Nursing Institute,"Annapurna Nursing Institute, Rajbandh (Near Bankali Mandir) , P.S-Kanksha , P.O-Rajbandh , Durgapur, Distt.- Paschim Bardhaman, West Bengal, Pin Code- 713212",Annapurna Trust,Paschim Bardhaman,West Bengal,Private,GNM,40 (Forty),2025-2026,1,https://online.indiannursingcouncil.org/Reports/YearlyReportByState.aspx,2026-09-11T11:43:56.143278
14,Apollo College Of Nursing,"Apollo College Of Nursing, Rgn/6/A/S/1044, Gopalpur Narayanpur, Battala, Battala, Distt.- Kolkata, West Bengal, Pin Code- 700136",Apollo Hospitals Educational Trust,Kolkata,West Bengal,Private,B.Sc(N),100 (One Hundred),2025-2026,1,https://online.indiannursingcouncil.org/Reports/YearlyReportByState.aspx,2026-09-11T11:43:56.143278
14,Apollo College Of Nursing,"Apollo College Of Nursing, Rgn/6/A/S/1044, Gopalpur Narayanpur, Battala, Battala, Distt.- Kolkata, West Bengal, Pin Code- 700136",Apollo Hospitals Educational Trust,Kolkata,West Bengal,Private,M. Sc (N),25 (Twenty Five),2025-2026,1,https://online.indiannursingcouncil.org/Reports/YearlyReportByState.aspx,2026-09-11T11:43:56.143278
14,Apollo College Of Nursing,"Apollo College Of Nursing, Rgn/6/A/S/1044, Gopalpur Narayanpur, Battala, Battala, Distt.- Kolkata, West Bengal, Pin Code- 700136",Apollo Hospitals Educational Trust,Kolkata,West Bengal,Private,P B B.Sc(N),20 (Twenty),2025-2026,1,https://online.indiannursingcouncil.org/Reports/YearlyReportByState.aspx,2026-09-11T11:43:56.143278
14,Apollo College Of Nursing,"Apollo College Of Nursing, Rgn/6/A/S/1044, Gopalpur Narayanpur, Battala, Battala, Distt.- Kolkata, West Bengal, Pin Code- 700136",Apollo Hospitals Educational Trust,Kolkata,West Bengal,Private,Post Basic Diploma in Critical care nursing,10 (Ten),2025-2026,1,https://online.indiannursingcouncil.org/Reports/YearlyReportByState.aspx,2026-09-11T11:43:56.143278
15,Ashsheefa Institute Of Nursing,"Ashsheefa Institute Of Nursing, Jaganathpur, Sahararhat, Falta, 24 Pgs(S), Sahararhat, Distt.- South 24 Parganas, West Bengal, Pin Code- 743504",Ashsheefa Group,South 24 Parganas,West Bengal,Private,GNM,60 (Sixty),2025-2026,1,https://online.indiannursingcouncil.org/Reports/YearlyReportByState.aspx,2026-09-11T11:43:56.143278
16,B M Birla College Of Nursing,"B M Birla College Of Nursing, P.O.- Rasapunja, Near Military Camp, Bakhrahat Road, P.S.- Bishnupur, Kolkata, Distt.- Kolkata, West Bengal, Pin Code- 700104",The Calcutta Medical Research Institute,Kolkata,West Bengal,Private,B.Sc(N),50 (Fifty),2025-2026,1,https://online.indiannursingcouncil.org/Reports/YearlyReportByState.aspx,2026-09-11T11:43:56.143278
16,B M Birla College Of Nursing,"B M Birla College Of Nursing, P.O.- Rasapunja, Near Military Camp, Bakhrahat Road, P.S.- Bishnupur, Kolkata, Distt.- Kolkata, West Bengal, Pin Code- 700104",The Calcutta Medical Research Institute,Kolkata,West Bengal,Private,M. Sc (N),"27; Obg-5, Paed-5, Chn-5, Med-Srug-8, Psy-4",2025-2026,1,https://online.indiannursingcouncil.org/Reports/YearlyReportByState.aspx,2026-09-11T11:43:56.143278
17,B P Poddar Parvati Devi Academy Of Nursing,"B P Poddar Parvati Devi Academy Of Nursing, 46, Manujendra Dutta Road, Gorabazar , Kolkata, Distt.- Kolkata, West Bengal, Pin Code- 700028",B.P. Poddar And Parvati Devi Foundation For Education,Kolkata,West Bengal,Private,GNM,60 (Sixty),2025-2026,1,https://online.indiannursingcouncil.org/Reports/YearlyReportByState.aspx,2026-09-11T11:43:56.143278
17,B P Poddar Parvati Devi Academy Of Nursing,"B P Poddar Parvati Devi Academy Of Nursing, 46, Manujendra Dutta Road, Gorabazar , Kolkata, Distt.- Kolkata, West Bengal, Pin Code- 700028",B.P. Poddar And Parvati Devi Foundation For Education,Kolkata,West Bengal,Private,B.Sc(N),60 (Sixty),2025-2026,1,https://online.indiannursingcouncil.org/Reports/YearlyReportByState.aspx,2026-09-11T11:43:56.143278
18,Basumati Institute Of Nursing,"Basumati Institute Of Nursing, P.O.- Bokhara, P.S.- Sagardighi, Vill.- Bokhara, Tehsil- Sagardighi, Distt.- Murshidabad, West Bengal, Pin Code- 742226",Florence Nightingale Welfare Trust,Murshidabad,West Bengal,Private,GNM,60 (Sixty),2025-2026,1,https://online.indiannursingcouncil.org/Reports/YearlyReportByState.aspx,2026-09-11T11:43:56.143278
19,Bcet Institute Of Nursing Sciences,"Bcet Institute Of Nursing Sciences, Shilpo Kanon Road, Bidhannagar (Near Hudco More), Durgapur, Distt.- Paschim Bardhaman, West Bengal, Pin Code- 713212",S K S Educational And Social Trust,Paschim Bardhaman,West Bengal,Private,GNM,30 (Thirty),2025-2026,1,https://online.indiannursingcouncil.org/Reports/YearlyReportByState.aspx,2026-09-11T11:43:56.143278
1,Bcet Institute Of Nursing Sciences,"Bcet Institute Of Nursing Sciences, Shilpo Kanon Road, Bidhannagar (Near Hudco More), Durgapur, Distt.- Paschim Bardhaman, West Bengal, Pin Code- 713212",S K S Educational And Social Trust,Paschim Bardhaman,West Bengal,Private,B.Sc(N),30 (Thirty),2025-2026,2,https://online.indiannursingcouncil.org/Reports/YearlyReportByState.aspx,2026-09-11T11:44:02.464237
2,Belarani Institute Of Nursing,"Belarani Institute Of Nursing, Nh-60, Vivekanandanagar, P.O- Damodarbati, P.S- Onda, Bankura, Distt.- Bankura, West Bengal, Pin Code- 722144",Belarani Education Trust,Bankura,West Bengal,Private,B.Sc(N),60 (Sixty),2025-2026,2,https://online.indiannursingcouncil.org/Reports/YearlyReportByState.aspx,2026-09-11T11:44:02.464237
2,Belarani Institute Of Nursing,"Belarani Institute Of Nursing, Nh-60, Vivekanandanagar, P.O- Damodarbati, P.S- Onda, Bankura, Distt.- Bankura, West Bengal, Pin Code- 722144",Belarani Education Trust,Bankura,West Bengal,Private,GNM,60 (Sixty),2025-2026,2,https://online.indiannursingcouncil.org/Reports/YearlyReportByState.aspx,2026-09-11T11:44:02.464237
3,Bhagwangola Nursing Institute,"Bhagwangola Nursing Institute, Vill-Kanapukur, P.O. &Amp; P.S.-Bhagwangola, Bhagwangola, Distt.- Murshidabad, West Bengal, Pin Code- 742135",Fajila Begum Educational And Welfare Trust,Murshidabad,West Bengal,Private,GNM,60 (Sixty),2025-2026,2,https://online.indiannursingcouncil.org/Reports/YearlyReportByState.aspx,2026-09-11T11:44:02.464237
3,Bhagwangola Nursing Institute,"Bhagwangola Nursing Institute, Vill-Kanapukur, P.O. &Amp; P.S.-Bhagwangola, Bhagwangola, Distt.- Murshidabad, West Bengal, Pin Code- 742135",Fajila Begum Educational And Welfare Trust,Murshidabad,West Bengal,Private,B.Sc(N),60 (Sixty),2025-2026,2,https://online.indiannursingcouncil.org/Reports/YearlyReportByState.aspx,2026-09-11T11:44:02.464237
4,Bharat Sevashram Sangha School Of Nursing,"Bharat Sevashram Sangha School Of Nursing, Bharat Sevashram Sangha Hospital, Diamond Harbour Road, P.O. Pailan, Kolkata, Distt.- South 24 Parganas, West Bengal, Pin Code- 700104",Bharat Sevashram Sangha,South 24 Parganas,West Bengal,Private,GNM,20 (Twenty),2025-2026,2,https://online.indiannursingcouncil.org/Reports/YearlyReportByState.aspx,2026-09-11T11:44:02.464237
5,Bishnupur Public School And College Of Nursing,"Bishnupur Public School And College Of Nursing, Vill- Ramananda Nagar (Chougan), P.O. &Amp; P.S.- Bishnupur, Bishnupur, Distt.- Bankura, West Bengal, Pin Code- 722122",Bishnupur Public Education Society,Bankura,West Bengal,Private,B.Sc(N),60 (Sixty),2025-2026,2,https://online.indiannursingcouncil.org/Reports/YearlyReportByState.aspx,2026-09-11T11:44:02.464237
5,Bishnupur Public School And College Of Nursing,"Bishnupur Public School And College Of Nursing, Vill- Ramananda Nagar (Chougan), P.O. &Amp; P.S.- Bishnupur, Bishnupur, Distt.- Bankura, West Bengal, Pin Code- 722122",Bishnupur Public Education Society,Bankura,West Bengal,Private,GNM,60 (Sixty),2025-2026,2,https://online.indiannursingcouncil.org/Reports/YearlyReportByState.aspx,2026-09-11T11:44:02.464237
6,Budge Budge Institute Of Nursing,"Budge Budge Institute Of Nursing, Chandipur More, Birlapur Road, P.S.: Nodakhali, P.O.: B Chandipur, Kolkata, Distt.- South 24 Parganas, West Bengal, Pin Code- 700137",Amanat Foundation,South 24 Parganas,West Bengal,Private,GNM,60 (Sixty),2025-2026,2,https://online.indiannursingcouncil.org/Reports/YearlyReportByState.aspx,2026-09-11T11:44:02.464237
7,Care And Cure Institution Of Nursing And Research,"Care And Cure Institution Of Nursing And Research , S.N. Road, Nabapally, Barasat, Barasat, Distt.- North 24 Parganas, West Bengal, Pin Code- 700126",Ccnr,North 24 Parganas,West Bengal,Private,GNM,60 (Sixty),2025-2026,2,https://online.indiannursingcouncil.org/Reports/YearlyReportByState.aspx,2026-09-11T11:44:02.464237
7,Care And Cure Institution Of Nursing And Research,"Care And Cure Institution Of Nursing And Research , S.N. Road, Nabapally, Barasat, Barasat, Distt.- North 24 Parganas, West Bengal, Pin Code- 700126",Ccnr,North 24 Parganas,West Bengal,Private,B.Sc(N),60 (Sixty),2025-2026,2,https://online.indiannursingcouncil.org/Reports/YearlyReportByState.aspx,2026-09-11T11:44:02.464237
8,Chandrakant Institute Of Nursing And Health Sciences,"Chandrakant Institute Of Nursing And Health Sciences, Sitala (East), Malipukuria, P.O Sonarpur, Kolkata, Distt.- South 24 Parganas, West Bengal, Pin Code- 700150","Liver Foundation, West Bengal",South 24 Parganas,West Bengal,Private,GNM,50 (Fifty),2025-2026,2,https://online.indiannursingcouncil.org/Reports/YearlyReportByState.aspx,2026-09-11T11:44:02.464237
9,Charnock School Of Nursing Charnock Health Care Institute,"Charnock School Of Nursing Charnock Health Care Institute, Synthesis Building Unit 4, Cbd 1, Action Area Ii, New Town , Kolkata, Distt.- North 24 Parganas, West Bengal, Pin Code- 700156",Charnock Healthcare Institute,North 24 Parganas,West Bengal,Private,GNM,100 (One Hundred),2025-2026,2,https://online.indiannursingcouncil.org/Reports/YearlyReportByState.aspx,2026-09-11T11:44:02.464237
9,Charnock School Of Nursing Charnock Health Care Institute,"Charnock School Of Nursing Charnock Health Care Institute, Synthesis Building Unit 4, Cbd 1, Action Area Ii, New Town , Kolkata, Distt.- North 24 Parganas, West Bengal, Pin Code- 700156",Charnock Healthcare Institute,North 24 Parganas,West Bengal,Private,B.Sc(N),100 (One Hundred),2025-2026,2,https://online.indiannursingcouncil.org/Reports/YearlyReportByState.aspx,2026-09-11T11:44:02.464237
9,Charnock School Of Nursing Charnock Health Care Institute,"Charnock School Of Nursing Charnock Health Care Institute, Synthesis Building Unit 4, Cbd 1, Action Area Ii, New Town , Kolkata, Distt.- North 24 Parganas, West Bengal, Pin Code- 700156",Charnock Healthcare Institute,North 24 Parganas,West Bengal,Private,M. Sc (N),"25 (Twenty Five) OBG-05, CHN-05, MED-SURG.-11, PEAD- 02, PSY- 02",2025-2026,2,https://online.indiannursingcouncil.org/Reports/YearlyReportByState.aspx,2026-09-11T11:44:02.464237
10,Chittaranjan National Cancer Institute,"Chittaranjan National Cancer Institute, Street No.299, Plot No. Dj – 01, Premises No. 02-0321, Action Area Id, New Town, Kolkata, Distt.- Kolkata, West Bengal, Pin Code- 700160",Chittaranjan National Cancer Institute,Kolkata,West Bengal,Government,Post Basic Diploma in Oncology Nursing,10 (Ten),2025-2026,2,https://online.indiannursingcouncil.org/Reports/YearlyReportByState.aspx,2026-09-11T11:44:02.464237
11,Clara Barton School Of Nursing,"Clara Barton School Of Nursing, Pwd Road, P.O. + P.S.- Jiaganj, Jiaganj, Distt.- Murshidabad, West Bengal, Pin Code- 742123",Baluchar Educational And Welfare Trust,Murshidabad,West Bengal,Private,GNM,60 (Sixty),2025-2026,2,https://online.indiannursingcouncil.org/Reports/YearlyReportByState.aspx,2026-09-11T11:44:02.464237
12,College And School Of Nursing,"College And School Of Nursing, R.N. Tagore Hospital, A Unit Of Asia Heart Foundation, Ukhila-2, Paikpara, Narendrapur, Kolkata, Distt.- Kolkata, West Bengal, Pin Code- 700103",Asia Heart Foundation,Kolkata,West Bengal,Private,B.Sc(N),100 (One Hundred),2025-2026,2,https://online.indiannursingcouncil.org/Reports/YearlyReportByState.aspx,2026-09-11T11:44:02.464237
12,College And School Of Nursing,"College And School Of Nursing, R.N. Tagore Hospital, A Unit Of Asia Heart Foundation, Ukhila-2, Paikpara, Narendrapur, Kolkata, Distt.- Kolkata, West Bengal, Pin Code- 700103",Asia Heart Foundation,Kolkata,West Bengal,Private,GNM,100 (One Hundred),2025-2026,2,https://online.indiannursingcouncil.org/Reports/YearlyReportByState.aspx,2026-09-11T11:44:02.464237
12,College And School Of Nursing,"College And School Of Nursing, R.N. Tagore Hospital, A Unit Of Asia Heart Foundation, Ukhila-2, Paikpara, Narendrapur, Kolkata, Distt.- Kolkata, West Bengal, Pin Code- 700103",Asia Heart Foundation,Kolkata,West Bengal,Private,Post Basic Diploma in Cardio Thoracic Nursing,20 (TWENTY),2025-2026,2,https://online.indiannursingcouncil.org/Reports/YearlyReportByState.aspx,2026-09-11T11:44:02.464237
12,College And School Of Nursing,"College And School Of Nursing, R.N. Tagore Hospital, A Unit Of Asia Heart Foundation, Ukhila-2, Paikpara, Narendrapur, Kolkata, Distt.- Kolkata, West Bengal, Pin Code- 700103",Asia Heart Foundation,Kolkata,West Bengal,Private,P B B.Sc(N),40 (Forty),2025-2026,2,https://online.indiannursingcouncil.org/Reports/YearlyReportByState.aspx,2026-09-11T11:44:02.464237
12,College And School Of Nursing,"College And School Of Nursing, R.N. Tagore Hospital, A Unit Of Asia Heart Foundation, Ukhila-2, Paikpara, Narendrapur, Kolkata, Distt.- Kolkata, West Bengal, Pin Code- 700103",Asia Heart Foundation,Kolkata,West Bengal,Private,M. Sc (N),"25 (Twenty Five) :Med Surg-5,Obg-5,Chn-5,Paed-5,Psy-5",2025-2026,2,https://online.indiannursingcouncil.org/Reports/YearlyReportByState.aspx,2026-09-11T11:44:02.464237
12,College And School Of Nursing,"College And School Of Nursing, R.N. Tagore Hospital, A Unit Of Asia Heart Foundation, Ukhila-2, Paikpara, Narendrapur, Kolkata, Distt.- Kolkata, West Bengal, Pin Code- 700103",Asia Heart Foundation,Kolkata,West Bengal,Private,Post Basic Diploma in Neurology Nursing,15 (Fifteen),2025-2026,2,https://online.indiannursingcouncil.org/Reports/YearlyReportByState.aspx,2026-09-11T11:44:02.464237
12,College And School Of Nursing,"College And School Of Nursing, R.N. Tagore Hospital, A Unit Of Asia Heart Foundation, Ukhila-2, Paikpara, Narendrapur, Kolkata, Distt.- Kolkata, West Bengal, Pin Code- 700103",Asia Heart Foundation,Kolkata,West Bengal,Private,NURSE PRACTITIONER IN CRITICAL CARE(NPCC),10 (Ten),2025-2026,2,https://online.indiannursingcouncil.org/Reports/YearlyReportByState.aspx,2026-09-11T11:44:02.464237
13,College Of Nursing,"College Of Nursing , E.S.I. Hospital Asansol, Sen Raleigh Road, Asansol, Distt.- Paschim Bardhaman, West Bengal, Pin Code- 713305",Govt. Of West Bengal,Paschim Bardhaman,West Bengal,Government,B.Sc(N),50 (Fifty),2025-2026,2,https://online.indiannursingcouncil.org/Reports/YearlyReportByState.aspx,2026-09-11T11:44:02.464237
14,College Of Nursing And School Of Nursing,"College Of Nursing And School Of Nursing, Techno India University, Em-4, Sector-V, Salt Lake, Bidhannagar, Salt Lake, Distt.- Kolkata, West Bengal, Pin Code- 700091","Techno India University, West Bengal",Kolkata,West Bengal,Private,P B B.Sc(N),40 (Forty),2025-2026,2,https://online.indiannursingcouncil.org/Reports/YearlyReportByState.aspx,2026-09-11T11:44:02.464237
14,College Of Nursing And School Of Nursing,"College Of Nursing And School Of Nursing, Techno India University, Em-4, Sector-V, Salt Lake, Bidhannagar, Salt Lake, Distt.- Kolkata, West Bengal, Pin Code- 700091","Techno India University, West Bengal",Kolkata,West Bengal,Private,B.Sc(N),60 (Sixty),2025-2026,2,https://online.indiannursingcouncil.org/Reports/YearlyReportByState.aspx,2026-09-11T11:44:02.464237
14,College Of Nursing And School Of Nursing,"College Of Nursing And School Of Nursing, Techno India University, Em-4, Sector-V, Salt Lake, Bidhannagar, Salt Lake, Distt.- Kolkata, West Bengal, Pin Code- 700091","Techno India University, West Bengal",Kolkata,West Bengal,Private,GNM,60 (Sixty),2025-2026,2,https://online.indiannursingcouncil.org/Reports/YearlyReportByState.aspx,2026-09-11T11:44:02.464237
15,College Of Nursing,"College Of Nursing, All India Institute Of Medical Sciences, Nh-34, Basantapur, Saguna, Kalyani, Distt.- Nadia, West Bengal, Pin Code- 741245",Ministry Of Health And Family Welfare,Nadia,West Bengal,Government,B.Sc(N),60 (Sixty),2025-2026,2,https://online.indiannursingcouncil.org/Reports/YearlyReportByState.aspx,2026-09-11T11:44:02.464237
15,College Of Nursing,"College Of Nursing, All India Institute Of Medical Sciences, Nh-34, Basantapur, Saguna, Kalyani, Distt.- Nadia, West Bengal, Pin Code- 741245",Ministry Of Health And Family Welfare,Nadia,West Bengal,Government,M. Sc (N),6 (Six),2025-2026,2,https://online.indiannursingcouncil.org/Reports/YearlyReportByState.aspx,2026-09-11T11:44:02.464237
1,College Of Nursing,"College Of Nursing, Command Hospital (Eastern Command), Alipore Road., Kolkata, Distt.- Kolkata, West Bengal, Pin Code- 700027",Ministry Of Defence,Kolkata,West Bengal,Government,B.Sc(N),30 (Thirty),2025-2026,3,https://online.indiannursingcouncil.org/Reports/YearlyReportByState.aspx,2026-09-11T11:44:09.181753
1,College Of Nursing,"College Of Nursing, Command Hospital (Eastern Command), Alipore Road., Kolkata, Distt.- Kolkata, West Bengal, Pin Code- 700027",Ministry Of Defence,Kolkata,West Bengal,Government,M. Sc (N),15 Chn-2 Obg-2 Psy-4 Med-Surg-4 Paed-3,2025-2026,3,https://online.indiannursingcouncil.org/Reports/YearlyReportByState.aspx,2026-09-11T11:44:09.181753
2,College Of Nursing,"College Of Nursing, Institute Of Psychiatry-Coe, 7, D.L. Khan Road, Kolkata, Distt.- Kolkata, West Bengal, Pin Code- 700025",Government Of West Bengal,Kolkata,West Bengal,Government,M. Sc (N),10 (Ten) Psy- 10,2025-2026,3,https://online.indiannursingcouncil.org/Reports/YearlyReportByState.aspx,2026-09-11T11:44:09.181753
2,College Of Nursing,"College Of Nursing, Institute Of Psychiatry-Coe, 7, D.L. Khan Road, Kolkata, Distt.- Kolkata, West Bengal, Pin Code- 700025",Government Of West Bengal,Kolkata,West Bengal,Government,Post Basic Diploma in Psychiatric nsg.,20 (Twenty),2025-2026,3,https://online.indiannursingcouncil.org/Reports/YearlyReportByState.aspx,2026-09-11T11:44:09.181753
3,College Of Nursing,"College Of Nursing, Medical College & Hospital, 88, College Street, Kolkata, Distt.- Kolkata, West Bengal, Pin Code- 700073",Govt. Of West Bengal,Kolkata,West Bengal,Government,P B B.Sc(N),60 (Sixty),2025-2026,3,https://online.indiannursingcouncil.org/Reports/YearlyReportByState.aspx,2026-09-11T11:44:09.181753
3,College Of Nursing,"College Of Nursing, Medical College & Hospital, 88, College Street, Kolkata, Distt.- Kolkata, West Bengal, Pin Code- 700073",Govt. Of West Bengal,Kolkata,West Bengal,Government,B.Sc(N),60 (Sixty),2025-2026,3,https://online.indiannursingcouncil.org/Reports/YearlyReportByState.aspx,2026-09-11T11:44:09.181753
3,College Of Nursing,"College Of Nursing, Medical College & Hospital, 88, College Street, Kolkata, Distt.- Kolkata, West Bengal, Pin Code- 700073",Govt. Of West Bengal,Kolkata,West Bengal,Government,M. Sc (N),"30 (Thirty) Obg- 05, Paed- 15, Chn- 10",2025-2026,3,https://online.indiannursingcouncil.org/Reports/YearlyReportByState.aspx,2026-09-11T11:44:09.181753
4,College Of Nursing,"College Of Nursing, Midnapore Medical College & Hospital Campus, Midnapore, Distt.- Pashchim Midnapore, West Bengal, Pin Code- 721101",Govt. Of West Bengal,Pashchim Midnapore,West Bengal,Government,B.Sc(N),50 (Fifty),2025-2026,3,https://online.indiannursingcouncil.org/Reports/YearlyReportByState.aspx,2026-09-11T11:44:09.181753
5,College Of Nursing,"College Of Nursing, North Bengal Medical College & Hospital, Sushruta Nagar, Siliguri, Distt.- Darjeeling, West Bengal, Pin Code- 734012",Govt. Of West Bengal,Darjeeling,West Bengal,Government,B.Sc(N),50 (Fifty),2025-2026,3,https://online.indiannursingcouncil.org/Reports/YearlyReportByState.aspx,2026-09-11T11:44:09.181753
5,College Of Nursing,"College Of Nursing, North Bengal Medical College & Hospital, Sushruta Nagar, Siliguri, Distt.- Darjeeling, West Bengal, Pin Code- 734012",Govt. Of West Bengal,Darjeeling,West Bengal,Government,M. Sc (N),30 (Thirty),2025-2026,3,https://online.indiannursingcouncil.org/Reports/YearlyReportByState.aspx,2026-09-11T11:44:09.181753
5,College Of Nursing,"College Of Nursing, North Bengal Medical College & Hospital, Sushruta Nagar, Siliguri, Distt.- Darjeeling, West Bengal, Pin Code- 734012",Govt. Of West Bengal,Darjeeling,West Bengal,Government,P B B.Sc(N),60 (Sixty),2025-2026,3,https://online.indiannursingcouncil.org/Reports/YearlyReportByState.aspx,2026-09-11T11:44:09.181753
6,College Of Nursing,"College Of Nursing, R G Kar Medical College & Hospital, 1 Kshudiram Bose Sarani,, Kolkata, Distt.- Kolkata, West Bengal, Pin Code- 700004",Govt. Of West Bengal,Kolkata,West Bengal,Government,P B B.Sc(N),65 (Sixty Five),2025-2026,3,https://online.indiannursingcouncil.org/Reports/YearlyReportByState.aspx,2026-09-11T11:44:09.181753
6,College Of Nursing,"College Of Nursing, R G Kar Medical College & Hospital, 1 Kshudiram Bose Sarani,, Kolkata, Distt.- Kolkata, West Bengal, Pin Code- 700004",Govt. Of West Bengal,Kolkata,West Bengal,Government,B.Sc(N),65 (Sixty Five),2025-2026,3,https://online.indiannursingcouncil.org/Reports/YearlyReportByState.aspx,2026-09-11T11:44:09.181753
6,College Of Nursing,"College Of Nursing, R G Kar Medical College & Hospital, 1 Kshudiram Bose Sarani,, Kolkata, Distt.- Kolkata, West Bengal, Pin Code- 700004",Govt. Of West Bengal,Kolkata,West Bengal,Government,M. Sc (N),30 (Thirty) Six (06) In Each Speciality,2025-2026,3,https://online.indiannursingcouncil.org/Reports/YearlyReportByState.aspx,2026-09-11T11:44:09.181753
7,D M B H School Of Nursing,"D M B H School Of Nursing, Vill-Palla, Rasulpur Road, Masagram, P.S.-Jamalpur, Vill.- Palla, Tehsil- Jamalpur, Distt.- Purba Bardhaman, West Bengal, Pin Code- 713401",Haji Mahammed Ali Mondal Educational And Socio Welfare Trust,Purba Bardhaman,West Bengal,Private,GNM,60 (Sixty),2025-2026,3,https://online.indiannursingcouncil.org/Reports/YearlyReportByState.aspx,2026-09-11T11:44:09.181753
8,D S M S Institute Of Nursing,"D S M S Institute Of Nursing, Dr Zakir Hussain Avenue, Bidhannagar, Durgapur, Distt.- Paschim Bardhaman, West Bengal, Pin Code- 713206",Durgapur Society Of Management Science,Paschim Bardhaman,West Bengal,Private,GNM,44 (Forty Four),2025-2026,3,https://online.indiannursingcouncil.org/Reports/YearlyReportByState.aspx,2026-09-11T11:44:09.181753
8,D S M S Institute Of Nursing,"D S M S Institute Of Nursing, Dr Zakir Hussain Avenue, Bidhannagar, Durgapur, Distt.- Paschim Bardhaman, West Bengal, Pin Code- 713206",Durgapur Society Of Management Science,Paschim Bardhaman,West Bengal,Private,B.Sc(N),60 (Sixty),2025-2026,3,https://online.indiannursingcouncil.org/Reports/YearlyReportByState.aspx,2026-09-11T11:44:09.181753
9,Debnath Nursing Training Institute,"Debnath Nursing Training Institute, Amtola, Arambagh, Arambagh, Distt.- Hooghly, West Bengal, Pin Code- 712601",Debnath Education And Social Development Trust,Hooghly,West Bengal,Private,GNM,60 (Sixty),2025-2026,3,https://online.indiannursingcouncil.org/Reports/YearlyReportByState.aspx,2026-09-11T11:44:09.181753
10,Debra Institute Of Nursing Science,"Debra Institute Of Nursing Science, Debra Bazar(North), Post- Debra, Debra, Distt.- Pashchim Midnapore, West Bengal, Pin Code- 721126",S R Education And Research Foundation,Pashchim Midnapore,West Bengal,Private,GNM,60 (Sixty),2025-2026,3,https://online.indiannursingcouncil.org/Reports/YearlyReportByState.aspx,2026-09-11T11:44:09.181753
11,Desun College Of Nursing,"Desun College Of Nursing, Jl No.44, Gram Panchayat - Chandpur; Mouza - Bishnupur, P.S. - Rajarhat, Rajarhat, Distt.- North 24 Parganas, West Bengal, Pin Code- 700135",P N Memorial Neurocentre And Research Institute Ltd.,North 24 Parganas,West Bengal,Private,B.Sc(N),100 (One Hundred),2025-2026,3,https://online.indiannursingcouncil.org/Reports/YearlyReportByState.aspx,2026-09-11T11:44:09.181753
11,Desun College Of Nursing,"Desun College Of Nursing, Jl No.44, Gram Panchayat - Chandpur; Mouza - Bishnupur, P.S. - Rajarhat, Rajarhat, Distt.- North 24 Parganas, West Bengal, Pin Code- 700135",P N Memorial Neurocentre And Research Institute Ltd.,North 24 Parganas,West Bengal,Private,GNM,100 (One Hundred),2025-2026,3,https://online.indiannursingcouncil.org/Reports/YearlyReportByState.aspx,2026-09-11T11:44:09.181753
12,Desun Nursing School And College (A Unit Of Desun Health City Foundation),"Desun Nursing School And College (A Unit Of Desun Health City Foundation), Jorapakuri, New Jalpaiguri, P.O: Sahudangi Hat, Jalpaiguri, Distt.- Jalpaiguri, West Bengal, Pin Code- 735135",Desun Health City Foundation,Jalpaiguri,West Bengal,Private,GNM,40 (Forty),2025-2026,3,https://online.indiannursingcouncil.org/Reports/YearlyReportByState.aspx,2026-09-11T11:44:09.181753
13,Disha Nursing Institute,"Disha Nursing Institute, Baraja Radha Nagar, Post Office - Gossaipur, P.S- Bishnupur, Bishnupur, Distt.- Bankura, West Bengal, Pin Code- 722122",Disha Social Wellfare Educational Trust,Bankura,West Bengal,Private,B.Sc(N),60 (Sixty),2025-2026,3,https://online.indiannursingcouncil.org/Reports/YearlyReportByState.aspx,2026-09-11T11:44:09.181753
13,Disha Nursing Institute,"Disha Nursing Institute, Baraja Radha Nagar, Post Office - Gossaipur, P.S- Bishnupur, Bishnupur, Distt.- Bankura, West Bengal, Pin Code- 722122",Disha Social Wellfare Educational Trust,Bankura,West Bengal,Private,GNM,60 (Sixty),2025-2026,3,https://online.indiannursingcouncil.org/Reports/YearlyReportByState.aspx,2026-09-11T11:44:09.181753
14,Dishari Institute Of Nursing Science,"Dishari Institute Of Nursing Science, N.H- 34, Sujapur Bypass, P.O- Madhaipur, P.S- Malda,, Malda, Distt.- Malda, West Bengal, Pin Code- 732142",Dishari Academic Trust,Malda,West Bengal,Private,GNM,60 (Sixty),2025-2026,3,https://online.indiannursingcouncil.org/Reports/YearlyReportByState.aspx,2026-09-11T11:44:09.181753
14,Dishari Institute Of Nursing Science,"Dishari Institute Of Nursing Science, N.H- 34, Sujapur Bypass, P.O- Madhaipur, P.S- Malda,, Malda, Distt.- Malda, West Bengal, Pin Code- 732142",Dishari Academic Trust,Malda,West Bengal,Private,B.Sc(N),60 (Sixty),2025-2026,3,https://online.indiannursingcouncil.org/Reports/YearlyReportByState.aspx,2026-09-11T11:44:09.181753
15,Dr. Bethune Institute Of Nursing,"Dr. Bethune Institute Of Nursing, Vill- Kalikakhali P.O-Math Chandipur P.S- Chandipur, Chandipur, Distt.- Purba Medinipur, West Bengal, Pin Code- 721659",Sahid Kshudiram Memorial,Purba Medinipur,West Bengal,Private,GNM,60 (Sixty),2025-2026,3,https://online.indiannursingcouncil.org/Reports/YearlyReportByState.aspx,2026-09-11T11:44:09.181753
16,Dr. H C Mukerjee Memorial Health School,"Dr. H C Mukerjee Memorial Health School, P.O.- Singur, Singur, Distt.- Hooghly, West Bengal, Pin Code- 712409",Govt. Of West Bengal,Hooghly,West Bengal,Government,ANM,150 (One Hundred Fifty),2025-2026,3,https://online.indiannursingcouncil.org/Reports/YearlyReportByState.aspx,2026-09-11T11:44:09.181753
17,Dr. Kadambini Ganguly Institute Of Nursing,"Dr. Kadambini Ganguly Institute Of Nursing, Ams Town, Rangapur, Nilgunj Bazar, Barasat, Distt.- North 24 Parganas, West Bengal, Pin Code- 700121",Ams Educational Trust,North 24 Parganas,West Bengal,Private,GNM,60 (Sixty),2025-2026,3,https://online.indiannursingcouncil.org/Reports/YearlyReportByState.aspx,2026-09-11T11:44:09.181753
18,Durgapur Institute Of Nursing Sciences,"Durgapur Institute Of Nursing Sciences, City Centre Ph-2, Surya Sen Sarani, Near Gandhimore, Durgapur, Distt.- Paschim Bardhaman, West Bengal, Pin Code- 713208",Durgapur Social And Educational Trust,Paschim Bardhaman,West Bengal,Private,B.Sc(N),60 (Sixty),2025-2026,3,https://online.indiannursingcouncil.org/Reports/YearlyReportByState.aspx,2026-09-11T11:44:09.181753
1,Durgapur Institute Of Nursing Sciences,"Durgapur Institute Of Nursing Sciences, City Centre Ph-2, Surya Sen Sarani, Near Gandhimore, Durgapur, Distt.- Paschim Bardhaman, West Bengal, Pin Code- 713208",Durgapur Social And Educational Trust,Paschim Bardhaman,West Bengal,Private,GNM,60 (Sixty),2025-2026,4,https://online.indiannursingcouncil.org/Reports/YearlyReportByState.aspx,2026-09-11T11:44:16.579125
2,Durgapur School Of Nursing,"Durgapur School Of Nursing, Dsp Main Hospital Complex, Edison Road, B-Zone, Durgapur, Distt.- Paschim Bardhaman, West Bengal, Pin Code- 713205",Durgapur Steel City Society For Education,Paschim Bardhaman,West Bengal,Private,GNM,60 (Sixty),2025-2026,4,https://online.indiannursingcouncil.org/Reports/YearlyReportByState.aspx,2026-09-11T11:44:16.579125
3,East West Education Institute,"East West Education Institute, Talit-Suri Road, P.O.-Talit, P.S.-Purba Barddhaman, , Distt.- Purba Bardhaman, West Bengal, Pin Code- 713141",East West Model School Education Society,Purba Bardhaman,West Bengal,Private,GNM,60 (Sixty),2025-2026,4,https://online.indiannursingcouncil.org/Reports/YearlyReportByState.aspx,2026-09-11T11:44:16.579125
3,East West Education Institute,"East West Education Institute, Talit-Suri Road, P.O.-Talit, P.S.-Purba Barddhaman, , Distt.- Purba Bardhaman, West Bengal, Pin Code- 713141",East West Model School Education Society,Purba Bardhaman,West Bengal,Private,B.Sc(N),60 (Sixty),2025-2026,4,https://online.indiannursingcouncil.org/Reports/YearlyReportByState.aspx,2026-09-11T11:44:16.579125
4,Falta J I S Nursing Institute,"Falta J I S Nursing Institute, Vill- Dakshin Sargoria, P.O.- Chaberia, P.S.- Falta, , Distt.- South 24 Parganas, West Bengal, Pin Code- 743504",Sahararhat Dr Sk Sheraboth Ali Memorial Foundation,South 24 Parganas,West Bengal,Private,GNM,60 (Sixty),2025-2026,4,https://online.indiannursingcouncil.org/Reports/YearlyReportByState.aspx,2026-09-11T11:44:16.579125
4,Falta J I S Nursing Institute,"Falta J I S Nursing Institute, Vill- Dakshin Sargoria, P.O.- Chaberia, P.S.- Falta, , Distt.- South 24 Parganas, West Bengal, Pin Code- 743504",Sahararhat Dr Sk Sheraboth Ali Memorial Foundation,South 24 Parganas,West Bengal,Private,B.Sc(N),60 (Sixty),2025-2026,4,https://online.indiannursingcouncil.org/Reports/YearlyReportByState.aspx,2026-09-11T11:44:16.579125
5,G N M Nursing Training School,"G N M Nursing Training School, Jhargram Government Medical College & Hospital, Jhargram, Distt.- Pashchim Midnapore, West Bengal, Pin Code- 721507",Govt. Of West Bengal,Pashchim Midnapore,West Bengal,Government,GNM,90 (Ninety),2025-2026,4,https://online.indiannursingcouncil.org/Reports/YearlyReportByState.aspx,2026-09-11T11:44:16.579125
6,G N M Nursing Training School,"G N M Nursing Training School, M R Bangur Hospital, School Of Nursing 241, D P S Road, Tollygunge, Kolkata, Distt.- Kolkata, West Bengal, Pin Code- 700033",Government Of West Bengal,Kolkata,West Bengal,Government,GNM,40 (Forty),2025-2026,4,https://online.indiannursingcouncil.org/Reports/YearlyReportByState.aspx,2026-09-11T11:44:16.579125
7,G N M School Of Nursing,"G N M School Of Nursing, S S K M Hospital Campus, 244, Acharya Jagadish Chandra Bose Road, Kolkata, Distt.- Kolkata, West Bengal, Pin Code- 700020",Govt. Of West Bengal,Kolkata,West Bengal,Government,GNM,100 (One Hundred),2025-2026,4,https://online.indiannursingcouncil.org/Reports/YearlyReportByState.aspx,2026-09-11T11:44:16.579125
8,G N M Training Centre,"G N M Training Centre, D M Sadar Hospital, Ranchi Road, P O-Purulia, , Distt.- Purulia, West Bengal, Pin Code- 723101",Government Of West Bengal,Purulia,West Bengal,Government,GNM,100 (One Hundred),2025-2026,4,https://online.indiannursingcouncil.org/Reports/YearlyReportByState.aspx,2026-09-11T11:44:16.579125
9,G N M Training School,"G N M Training School, Baghajatin S.G. Hospital, Jadavpur, Kolkata, Distt.- South 24 Parganas, West Bengal, Pin Code- 700092",Govt. Of West Bengal,South 24 Parganas,West Bengal,Government,GNM,35 (Thirty Five),2025-2026,4,https://online.indiannursingcouncil.org/Reports/YearlyReportByState.aspx,2026-09-11T11:44:16.579125
10,G N M Training School,"G N M Training School, Barasat District Hospital, Barasat , Distt.- North 24 Parganas, West Bengal, Pin Code- 700124",Govt. Of West Bengal,North 24 Parganas,West Bengal,Government,GNM,75 (Seventy Five),2025-2026,4,https://online.indiannursingcouncil.org/Reports/YearlyReportByState.aspx,2026-09-11T11:44:16.579125
10,G N M Training School,"G N M Training School, Barasat District Hospital, Barasat , Distt.- North 24 Parganas, West Bengal, Pin Code- 700124",Govt. Of West Bengal,North 24 Parganas,West Bengal,Government,ANM,75 (Seventy Five),2025-2026,4,https://online.indiannursingcouncil.org/Reports/YearlyReportByState.aspx,2026-09-11T11:44:16.579125
11,G N M Training School,"G N M Training School, College Of Medicine & Sagore Dutta Hospital, 578 B T Road, Vill.- Kamarhati, Tehsil- Amdanga, Distt.- North 24 Parganas, West Bengal, Pin Code- 700058",Govt. Of West Bengal,North 24 Parganas,West Bengal,Government,GNM,100 (One Hundred),2025-2026,4,https://online.indiannursingcouncil.org/Reports/YearlyReportByState.aspx,2026-09-11T11:44:16.579125
12,G N M Training School,"G N M Training School, District Hospital Krishnagar , Krishnagar , Distt.- Nadia, West Bengal, Pin Code- 711102","Govt Of West Bengal,",Nadia,West Bengal,Government,GNM,60 (Sixty),2025-2026,4,https://online.indiannursingcouncil.org/Reports/YearlyReportByState.aspx,2026-09-11T11:44:16.579125
13,G N M Training School,"G N M Training School, Ghatal S.D. Hospital, Kushpata , Ghatal, Distt.- Pashchim Midnapore, West Bengal, Pin Code- 721212",Government Of West Bengal,Pashchim Midnapore,West Bengal,Government,GNM,60 (Sixty),2025-2026,4,https://online.indiannursingcouncil.org/Reports/YearlyReportByState.aspx,2026-09-11T11:44:16.579125
14,Genex Nursing Institute,"Genex Nursing Institute, Village- Mulkathi, P.O.- Machkhanda, P.S.- Raina-1, Vill.- Mulkathi, Tehsil- Burdwan-1, Distt.- Purba Bardhaman, West Bengal, Pin Code- 713103",Genex Management And It Society,Purba Bardhaman,West Bengal,Private,GNM,60 (Sixty),2025-2026,4,https://online.indiannursingcouncil.org/Reports/YearlyReportByState.aspx,2026-09-11T11:44:16.579125
15,Gitanjali Institute Of Nursing,"Gitanjali Institute Of Nursing, P.O-Lohapur, P.S- Nalhati, Vill.- Lohapur, Tehsil- Nalhati-2, Distt.- Birbhum, West Bengal, Pin Code- 731237",Gitanjali Foundation,Birbhum,West Bengal,Private,GNM,60 (Sixty),2025-2026,4,https://online.indiannursingcouncil.org/Reports/YearlyReportByState.aspx,2026-09-11T11:44:16.579125
15,Gitanjali Institute Of Nursing,"Gitanjali Institute Of Nursing, P.O-Lohapur, P.S- Nalhati, Vill.- Lohapur, Tehsil- Nalhati-2, Distt.- Birbhum, West Bengal, Pin Code- 731237",Gitanjali Foundation,Birbhum,West Bengal,Private,B.Sc(N),60 (Sixty),2025-2026,4,https://online.indiannursingcouncil.org/Reports/YearlyReportByState.aspx,2026-09-11T11:44:16.579125
16,Gitaram College Of Nursing,"Gitaram College Of Nursing, Nh-34, P.O.- Radharghat, Berhampore, Murshidabad, Distt.- Murshidabad, West Bengal, Pin Code- 752187",Gitaram Education And Health Foundation,Murshidabad,West Bengal,Private,B.Sc(N),60 (Sixty),2025-2026,4,https://online.indiannursingcouncil.org/Reports/YearlyReportByState.aspx,2026-09-11T11:44:16.579125
16,Gitaram College Of Nursing,"Gitaram College Of Nursing, Nh-34, P.O.- Radharghat, Berhampore, Murshidabad, Distt.- Murshidabad, West Bengal, Pin Code- 752187",Gitaram Education And Health Foundation,Murshidabad,West Bengal,Private,GNM,60 (Sixty),2025-2026,4,https://online.indiannursingcouncil.org/Reports/YearlyReportByState.aspx,2026-09-11T11:44:16.579125
16,Gitaram College Of Nursing,"Gitaram College Of Nursing, Nh-34, P.O.- Radharghat, Berhampore, Murshidabad, Distt.- Murshidabad, West Bengal, Pin Code- 752187",Gitaram Education And Health Foundation,Murshidabad,West Bengal,Private,P B B.Sc(N),50 (Fifty),2025-2026,4,https://online.indiannursingcouncil.org/Reports/YearlyReportByState.aspx,2026-09-11T11:44:16.579125
17,Global Hiramoni Memorial Nursing Institution,"Global Hiramoni Memorial Nursing Institution, Palpara More, Nh-34, Krishnagar, Palpara More, Distt.- Nadia, West Bengal, Pin Code- 741102",National Centre For Development Of Technical Education,Nadia,West Bengal,Private,B.Sc(N),60 (Sixty),2025-2026,4,https://online.indiannursingcouncil.org/Reports/YearlyReportByState.aspx,2026-09-11T11:44:16.579125
17,Global Hiramoni Memorial Nursing Institution,"Global Hiramoni Memorial Nursing Institution, Palpara More, Nh-34, Krishnagar, Palpara More, Distt.- Nadia, West Bengal, Pin Code- 741102",National Centre For Development Of Technical Education,Nadia,West Bengal,Private,GNM,60 (Sixty),2025-2026,4,https://online.indiannursingcouncil.org/Reports/YearlyReportByState.aspx,2026-09-11T11:44:16.579125
18,Glorious Institute Of Nursing,"Glorious Institute Of Nursing, Village-Madain (Manajar Para), Po: Gonpur, Ps: Mallarpur, Vill.- Madain , Tehsil- Mayureswar-1, Distt.- Birbhum, West Bengal, Pin Code- 731216",Na Hanyate Foundation,Birbhum,West Bengal,Private,B.Sc(N),60 (Sixty),2025-2026,4,https://online.indiannursingcouncil.org/Reports/YearlyReportByState.aspx,2026-09-11T11:44:16.579125
18,Glorious Institute Of Nursing,"Glorious Institute Of Nursing, Village-Madain (Manajar Para), Po: Gonpur, Ps: Mallarpur, Vill.- Madain , Tehsil- Mayureswar-1, Distt.- Birbhum, West Bengal, Pin Code- 731216",Na Hanyate Foundation,Birbhum,West Bengal,Private,GNM,60 (Sixty),2025-2026,4,https://online.indiannursingcouncil.org/Reports/YearlyReportByState.aspx,2026-09-11T11:44:16.579125
19,Gokul Institute Of Nursing,"Gokul Institute Of Nursing, Badu Road, Digberia, (Near Camellia Institute Of Technology), Madhyamgram, Distt.- North 24 Parganas, West Bengal, Pin Code- 700129",Barasat Educational And Welfare Trust.,North 24 Parganas,West Bengal,Private,B.Sc(N),60 (Sixty),2025-2026,4,https://online.indiannursingcouncil.org/Reports/YearlyReportByState.aspx,2026-09-11T11:44:16.579125
19,Gokul Institute Of Nursing,"Gokul Institute Of Nursing, Badu Road, Digberia, (Near Camellia Institute Of Technology), Madhyamgram, Distt.- North 24 Parganas, West Bengal, Pin Code- 700129",Barasat Educational And Welfare Trust.,North 24 Parganas,West Bengal,Private,GNM,60 (Sixty),2025-2026,4,https://online.indiannursingcouncil.org/Reports/YearlyReportByState.aspx,2026-09-11T11:44:16.579125
20,Gouri Devi Nursing Academy,"Gouri Devi Nursing Academy, G.T. Road, Rajbandh, Durgapur, Distt.- Paschim Bardhaman, West Bengal, Pin Code- 713212",Durgapur Institute Of Advanced Technology And Management,Paschim Bardhaman,West Bengal,Private,GNM,100 (Hundred),2025-2026,4,https://online.indiannursingcouncil.org/Reports/YearlyReportByState.aspx,2026-09-11T11:44:16.579125
20,Gouri Devi Nursing Academy,"Gouri Devi Nursing Academy, G.T. Road, Rajbandh, Durgapur, Distt.- Paschim Bardhaman, West Bengal, Pin Code- 713212",Durgapur Institute Of Advanced Technology And Management,Paschim Bardhaman,West Bengal,Private,B.Sc(N),100 (Hundred),2025-2026,4,https://online.indiannursingcouncil.org/Reports/YearlyReportByState.aspx,2026-09-11T11:44:16.579125
1,Government College Of Nursing,"Government College Of Nursing , Nil Ratan Sircar Medical College & Hospital, 138, A J C Bose Road. , Kolkata, Distt.- Kolkata, West Bengal, Pin Code- 700014",Govt. Of West Bengal,Kolkata,West Bengal,Government,M. Sc (N),"30 (Thirty) Med-Surg-8, Chn-8, Paed-5, Obg-5, Psy-4",2025-2026,5,https://online.indiannursingcouncil.org/Reports/YearlyReportByState.aspx,2026-09-11T11:44:22.753159
1,Government College Of Nursing,"Government College Of Nursing , Nil Ratan Sircar Medical College & Hospital, 138, A J C Bose Road. , Kolkata, Distt.- Kolkata, West Bengal, Pin Code- 700014",Govt. Of West Bengal,Kolkata,West Bengal,Government,B.Sc(N),50 (Fifty),2025-2026,5,https://online.indiannursingcouncil.org/Reports/YearlyReportByState.aspx,2026-09-11T11:44:22.753159
1,Government College Of Nursing,"Government College Of Nursing , Nil Ratan Sircar Medical College & Hospital, 138, A J C Bose Road. , Kolkata, Distt.- Kolkata, West Bengal, Pin Code- 700014",Govt. Of West Bengal,Kolkata,West Bengal,Government,Post Basic Diploma in Cardio Thoracic Nursing,15 (Fifteen),2025-2026,5,https://online.indiannursingcouncil.org/Reports/YearlyReportByState.aspx,2026-09-11T11:44:22.753159
1,Government College Of Nursing,"Government College Of Nursing , Nil Ratan Sircar Medical College & Hospital, 138, A J C Bose Road. , Kolkata, Distt.- Kolkata, West Bengal, Pin Code- 700014",Govt. Of West Bengal,Kolkata,West Bengal,Government,P B B.Sc(N),60 (Sixty),2025-2026,5,https://online.indiannursingcouncil.org/Reports/YearlyReportByState.aspx,2026-09-11T11:44:22.753159
1,Government College Of Nursing,"Government College Of Nursing , Nil Ratan Sircar Medical College & Hospital, 138, A J C Bose Road. , Kolkata, Distt.- Kolkata, West Bengal, Pin Code- 700014",Govt. Of West Bengal,Kolkata,West Bengal,Government,Nurse Practitioner in Midwifery,30 (Thirty),2025-2026,5,https://online.indiannursingcouncil.org/Reports/YearlyReportByState.aspx,2026-09-11T11:44:22.753159
2,Government College Of Nursing Cnmch,"Government College Of Nursing Cnmch, Calcutta National Medical College & Hospital, 24, Gorachand Road, Kolkata, Distt.- Kolkata, West Bengal, Pin Code- 700014",Government Of West Bengal,Kolkata,West Bengal,Government,B.Sc(N),50 (Fifty),2025-2026,5,https://online.indiannursingcouncil.org/Reports/YearlyReportByState.aspx,2026-09-11T11:44:22.753159
2,Government College Of Nursing Cnmch,"Government College Of Nursing Cnmch, Calcutta National Medical College & Hospital, 24, Gorachand Road, Kolkata, Distt.- Kolkata, West Bengal, Pin Code- 700014",Government Of West Bengal,Kolkata,West Bengal,Government,P B B.Sc(N),60 (Sixty),2025-2026,5,https://online.indiannursingcouncil.org/Reports/YearlyReportByState.aspx,2026-09-11T11:44:22.753159
3,Government College Of Nursing,"Government College Of Nursing, , Howrah District Hospital, 10,11 Biplabi Haren, Pratap Ghosh Sarani, Howrah, Distt.- Howrah, West Bengal, Pin Code- 711101",Government Of West Bengal,Howrah,West Bengal,Government,B.Sc(N),60 (Sixty),2025-2026,5,https://online.indiannursingcouncil.org/Reports/YearlyReportByState.aspx,2026-09-11T11:44:22.753159
4,Government College Of Nursing,"Government College Of Nursing, Bankura Sammilani Medical College, Lokepur, Post Office- Kenduadihi, Bankura, Distt.- Bankura, West Bengal, Pin Code- 722102",Govt. Of West Bengal,Bankura,West Bengal,Government,B.Sc(N),60 (Sixty),2025-2026,5,https://online.indiannursingcouncil.org/Reports/YearlyReportByState.aspx,2026-09-11T11:44:22.753159
4,Government College Of Nursing,"Government College Of Nursing, Bankura Sammilani Medical College, Lokepur, Post Office- Kenduadihi, Bankura, Distt.- Bankura, West Bengal, Pin Code- 722102",Govt. Of West Bengal,Bankura,West Bengal,Government,M. Sc (N),30 (Thirty) Med Surg-08 Chn-05 Obg-07 Psy-05 Paed-05,2025-2026,5,https://online.indiannursingcouncil.org/Reports/YearlyReportByState.aspx,2026-09-11T11:44:22.753159
4,Government College Of Nursing,"Government College Of Nursing, Bankura Sammilani Medical College, Lokepur, Post Office- Kenduadihi, Bankura, Distt.- Bankura, West Bengal, Pin Code- 722102",Govt. Of West Bengal,Bankura,West Bengal,Government,P B B.Sc(N),60 (Sixty),2025-2026,5,https://online.indiannursingcouncil.org/Reports/YearlyReportByState.aspx,2026-09-11T11:44:22.753159
5,Government College Of Nursing,"Government College Of Nursing, Burdwan Medical College & Hospital, Aftab Avenue, Rajbati, Burdwan, Distt.- Purba Bardhaman, West Bengal, Pin Code- 713104",Govt. Of West Bengal,Purba Bardhaman,West Bengal,Government,B.Sc(N),60 (Sixty),2025-2026,5,https://online.indiannursingcouncil.org/Reports/YearlyReportByState.aspx,2026-09-11T11:44:22.753159
5,Government College Of Nursing,"Government College Of Nursing, Burdwan Medical College & Hospital, Aftab Avenue, Rajbati, Burdwan, Distt.- Purba Bardhaman, West Bengal, Pin Code- 713104",Govt. Of West Bengal,Purba Bardhaman,West Bengal,Government,M. Sc (N),10 (Ten) 2 In Each Speciality,2025-2026,5,https://online.indiannursingcouncil.org/Reports/YearlyReportByState.aspx,2026-09-11T11:44:22.753159
5,Government College Of Nursing,"Government College Of Nursing, Burdwan Medical College & Hospital, Aftab Avenue, Rajbati, Burdwan, Distt.- Purba Bardhaman, West Bengal, Pin Code- 713104",Govt. Of West Bengal,Purba Bardhaman,West Bengal,Government,P B B.Sc(N),60 (Sixty),2025-2026,5,https://online.indiannursingcouncil.org/Reports/YearlyReportByState.aspx,2026-09-11T11:44:22.753159
6,Government College Of Nursing,"Government College Of Nursing, College Of Medicine & Sagore Dutta Hospital, 578, B.T. Road, Kamarhati, Kolkata, Distt.- North 24 Parganas, West Bengal, Pin Code- 700058",Government Of West Bengal,North 24 Parganas,West Bengal,Government,B.Sc(N),100 (One Hundred),2025-2026,5,https://online.indiannursingcouncil.org/Reports/YearlyReportByState.aspx,2026-09-11T11:44:22.753159
7,Government College Of Nursing,"Government College Of Nursing, Deben Mahata Government Medical College And Hospital, P.O-Vivekananda Nagar, P.S-Purulia Muffasil, Vill.- Hatuara, Tehsil- Purulia-Ii, Distt.- Purulia, West Bengal,",Govt. Of West Bengal,Purulia,West Bengal,Government,B.Sc(N),100 (One Hundred),2025-2026,5,https://online.indiannursingcouncil.org/Reports/YearlyReportByState.aspx,2026-09-11T11:44:22.753159
8,Government College Of Nursing,"Government College Of Nursing, Diamond Harbour Medical College, Diamond Harbour Health District, Diamond Harbour, Distt.- South 24 Parganas, West Bengal, Pin Code- 743331",West Bengal,South 24 Parganas,West Bengal,Government,B.Sc(N),100 (One Hundred),2025-2026,5,https://online.indiannursingcouncil.org/Reports/YearlyReportByState.aspx,2026-09-11T11:44:22.753159
9,Government College Of Nursing,"Government College Of Nursing, I.D. & B.G. Hospital Campus, 57, Beliaghata Main Road, Kolkata, Distt.- Kolkata, West Bengal, Pin Code- 700010",Government Of West Bengal,Kolkata,West Bengal,Government,B.Sc(N),75 (Seventy Five),2025-2026,5,https://online.indiannursingcouncil.org/Reports/YearlyReportByState.aspx,2026-09-11T11:44:22.753159
9,Government College Of Nursing,"Government College Of Nursing, I.D. & B.G. Hospital Campus, 57, Beliaghata Main Road, Kolkata, Distt.- Kolkata, West Bengal, Pin Code- 700010",Government Of West Bengal,Kolkata,West Bengal,Government,M. Sc (N),"30 (Thirty) Med-Surg-20, Paed-5, Psy-5",2025-2026,5,https://online.indiannursingcouncil.org/Reports/YearlyReportByState.aspx,2026-09-11T11:44:22.753159
9,Government College Of Nursing,"Government College Of Nursing, I.D. & B.G. Hospital Campus, 57, Beliaghata Main Road, Kolkata, Distt.- Kolkata, West Bengal, Pin Code- 700010",Government Of West Bengal,Kolkata,West Bengal,Government,P B B.Sc(N),60 (Sixty),2025-2026,5,https://online.indiannursingcouncil.org/Reports/YearlyReportByState.aspx,2026-09-11T11:44:22.753159
10,Government College Of Nursing,"Government College Of Nursing, Kalimpong District Hospital, Kd Pradhan Road, Chotta Bhalukhop, P.O.-Kalimpong, Kalimpong, Distt.- Darjeeling, West Bengal, Pin Code- 734301",Government Of West Bengal,Darjeeling,West Bengal,Government,B.Sc(N),60 (Sixty),2025-2026,5,https://online.indiannursingcouncil.org/Reports/YearlyReportByState.aspx,2026-09-11T11:44:22.753159
10,Government College Of Nursing,"Government College Of Nursing, Kalimpong District Hospital, Kd Pradhan Road, Chotta Bhalukhop, P.O.-Kalimpong, Kalimpong, Distt.- Darjeeling, West Bengal, Pin Code- 734301",Government Of West Bengal,Darjeeling,West Bengal,Government,P B B.Sc(N),25 (Twenty Five),2025-2026,5,https://online.indiannursingcouncil.org/Reports/YearlyReportByState.aspx,2026-09-11T11:44:22.753159
11,Government College Of Nursing,"Government College Of Nursing, Kharagpur S D Hospital, P. S. Kharagpur, Kharagpur, Distt.- Pashchim Midnapore, West Bengal, Pin Code- 721301",Govt. Of West Bengal,Pashchim Midnapore,West Bengal,Government,B.Sc(N),60 (Sixty),2025-2026,5,https://online.indiannursingcouncil.org/Reports/YearlyReportByState.aspx,2026-09-11T11:44:22.753159
12,Government College Of Nursing,"Government College Of Nursing, Rampurhat Government Medical College And Hospital, Rampurhat, Distt.- Birbhum, West Bengal, Pin Code- 731224",Government Of West Bengal,Birbhum,West Bengal,Government,B.Sc(N),100 (One Hundred),2025-2026,5,https://online.indiannursingcouncil.org/Reports/YearlyReportByState.aspx,2026-09-11T11:44:22.753159
13,Government College Of Nursing,"Government College Of Nursing, Sarat Chandra Chattopadhyay Govt. Medical College And Hospital, Station Road, Bazarpara, Uluberia, Distt.- Howrah, West Bengal, Pin Code- 711315",Government Of West Bengal,Howrah,West Bengal,Government,B.Sc(N),60 (Sixty),2025-2026,5,https://online.indiannursingcouncil.org/Reports/YearlyReportByState.aspx,2026-09-11T11:44:22.753159
14,Government College Of Nursing,"Government College Of Nursing, Serampore Walsh(S.D)/ S.S Hospital, 22/A T C Goswami Street , Serampore, Distt.- Hooghly, West Bengal, Pin Code- 712201",Government Of West Bengal,Hooghly,West Bengal,Government,B.Sc(N),60 (Sixty),2025-2026,5,https://online.indiannursingcouncil.org/Reports/YearlyReportByState.aspx,2026-09-11T11:44:22.753159
15,Government College Of Nursing,"Government College Of Nursing, Station Road, Murshidabad Medical College & Hospital, Berhampore, Distt.- Murshidabad, West Bengal, Pin Code- 742101",Government Of West Bengal,Murshidabad,West Bengal,Government,B.Sc(N),100 (One Hundred),2025-2026,5,https://online.indiannursingcouncil.org/Reports/YearlyReportByState.aspx,2026-09-11T11:44:22.753159
15,Government College Of Nursing,"Government College Of Nursing, Station Road, Murshidabad Medical College & Hospital, Berhampore, Distt.- Murshidabad, West Bengal, Pin Code- 742101",Government Of West Bengal,Murshidabad,West Bengal,Government,M. Sc (N),65 (Sixty Five),2025-2026,5,https://online.indiannursingcouncil.org/Reports/YearlyReportByState.aspx,2026-09-11T11:44:22.753159
16,Government College Of Nursing,"Government College Of Nursing, Suri Sadar Hospital, Birbhum, Distt.- Birbhum, West Bengal, Pin Code- 731101",Government Of West Bengal,Birbhum,West Bengal,Government,B.Sc(N),50 (Fifty),2025-2026,5,https://online.indiannursingcouncil.org/Reports/YearlyReportByState.aspx,2026-09-11T11:44:22.753159
1,Government College Of Nursing,"Government College Of Nursing,, S S K M Hospital Campus, 244 A, Acharya Jagadish Chandra Bose Road. , Kolkata, Distt.- Kolkata, West Bengal, Pin Code- 700020",Govt. Of West Bengal,Kolkata,West Bengal,Government,B.Sc(N),65 (Sixty Five),2025-2026,6,https://online.indiannursingcouncil.org/Reports/YearlyReportByState.aspx,2026-09-11T11:44:29.053289
1,Government College Of Nursing,"Government College Of Nursing,, S S K M Hospital Campus, 244 A, Acharya Jagadish Chandra Bose Road. , Kolkata, Distt.- Kolkata, West Bengal, Pin Code- 700020",Govt. Of West Bengal,Kolkata,West Bengal,Government,M. Sc (N),30 (Thirty) 6 In Each Specialty,2025-2026,6,https://online.indiannursingcouncil.org/Reports/YearlyReportByState.aspx,2026-09-11T11:44:29.053289
1,Government College Of Nursing,"Government College Of Nursing,, S S K M Hospital Campus, 244 A, Acharya Jagadish Chandra Bose Road. , Kolkata, Distt.- Kolkata, West Bengal, Pin Code- 700020",Govt. Of West Bengal,Kolkata,West Bengal,Government,P B B.Sc(N),60 (Sixty),2025-2026,6,https://online.indiannursingcouncil.org/Reports/YearlyReportByState.aspx,2026-09-11T11:44:29.053289
2,Government Nursing Training School,"Government Nursing Training School, Lalgarh, Lalgarh, Distt.- Pashchim Midnapore, West Bengal, Pin Code- 721516",Govt. Of West Bengal,Pashchim Midnapore,West Bengal,Government,GNM,100 (One Hundred),2025-2026,6,https://online.indiannursingcouncil.org/Reports/YearlyReportByState.aspx,2026-09-11T11:44:29.053289
3,Gurukul Institute Of Nursing,"Gurukul Institute Of Nursing , Vill-Chaturia, P.O.-Noapara, P.S.-Duttapukur, Dist-North 24 Pgs, Barasat, Distt.- North 24 Parganas, West Bengal, Pin Code- 700125",Gurukul Foundation,North 24 Parganas,West Bengal,Private,GNM,60 (Sixty),2025-2026,6,https://online.indiannursingcouncil.org/Reports/YearlyReportByState.aspx,2026-09-11T11:44:29.053289
4,H L G Institute Of Nursing,"H L G Institute Of Nursing, K.S.T.P., Sitla, Dhadka Road, Beside Reliance Market, Asansol, Asansol, Distt.- Paschim Bardhaman, West Bengal, Pin Code- 713305",Hlg Memorial Hospital Pvt. Ltd.,Paschim Bardhaman,West Bengal,Private,GNM,60 (Sixty),2025-2026,6,https://online.indiannursingcouncil.org/Reports/YearlyReportByState.aspx,2026-09-11T11:44:29.053289
5,Haldia Institute Of Nursing Science,"Haldia Institute Of Nursing Science, Sector-13, P O Haldia Township, Haldia, Distt.- Purba Medinipur, West Bengal, Pin Code- 721607",Indian Centre For Advancement Of Research And Education,Purba Medinipur,West Bengal,Private,GNM,50 (Fifty),2025-2026,6,https://online.indiannursingcouncil.org/Reports/YearlyReportByState.aspx,2026-09-11T11:44:29.053289
6,Hillside School Of Nursing,"Hillside School Of Nursing, Siliguri, Sevoke Road Matigara, Siliguri, Distt.- Darjeeling, West Bengal, Pin Code- 734001",Vaishnavi Educational Trust,Darjeeling,West Bengal,Private,GNM,60 (Sixty),2025-2026,6,https://online.indiannursingcouncil.org/Reports/YearlyReportByState.aspx,2026-09-11T11:44:29.053289
7,Himalayan Nursing College And Himalayan Nursing School,"Himalayan Nursing College And Himalayan Nursing School, Hill Cart Road, Sukna, Kurseong, Darjeeling, West Bengal-734009, Kurseong, Distt.- Darjeeling, West Bengal, Pin Code- 734009",The Academy Of Engineering And Management Trsut,Darjeeling,West Bengal,Private,B.Sc(N),40 (Forty),2025-2026,6,https://online.indiannursingcouncil.org/Reports/YearlyReportByState.aspx,2026-09-11T11:44:29.053289
7,Himalayan Nursing College And Himalayan Nursing School,"Himalayan Nursing College And Himalayan Nursing School, Hill Cart Road, Sukna, Kurseong, Darjeeling, West Bengal-734009, Kurseong, Distt.- Darjeeling, West Bengal, Pin Code- 734009",The Academy Of Engineering And Management Trsut,Darjeeling,West Bengal,Private,GNM,60 (Sixty),2025-2026,6,https://online.indiannursingcouncil.org/Reports/YearlyReportByState.aspx,2026-09-11T11:44:29.053289
8,I Q City Institute Of Nursing Sciences,"I Q City Institute Of Nursing Sciences, Sovapur, Jemua, B-Zone, Bijra Road, Durgapur, Distt.- Paschim Bardhaman, West Bengal, Pin Code- 713206",I Q City Foundation,Paschim Bardhaman,West Bengal,Private,B.Sc(N),100 (One Hundred),2025-2026,6,https://online.indiannursingcouncil.org/Reports/YearlyReportByState.aspx,2026-09-11T11:44:29.053289
8,I Q City Institute Of Nursing Sciences,"I Q City Institute Of Nursing Sciences, Sovapur, Jemua, B-Zone, Bijra Road, Durgapur, Distt.- Paschim Bardhaman, West Bengal, Pin Code- 713206",I Q City Foundation,Paschim Bardhaman,West Bengal,Private,M. Sc (N),"8 (Eight) Med-Surg-4, Pead-4",2025-2026,6,https://online.indiannursingcouncil.org/Reports/YearlyReportByState.aspx,2026-09-11T11:44:29.053289
8,I Q City Institute Of Nursing Sciences,"I Q City Institute Of Nursing Sciences, Sovapur, Jemua, B-Zone, Bijra Road, Durgapur, Distt.- Paschim Bardhaman, West Bengal, Pin Code- 713206",I Q City Foundation,Paschim Bardhaman,West Bengal,Private,GNM,100 (One Hundred),2025-2026,6,https://online.indiannursingcouncil.org/Reports/YearlyReportByState.aspx,2026-09-11T11:44:29.053289
9,Ideal Institute Of Nursing,"Ideal Institute Of Nursing, Opposite Kalyani Shilpanchal Railway Station, Kalyani, Distt.- Nadia, West Bengal, Pin Code- 741235",Ideal Science And Research Welfare Hub,Nadia,West Bengal,Private,B.Sc(N),60 (Sixty),2025-2026,6,https://online.indiannursingcouncil.org/Reports/YearlyReportByState.aspx,2026-09-11T11:44:29.053289
9,Ideal Institute Of Nursing,"Ideal Institute Of Nursing, Opposite Kalyani Shilpanchal Railway Station, Kalyani, Distt.- Nadia, West Bengal, Pin Code- 741235",Ideal Science And Research Welfare Hub,Nadia,West Bengal,Private,GNM,60 (Sixty),2025-2026,6,https://online.indiannursingcouncil.org/Reports/YearlyReportByState.aspx,2026-09-11T11:44:29.053289
10,Illambazar Nursing Institute,"Illambazar Nursing Institute, Vill+P.O- Illambazar, P.S- Illambazar, Illambazar, Distt.- Birbhum, West Bengal, Pin Code- 731214",Illambazar Educational And Welfare Foundation,Birbhum,West Bengal,Private,GNM,60 (Sixty),2025-2026,6,https://online.indiannursingcouncil.org/Reports/YearlyReportByState.aspx,2026-09-11T11:44:29.053289
11,Institute Of Child Health- Faculty Of Nursing,"Institute Of Child Health- Faculty Of Nursing, 11, Dr Biresh Guha Street, Kolkata, Distt.- Kolkata, West Bengal, Pin Code- 700017",Nirmala Foundation,Kolkata,West Bengal,Private,GNM,60 (Sixty),2025-2026,6,https://online.indiannursingcouncil.org/Reports/YearlyReportByState.aspx,2026-09-11T11:44:29.053289
11,Institute Of Child Health- Faculty Of Nursing,"Institute Of Child Health- Faculty Of Nursing, 11, Dr Biresh Guha Street, Kolkata, Distt.- Kolkata, West Bengal, Pin Code- 700017",Nirmala Foundation,Kolkata,West Bengal,Private,B.Sc(N),60 (Sixty),2025-2026,6,https://online.indiannursingcouncil.org/Reports/YearlyReportByState.aspx,2026-09-11T11:44:29.053289
12,Institute Of Nursing,"Institute Of Nursing, Brainware University, 398 Ramkrishnapur Roadbarasat, Kolkata, Distt.- North 24 Parganas, West Bengal, Pin Code- 700125",Sabita Devi Education Trust,North 24 Parganas,West Bengal,Private,GNM,60 (Sixty),2025-2026,6,https://online.indiannursingcouncil.org/Reports/YearlyReportByState.aspx,2026-09-11T11:44:29.053289
12,Institute Of Nursing,"Institute Of Nursing, Brainware University, 398 Ramkrishnapur Roadbarasat, Kolkata, Distt.- North 24 Parganas, West Bengal, Pin Code- 700125",Sabita Devi Education Trust,North 24 Parganas,West Bengal,Private,B.Sc(N),60 (Sixty),2025-2026,6,https://online.indiannursingcouncil.org/Reports/YearlyReportByState.aspx,2026-09-11T11:44:29.053289
13,International Institute Of Nursing And Research,"International Institute Of Nursing And Research, Phase-2, Plot No- A-12,A-13,A-14, Kalyani Industrial Estate, Kalyani, Distt.- Nadia, West Bengal, Pin Code- 741235",Nirmala Foundation,Nadia,West Bengal,Private,M. Sc (N),"15 (Fifteen) Med-Surg-10, Paed- 5",2025-2026,6,https://online.indiannursingcouncil.org/Reports/YearlyReportByState.aspx,2026-09-11T11:44:29.053289
13,International Institute Of Nursing And Research,"International Institute Of Nursing And Research, Phase-2, Plot No- A-12,A-13,A-14, Kalyani Industrial Estate, Kalyani, Distt.- Nadia, West Bengal, Pin Code- 741235",Nirmala Foundation,Nadia,West Bengal,Private,P B B.Sc(N),60 (Sixty),2025-2026,6,https://online.indiannursingcouncil.org/Reports/YearlyReportByState.aspx,2026-09-11T11:44:29.053289
13,International Institute Of Nursing And Research,"International Institute Of Nursing And Research, Phase-2, Plot No- A-12,A-13,A-14, Kalyani Industrial Estate, Kalyani, Distt.- Nadia, West Bengal, Pin Code- 741235",Nirmala Foundation,Nadia,West Bengal,Private,GNM,100 (Hundred),2025-2026,6,https://online.indiannursingcouncil.org/Reports/YearlyReportByState.aspx,2026-09-11T11:44:29.053289
13,International Institute Of Nursing And Research,"International Institute Of Nursing And Research, Phase-2, Plot No- A-12,A-13,A-14, Kalyani Industrial Estate, Kalyani, Distt.- Nadia, West Bengal, Pin Code- 741235",Nirmala Foundation,Nadia,West Bengal,Private,B.Sc(N),100 (Hundred),2025-2026,6,https://online.indiannursingcouncil.org/Reports/YearlyReportByState.aspx,2026-09-11T11:44:29.053289
14,Islamia Hospital School Of Nursing,"Islamia Hospital School Of Nursing, No 26 E, Dr. Biresh Guha Street, Kolkata, Distt.- Kolkata, West Bengal, Pin Code- 700017",Managing Committee,Kolkata,West Bengal,Private,GNM,40 (Forty),2025-2026,6,https://online.indiannursingcouncil.org/Reports/YearlyReportByState.aspx,2026-09-11T11:44:29.053289
15,Jagannath Gupta Institute Of Nursing Sciences,"Jagannath Gupta Institute Of Nursing Sciences, K.P Mondal Road, Buita, Budge Budge, Kolkata, Distt.- South 24 Parganas, West Bengal, Pin Code- 700137",Urmila Devi Jagannath Gupta Charitable Trust,South 24 Parganas,West Bengal,Private,B.Sc(N),200 (TWO HUNDRED),2025-2026,6,https://online.indiannursingcouncil.org/Reports/YearlyReportByState.aspx,2026-09-11T11:44:29.053289
15,Jagannath Gupta Institute Of Nursing Sciences,"Jagannath Gupta Institute Of Nursing Sciences, K.P Mondal Road, Buita, Budge Budge, Kolkata, Distt.- South 24 Parganas, West Bengal, Pin Code- 700137",Urmila Devi Jagannath Gupta Charitable Trust,South 24 Parganas,West Bengal,Private,GNM,100 (One Hundred),2025-2026,6,https://online.indiannursingcouncil.org/Reports/YearlyReportByState.aspx,2026-09-11T11:44:29.053289
16,Janakalyan Nursing Institute,"Janakalyan Nursing Institute, Vill-Osmanpur, P.O- Chaknan, P.S- Chandipur, Chandipur, Distt.- Purba Medinipur, West Bengal, Pin Code- 721633",Tapas Bera Educational Trust,Purba Medinipur,West Bengal,Private,GNM,60 (Sixty),2025-2026,6,https://online.indiannursingcouncil.org/Reports/YearlyReportByState.aspx,2026-09-11T11:44:29.053289
17,Jiaganj School College Of Nursing,"Jiaganj School College Of Nursing, Sadarghat, P.O. - Jiaganj, Jiaganj, Distt.- Murshidabad, West Bengal, Pin Code- 742123",Jiaganj Educational And Welfare Society,Murshidabad,West Bengal,Private,B.Sc(N),60 (Sixty),2025-2026,6,https://online.indiannursingcouncil.org/Reports/YearlyReportByState.aspx,2026-09-11T11:44:29.053289
17,Jiaganj School College Of Nursing,"Jiaganj School College Of Nursing, Sadarghat, P.O. - Jiaganj, Jiaganj, Distt.- Murshidabad, West Bengal, Pin Code- 742123",Jiaganj Educational And Welfare Society,Murshidabad,West Bengal,Private,P B B.Sc(N),40 (Forty),2025-2026,6,https://online.indiannursingcouncil.org/Reports/YearlyReportByState.aspx,2026-09-11T11:44:29.053289
1,Jiaganj School College Of Nursing,"Jiaganj School College Of Nursing, Sadarghat, P.O. - Jiaganj, Jiaganj, Distt.- Murshidabad, West Bengal, Pin Code- 742123",Jiaganj Educational And Welfare Society,Murshidabad,West Bengal,Private,GNM,30 (Thirty),2025-2026,7,https://online.indiannursingcouncil.org/Reports/YearlyReportByState.aspx,2026-09-11T11:44:35.325641
2,Joy Welfare Nursing Institute,"Joy Welfare Nursing Institute, M 1-2, I.G.C, W.B.I.I.D.C, Ph-3, P.O P.S:Kalyani, 12 No. Pally (Bhabanipur) Kalyani Expressway, Kalyani, Distt.- Nadia, West Bengal, Pin Code- 741235",Kalyani Joy Welfare Society,Nadia,West Bengal,Private,GNM,60 (Sixty),2025-2026,7,https://online.indiannursingcouncil.org/Reports/YearlyReportByState.aspx,2026-09-11T11:44:35.325641
3,Kabiguru Nursing Institute,"Kabiguru Nursing Institute, Vill- Gobindapur, P.O-Muluk, P.S- Bolpur, Vill.- Gobindapur, Tehsil- Bolpur Srinekatan, Distt.- Birbhum, West Bengal, Pin Code- 731204",Swatirtha Foundation,Birbhum,West Bengal,Private,GNM,60 (Sixty),2025-2026,7,https://online.indiannursingcouncil.org/Reports/YearlyReportByState.aspx,2026-09-11T11:44:35.325641
3,Kabiguru Nursing Institute,"Kabiguru Nursing Institute, Vill- Gobindapur, P.O-Muluk, P.S- Bolpur, Vill.- Gobindapur, Tehsil- Bolpur Srinekatan, Distt.- Birbhum, West Bengal, Pin Code- 731204",Swatirtha Foundation,Birbhum,West Bengal,Private,B.Sc(N),60 (Sixty),2025-2026,7,https://online.indiannursingcouncil.org/Reports/YearlyReportByState.aspx,2026-09-11T11:44:35.325641
4,Kadambini Devi Osg Nursing Institute,"Kadambini Devi Osg Nursing Institute, Vill + P.O:Tanua , P.S - Mohanpur, Mohanpur, Distt.- Pashchim Midnapore, West Bengal, Pin Code- 721436",Mohanpur Educational Trust,Pashchim Midnapore,West Bengal,Private,GNM,60 (Sixty),2025-2026,7,https://online.indiannursingcouncil.org/Reports/YearlyReportByState.aspx,2026-09-11T11:44:35.325641
5,Kalpana Institute Of Nursing,"Kalpana Institute Of Nursing, Rathtala, P.O.- Kanchannagar, Burdwan, Distt.- Purba Bardhaman, West Bengal, Pin Code- 713102",Darshan Institute Of Engineering And Management,Purba Bardhaman,West Bengal,Private,B.Sc(N),60 (Sixty),2025-2026,7,https://online.indiannursingcouncil.org/Reports/YearlyReportByState.aspx,2026-09-11T11:44:35.325641
5,Kalpana Institute Of Nursing,"Kalpana Institute Of Nursing, Rathtala, P.O.- Kanchannagar, Burdwan, Distt.- Purba Bardhaman, West Bengal, Pin Code- 713102",Darshan Institute Of Engineering And Management,Purba Bardhaman,West Bengal,Private,GNM,60 (Sixty),2025-2026,7,https://online.indiannursingcouncil.org/Reports/YearlyReportByState.aspx,2026-09-11T11:44:35.325641
6,Khristiya Seva Niketan Nursing Training School,"Khristiya Seva Niketan Nursing Training School, P.O.- Sarenga, Vill.- Sarenga, Tehsil- Sarenga, Distt.- Bankura, West Bengal, Pin Code- 722150",Khristiya Seva Niketan,Bankura,West Bengal,Private,GNM,30 (Thirty),2025-2026,7,https://online.indiannursingcouncil.org/Reports/YearlyReportByState.aspx,2026-09-11T11:44:35.325641
7,Kolkata Institute Of Nursing,"Kolkata Institute Of Nursing, Kathgola, 91-Bus Route, P.S- Rajarhat, Rajarhat, Distt.- North 24 Parganas, West Bengal, Pin Code- 700135",Disha Foundation,North 24 Parganas,West Bengal,Private,GNM,60 (Sixty),2025-2026,7,https://online.indiannursingcouncil.org/Reports/YearlyReportByState.aspx,2026-09-11T11:44:35.325641
8,Kothari Institute Of Nursing,"Kothari Institute Of Nursing, 8/3 Alipore Road, 8/3 Alipore Road, Distt.- Kolkata, West Bengal, Pin Code- 700027",Kothari Medical Centre,Kolkata,West Bengal,Private,B.Sc(N),70 (Seventy),2025-2026,7,https://online.indiannursingcouncil.org/Reports/YearlyReportByState.aspx,2026-09-11T11:44:35.325641
8,Kothari Institute Of Nursing,"Kothari Institute Of Nursing, 8/3 Alipore Road, 8/3 Alipore Road, Distt.- Kolkata, West Bengal, Pin Code- 700027",Kothari Medical Centre,Kolkata,West Bengal,Private,GNM,60 (Sixty),2025-2026,7,https://online.indiannursingcouncil.org/Reports/YearlyReportByState.aspx,2026-09-11T11:44:35.325641
9,Krishna Nursing Institute,"Krishna Nursing Institute, Vill: Narapatipara, P.O. Simurali, Chakdaha, Distt.- Nadia, West Bengal, Pin Code- 741248",Jugal Nath Memorial Society,Nadia,West Bengal,Private,GNM,60 (Sixty),2025-2026,7,https://online.indiannursingcouncil.org/Reports/YearlyReportByState.aspx,2026-09-11T11:44:35.325641
10,Lakshmi Nursing Institute,"Lakshmi Nursing Institute, Village P.O.- Sugandha, P.S.- Polba, Vill.- Sugandha, Tehsil- Polba Dadpur, Distt.- Hooghly, West Bengal, Pin Code- 712102",Lakshmi Educational Trust,Hooghly,West Bengal,Private,GNM,60 (Sixty),2025-2026,7,https://online.indiannursingcouncil.org/Reports/YearlyReportByState.aspx,2026-09-11T11:44:35.325641
11,M R Institute Of Nursing,"M R Institute Of Nursing, Village + P.O.- Balisha, P.S-Ashokenagar, , Distt.- North 24 Parganas, West Bengal, Pin Code- 743702",M.R. Charitable Trust,North 24 Parganas,West Bengal,Private,B.Sc(N),60 (Sixty),2025-2026,7,https://online.indiannursingcouncil.org/Reports/YearlyReportByState.aspx,2026-09-11T11:44:35.325641
11,M R Institute Of Nursing,"M R Institute Of Nursing, Village + P.O.- Balisha, P.S-Ashokenagar, , Distt.- North 24 Parganas, West Bengal, Pin Code- 743702",M.R. Charitable Trust,North 24 Parganas,West Bengal,Private,GNM,60 (Sixty),2025-2026,7,https://online.indiannursingcouncil.org/Reports/YearlyReportByState.aspx,2026-09-11T11:44:35.325641
12,Maa Sarada Institute Of Nursing,"Maa Sarada Institute Of Nursing, Village P.O. Malandighi, P.S. - Kanksha, Durgapur, Distt.- Paschim Bardhaman, West Bengal, Pin Code- 713212",Sanaka Educational Trusts Group Of Institutions,Paschim Bardhaman,West Bengal,Private,B.Sc(N),100 (One Hundred),2025-2026,7,https://online.indiannursingcouncil.org/Reports/YearlyReportByState.aspx,2026-09-11T11:44:35.325641
12,Maa Sarada Institute Of Nursing,"Maa Sarada Institute Of Nursing, Village P.O. Malandighi, P.S. - Kanksha, Durgapur, Distt.- Paschim Bardhaman, West Bengal, Pin Code- 713212",Sanaka Educational Trusts Group Of Institutions,Paschim Bardhaman,West Bengal,Private,GNM,100 (One Hundred),2025-2026,7,https://online.indiannursingcouncil.org/Reports/YearlyReportByState.aspx,2026-09-11T11:44:35.325641
13,Maheshtala Municipal Institute Of Nursing Sciences,"Maheshtala Municipal Institute Of Nursing Sciences, B1-38/1 New Santoshpur,Block B,P.O.-Santoshpur, P.S.-Maheshtala, Kolkata, Distt.- South 24 Parganas, West Bengal, Pin Code- 700142",Maheshtala Municipality,South 24 Parganas,West Bengal,Private,B.Sc(N),60 (Sixty),2025-2026,7,https://online.indiannursingcouncil.org/Reports/YearlyReportByState.aspx,2026-09-11T11:44:35.325641
13,Maheshtala Municipal Institute Of Nursing Sciences,"Maheshtala Municipal Institute Of Nursing Sciences, B1-38/1 New Santoshpur,Block B,P.O.-Santoshpur, P.S.-Maheshtala, Kolkata, Distt.- South 24 Parganas, West Bengal, Pin Code- 700142",Maheshtala Municipality,South 24 Parganas,West Bengal,Private,GNM,60 (Sixty),2025-2026,7,https://online.indiannursingcouncil.org/Reports/YearlyReportByState.aspx,2026-09-11T11:44:35.325641
14,Manbhum Institute Of Nursing And Medical Sciences,"Manbhum Institute Of Nursing And Medical Sciences, Plot No. 251,252,255,256, Post. Dulmi-Nadiha, Tata Road, Purulia , Distt.- Purulia, West Bengal, Pin Code- 723102",Manbhum Society For Educational And Cultural Research,Purulia,West Bengal,Private,GNM,60 (Sixty),2025-2026,7,https://online.indiannursingcouncil.org/Reports/YearlyReportByState.aspx,2026-09-11T11:44:35.325641
15,Manisha Nursing Institute,"Manisha Nursing Institute, G.T. Road, Rajbandh, Durgapur, Distt.- Paschim Bardhaman, West Bengal, Pin Code- 713212",Rahul Foundation,Paschim Bardhaman,West Bengal,Private,GNM,100 (One Hundred),2025-2026,7,https://online.indiannursingcouncil.org/Reports/YearlyReportByState.aspx,2026-09-11T11:44:35.325641
16,Manmohini Academic Institution,"Manmohini Academic Institution, 24/A/C/22 Shilpataluk, Kalikapur Road, P.S.- Berhampore, Berhampore, Distt.- Murshidabad, West Bengal, Pin Code- 742101",Manmohini Academic Institution,Murshidabad,West Bengal,Private,GNM,60 (Sixty),2025-2026,7,https://online.indiannursingcouncil.org/Reports/YearlyReportByState.aspx,2026-09-11T11:44:35.325641
16,Manmohini Academic Institution,"Manmohini Academic Institution, 24/A/C/22 Shilpataluk, Kalikapur Road, P.S.- Berhampore, Berhampore, Distt.- Murshidabad, West Bengal, Pin Code- 742101",Manmohini Academic Institution,Murshidabad,West Bengal,Private,B.Sc(N),60 (Sixty),2025-2026,7,https://online.indiannursingcouncil.org/Reports/YearlyReportByState.aspx,2026-09-11T11:44:35.325641
17,Marina Institution Of Nursing,"Marina Institution Of Nursing, Paschim Kuamar Para, P.O- Mohitnagar, P.S- Kotwali, Jalpaiguri, Distt.- Jalpaiguri, West Bengal, Pin Code- 735102",Marina Educational Trust,Jalpaiguri,West Bengal,Private,GNM,60 (Sixty),2025-2026,7,https://online.indiannursingcouncil.org/Reports/YearlyReportByState.aspx,2026-09-11T11:44:35.325641
17,Marina Institution Of Nursing,"Marina Institution Of Nursing, Paschim Kuamar Para, P.O- Mohitnagar, P.S- Kotwali, Jalpaiguri, Distt.- Jalpaiguri, West Bengal, Pin Code- 735102",Marina Educational Trust,Jalpaiguri,West Bengal,Private,B.Sc(N),60 (Sixty),2025-2026,7,https://online.indiannursingcouncil.org/Reports/YearlyReportByState.aspx,2026-09-11T11:44:35.325641
18,Matangini Govt. College Of Nursing,"Matangini Govt. College Of Nursing, Tamluk Purba Medinipur District Hospital Campus, P.O.-Tamluk, Tamluk, Distt.- Purba Medinipur, West Bengal, Pin Code- 721636",Government Of West Bengal,Purba Medinipur,West Bengal,Government,B.Sc(N),100 (Hundred),2025-2026,7,https://online.indiannursingcouncil.org/Reports/YearlyReportByState.aspx,2026-09-11T11:44:35.325641
19,Mathura Nath Memorial Nusring Institution,"Mathura Nath Memorial Nusring Institution, P.O.-Falakata, Hathkhola, Falakata,, Distt.- Alipurduar, West Bengal, Pin Code- 735211",Mathura Nath Memorial Trust,Alipurduar,West Bengal,Private,B.Sc(N),60 (Sixty),2025-2026,7,https://online.indiannursingcouncil.org/Reports/YearlyReportByState.aspx,2026-09-11T11:44:35.325641
19,Mathura Nath Memorial Nusring Institution,"Mathura Nath Memorial Nusring Institution, P.O.-Falakata, Hathkhola, Falakata,, Distt.- Alipurduar, West Bengal, Pin Code- 735211",Mathura Nath Memorial Trust,Alipurduar,West Bengal,Private,GNM,60 (Sixty),2025-2026,7,https://online.indiannursingcouncil.org/Reports/YearlyReportByState.aspx,2026-09-11T11:44:35.325641
20,Matri Bhavan College Of Nursing Ramakrishna Sarada Mission,"Matri Bhavan College Of Nursing Ramakrishna Sarada Mission, 29, Sree Mohan Lane, Kolkata, Distt.- Kolkata, West Bengal, Pin Code- 700026",Ramakrishna Sarada Mission,Kolkata,West Bengal,Private,B.Sc(N),50 (Fifty),2025-2026,7,https://online.indiannursingcouncil.org/Reports/YearlyReportByState.aspx,2026-09-11T11:44:35.325641
21,Medisky Nursing Institute,"Medisky Nursing Institute, Gobra, Dankuni, Hooghly, Dankuni, Distt.- Hooghly, West Bengal, Pin Code- 712702",Dankuni Medical &Amp; Educational Trust,Hooghly,West Bengal,Private,GNM,40 (Forty),2025-2026,7,https://online.indiannursingcouncil.org/Reports/YearlyReportByState.aspx,2026-09-11T11:44:35.325641
1,Medisky Nursing Institute,"Medisky Nursing Institute, Gobra, Dankuni, Hooghly, Dankuni, Distt.- Hooghly, West Bengal, Pin Code- 712702",Dankuni Medical &Amp; Educational Trust,Hooghly,West Bengal,Private,B.Sc(N),40 (Forty),2025-2026,8,https://online.indiannursingcouncil.org/Reports/YearlyReportByState.aspx,2026-09-11T11:44:42.161116
2,Minerva School And College Of Nursing,"Minerva School And College Of Nursing, Bhatjangla, Palpara More, Krishnagar, Distt.- Nadia, West Bengal, Pin Code- 741102",Judge Bagan Ma Tara Socal Welfare Society,Nadia,West Bengal,Private,B.Sc(N),60 (Sixty),2025-2026,8,https://online.indiannursingcouncil.org/Reports/YearlyReportByState.aspx,2026-09-11T11:44:42.161116
2,Minerva School And College Of Nursing,"Minerva School And College Of Nursing, Bhatjangla, Palpara More, Krishnagar, Distt.- Nadia, West Bengal, Pin Code- 741102",Judge Bagan Ma Tara Socal Welfare Society,Nadia,West Bengal,Private,GNM,100 (One Hundred),2025-2026,8,https://online.indiannursingcouncil.org/Reports/YearlyReportByState.aspx,2026-09-11T11:44:42.161116
3,Misra Nursing Institute Of Asansol,"Misra Nursing Institute Of Asansol, Bagbandi Road, Near Radhyaswami Satsang, P.O- Kalipahari, Asansol, Distt.- Paschim Bardhaman, West Bengal, Pin Code- 713339",Eastern India Educational Trust,Paschim Bardhaman,West Bengal,Private,B.Sc(N),60 (Sixty),2025-2026,8,https://online.indiannursingcouncil.org/Reports/YearlyReportByState.aspx,2026-09-11T11:44:42.161116
3,Misra Nursing Institute Of Asansol,"Misra Nursing Institute Of Asansol, Bagbandi Road, Near Radhyaswami Satsang, P.O- Kalipahari, Asansol, Distt.- Paschim Bardhaman, West Bengal, Pin Code- 713339",Eastern India Educational Trust,Paschim Bardhaman,West Bengal,Private,GNM,60 (Sixty),2025-2026,8,https://online.indiannursingcouncil.org/Reports/YearlyReportByState.aspx,2026-09-11T11:44:42.161116
4,Mission Of Mercy School Of Nursing,"Mission Of Mercy School Of Nursing, 125/1, Park Street, Kolkata, Distt.- Kolkata, West Bengal, Pin Code- 700017",Mission Of Mercy Hospital And Research Centre,Kolkata,West Bengal,Private,GNM,50 (Fifty),2025-2026,8,https://online.indiannursingcouncil.org/Reports/YearlyReportByState.aspx,2026-09-11T11:44:42.161116
5,Mother Mary Institute Of Nursing,"Mother Mary Institute Of Nursing, Nadibhag, Madhyamgram, North 24 Pgs. 700125, Barasat, Distt.- North 24 Parganas, West Bengal, Pin Code- 700125",Dr Shahidullah Memorial Trust,North 24 Parganas,West Bengal,Private,GNM,60 (Sixty),2025-2026,8,https://online.indiannursingcouncil.org/Reports/YearlyReportByState.aspx,2026-09-11T11:44:42.161116
6,Mother Rijiya Institute Of Nursing,"Mother Rijiya Institute Of Nursing, Bira, Balisha, Ashokenagar, Balisha, Distt.- North 24 Parganas, West Bengal, Pin Code- 743234",Sahajpath,North 24 Parganas,West Bengal,Private,B.Sc(N),60 (Sixty),2025-2026,8,https://online.indiannursingcouncil.org/Reports/YearlyReportByState.aspx,2026-09-11T11:44:42.161116
6,Mother Rijiya Institute Of Nursing,"Mother Rijiya Institute Of Nursing, Bira, Balisha, Ashokenagar, Balisha, Distt.- North 24 Parganas, West Bengal, Pin Code- 743234",Sahajpath,North 24 Parganas,West Bengal,Private,GNM,60 (Sixty),2025-2026,8,https://online.indiannursingcouncil.org/Reports/YearlyReportByState.aspx,2026-09-11T11:44:42.161116
7,Mother Teresa Institute Of Nursing,"Mother Teresa Institute Of Nursing , Vill-Nadibhag, P.O-Kazipara, P.S-Madhyamgram, Vill.- Nadibhag, Tehsil- Barasat-Ii, Distt.- North 24 Parganas, West Bengal, Pin Code- 700125",Mother Teresa Charitable Trust,North 24 Parganas,West Bengal,Private,B.Sc(N),60 (Sixty),2025-2026,8,https://online.indiannursingcouncil.org/Reports/YearlyReportByState.aspx,2026-09-11T11:44:42.161116
7,Mother Teresa Institute Of Nursing,"Mother Teresa Institute Of Nursing , Vill-Nadibhag, P.O-Kazipara, P.S-Madhyamgram, Vill.- Nadibhag, Tehsil- Barasat-Ii, Distt.- North 24 Parganas, West Bengal, Pin Code- 700125",Mother Teresa Charitable Trust,North 24 Parganas,West Bengal,Private,GNM,60 (Sixty),2025-2026,8,https://online.indiannursingcouncil.org/Reports/YearlyReportByState.aspx,2026-09-11T11:44:42.161116
8,Mrinalini Devi College Of Nursing,"Mrinalini Devi College Of Nursing, Bahiri Nimtala, Bolpur, Bolpur, Distt.- Birbhum, West Bengal, Pin Code- 731240",Tagore Mission International Education Trust,Birbhum,West Bengal,Private,GNM,60 (Sixty),2025-2026,8,https://online.indiannursingcouncil.org/Reports/YearlyReportByState.aspx,2026-09-11T11:44:42.161116
8,Mrinalini Devi College Of Nursing,"Mrinalini Devi College Of Nursing, Bahiri Nimtala, Bolpur, Bolpur, Distt.- Birbhum, West Bengal, Pin Code- 731240",Tagore Mission International Education Trust,Birbhum,West Bengal,Private,B.Sc(N),60 (Sixty),2025-2026,8,https://online.indiannursingcouncil.org/Reports/YearlyReportByState.aspx,2026-09-11T11:44:42.161116
9,Muktadhara Nursing Institution,"Muktadhara Nursing Institution, P.O.-Rasulpur, P.S.-Patrasayer, Vill.- Rasulpur, Tehsil- Patrasayer, Distt.- Bankura, West Bengal, Pin Code- 722205",Muktadhara,Bankura,West Bengal,Private,GNM,60 (Sixty),2025-2026,8,https://online.indiannursingcouncil.org/Reports/YearlyReportByState.aspx,2026-09-11T11:44:42.161116
9,Muktadhara Nursing Institution,"Muktadhara Nursing Institution, P.O.-Rasulpur, P.S.-Patrasayer, Vill.- Rasulpur, Tehsil- Patrasayer, Distt.- Bankura, West Bengal, Pin Code- 722205",Muktadhara,Bankura,West Bengal,Private,B.Sc(N),60 (Sixty),2025-2026,8,https://online.indiannursingcouncil.org/Reports/YearlyReportByState.aspx,2026-09-11T11:44:42.161116
10,Murshidabad Nursing Institute,"Murshidabad Nursing Institute, Berhampore Industrial Estate, Plot No-B-19, 24/A, Kalikapur Road, Berhampore , Distt.- Murshidabad, West Bengal, Pin Code- 742101",Shree Durga Skill Development Centre,Murshidabad,West Bengal,Private,B.Sc(N),60 (Sixty),2025-2026,8,https://online.indiannursingcouncil.org/Reports/YearlyReportByState.aspx,2026-09-11T11:44:42.161116
10,Murshidabad Nursing Institute,"Murshidabad Nursing Institute, Berhampore Industrial Estate, Plot No-B-19, 24/A, Kalikapur Road, Berhampore , Distt.- Murshidabad, West Bengal, Pin Code- 742101",Shree Durga Skill Development Centre,Murshidabad,West Bengal,Private,GNM,60 (Sixty),2025-2026,8,https://online.indiannursingcouncil.org/Reports/YearlyReportByState.aspx,2026-09-11T11:44:42.161116
11,N S H M Institute Of Nursing,"N S H M Institute Of Nursing, N S H M Accademy, Arrah, Shibtala, Via Muchipara, Durgapur, Distt.- Paschim Bardhaman, West Bengal, Pin Code- 713212",Nshm Academy,Paschim Bardhaman,West Bengal,Private,B.Sc(N),50 (Fifty),2025-2026,8,https://online.indiannursingcouncil.org/Reports/YearlyReportByState.aspx,2026-09-11T11:44:42.161116
11,N S H M Institute Of Nursing,"N S H M Institute Of Nursing, N S H M Accademy, Arrah, Shibtala, Via Muchipara, Durgapur, Distt.- Paschim Bardhaman, West Bengal, Pin Code- 713212",Nshm Academy,Paschim Bardhaman,West Bengal,Private,GNM,50 (Fifty),2025-2026,8,https://online.indiannursingcouncil.org/Reports/YearlyReportByState.aspx,2026-09-11T11:44:42.161116
12,N S M S Nursing Institute,"N S M S Nursing Institute, Nachan Road, Kamalpur, Durgapur, Distt.- Paschim Bardhaman, West Bengal, Pin Code- 713204",National School Of Management Studies Durgapur Chapter,Paschim Bardhaman,West Bengal,Private,GNM,60 (Sixty),2025-2026,8,https://online.indiannursingcouncil.org/Reports/YearlyReportByState.aspx,2026-09-11T11:44:42.161116
12,N S M S Nursing Institute,"N S M S Nursing Institute, Nachan Road, Kamalpur, Durgapur, Distt.- Paschim Bardhaman, West Bengal, Pin Code- 713204",National School Of Management Studies Durgapur Chapter,Paschim Bardhaman,West Bengal,Private,B.Sc(N),60 (Sixty),2025-2026,8,https://online.indiannursingcouncil.org/Reports/YearlyReportByState.aspx,2026-09-11T11:44:42.161116
13,N T S Basirhat District Hospital,"N T S Basirhat District Hospital, Village- Badartala, Naihati, Basirhat, , Distt.- North 24 Parganas, West Bengal, Pin Code- 743292",Government Of West Bengal,North 24 Parganas,West Bengal,Government,GNM,65 (Sixty Five),2025-2026,8,https://online.indiannursingcouncil.org/Reports/YearlyReportByState.aspx,2026-09-11T11:44:42.161116
14,Nabadwip School And College Of Nursing,"Nabadwip School And College Of Nursing, 77/9 Sarkar Para Road, Ward #16, Nabadwip, Distt.- Nadia, West Bengal, Pin Code- 741302",Judge Bagan Ma Tara Social Welfare Society,Nadia,West Bengal,Private,GNM,60 (Sixty),2025-2026,8,https://online.indiannursingcouncil.org/Reports/YearlyReportByState.aspx,2026-09-11T11:44:42.161116
15,Nakshatra Institute Of Nursing,"Nakshatra Institute Of Nursing, Vill & Po-Rasulpur, Ps-Patrasayer, Rasulpur, Distt.- Bankura, West Bengal, Pin Code- 722205",Nakshatra Educational Trust,Bankura,West Bengal,Private,GNM,60 (Sixty),2025-2026,8,https://online.indiannursingcouncil.org/Reports/YearlyReportByState.aspx,2026-09-11T11:44:42.161116
15,Nakshatra Institute Of Nursing,"Nakshatra Institute Of Nursing, Vill & Po-Rasulpur, Ps-Patrasayer, Rasulpur, Distt.- Bankura, West Bengal, Pin Code- 722205",Nakshatra Educational Trust,Bankura,West Bengal,Private,B.Sc(N),60 (Sixty),2025-2026,8,https://online.indiannursingcouncil.org/Reports/YearlyReportByState.aspx,2026-09-11T11:44:42.161116
16,Nalanda Nursing Institute,"Nalanda Nursing Institute, Gt Road, Andal More, P.O- Andal, Durgapur, Distt.- Paschim Bardhaman, West Bengal, Pin Code- 713321",Green Education And Welefare Trust,Paschim Bardhaman,West Bengal,Private,B.Sc(N),60 (Sixty),2025-2026,8,https://online.indiannursingcouncil.org/Reports/YearlyReportByState.aspx,2026-09-11T11:44:42.161116
16,Nalanda Nursing Institute,"Nalanda Nursing Institute, Gt Road, Andal More, P.O- Andal, Durgapur, Distt.- Paschim Bardhaman, West Bengal, Pin Code- 713321",Green Education And Welefare Trust,Paschim Bardhaman,West Bengal,Private,GNM,40 (Forty),2025-2026,8,https://online.indiannursingcouncil.org/Reports/YearlyReportByState.aspx,2026-09-11T11:44:42.161116
17,National Institute For Locomotor Disabilities (Divyangjan),"National Institute For Locomotor Disabilities (Divyangjan), B T Road, Boh Hooghly, Kolkata, Distt.- North 24 Parganas, West Bengal, Pin Code- 700090",Dept. Of Empowerment Of Person With Disabilities,North 24 Parganas,West Bengal,Government,M. Sc (N),10 ;Med-Surg- 10 (Ten),2025-2026,8,https://online.indiannursingcouncil.org/Reports/YearlyReportByState.aspx,2026-09-11T11:44:42.161116
18,Navjeevan College Of Nursing,"Navjeevan College Of Nursing, Gayaganga, Po- Kamala Bagan, Siliguri, Distt.- Darjeeling, West Bengal, Pin Code- 734426",Gayaganga Navjeevan Rural Health And Development Society,Darjeeling,West Bengal,Private,B.Sc(N),40 (Forty),2025-2026,8,https://online.indiannursingcouncil.org/Reports/YearlyReportByState.aspx,2026-09-11T11:44:42.161116
18,Navjeevan College Of Nursing,"Navjeevan College Of Nursing, Gayaganga, Po- Kamala Bagan, Siliguri, Distt.- Darjeeling, West Bengal, Pin Code- 734426",Gayaganga Navjeevan Rural Health And Development Society,Darjeeling,West Bengal,Private,GNM,40 (Forty),2025-2026,8,https://online.indiannursingcouncil.org/Reports/YearlyReportByState.aspx,2026-09-11T11:44:42.161116
1,Nawjan Institute Of Nursing,"Nawjan Institute Of Nursing, Vill-Tona, P.O- Baidyapur, P.S. - Shason, Barasat, Distt.- North 24 Parganas, West Bengal, Pin Code- 743423",Rizia Bibi Foundation,North 24 Parganas,West Bengal,Private,GNM,40 (Forty),2025-2026,9,https://online.indiannursingcouncil.org/Reports/YearlyReportByState.aspx,2026-09-11T11:44:49.000454
2,Neotia Academy Nursing Training Institute,"Neotia Academy Nursing Training Institute, 2052, Chakgaria, Ward No 109, Borough No 12, Kolkata, Distt.- Kolkata, West Bengal, Pin Code- 700084",Park Hospitals,Kolkata,West Bengal,Private,GNM,60 (Sixty),2025-2026,9,https://online.indiannursingcouncil.org/Reports/YearlyReportByState.aspx,2026-09-11T11:44:49.000454
2,Neotia Academy Nursing Training Institute,"Neotia Academy Nursing Training Institute, 2052, Chakgaria, Ward No 109, Borough No 12, Kolkata, Distt.- Kolkata, West Bengal, Pin Code- 700084",Park Hospitals,Kolkata,West Bengal,Private,B.Sc(N),60 (Sixty),2025-2026,9,https://online.indiannursingcouncil.org/Reports/YearlyReportByState.aspx,2026-09-11T11:44:49.000454
2,Neotia Academy Nursing Training Institute,"Neotia Academy Nursing Training Institute, 2052, Chakgaria, Ward No 109, Borough No 12, Kolkata, Distt.- Kolkata, West Bengal, Pin Code- 700084",Park Hospitals,Kolkata,West Bengal,Private,M. Sc (N),15 (Fifteen) Med Sur-04 Paed-03 Obg-03 Chn-02 Psy-03,2025-2026,9,https://online.indiannursingcouncil.org/Reports/YearlyReportByState.aspx,2026-09-11T11:44:49.000454
3,Newtown Institute Of Nursing Science,"Newtown Institute Of Nursing Science, Village + P.O.-Shonepur, P.S.-Kashipur, Bhangar Phase-2, Kolkata, Distt.- South 24 Parganas, West Bengal, Pin Code- 700135",Bookleaf Educational Trust,South 24 Parganas,West Bengal,Private,GNM,60 (Sixty),2025-2026,9,https://online.indiannursingcouncil.org/Reports/YearlyReportByState.aspx,2026-09-11T11:44:49.000454
3,Newtown Institute Of Nursing Science,"Newtown Institute Of Nursing Science, Village + P.O.-Shonepur, P.S.-Kashipur, Bhangar Phase-2, Kolkata, Distt.- South 24 Parganas, West Bengal, Pin Code- 700135",Bookleaf Educational Trust,South 24 Parganas,West Bengal,Private,B.Sc(N),60 (Sixty),2025-2026,9,https://online.indiannursingcouncil.org/Reports/YearlyReportByState.aspx,2026-09-11T11:44:49.000454
4,Nilachal Institute Of Nursing And Health Sciences,"Nilachal Institute Of Nursing And Health Sciences , Vill-Kanthalberia (Dakshinpara), P.O-Bethuadahari, P.S-Nakashipara, Bethuadahari, Distt.- Nadia, West Bengal, Pin Code- 741126",Florence Nightingale Educational And Welfare Trust,Nadia,West Bengal,Private,B.Sc(N),60 (Sixty),2025-2026,9,https://online.indiannursingcouncil.org/Reports/YearlyReportByState.aspx,2026-09-11T11:44:49.000454
4,Nilachal Institute Of Nursing And Health Sciences,"Nilachal Institute Of Nursing And Health Sciences , Vill-Kanthalberia (Dakshinpara), P.O-Bethuadahari, P.S-Nakashipara, Bethuadahari, Distt.- Nadia, West Bengal, Pin Code- 741126",Florence Nightingale Educational And Welfare Trust,Nadia,West Bengal,Private,GNM,60 (Sixty),2025-2026,9,https://online.indiannursingcouncil.org/Reports/YearlyReportByState.aspx,2026-09-11T11:44:49.000454
5,Nilanjana Memorial Nursing Academy,"Nilanjana Memorial Nursing Academy, Telanipara, Besides P.K. Roy High School, Binnagudi Mouza, P.O.- Sahudangi, Sahudangi, Distt.- Jalpaiguri, West Bengal, Pin Code- 735135",Careernext Welfare Society,Jalpaiguri,West Bengal,Private,GNM,60 (Sixty),2025-2026,9,https://online.indiannursingcouncil.org/Reports/YearlyReportByState.aspx,2026-09-11T11:44:49.000454
6,Nivedita Institute Of Nursing,"Nivedita Institute Of Nursing, Bankim Nagar, P.S.-Bhakti Nagar, Sevoke Road, Siliguri, Distt.- Jalpaiguri, West Bengal, Pin Code- 734001",Nivedita Foundation,Jalpaiguri,West Bengal,Private,GNM,60 (Sixty),2025-2026,9,https://online.indiannursingcouncil.org/Reports/YearlyReportByState.aspx,2026-09-11T11:44:49.000454
7,Nivedita Nursing Institute,"Nivedita Nursing Institute, Dawaguri, Kalerpar, Cooch Behar, Distt.- Koch Behar, West Bengal, Pin Code- 736101",Sister Nivedita Public Charitable Trust,Koch Behar,West Bengal,Private,GNM,60 (Sixty),2025-2026,9,https://online.indiannursingcouncil.org/Reports/YearlyReportByState.aspx,2026-09-11T11:44:49.000454
8,North Point Nursing Institute,"North Point Nursing Institute, Beliachandi, Gocharan, Joynagar, Distt.- South 24 Parganas, West Bengal, Pin Code- 743391",Bankim Hazra Educational And Social Welfare Trustturst,South 24 Parganas,West Bengal,Private,GNM,60 (Sixty),2025-2026,9,https://online.indiannursingcouncil.org/Reports/YearlyReportByState.aspx,2026-09-11T11:44:49.000454
9,Novena School Of Nursing,"Novena School Of Nursing, Himacha Vihar, Phase 3, Matigara, Darjiling, Distt.- Darjeeling, West Bengal, Pin Code- 734010",Dr. Chhang's Super Specialty Hospital Pvt. Ltd.,Darjeeling,West Bengal,Private,GNM,50 (Fifty),2025-2026,9,https://online.indiannursingcouncil.org/Reports/YearlyReportByState.aspx,2026-09-11T11:44:49.000454
9,Novena School Of Nursing,"Novena School Of Nursing, Himacha Vihar, Phase 3, Matigara, Darjiling, Distt.- Darjeeling, West Bengal, Pin Code- 734010",Dr. Chhang's Super Specialty Hospital Pvt. Ltd.,Darjeeling,West Bengal,Private,B.Sc(N),60 (Sixty),2025-2026,9,https://online.indiannursingcouncil.org/Reports/YearlyReportByState.aspx,2026-09-11T11:44:49.000454
10,Nurses Training Centre,"Nurses Training Centre, 93 Bagmari Road, E.S.I. Hospital, Manicktala, Vill.- Manicktala, Tehsil- Kolkata, Distt.- Kolkata, West Bengal, Pin Code- 700005",Govt. Of West Bengal,Kolkata,West Bengal,Government,GNM,50 (Fifty),2025-2026,9,https://online.indiannursingcouncil.org/Reports/YearlyReportByState.aspx,2026-09-11T11:44:49.000454
11,Nursing Training School ( Anmr),"Nursing Training School ( Anmr), I D & B G Hospital, 57 Beliaghata Main Road, Kolkata, Distt.- Kolkata, West Bengal, Pin Code- 700010",Govt. Of West Bengal,Kolkata,West Bengal,Government,ANM,100 (One Hundred),2025-2026,9,https://online.indiannursingcouncil.org/Reports/YearlyReportByState.aspx,2026-09-11T11:44:49.000454
12,Nursing Training School,"Nursing Training School , Ashok Nagar State General Hospital, P.O.- Ashok Nagar, Ashoknagar, Distt.- North 24 Parganas, West Bengal, Pin Code- 743222",Government Of West Bengal,North 24 Parganas,West Bengal,Government,GNM,85 (Eighty Five),2025-2026,9,https://online.indiannursingcouncil.org/Reports/YearlyReportByState.aspx,2026-09-11T11:44:49.000454
13,Nursing Training School,"Nursing Training School, Asansol District Hospital, Old L M Hospital, N S Road, Asansol, Distt.- Paschim Bardhaman, West Bengal, Pin Code- 713301",Govt. Of West Bengal,Paschim Bardhaman,West Bengal,Government,ANM,60 (Sixty),2025-2026,9,https://online.indiannursingcouncil.org/Reports/YearlyReportByState.aspx,2026-09-11T11:44:49.000454
14,Nursing Training School,"Nursing Training School, Balurghat District Hospital, Vill.- Raghunathpur, Tehsil- Balurghat, Distt.- Dakshin Dinajpur, West Bengal, Pin Code- 733103",Govt. Of West Bengal,Dakshin Dinajpur,West Bengal,Government,GNM,65 (Sixty Five),2025-2026,9,https://online.indiannursingcouncil.org/Reports/YearlyReportByState.aspx,2026-09-11T11:44:49.000454
15,Nursing Training School,"Nursing Training School, Bankura Sammilani Medical College Hospital, Gobindanagar, Bankura, Bankura, Distt.- Bankura, West Bengal, Pin Code- 722102",Govt. Of West Bengal,Bankura,West Bengal,Government,GNM,95 (Ninety Five),2025-2026,9,https://online.indiannursingcouncil.org/Reports/YearlyReportByState.aspx,2026-09-11T11:44:49.000454
16,Nursing Training School,"Nursing Training School, Biswa Singha Road, Attached To Mjn Hospital, Cooch Behar, Distt.- Koch Behar, West Bengal, Pin Code- 736101",Govt. Of West Bengal,Koch Behar,West Bengal,Government,GNM,50 (Fifty),2025-2026,9,https://online.indiannursingcouncil.org/Reports/YearlyReportByState.aspx,2026-09-11T11:44:49.000454
17,Nursing Training School,"Nursing Training School, Burdwan Medical College Hospital, Rajbati, , Distt.- Purba Bardhaman, West Bengal, Pin Code- 713104",Govt. Of West Bengal,Purba Bardhaman,West Bengal,Government,GNM,100 (One Hundred),2025-2026,9,https://online.indiannursingcouncil.org/Reports/YearlyReportByState.aspx,2026-09-11T11:44:49.000454
18,Nursing Training School,"Nursing Training School, Burnpur Hospital, Sail-Isp, P.O.- Burnpur, Burnpur, Distt.- Paschim Bardhaman, West Bengal, Pin Code- 713325",Steel Authority Of India Limited - Iisco Steel Plant,Paschim Bardhaman,West Bengal,Government,GNM,30 (Thirty),2025-2026,9,https://online.indiannursingcouncil.org/Reports/YearlyReportByState.aspx,2026-09-11T11:44:49.000454
19,Nursing Training School,"Nursing Training School, Chittaranjan Seva Sadan & Sishu Sadan Hospital, 37, S.P. Mukherjee Road, Kolkata, Distt.- Kolkata, West Bengal, Pin Code- 700026",Govt. Of West Bengal,Kolkata,West Bengal,Government,GNM,56 (Fifty) Six,2025-2026,9,https://online.indiannursingcouncil.org/Reports/YearlyReportByState.aspx,2026-09-11T11:44:49.000454
20,Nursing Training School,"Nursing Training School, College Of Medicine J.N.M Hospital, Kalyani, Distt.- Nadia, West Bengal, Pin Code- 741235",Govt. Of West Bengal,Nadia,West Bengal,Government,GNM,60 (Sixty),2025-2026,9,https://online.indiannursingcouncil.org/Reports/YearlyReportByState.aspx,2026-09-11T11:44:49.000454
21,Nursing Training School,"Nursing Training School, District Hospital, Chinsurah, Distt.- Hooghly, West Bengal, Pin Code- 712101",Govt. Of West Bengal,Hooghly,West Bengal,Government,GNM,60 (Sixty),2025-2026,9,https://online.indiannursingcouncil.org/Reports/YearlyReportByState.aspx,2026-09-11T11:44:49.000454
22,Nursing Training School,"Nursing Training School, District Hospital, Darjeeling, Distt.- Darjeeling, West Bengal, Pin Code- 734101",Govt. Of West Bengal,Darjeeling,West Bengal,Government,GNM,75 (Seventy Five),2025-2026,9,https://online.indiannursingcouncil.org/Reports/YearlyReportByState.aspx,2026-09-11T11:44:49.000454
23,Nursing Training School,"Nursing Training School, District Hospital, 8, Biplabi Haren Ghosh Sarani, P.O.- Howrah, Howrah, Distt.- Howrah, West Bengal, Pin Code- 711101",Govt Of West Bengal,Howrah,West Bengal,Government,GNM,50 ( Fifty),2025-2026,9,https://online.indiannursingcouncil.org/Reports/YearlyReportByState.aspx,2026-09-11T11:44:49.000454
24,Nursing Training School,"Nursing Training School, District Hospital, Malda Medical College & Hospital, P.S. English Bazar, Malda, Distt.- Malda, West Bengal, Pin Code- 732101",Govt. Of West Bengal,Malda,West Bengal,Government,GNM,50 (Fifty),2025-2026,9,https://online.indiannursingcouncil.org/Reports/YearlyReportByState.aspx,2026-09-11T11:44:49.000454
25,Nursing Training School,"Nursing Training School, District Hospital, P.S-Kotwali, Jalpaiguri, Distt.- Jalpaiguri, West Bengal, Pin Code- 735101",Govt. Of West Bengal,Jalpaiguri,West Bengal,Government,GNM,80 (Eighty),2025-2026,9,https://online.indiannursingcouncil.org/Reports/YearlyReportByState.aspx,2026-09-11T11:44:49.000454
1,Nursing Training School,"Nursing Training School, E S I Hospital Sealdah, P-233, C I T Scheme Vii-M, Bagmari Road , Kolkata, Distt.- Kolkata, West Bengal, Pin Code- 700054",Government Of West Bengal,Kolkata,West Bengal,Government,GNM,40 (Forty),2025-2026,10,https://online.indiannursingcouncil.org/Reports/YearlyReportByState.aspx,2026-09-11T11:44:56.004098
2,Nursing Training School,"Nursing Training School, Gandhi Memorial Hospital, P.O.- N.S.S, P.S.-Kalyani, Gayeshpur Municipality, Kalyani, Distt.- Nadia, West Bengal, Pin Code- 741251",Government Of West Bengal,Nadia,West Bengal,Government,ANM,50 (Fifty),2025-2026,10,https://online.indiannursingcouncil.org/Reports/YearlyReportByState.aspx,2026-09-11T11:44:56.004098
2,Nursing Training School,"Nursing Training School, Gandhi Memorial Hospital, P.O.- N.S.S, P.S.-Kalyani, Gayeshpur Municipality, Kalyani, Distt.- Nadia, West Bengal, Pin Code- 741251",Government Of West Bengal,Nadia,West Bengal,Government,GNM,60 (Sixty),2025-2026,10,https://online.indiannursingcouncil.org/Reports/YearlyReportByState.aspx,2026-09-11T11:44:56.004098
3,Nursing Training School,"Nursing Training School, Kaliyaganj State General Hospital, Kaliyaganj, Distt.- Uttar Dinajpur, West Bengal, Pin Code- 733129",Govt. Of West Bengal,Uttar Dinajpur,West Bengal,Government,ANM,50 (Fifty),2025-2026,10,https://online.indiannursingcouncil.org/Reports/YearlyReportByState.aspx,2026-09-11T11:44:56.004098
4,Nursing Training School,"Nursing Training School, Lady Dufferin Hospital, 1, Raja Ram Mohan Roy Sarani, Kolkata, Distt.- Kolkata, West Bengal, Pin Code- 700009",Govt. Of West Bengal,Kolkata,West Bengal,Government,GNM,55 (Fifty Five),2025-2026,10,https://online.indiannursingcouncil.org/Reports/YearlyReportByState.aspx,2026-09-11T11:44:56.004098
5,Nursing Training School,"Nursing Training School, Lipurduar District Hospital, Hospital Road, Alipurduar, Distt.- Alipurduar, West Bengal, Pin Code- 736121",Government Of West Bengal,Alipurduar,West Bengal,Government,ANM,30 (Thirty),2025-2026,10,https://online.indiannursingcouncil.org/Reports/YearlyReportByState.aspx,2026-09-11T11:44:56.004098
5,Nursing Training School,"Nursing Training School, Lipurduar District Hospital, Hospital Road, Alipurduar, Distt.- Alipurduar, West Bengal, Pin Code- 736121",Government Of West Bengal,Alipurduar,West Bengal,Government,GNM,50 (Fifty),2025-2026,10,https://online.indiannursingcouncil.org/Reports/YearlyReportByState.aspx,2026-09-11T11:44:56.004098
6,Nursing Training School,"Nursing Training School, Medinipur Medical College And Hospital, Medinipur, Distt.- Pashchim Midnapore, West Bengal, Pin Code- 721101",Govt. Of West Bengal,Pashchim Midnapore,West Bengal,Government,GNM,60 (Sixty),2025-2026,10,https://online.indiannursingcouncil.org/Reports/YearlyReportByState.aspx,2026-09-11T11:44:56.004098
7,Nursing Training School,"Nursing Training School, Murshidabad Medical College & Hospital, Station Road, Berhampore, Distt.- Murshidabad, West Bengal, Pin Code- 742101",Govt. Of West Bengal,Murshidabad,West Bengal,Government,ANM,50 (Fifty),2025-2026,10,https://online.indiannursingcouncil.org/Reports/YearlyReportByState.aspx,2026-09-11T11:44:56.004098
7,Nursing Training School,"Nursing Training School, Murshidabad Medical College & Hospital, Station Road, Berhampore, Distt.- Murshidabad, West Bengal, Pin Code- 742101",Govt. Of West Bengal,Murshidabad,West Bengal,Government,GNM,60 (Sixty),2025-2026,10,https://online.indiannursingcouncil.org/Reports/YearlyReportByState.aspx,2026-09-11T11:44:56.004098
8,Nursing Training School,"Nursing Training School, Nil Ratan Sircar Medical College & Hospital, 138, A J C Bose Road, Nurses Hostel Campus, Kolkata, Distt.- Kolkata, West Bengal, Pin Code- 700004",Govt. Of West Bengal,Kolkata,West Bengal,Government,GNM,70 (Seventy),2025-2026,10,https://online.indiannursingcouncil.org/Reports/YearlyReportByState.aspx,2026-09-11T11:44:56.004098
9,Nursing Training School,"Nursing Training School, North Bengal Medical College Hospital, P.O- Sushrutanagar, Siliguri, Distt.- Darjeeling, West Bengal, Pin Code- 734012",Government Of West Bengal,Darjeeling,West Bengal,Government,ANM,50 (Fifty),2025-2026,10,https://online.indiannursingcouncil.org/Reports/YearlyReportByState.aspx,2026-09-11T11:44:56.004098
9,Nursing Training School,"Nursing Training School, North Bengal Medical College Hospital, P.O- Sushrutanagar, Siliguri, Distt.- Darjeeling, West Bengal, Pin Code- 734012",Government Of West Bengal,Darjeeling,West Bengal,Government,GNM,100 (One Hundred),2025-2026,10,https://online.indiannursingcouncil.org/Reports/YearlyReportByState.aspx,2026-09-11T11:44:56.004098
10,Nursing Training School,"Nursing Training School, R G Kar Medical College & Hospital, 1 Kshudiram Bose Sarani, , Kolkata, Distt.- Kolkata, West Bengal, Pin Code- 700004",Govt. Of West Bengal,Kolkata,West Bengal,Government,GNM,65 (Sixty Five),2025-2026,10,https://online.indiannursingcouncil.org/Reports/YearlyReportByState.aspx,2026-09-11T11:44:56.004098
11,Nursing Training School,"Nursing Training School, Sambhu Nath Pandit Hospital, 11 Lala Lajpat Rai Sarani., Kolkata, Distt.- Kolkata, West Bengal, Pin Code- 700020",Govt. Of West Bengal,Kolkata,West Bengal,Government,GNM,36 (Thirty Six),2025-2026,10,https://online.indiannursingcouncil.org/Reports/YearlyReportByState.aspx,2026-09-11T11:44:56.004098
12,Nursing Training School,"Nursing Training School, Sarat Chandra Chattopadhyay Government Medical College & Hospital, Uluberia-I, Distt.- Howrah, West Bengal, Pin Code- 711316",Govt. Of West Bengal,Howrah,West Bengal,Government,GNM,90 (Ninety),2025-2026,10,https://online.indiannursingcouncil.org/Reports/YearlyReportByState.aspx,2026-09-11T11:44:56.004098
13,Nursing Training School,"Nursing Training School, Sub Divisional Hospital, K D Pradhan Pradhan Road, Kalimpong, Distt.- Darjeeling, West Bengal, Pin Code- 734301",Govt. Of West Bengal,Darjeeling,West Bengal,Government,GNM,40 (Forty),2025-2026,10,https://online.indiannursingcouncil.org/Reports/YearlyReportByState.aspx,2026-09-11T11:44:56.004098
14,Nursing Training School,"Nursing Training School, Suri Sadar Hospital, P O-Suri, Suri, Distt.- Birbhum, West Bengal, Pin Code- 731101",Government Of Health And Family Welfare,Birbhum,West Bengal,Government,ANM,50 (Fifty),2025-2026,10,https://online.indiannursingcouncil.org/Reports/YearlyReportByState.aspx,2026-09-11T11:44:56.004098
14,Nursing Training School,"Nursing Training School, Suri Sadar Hospital, P O-Suri, Suri, Distt.- Birbhum, West Bengal, Pin Code- 731101",Government Of Health And Family Welfare,Birbhum,West Bengal,Government,GNM,100 (Hundred),2025-2026,10,https://online.indiannursingcouncil.org/Reports/YearlyReportByState.aspx,2026-09-11T11:44:56.004098
15,Nursing Training School,"Nursing Training School, Tamrolipto Government Medical College & Hospital, Tamluk, Distt.- Purba Medinipur, West Bengal, Pin Code- 721636",Govt. Of West Bengal,Purba Medinipur,West Bengal,Government,GNM,100 (One Hundred),2025-2026,10,https://online.indiannursingcouncil.org/Reports/YearlyReportByState.aspx,2026-09-11T11:44:56.004098
16,Parbatipur Nursing Institute,"Parbatipur Nursing Institute, Vill - Parbatipur, P.S - Khargram, Eroali, Distt.- Murshidabad, West Bengal, Pin Code- 742147",Parbatipur Educational Trust,Murshidabad,West Bengal,Private,GNM,60 (Sixty),2025-2026,10,https://online.indiannursingcouncil.org/Reports/YearlyReportByState.aspx,2026-09-11T11:44:56.004098
17,Peerless Institute Of Nursing,"Peerless Institute Of Nursing, Peerless Hospital B. K. Roy Research Centre, 360 Panchasayar , Kolkata, Distt.- Kolkata, West Bengal, Pin Code- 700094",Peerless Hospitex Hospital And Research Center Limited,Kolkata,West Bengal,Private,B.Sc(N),30 (Thirty),2025-2026,10,https://online.indiannursingcouncil.org/Reports/YearlyReportByState.aspx,2026-09-11T11:44:56.004098
17,Peerless Institute Of Nursing,"Peerless Institute Of Nursing, Peerless Hospital B. K. Roy Research Centre, 360 Panchasayar , Kolkata, Distt.- Kolkata, West Bengal, Pin Code- 700094",Peerless Hospitex Hospital And Research Center Limited,Kolkata,West Bengal,Private,P B B.Sc(N),40 (Forty),2025-2026,10,https://online.indiannursingcouncil.org/Reports/YearlyReportByState.aspx,2026-09-11T11:44:56.004098
17,Peerless Institute Of Nursing,"Peerless Institute Of Nursing, Peerless Hospital B. K. Roy Research Centre, 360 Panchasayar , Kolkata, Distt.- Kolkata, West Bengal, Pin Code- 700094",Peerless Hospitex Hospital And Research Center Limited,Kolkata,West Bengal,Private,GNM,40 (Forty),2025-2026,10,https://online.indiannursingcouncil.org/Reports/YearlyReportByState.aspx,2026-09-11T11:44:56.004098
18,Pragati Nursing College & Pragati Nursing Schooll,"Pragati Nursing College & Pragati Nursing Schooll, Vill-Kalaram Phansi Dewa Road, P.S- Phansi Dewa, P.O-Rangapani, Siliguri, Distt.- Darjeeling, West Bengal, Pin Code- 734434",Pragati Educational Trust,Darjeeling,West Bengal,Private,GNM,60 (Sixty),2025-2026,10,https://online.indiannursingcouncil.org/Reports/YearlyReportByState.aspx,2026-09-11T11:44:56.004098
18,Pragati Nursing College & Pragati Nursing Schooll,"Pragati Nursing College & Pragati Nursing Schooll, Vill-Kalaram Phansi Dewa Road, P.S- Phansi Dewa, P.O-Rangapani, Siliguri, Distt.- Darjeeling, West Bengal, Pin Code- 734434",Pragati Educational Trust,Darjeeling,West Bengal,Private,B.Sc(N),60 (Sixty),2025-2026,10,https://online.indiannursingcouncil.org/Reports/YearlyReportByState.aspx,2026-09-11T11:44:56.004098
19,Pramoth Nath Das Academy Of Nursing,"Pramoth Nath Das Academy Of Nursing, Burnpur Riverside Road, Post- Hirapur, , Distt.- Paschim Bardhaman, West Bengal, Pin Code- 713325",Pramoth Nath Memorial Trust,Paschim Bardhaman,West Bengal,Private,GNM,60 (Sixty),2025-2026,10,https://online.indiannursingcouncil.org/Reports/YearlyReportByState.aspx,2026-09-11T11:44:56.004098
19,Pramoth Nath Das Academy Of Nursing,"Pramoth Nath Das Academy Of Nursing, Burnpur Riverside Road, Post- Hirapur, , Distt.- Paschim Bardhaman, West Bengal, Pin Code- 713325",Pramoth Nath Memorial Trust,Paschim Bardhaman,West Bengal,Private,B.Sc(N),60 (Sixty),2025-2026,10,https://online.indiannursingcouncil.org/Reports/YearlyReportByState.aspx,2026-09-11T11:44:56.004098
20,Pratima Institute Of Nursing And Health Science,"Pratima Institute Of Nursing And Health Science, Rangamati, P.O.- Vidyasagar University, P.S.- Kotwali, Midnapore, Distt.- Pashchim Midnapore, West Bengal, Pin Code- 721102",Jangalmahal Educational And Welfare Trust,Pashchim Midnapore,West Bengal,Private,GNM,60 (Sixty),2025-2026,10,https://online.indiannursingcouncil.org/Reports/YearlyReportByState.aspx,2026-09-11T11:44:56.004098
20,Pratima Institute Of Nursing And Health Science,"Pratima Institute Of Nursing And Health Science, Rangamati, P.O.- Vidyasagar University, P.S.- Kotwali, Midnapore, Distt.- Pashchim Midnapore, West Bengal, Pin Code- 721102",Jangalmahal Educational And Welfare Trust,Pashchim Midnapore,West Bengal,Private,B.Sc(N),60 (Sixty),2025-2026,10,https://online.indiannursingcouncil.org/Reports/YearlyReportByState.aspx,2026-09-11T11:44:56.004098
1,Priyamvada Birla Institute Of Nursing,"Priyamvada Birla Institute Of Nursing, I.I.F/9, A.A-I.I.F, Newtown, Rajarhat, Kolkata, Distt.- North 24 Parganas, West Bengal, Pin Code- 700156",Belle Vue Clinic,North 24 Parganas,West Bengal,Private,M. Sc (N),"10 (Ten): MED-SURG.-05, PAED-05",2025-2026,11,https://online.indiannursingcouncil.org/Reports/YearlyReportByState.aspx,2026-09-11T11:45:02.319582
1,Priyamvada Birla Institute Of Nursing,"Priyamvada Birla Institute Of Nursing, I.I.F/9, A.A-I.I.F, Newtown, Rajarhat, Kolkata, Distt.- North 24 Parganas, West Bengal, Pin Code- 700156",Belle Vue Clinic,North 24 Parganas,West Bengal,Private,B.Sc(N),100 (One Hundred),2025-2026,11,https://online.indiannursingcouncil.org/Reports/YearlyReportByState.aspx,2026-09-11T11:45:02.319582
1,Priyamvada Birla Institute Of Nursing,"Priyamvada Birla Institute Of Nursing, I.I.F/9, A.A-I.I.F, Newtown, Rajarhat, Kolkata, Distt.- North 24 Parganas, West Bengal, Pin Code- 700156",Belle Vue Clinic,North 24 Parganas,West Bengal,Private,GNM,100 (One Hundred),2025-2026,11,https://online.indiannursingcouncil.org/Reports/YearlyReportByState.aspx,2026-09-11T11:45:02.319582
1,Priyamvada Birla Institute Of Nursing,"Priyamvada Birla Institute Of Nursing, I.I.F/9, A.A-I.I.F, Newtown, Rajarhat, Kolkata, Distt.- North 24 Parganas, West Bengal, Pin Code- 700156",Belle Vue Clinic,North 24 Parganas,West Bengal,Private,P B B.Sc(N),50 (Fifty),2025-2026,11,https://online.indiannursingcouncil.org/Reports/YearlyReportByState.aspx,2026-09-11T11:45:02.319582
2,Promotees Training School,"Promotees Training School, Jagatberh, P.O.-Sripally , P.S.-Barddhaman Sadar, Barddhaman, Distt.- Purba Bardhaman, West Bengal, Pin Code- 713103",Government Of West Bengal,Purba Bardhaman,West Bengal,Government,ANM,60 (Sixty),2025-2026,11,https://online.indiannursingcouncil.org/Reports/YearlyReportByState.aspx,2026-09-11T11:45:02.319582
3,Queensland Academy Of Nursing,"Queensland Academy Of Nursing, Fuleswar Beltola More, Near Fuleswar Railway Station(North Side),Fuleswar, Uluberia,Howrah, Howrah, Distt.- Howrah, West Bengal, Pin Code- 711316",Queensland Academy Of Nursing Foundation,Howrah,West Bengal,Private,GNM,60 (Sixty),2025-2026,11,https://online.indiannursingcouncil.org/Reports/YearlyReportByState.aspx,2026-09-11T11:45:02.319582
3,Queensland Academy Of Nursing,"Queensland Academy Of Nursing, Fuleswar Beltola More, Near Fuleswar Railway Station(North Side),Fuleswar, Uluberia,Howrah, Howrah, Distt.- Howrah, West Bengal, Pin Code- 711316",Queensland Academy Of Nursing Foundation,Howrah,West Bengal,Private,B.Sc(N),60 (Sixty),2025-2026,11,https://online.indiannursingcouncil.org/Reports/YearlyReportByState.aspx,2026-09-11T11:45:02.319582
4,Raiganj Nightingale Institute Of Nursing Sciences,"Raiganj Nightingale Institute Of Nursing Sciences, P.O.-Khalshi, P.S.-Raiganj, Vill.- Gobindapur, Tehsil- Raiganj, Distt.- Uttar Dinajpur, West Bengal, Pin Code- 733134",Mother Teresa Educational And Welfare Trust,Uttar Dinajpur,West Bengal,Private,B.Sc(N),60 (Sixty),2025-2026,11,https://online.indiannursingcouncil.org/Reports/YearlyReportByState.aspx,2026-09-11T11:45:02.319582
4,Raiganj Nightingale Institute Of Nursing Sciences,"Raiganj Nightingale Institute Of Nursing Sciences, P.O.-Khalshi, P.S.-Raiganj, Vill.- Gobindapur, Tehsil- Raiganj, Distt.- Uttar Dinajpur, West Bengal, Pin Code- 733134",Mother Teresa Educational And Welfare Trust,Uttar Dinajpur,West Bengal,Private,GNM,60 (Sixty),2025-2026,11,https://online.indiannursingcouncil.org/Reports/YearlyReportByState.aspx,2026-09-11T11:45:02.319582
5,Raipur Rabindra Vivek Nursing Institute,"Raipur Rabindra Vivek Nursing Institute, Vill - Sapar, P.O.- Chandrahati, P.S. - Dewandighi, Bardhaman, Distt.- Purba Bardhaman, West Bengal, Pin Code- 713102",Radha Krishna Educational Charitable Trust,Purba Bardhaman,West Bengal,Private,B.Sc(N),60 (Sixty),2025-2026,11,https://online.indiannursingcouncil.org/Reports/YearlyReportByState.aspx,2026-09-11T11:45:02.319582
5,Raipur Rabindra Vivek Nursing Institute,"Raipur Rabindra Vivek Nursing Institute, Vill - Sapar, P.O.- Chandrahati, P.S. - Dewandighi, Bardhaman, Distt.- Purba Bardhaman, West Bengal, Pin Code- 713102",Radha Krishna Educational Charitable Trust,Purba Bardhaman,West Bengal,Private,GNM,60 (Sixty),2025-2026,11,https://online.indiannursingcouncil.org/Reports/YearlyReportByState.aspx,2026-09-11T11:45:02.319582
6,Rajib Gandhi Nursing Training School,"Rajib Gandhi Nursing Training School, 167, Badamtala, P.O-Fingapara, P.S-Jagaddal, , Distt.- North 24 Parganas, West Bengal, Pin Code- 743129",Sarada Educational Society,North 24 Parganas,West Bengal,Private,GNM,60 (Sixty),2025-2026,11,https://online.indiannursingcouncil.org/Reports/YearlyReportByState.aspx,2026-09-11T11:45:02.319582
7,Ramkrishna Mission Seva Pratisthan,"Ramkrishna Mission Seva Pratisthan, 99, Sarat Bose Road, Kolkata, Distt.- Kolkata, West Bengal, Pin Code- 700026",Ramakrishna Mission Seva Pratishthan,Kolkata,West Bengal,Private,GNM,40 (Forty),2025-2026,11,https://online.indiannursingcouncil.org/Reports/YearlyReportByState.aspx,2026-09-11T11:45:02.319582
7,Ramkrishna Mission Seva Pratisthan,"Ramkrishna Mission Seva Pratisthan, 99, Sarat Bose Road, Kolkata, Distt.- Kolkata, West Bengal, Pin Code- 700026",Ramakrishna Mission Seva Pratishthan,Kolkata,West Bengal,Private,B.Sc(N),40 (Forty),2025-2026,11,https://online.indiannursingcouncil.org/Reports/YearlyReportByState.aspx,2026-09-11T11:45:02.319582
7,Ramkrishna Mission Seva Pratisthan,"Ramkrishna Mission Seva Pratisthan, 99, Sarat Bose Road, Kolkata, Distt.- Kolkata, West Bengal, Pin Code- 700026",Ramakrishna Mission Seva Pratishthan,Kolkata,West Bengal,Private,P B B.Sc(N),25 (Twenty Five),2025-2026,11,https://online.indiannursingcouncil.org/Reports/YearlyReportByState.aspx,2026-09-11T11:45:02.319582
8,Rampurhat Nursing Institution,"Rampurhat Nursing Institution, Vill- Krishnanagar, P.O-Mahurapur, P.S- Mollarpur, , Distt.- Birbhum, West Bengal, Pin Code- 731213",Mallarpur Integrated Village Development Society,Birbhum,West Bengal,Private,GNM,60 (Sixty),2025-2026,11,https://online.indiannursingcouncil.org/Reports/YearlyReportByState.aspx,2026-09-11T11:45:02.319582
8,Rampurhat Nursing Institution,"Rampurhat Nursing Institution, Vill- Krishnanagar, P.O-Mahurapur, P.S- Mollarpur, , Distt.- Birbhum, West Bengal, Pin Code- 731213",Mallarpur Integrated Village Development Society,Birbhum,West Bengal,Private,B.Sc(N),40 (Forty),2025-2026,11,https://online.indiannursingcouncil.org/Reports/YearlyReportByState.aspx,2026-09-11T11:45:02.319582
9,Rangamati Institute Of Nursing,"Rangamati Institute Of Nursing, Village + P.O- Banior, P.S- Nalhati, Nalhati, Distt.- Birbhum, West Bengal, Pin Code- 731243",Rangamati Unnayan Trust,Birbhum,West Bengal,Private,GNM,60 (Sixty),2025-2026,11,https://online.indiannursingcouncil.org/Reports/YearlyReportByState.aspx,2026-09-11T11:45:02.319582
10,Rasulpur Protik Nursing Institution,"Rasulpur Protik Nursing Institution, Vill. Po-Rasulpur, Ps-Patrasayer, Rasulpur, Distt.- Bankura, West Bengal, Pin Code- 722205",Rasulpur Protik,Bankura,West Bengal,Private,GNM,60 (Sixty),2025-2026,11,https://online.indiannursingcouncil.org/Reports/YearlyReportByState.aspx,2026-09-11T11:45:02.319582
10,Rasulpur Protik Nursing Institution,"Rasulpur Protik Nursing Institution, Vill. Po-Rasulpur, Ps-Patrasayer, Rasulpur, Distt.- Bankura, West Bengal, Pin Code- 722205",Rasulpur Protik,Bankura,West Bengal,Private,B.Sc(N),60 (Sixty),2025-2026,11,https://online.indiannursingcouncil.org/Reports/YearlyReportByState.aspx,2026-09-11T11:45:02.319582
11,Ravel Institute Of Nursing,"Ravel Institute Of Nursing, Rajarhat Kamarbari, P.O.-Bishnupur, P.S.- Rajarhat, Kolkata, Distt.- Kolkata, West Bengal, Pin Code- 700135",Sudama Educational Trust,Kolkata,West Bengal,Private,B.Sc(N),60 (Sixty),2025-2026,11,https://online.indiannursingcouncil.org/Reports/YearlyReportByState.aspx,2026-09-11T11:45:02.319582
11,Ravel Institute Of Nursing,"Ravel Institute Of Nursing, Rajarhat Kamarbari, P.O.-Bishnupur, P.S.- Rajarhat, Kolkata, Distt.- Kolkata, West Bengal, Pin Code- 700135",Sudama Educational Trust,Kolkata,West Bengal,Private,GNM,60 (Sixty),2025-2026,11,https://online.indiannursingcouncil.org/Reports/YearlyReportByState.aspx,2026-09-11T11:45:02.319582
12,Royal Institute Of Nursing And Medical Sciences,"Royal Institute Of Nursing And Medical Sciences, Nh-2, Banskopa, Post-Rajbandh, P.S.-Kanksa, Durgapur, Distt.- Paschim Bardhaman, West Bengal, Pin Code- 713212",Durgapur Himu Educational And Welfare Society,Paschim Bardhaman,West Bengal,Private,GNM,50 (Fifty),2025-2026,11,https://online.indiannursingcouncil.org/Reports/YearlyReportByState.aspx,2026-09-11T11:45:02.319582
12,Royal Institute Of Nursing And Medical Sciences,"Royal Institute Of Nursing And Medical Sciences, Nh-2, Banskopa, Post-Rajbandh, P.S.-Kanksa, Durgapur, Distt.- Paschim Bardhaman, West Bengal, Pin Code- 713212",Durgapur Himu Educational And Welfare Society,Paschim Bardhaman,West Bengal,Private,B.Sc(N),100 (One Hundred),2025-2026,11,https://online.indiannursingcouncil.org/Reports/YearlyReportByState.aspx,2026-09-11T11:45:02.319582
13,S B School Of Nursing,"S B School Of Nursing, Village: Ratanpur, P.O.-Bindole, P.S.-Raiganj, , Distt.- Uttar Dinajpur, West Bengal, Pin Code- 733156",Netajee Subhash Chandra Bose Institute Of Education,Uttar Dinajpur,West Bengal,Private,GNM,60 (Sixty),2025-2026,11,https://online.indiannursingcouncil.org/Reports/YearlyReportByState.aspx,2026-09-11T11:45:02.319582
14,Sadhana Memorial School Of Nursing,"Sadhana Memorial School Of Nursing, K P C Medical College Hospital, 1F, Raja Subodh Mullick Road, Jadavpur , Kolkata, Distt.- Kolkata, West Bengal, Pin Code- 700032",K P C Medical College And Hospital Society,Kolkata,West Bengal,Private,GNM,60 (Sixty),2025-2026,11,https://online.indiannursingcouncil.org/Reports/YearlyReportByState.aspx,2026-09-11T11:45:02.319582
15,Sainthia Nursing Institute,"Sainthia Nursing Institute, P.O.-Deriapur, P.S.-Sainthia, Vill.- Daikota, Tehsil- Suri-I, Distt.- Birbhum, West Bengal, Pin Code- 731234",Gitanjali Foundation New,Birbhum,West Bengal,Private,B.Sc(N),60 (Sixty),2025-2026,11,https://online.indiannursingcouncil.org/Reports/YearlyReportByState.aspx,2026-09-11T11:45:02.319582
15,Sainthia Nursing Institute,"Sainthia Nursing Institute, P.O.-Deriapur, P.S.-Sainthia, Vill.- Daikota, Tehsil- Suri-I, Distt.- Birbhum, West Bengal, Pin Code- 731234",Gitanjali Foundation New,Birbhum,West Bengal,Private,GNM,60 (Sixty),2025-2026,11,https://online.indiannursingcouncil.org/Reports/YearlyReportByState.aspx,2026-09-11T11:45:02.319582
16,Salboni Institute Of Nursing,"Salboni Institute Of Nursing, Bankibandh, P.O. Saiyedpur , Salboni, Distt.- Pashchim Midnapore, West Bengal, Pin Code- 741127",Salbani Institute Of Technology,Pashchim Midnapore,West Bengal,Private,B.Sc(N),60 (Sixty),2025-2026,11,https://online.indiannursingcouncil.org/Reports/YearlyReportByState.aspx,2026-09-11T11:45:02.319582
16,Salboni Institute Of Nursing,"Salboni Institute Of Nursing, Bankibandh, P.O. Saiyedpur , Salboni, Distt.- Pashchim Midnapore, West Bengal, Pin Code- 741127",Salbani Institute Of Technology,Pashchim Midnapore,West Bengal,Private,GNM,60 (Sixty),2025-2026,11,https://online.indiannursingcouncil.org/Reports/YearlyReportByState.aspx,2026-09-11T11:45:02.319582
1,Samajkalyan Nursing Institute,"Samajkalyan Nursing Institute, Vill- Chatra, P.O.&#8211; Ramtarakhat, P.S.&#8211;Tamluk, Tamluk, Distt.- Purba Medinipur, West Bengal, Pin Code- 721151",Midnapore District Council For Social Welfare,Purba Medinipur,West Bengal,Private,B.Sc(N),60 (Sixty),2025-2026,12,https://online.indiannursingcouncil.org/Reports/YearlyReportByState.aspx,2026-09-11T11:45:08.678994
1,Samajkalyan Nursing Institute,"Samajkalyan Nursing Institute, Vill- Chatra, P.O.&#8211; Ramtarakhat, P.S.&#8211;Tamluk, Tamluk, Distt.- Purba Medinipur, West Bengal, Pin Code- 721151",Midnapore District Council For Social Welfare,Purba Medinipur,West Bengal,Private,GNM,60 (Sixty),2025-2026,12,https://online.indiannursingcouncil.org/Reports/YearlyReportByState.aspx,2026-09-11T11:45:08.678994
2,Samriddhi Institute Of Nursing,"Samriddhi Institute Of Nursing, Vill-Saraitika, P.O.-Rajbati, Burdwan, Distt.- Purba Bardhaman, West Bengal, Pin Code- 713104",Samriddhi Welfare Trust,Purba Bardhaman,West Bengal,Private,GNM,60 (Sixty),2025-2026,12,https://online.indiannursingcouncil.org/Reports/YearlyReportByState.aspx,2026-09-11T11:45:08.678994
3,Sanjiban College Of Nursing,"Sanjiban College Of Nursing, Fuleswar, P.O.-Sijberia, P.S.-Uluberia, Howrah, Distt.- Howrah, West Bengal, Pin Code- 711316",Chikitsabrati Udyog,Howrah,West Bengal,Private,B.Sc(N),60 (Sixty),2025-2026,12,https://online.indiannursingcouncil.org/Reports/YearlyReportByState.aspx,2026-09-11T11:45:08.678994
3,Sanjiban College Of Nursing,"Sanjiban College Of Nursing, Fuleswar, P.O.-Sijberia, P.S.-Uluberia, Howrah, Distt.- Howrah, West Bengal, Pin Code- 711316",Chikitsabrati Udyog,Howrah,West Bengal,Private,GNM,100 (One Hundred),2025-2026,12,https://online.indiannursingcouncil.org/Reports/YearlyReportByState.aspx,2026-09-11T11:45:08.678994
4,Sanjoy Memorial Academy Of Nursing And Research,"Sanjoy Memorial Academy Of Nursing And Research, Gate No 7, Balindi, Near Bsf Camp, Kalyani More, Haringhata, Kalyani, Distt.- Nadia, West Bengal, Pin Code- 741246",Bhattacharya Engineering Education And Research Trust,Nadia,West Bengal,Private,GNM,60 (Sixty),2025-2026,12,https://online.indiannursingcouncil.org/Reports/YearlyReportByState.aspx,2026-09-11T11:45:08.678994
4,Sanjoy Memorial Academy Of Nursing And Research,"Sanjoy Memorial Academy Of Nursing And Research, Gate No 7, Balindi, Near Bsf Camp, Kalyani More, Haringhata, Kalyani, Distt.- Nadia, West Bengal, Pin Code- 741246",Bhattacharya Engineering Education And Research Trust,Nadia,West Bengal,Private,B.Sc(N),60 (Sixty),2025-2026,12,https://online.indiannursingcouncil.org/Reports/YearlyReportByState.aspx,2026-09-11T11:45:08.678994
5,Santiniketan Government College Of Nursing,"Santiniketan Government College Of Nursing, Bolpur Sd Hospital, Bolpur, Distt.- Birbhum, West Bengal, Pin Code- 731204",Government Of West Bengal,Birbhum,West Bengal,Government,B.Sc(N),100 (One Hundred),2025-2026,12,https://online.indiannursingcouncil.org/Reports/YearlyReportByState.aspx,2026-09-11T11:45:08.678994
6,Santiniketan Nursing Institute,"Santiniketan Nursing Institute, Duttapukur Para, Suri, Suri, Distt.- Birbhum, West Bengal, Pin Code- 731101",Tagore Foundation,Birbhum,West Bengal,Private,B.Sc(N),60 (Sixty),2025-2026,12,https://online.indiannursingcouncil.org/Reports/YearlyReportByState.aspx,2026-09-11T11:45:08.678994
6,Santiniketan Nursing Institute,"Santiniketan Nursing Institute, Duttapukur Para, Suri, Suri, Distt.- Birbhum, West Bengal, Pin Code- 731101",Tagore Foundation,Birbhum,West Bengal,Private,GNM,60 (Sixty),2025-2026,12,https://online.indiannursingcouncil.org/Reports/YearlyReportByState.aspx,2026-09-11T11:45:08.678994
7,Santiniketan Sebaniketan Nursing Institute,"Santiniketan Sebaniketan Nursing Institute, Vill-Tatarpur, P.O- Muluk, P.S.- Bolpur, Bolpur, Distt.- Birbhum, West Bengal, Pin Code- 731204",Swadhin,Birbhum,West Bengal,Private,GNM,60 (Sixty),2025-2026,12,https://online.indiannursingcouncil.org/Reports/YearlyReportByState.aspx,2026-09-11T11:45:08.678994
7,Santiniketan Sebaniketan Nursing Institute,"Santiniketan Sebaniketan Nursing Institute, Vill-Tatarpur, P.O- Muluk, P.S.- Bolpur, Bolpur, Distt.- Birbhum, West Bengal, Pin Code- 731204",Swadhin,Birbhum,West Bengal,Private,B.Sc(N),60 (Sixty),2025-2026,12,https://online.indiannursingcouncil.org/Reports/YearlyReportByState.aspx,2026-09-11T11:45:08.678994
8,Saraswati School Of Nursing-Malda,"Saraswati School Of Nursing-Malda , Laxmipur, P.O.-Maliha, English Bazaar, Malda, Distt.- Malda, West Bengal, Pin Code- 732102",Saraswati Education Welfare And Research Foundation-Malda,Malda,West Bengal,Private,GNM,60 (Sixty),2025-2026,12,https://online.indiannursingcouncil.org/Reports/YearlyReportByState.aspx,2026-09-11T11:45:08.678994
9,Sarojini Institute Of Nursing,"Sarojini Institute Of Nursing, Vill- Ikra, P.O- Sripatpurnia, P.S- Mejia, Ikra, Distt.- Bankura, West Bengal, Pin Code- 722143",Sristi Educational Trust,Bankura,West Bengal,Private,GNM,60 (Sixty),2025-2026,12,https://online.indiannursingcouncil.org/Reports/YearlyReportByState.aspx,2026-09-11T11:45:08.678994
9,Sarojini Institute Of Nursing,"Sarojini Institute Of Nursing, Vill- Ikra, P.O- Sripatpurnia, P.S- Mejia, Ikra, Distt.- Bankura, West Bengal, Pin Code- 722143",Sristi Educational Trust,Bankura,West Bengal,Private,B.Sc(N),60 (Sixty),2025-2026,12,https://online.indiannursingcouncil.org/Reports/YearlyReportByState.aspx,2026-09-11T11:45:08.678994
10,School Of Nursing,"School Of Nursing, Medical College & Hospital, 88, College Street, Kolkata, Distt.- Kolkata, West Bengal, Pin Code- 700073",Govt. Of West Bengal,Kolkata,West Bengal,Government,GNM,60 (Sixty),2025-2026,12,https://online.indiannursingcouncil.org/Reports/YearlyReportByState.aspx,2026-09-11T11:45:08.678994
11,School Of Nursing,"School Of Nursing, Ruby General Hospital Ltd, 87, Naskarhat Road, Kolkata, Distt.- Kolkata, West Bengal, Pin Code- 700039",Ruby General Hospital Ltd,Kolkata,West Bengal,Private,GNM,45 (Forty Five),2025-2026,12,https://online.indiannursingcouncil.org/Reports/YearlyReportByState.aspx,2026-09-11T11:45:08.678994
11,School Of Nursing,"School Of Nursing, Ruby General Hospital Ltd, 87, Naskarhat Road, Kolkata, Distt.- Kolkata, West Bengal, Pin Code- 700039",Ruby General Hospital Ltd,Kolkata,West Bengal,Private,B.Sc(N),30 (Thirty),2025-2026,12,https://online.indiannursingcouncil.org/Reports/YearlyReportByState.aspx,2026-09-11T11:45:08.678994
12,School Of Nursing,"School Of Nursing, Sister Nivedita University, Block-Dg-1/2, New Town, Rajarhat, Kolkata, Distt.- North 24 Parganas, West Bengal, Pin Code- 700156",The Institute Of Computer Engineers India,North 24 Parganas,West Bengal,Private,GNM,60 (Sixty),2025-2026,12,https://online.indiannursingcouncil.org/Reports/YearlyReportByState.aspx,2026-09-11T11:45:08.678994
12,School Of Nursing,"School Of Nursing, Sister Nivedita University, Block-Dg-1/2, New Town, Rajarhat, Kolkata, Distt.- North 24 Parganas, West Bengal, Pin Code- 700156",The Institute Of Computer Engineers India,North 24 Parganas,West Bengal,Private,B.Sc(N),60 (Sixty),2025-2026,12,https://online.indiannursingcouncil.org/Reports/YearlyReportByState.aspx,2026-09-11T11:45:08.678994
12,School Of Nursing,"School Of Nursing, Sister Nivedita University, Block-Dg-1/2, New Town, Rajarhat, Kolkata, Distt.- North 24 Parganas, West Bengal, Pin Code- 700156",The Institute Of Computer Engineers India,North 24 Parganas,West Bengal,Private,M. Sc (N),"15 (Fifteen) Chn-05, Med-Surg-05, Obg-05",2025-2026,12,https://online.indiannursingcouncil.org/Reports/YearlyReportByState.aspx,2026-09-11T11:45:08.678994
12,School Of Nursing,"School Of Nursing, Sister Nivedita University, Block-Dg-1/2, New Town, Rajarhat, Kolkata, Distt.- North 24 Parganas, West Bengal, Pin Code- 700156",The Institute Of Computer Engineers India,North 24 Parganas,West Bengal,Private,P B B.Sc(N),60 (Sixty),2025-2026,12,https://online.indiannursingcouncil.org/Reports/YearlyReportByState.aspx,2026-09-11T11:45:08.678994
13,Seba Institute Of Nursing,"Seba Institute Of Nursing, Ballavpur, P.O- Sattore, P.S -Panrui, Vill.- Ballavpur, Tehsil- Bolpur Srinekatan, Distt.- Birbhum, West Bengal, Pin Code- 731236",Seba Foundation,Birbhum,West Bengal,Private,B.Sc(N),60 (Sixty),2025-2026,12,https://online.indiannursingcouncil.org/Reports/YearlyReportByState.aspx,2026-09-11T11:45:08.678994
13,Seba Institute Of Nursing,"Seba Institute Of Nursing, Ballavpur, P.O- Sattore, P.S -Panrui, Vill.- Ballavpur, Tehsil- Bolpur Srinekatan, Distt.- Birbhum, West Bengal, Pin Code- 731236",Seba Foundation,Birbhum,West Bengal,Private,GNM,60 (Sixty),2025-2026,12,https://online.indiannursingcouncil.org/Reports/YearlyReportByState.aspx,2026-09-11T11:45:08.678994
14,Sebabrata Institute Of Nursing,"Sebabrata Institute Of Nursing , Hatgacha, Uluberia, Howrah, Uluberia, Distt.- Howrah, West Bengal, Pin Code- 711316",Sebabrata Educational Trust,Howrah,West Bengal,Private,GNM,60 (Sixty),2025-2026,12,https://online.indiannursingcouncil.org/Reports/YearlyReportByState.aspx,2026-09-11T11:45:08.678994
14,Sebabrata Institute Of Nursing,"Sebabrata Institute Of Nursing , Hatgacha, Uluberia, Howrah, Uluberia, Distt.- Howrah, West Bengal, Pin Code- 711316",Sebabrata Educational Trust,Howrah,West Bengal,Private,B.Sc(N),60 (Sixty),2025-2026,12,https://online.indiannursingcouncil.org/Reports/YearlyReportByState.aspx,2026-09-11T11:45:08.678994
15,Sephali Memorial Nursing Institute,"Sephali Memorial Nursing Institute, Vill- Gobindapur, P.O- Keleti, P.S- Ausgram, Vill.- Gobindapur, Tehsil- Ausgram-I, Distt.- Purba Bardhaman, West Bengal, Pin Code- 713128",Gobindapur Shapali Memorial Samajseba Samity,Purba Bardhaman,West Bengal,Private,B.Sc(N),60 (Sixty),2025-2026,12,https://online.indiannursingcouncil.org/Reports/YearlyReportByState.aspx,2026-09-11T11:45:08.678994
15,Sephali Memorial Nursing Institute,"Sephali Memorial Nursing Institute, Vill- Gobindapur, P.O- Keleti, P.S- Ausgram, Vill.- Gobindapur, Tehsil- Ausgram-I, Distt.- Purba Bardhaman, West Bengal, Pin Code- 713128",Gobindapur Shapali Memorial Samajseba Samity,Purba Bardhaman,West Bengal,Private,GNM,60 (Sixty),2025-2026,12,https://online.indiannursingcouncil.org/Reports/YearlyReportByState.aspx,2026-09-11T11:45:08.678994
16,Seven Rangers Institute Of Nursing,"Seven Rangers Institute Of Nursing, Dankuni Ward No-4, Durgapur Expressway, Dankuni, Distt.- Hooghly, West Bengal, Pin Code- 712310",Pratya Foundation Trust,Hooghly,West Bengal,Private,GNM,60 (Sixty),2025-2026,12,https://online.indiannursingcouncil.org/Reports/YearlyReportByState.aspx,2026-09-11T11:45:08.678994
17,Sharanya School Of Nursing,"Sharanya School Of Nursing, Bamchandaipur, N.H-2, P.O.-Jotram, P.S.-Bardhaman, Bardhaman, Distt.- Purba Bardhaman, West Bengal, Pin Code- 713104",Sharanya Foundation,Purba Bardhaman,West Bengal,Private,GNM,60 (Sixty),2025-2026,12,https://online.indiannursingcouncil.org/Reports/YearlyReportByState.aspx,2026-09-11T11:45:08.678994
1,Shova Rani Nursing College,"Shova Rani Nursing College, K P C Medical College & Hospital, 1F, Raja Subodh Mullick Road, Jadavpur, Kolkata, Distt.- Kolkata, West Bengal, Pin Code- 700032",Kpc Medical College And Hospital,Kolkata,West Bengal,Private,P B B.Sc(N),30 (Thirty),2025-2026,13,https://online.indiannursingcouncil.org/Reports/YearlyReportByState.aspx,2026-09-11T11:45:15.241822
1,Shova Rani Nursing College,"Shova Rani Nursing College, K P C Medical College & Hospital, 1F, Raja Subodh Mullick Road, Jadavpur, Kolkata, Distt.- Kolkata, West Bengal, Pin Code- 700032",Kpc Medical College And Hospital,Kolkata,West Bengal,Private,B.Sc(N),80 (Eighty),2025-2026,13,https://online.indiannursingcouncil.org/Reports/YearlyReportByState.aspx,2026-09-11T11:45:15.241822
2,Siliguri Institute Of Nursing,"Siliguri Institute Of Nursing, Dabgram,Fulbari,Dist-Jalpaiguri,Pin-734004, Siliguri, Distt.- Jalpaiguri, West Bengal, Pin Code- 734004",Duars Charitable Trust,Jalpaiguri,West Bengal,Private,GNM,60 (Sixty),2025-2026,13,https://online.indiannursingcouncil.org/Reports/YearlyReportByState.aspx,2026-09-11T11:45:15.241822
3,Sister Florence College Of Nursing,"Sister Florence College Of Nursing, 81, Diamond Harbour Road, Barisha, Kolkata, Distt.- Kolkata, West Bengal, Pin Code- 700008",Calcutta Diocesan Trust Association,Kolkata,West Bengal,Private,B.Sc(N),50 (Fifty),2025-2026,13,https://online.indiannursingcouncil.org/Reports/YearlyReportByState.aspx,2026-09-11T11:45:15.241822
4,Sister Nivedita Nursing Academy,"Sister Nivedita Nursing Academy, H C-4, Sector - 3, Bidhan Nagar, Salt Lake, Kolkata, Distt.- North 24 Parganas, West Bengal, Pin Code- 700106",The Calcutta Heart Clinic And Hospital Society,North 24 Parganas,West Bengal,Private,GNM,50 (Fifty),2025-2026,13,https://online.indiannursingcouncil.org/Reports/YearlyReportByState.aspx,2026-09-11T11:45:15.241822
5,Skylark Institute Of Nursing,"Skylark Institute Of Nursing, Village P.O.-Jhikira, P.S.-Joypur, , Distt.- Howrah, West Bengal, Pin Code- 711401",Skylark Private Trust,Howrah,West Bengal,Private,GNM,60 (Sixty),2025-2026,13,https://online.indiannursingcouncil.org/Reports/YearlyReportByState.aspx,2026-09-11T11:45:15.241822
5,Skylark Institute Of Nursing,"Skylark Institute Of Nursing, Village P.O.-Jhikira, P.S.-Joypur, , Distt.- Howrah, West Bengal, Pin Code- 711401",Skylark Private Trust,Howrah,West Bengal,Private,B.Sc(N),60 (Sixty),2025-2026,13,https://online.indiannursingcouncil.org/Reports/YearlyReportByState.aspx,2026-09-11T11:45:15.241822
6,Sri Aurobindo Seva Kendra School Of Nursing,"Sri Aurobindo Seva Kendra School Of Nursing, 84/A, Sarat Ghosh Garden Road, Kolkata, Distt.- Kolkata, West Bengal, Pin Code- 700031",E E D F Medicare Centre,Kolkata,West Bengal,Private,GNM,25 (Twenty Five),2025-2026,13,https://online.indiannursingcouncil.org/Reports/YearlyReportByState.aspx,2026-09-11T11:45:15.241822
7,St. Joseph's Nursing School,"St. Joseph's Nursing School, St. Joseph's Hospital, Phulpahari, P.O.-Vidyasagar University, Medinipur, Distt.- Pashchim Midnapore, West Bengal, Pin Code- 721102",Seva Kendra Calcutta,Pashchim Midnapore,West Bengal,Private,GNM,60 (Sixty),2025-2026,13,https://online.indiannursingcouncil.org/Reports/YearlyReportByState.aspx,2026-09-11T11:45:15.241822
8,Subham Nursing Institute,"Subham Nursing Institute, W No :- 16 , Harendra Narayan Road, Hazrapara, Cooch Behar, Distt.- Koch Behar, West Bengal, Pin Code- 736101",Cooch Behar Biren Kundu Welfare Organization,Koch Behar,West Bengal,Private,GNM,60 (Sixty),2025-2026,13,https://online.indiannursingcouncil.org/Reports/YearlyReportByState.aspx,2026-09-11T11:45:15.241822
9,Susparsha Institute Of Nursing,"Susparsha Institute Of Nursing, College More, Gangarampur, Distt.- Dakshin Dinajpur, West Bengal, Pin Code- 733124",Susparsha Educare Foundation,Dakshin Dinajpur,West Bengal,Private,GNM,60 (Sixty),2025-2026,13,https://online.indiannursingcouncil.org/Reports/YearlyReportByState.aspx,2026-09-11T11:45:15.241822
10,Swadhin Nursing Institute,"Swadhin Nursing Institute, Vill- Tatarpur, P.O- Muluk, P.S- Bolpur, Vill.- Tatarpur, Tehsil- Bolpur Srinekatan, Distt.- Birbhum, West Bengal, Pin Code- 731204",Swatirtha Charitable Trust,Birbhum,West Bengal,Private,GNM,60 (Sixty),2025-2026,13,https://online.indiannursingcouncil.org/Reports/YearlyReportByState.aspx,2026-09-11T11:45:15.241822
10,Swadhin Nursing Institute,"Swadhin Nursing Institute, Vill- Tatarpur, P.O- Muluk, P.S- Bolpur, Vill.- Tatarpur, Tehsil- Bolpur Srinekatan, Distt.- Birbhum, West Bengal, Pin Code- 731204",Swatirtha Charitable Trust,Birbhum,West Bengal,Private,B.Sc(N),60 (Sixty),2025-2026,13,https://online.indiannursingcouncil.org/Reports/YearlyReportByState.aspx,2026-09-11T11:45:15.241822
11,Swami Vivekananda Institute Of Nursing,"Swami Vivekananda Institute Of Nursing, Vill + P.O- Kurhmun, P.S- Dewandighi, Burdwan, Distt.- Purba Bardhaman, West Bengal, Pin Code- 713102",Eklobbho Memorial Trust,Purba Bardhaman,West Bengal,Private,B.Sc(N),60 (Sixty),2025-2026,13,https://online.indiannursingcouncil.org/Reports/YearlyReportByState.aspx,2026-09-11T11:45:15.241822
11,Swami Vivekananda Institute Of Nursing,"Swami Vivekananda Institute Of Nursing, Vill + P.O- Kurhmun, P.S- Dewandighi, Burdwan, Distt.- Purba Bardhaman, West Bengal, Pin Code- 713102",Eklobbho Memorial Trust,Purba Bardhaman,West Bengal,Private,GNM,60 (Sixty),2025-2026,13,https://online.indiannursingcouncil.org/Reports/YearlyReportByState.aspx,2026-09-11T11:45:15.241822
12,Tarakeswar Vivekananda Pally Seva Kendra School Of Nursing,"Tarakeswar Vivekananda Pally Seva Kendra School Of Nursing, T C Road, J K Bazar, P.O. P.S. - Tarakeswar, Tarakeswar, Distt.- Hooghly, West Bengal, Pin Code- 712410",Tarakeswar Vivekananda Pally Seva Kendra,Hooghly,West Bengal,Private,GNM,30 (Thirty),2025-2026,13,https://online.indiannursingcouncil.org/Reports/YearlyReportByState.aspx,2026-09-11T11:45:15.241822
13,Tata Medical Center,"Tata Medical Center, 14 Major Arterial Road (Ew) Newtown, Rajarhat, Kolkata, Distt.- Kolkata, West Bengal, Pin Code- 700156",Tata Medical Center Trust,Kolkata,West Bengal,Private,M. Sc (N),15 (Fiveteen)) Med-Surg-15(Oncology Nursing),2025-2026,13,https://online.indiannursingcouncil.org/Reports/YearlyReportByState.aspx,2026-09-11T11:45:15.241822
14,Teesta Nursing Institute,"Teesta Nursing Institute, Tcp Milan More Sainikpuri Champasari West Bengal 734009, Siliguri, Distt.- Darjeeling, West Bengal, Pin Code- 734009",Swami Vivekananda Charitable Trust,Darjeeling,West Bengal,Private,GNM,60 (Sixty),2025-2026,13,https://online.indiannursingcouncil.org/Reports/YearlyReportByState.aspx,2026-09-11T11:45:15.241822
15,Terai Nursing Institute,"Terai Nursing Institute, Dudha Jote, Thahjhora Bagan, Kharibari, Siliguri, Distt.- Darjeeling, West Bengal, Pin Code- 734427",Siliguri Tarai Educational Welfare Society,Darjeeling,West Bengal,Private,GNM,60 (Sixty),2025-2026,13,https://online.indiannursingcouncil.org/Reports/YearlyReportByState.aspx,2026-09-11T11:45:15.241822
16,The Calcutta Medical Research Institute School Of Nursing,"The Calcutta Medical Research Institute School Of Nursing, P.O.-Rasapunja, Kolkata , Distt.- South 24 Parganas, West Bengal, Pin Code- 700104",The Calcutta Medical Research Institute,South 24 Parganas,West Bengal,Private,GNM,50 (Fifty),2025-2026,13,https://online.indiannursingcouncil.org/Reports/YearlyReportByState.aspx,2026-09-11T11:45:15.241822
17,The Neotia University Institute Of Nursing,"The Neotia University Institute Of Nursing, The Neotia University, Sarisha, Diamond Harbour Road, Sarisha, Distt.- South 24 Parganas, West Bengal, Pin Code- 743368",The Neotia University,South 24 Parganas,West Bengal,Private,GNM,60 (Sixty),2025-2026,13,https://online.indiannursingcouncil.org/Reports/YearlyReportByState.aspx,2026-09-11T11:45:15.241822
17,The Neotia University Institute Of Nursing,"The Neotia University Institute Of Nursing, The Neotia University, Sarisha, Diamond Harbour Road, Sarisha, Distt.- South 24 Parganas, West Bengal, Pin Code- 743368",The Neotia University,South 24 Parganas,West Bengal,Private,B.Sc(N),60 (Sixty),2025-2026,13,https://online.indiannursingcouncil.org/Reports/YearlyReportByState.aspx,2026-09-11T11:45:15.241822
18,Upasam Nursing Academy,"Upasam Nursing Academy, N.H 34 College Para, Raiganj, Distt.- Uttar Dinajpur, West Bengal, Pin Code- 733134",Upasam Nursing Academy,Uttar Dinajpur,West Bengal,Private,GNM,60 (Sixty),2025-2026,13,https://online.indiannursingcouncil.org/Reports/YearlyReportByState.aspx,2026-09-11T11:45:15.241822
19,Vivekananda Nursing Institute,"Vivekananda Nursing Institute, At- Faridpur, P.O.- Dakshin Dauki, P.S.- Junput Coastal,, Contai, Distt.- Purba Medinipur, West Bengal, Pin Code- 721450",Vivekananda Loksiksha Niketan,Purba Medinipur,West Bengal,Private,GNM,60 (Sixty),2025-2026,13,https://online.indiannursingcouncil.org/Reports/YearlyReportByState.aspx,2026-09-11T11:45:15.241822
19,Vivekananda Nursing Institute,"Vivekananda Nursing Institute, At- Faridpur, P.O.- Dakshin Dauki, P.S.- Junput Coastal,, Contai, Distt.- Purba Medinipur, West Bengal, Pin Code- 721450",Vivekananda Loksiksha Niketan,Purba Medinipur,West Bengal,Private,B.Sc(N),60 (Sixty),2025-2026,13,https://online.indiannursingcouncil.org/Reports/YearlyReportByState.aspx,2026-09-11T11:45:15.241822
20,Vivodhananda Saraswati Nursing Institute,"Vivodhananda Saraswati Nursing Institute, Vill-Chandanhati, Ghola Road, P.O.- Badu, P.S.-Barasat, North 24 Paraganas, Distt.- North 24 Parganas, West Bengal, Pin Code- 700128",Sankar Vedanta Math-O-Mission Trust,North 24 Parganas,West Bengal,Private,GNM,60 (Sixty),2025-2026,13,https://online.indiannursingcouncil.org/Reports/YearlyReportByState.aspx,2026-09-11T11:45:15.241822
20,Vivodhananda Saraswati Nursing Institute,"Vivodhananda Saraswati Nursing Institute, Vill-Chandanhati, Ghola Road, P.O.- Badu, P.S.-Barasat, North 24 Paraganas, Distt.- North 24 Parganas, West Bengal, Pin Code- 700128",Sankar Vedanta Math-O-Mission Trust,North 24 Parganas,West Bengal,Private,B.Sc(N),60 (Sixty),2025-2026,13,https://online.indiannursingcouncil.org/Reports/YearlyReportByState.aspx,2026-09-11T11:45:15.241822
21,West Bank School Of Nursing,"West Bank School Of Nursing, Chunabhati, Podrah, Andul Road, Howrah, Distt.- Howrah, West Bengal, Pin Code- 711109",Asia Heart Foundation,Howrah,West Bengal,Private,GNM,30 (Thirty),2025-2026,13,https://online.indiannursingcouncil.org/Reports/YearlyReportByState.aspx,2026-09-11T11:45:15.241822
21,West Bank School Of Nursing,"West Bank School Of Nursing, Chunabhati, Podrah, Andul Road, Howrah, Distt.- Howrah, West Bengal, Pin Code- 711109",Asia Heart Foundation,Howrah,West Bengal,Private,B.Sc(N),60 (Sixty),2025-2026,13,https://online.indiannursingcouncil.org/Reports/YearlyReportByState.aspx,2026-09-11T11:45:15.241822
21,West Bank School Of Nursing,"West Bank School Of Nursing, Chunabhati, Podrah, Andul Road, Howrah, Distt.- Howrah, West Bengal, Pin Code- 711109",Asia Heart Foundation,Howrah,West Bengal,Private,Post Basic Diploma in Oncology Nursing,20 (Twenty),2025-2026,13,https://online.indiannursingcouncil.org/Reports/YearlyReportByState.aspx,2026-09-11T11:45:15.241822
1,Woodlands College Of Nursing,"Woodlands College Of Nursing, Plot No 14, Diamond Harbour Road, Bhasa, Distt.- South 24 Parganas, West Bengal, Pin Code- 743503",Woodlands Multispeciality Hospital Limited,South 24 Parganas,West Bengal,Private,B.Sc(N),50 (Fifty),2025-2026,14,https://online.indiannursingcouncil.org/Reports/YearlyReportByState.aspx,2026-09-11T11:45:20.334932
1,Woodlands College Of Nursing,"Woodlands College Of Nursing, Plot No 14, Diamond Harbour Road, Bhasa, Distt.- South 24 Parganas, West Bengal, Pin Code- 743503",Woodlands Multispeciality Hospital Limited,South 24 Parganas,West Bengal,Private,GNM,50 (Fifty),2025-2026,14,https://online.indiannursingcouncil.org/Reports/YearlyReportByState.aspx,2026-09-11T11:45:20.334932
2,Zenith Institute Of Nursing Sciences,"Zenith Institute Of Nursing Sciences , 26/1, Nilgunj Road, Belghoria, Kolkata, Distt.- North 24 Parganas, West Bengal, Pin Code- 700056",Jyotishman Medical And Educational Foundation,North 24 Parganas,West Bengal,Private,GNM,60 (Sixty),2025-2026,14,https://online.indiannursingcouncil.org/Reports/YearlyReportByState.aspx,2026-09-11T11:45:20.334932
2,Zenith Institute Of Nursing Sciences,"Zenith Institute Of Nursing Sciences , 26/1, Nilgunj Road, Belghoria, Kolkata, Distt.- North 24 Parganas, West Bengal, Pin Code- 700056",Jyotishman Medical And Educational Foundation,North 24 Parganas,West Bengal,Private,B.Sc(N),60 (Sixty),2025-2026,14,https://online.indiannursingcouncil.org/Reports/YearlyReportByState.aspx,2026-09-11T11:45:20.334932
