inc_institution_key,institution_name,institution_address,trust_name,district_name,state,sector,programmes,annual_intakes,total_intake,pin_code,academic_year,source,source_url,extraction_timestamp
Rajasthan|Ganganagar|A.S. SCHOOL OF NURSING,A.S. School Of Nursing,"A.S. School Of Nursing , Behind Audi Motors, Chahal Chowk, Naya Chak, Sri Ganganagar , Sri Ganganagar, Distt.- Ganganagar, Rajasthan, Pin Code- 335001",Aggarwal Charitable Institute,Ganganagar,Rajasthan,Private,GNM,40 (Forty),40,335001,2025-2026,INC Yearly Report,https://online.indiannursingcouncil.org/Reports/YearlyReportByState.aspx,2026-09-11T11:35:08.193115
Rajasthan|Jaipur|AAYUSHMAN INSTITUTE OF MEDICAL SCIENCE AND COLLEGE OF NURSING,Aayushman Institute Of Medical Science And College Of Nursing,"Aayushman Institute Of Medical Science And College Of Nursing , 576, Baniya Wali (Charanwala, Main Diggi- Malpura Road, Sanganer, Distt.- Jaipur, Rajasthan, Pin Code- 302029",Shri Gopinath Gulab Devi Pradhan Memorial Charitable Trust,Jaipur,Rajasthan,Private,B.Sc(N),60 (Sixty),60,302029,2025-2026,INC Yearly Report,https://online.indiannursingcouncil.org/Reports/YearlyReportByState.aspx,2026-09-11T11:35:08.193115
Rajasthan|Jhunjhunu|ADARSH PILANI NURSING SCHOOL,Adarsh Pilani Nursing School,"Adarsh Pilani Nursing School,, F-72,Industrial Area, Rajgarh Road,, Pilani, Distt.- Jhunjhunu, Rajasthan, Pin Code- 333031",Adarsh Pilani Education Trust,Jhunjhunu,Rajasthan,Private,GNM,50 (Fifty),50,333031,2025-2026,INC Yearly Report,https://online.indiannursingcouncil.org/Reports/YearlyReportByState.aspx,2026-09-11T11:35:08.193115
Rajasthan|Sikar|AKHIL BHARATI VIDYAPEETH COLLEGE OF NURSING,Akhil Bharati Vidyapeeth College Of Nursing,"Akhil Bharati Vidyapeeth College Of Nursing , Jaipur Road, Sikar, Rajasthan , Sikar , Distt.- Sikar, Rajasthan, Pin Code- 332001",Shri Amrit Educational And Health Sciences Samiti,Sikar,Rajasthan,Private,GNM | B.Sc(N),30 (Thirty) | 40 (Forty),70,332001,2025-2026,INC Yearly Report,https://online.indiannursingcouncil.org/Reports/YearlyReportByState.aspx,2026-09-11T11:35:08.193115
Rajasthan|Jodhpur|ALL INDIA INSTITUTE OF MEDICAL SCIENCES COLLEGE OF NURSING,All India Institute Of Medical Sciences College Of Nursing,"All India Institute Of Medical Sciences College Of Nursing, Hi Area Phase Ii, Basni, Jodhpur, Distt.- Jodhpur, Rajasthan, Pin Code- 342005",Govt Of Rajasthan,Jodhpur,Rajasthan,Government,B.Sc(N) | M. Sc (N),100 (One Hundred) | 33 (Thirty Three),133,342005,2025-2026,INC Yearly Report,https://online.indiannursingcouncil.org/Reports/YearlyReportByState.aspx,2026-09-11T11:35:08.193115
Rajasthan|Alwar|ALWAR COLLEGE OF NURSING,Alwar College Of Nursing,"Alwar College Of Nursing , Behind Aps, Kesarpur Ki Dhani, Rajgarh Road, Post - Burja, Alwar - 301001 , Alwar , Distt.- Alwar, Rajasthan, Pin Code- 301001",Shri Krishna Education Society,Alwar,Rajasthan,Private,B.Sc(N),40 (Forty),40,301001,2025-2026,INC Yearly Report,https://online.indiannursingcouncil.org/Reports/YearlyReportByState.aspx,2026-09-11T11:35:08.193115
Rajasthan|Alwar|ALWAR NURSING COLLEGE,Alwar Nursing College,"Alwar Nursing College , Sai Mandir Tijara Road Alwar (Raj.) 301001 , Alwar, Distt.- Alwar, Rajasthan, Pin Code- 301001",Public Rose Shiksha Samiti,Alwar,Rajasthan,Private,B.Sc(N),50 (Fifty),50,301001,2025-2026,INC Yearly Report,https://online.indiannursingcouncil.org/Reports/YearlyReportByState.aspx,2026-09-11T11:35:08.193115
Rajasthan|Jaipur|AMBASSY SCHOOL OF NURSING,Ambassy School Of Nursing,"Ambassy School Of Nursing, Am Nagar Extension, New Sanganer Road, Sodala, Jaipur, Distt.- Jaipur, Rajasthan, Pin Code- 302019",Mahatma Jyoti Rao Phule Shiksha Sansthan,Jaipur,Rajasthan,Private,GNM,40 (Forty),40,302019,2025-2026,INC Yearly Report,https://online.indiannursingcouncil.org/Reports/YearlyReportByState.aspx,2026-09-11T11:35:08.193115
Rajasthan|Rajsamand|ANANTA COLLEGE OF NURSING,Ananta College Of Nursing,"Ananta College Of Nursing, National Highway 08 Village Kaliwas, Kaliwas, Distt.- Rajsamand, Rajasthan, Pin Code- 0",Ananta Charitable Educational Society,Rajsamand,Rajasthan,Private,GNM | B.Sc(N),70 (Seventy) | 60 (Sixty),130,,2025-2026,INC Yearly Report,https://online.indiannursingcouncil.org/Reports/YearlyReportByState.aspx,2026-09-11T11:35:08.193115
Rajasthan|Sawai Madhopur|ANM TRAINING CENTRE,Anm Training Centre,"Anm Training Centre, Govt General Hospital Sawai Madhopur, Sawai Madhopur, Distt.- Sawai Madhopur, Rajasthan, Pin Code- 322001",Govt Of Rajasthan,Sawai Madhopur,Rajasthan,Government,ANM,20 (Twenty),20,322001,2025-2026,INC Yearly Report,https://online.indiannursingcouncil.org/Reports/YearlyReportByState.aspx,2026-09-11T11:35:08.193115
Rajasthan|Sikar|ANNPURNA MEDICAL TRAINING INSTITUTE,Annpurna Medical Training Institute,"Annpurna Medical Training Institute, Jaipur Road, Sikar , Sikar , Distt.- Sikar, Rajasthan, Pin Code- 332001",Annpurna Medical Prashikshan Sansthan,Sikar,Rajasthan,Private,GNM | M. Sc (N) | B.Sc(N) | P B B.Sc(N),60 (Sixty) | 6 Psy-6 | 50 (Fifty) | 30 (Thirty),146,332001,2025-2026,INC Yearly Report,https://online.indiannursingcouncil.org/Reports/YearlyReportByState.aspx,2026-09-11T11:35:08.193115
Rajasthan|Sikar|ANUPAMA MEDICAL TRAINING INSTITUTE COLLEGE OF NURSING,Anupama Medical Training Institute College Of Nursing,"Anupama Medical Training Institute College Of Nursing, Jeevan Nagar, Sikar, Distt.- Sikar, Rajasthan, Pin Code- 332021",Anupama Medical Training Institute,Sikar,Rajasthan,Private,B.Sc(N) | GNM,60 (SIXTY) | 60 (Sixty),120,332021,2025-2026,INC Yearly Report,https://online.indiannursingcouncil.org/Reports/YearlyReportByState.aspx,2026-09-11T11:35:08.193115
Rajasthan|Jaipur|APEX SCHOOL OF NURSING,Apex School Of Nursing,"Apex School Of Nursing, Apex University, Achrol, Jaipur, Distt.- Jaipur, Rajasthan, Pin Code- 303002","Apex University, Jaipur",Jaipur,Rajasthan,Private,B.Sc(N),60 (Sixty),60,303002,2025-2026,INC Yearly Report,https://online.indiannursingcouncil.org/Reports/YearlyReportByState.aspx,2026-09-11T11:35:08.193115
Rajasthan|Udaipur|ARAVALI COLLEGE OF NURSING,Aravali College Of Nursing,"Aravali College Of Nursing, Riddhi Siddhi Complex, Sector 5, Main Road, Hiran Magri, , Distt.- Udaipur, Rajasthan, Pin Code- 313002",Shri Krishna Parth Sodh Avam Shikshan Sansthan,Udaipur,Rajasthan,Private,B.Sc(N),30 (Thirty),30,313002,2025-2026,INC Yearly Report,https://online.indiannursingcouncil.org/Reports/YearlyReportByState.aspx,2026-09-11T11:35:08.193115
Rajasthan|Udaipur|ARAVALI INSTITUTE OF NURSING,Aravali Institute Of Nursing,"Aravali Institute Of Nursing, 17-A Kartikey Society, Paneriyon Ki Madri, Udaipur, Distt.- Udaipur, Rajasthan, Pin Code- 313002",Chand Bai Gupta Memorial Trust,Udaipur,Rajasthan,Private,GNM,40 (Forty),40,313002,2025-2026,INC Yearly Report,https://online.indiannursingcouncil.org/Reports/YearlyReportByState.aspx,2026-09-11T11:35:08.193115
Rajasthan|Sikar|ARAWALI COLLEGE OF NURSING,Arawali College Of Nursing,"Arawali College Of Nursing,, N H 11, Bijore, Jaipur Road, Sikar , Distt.- Sikar, Rajasthan, Pin Code- 332001",Astha Society,Sikar,Rajasthan,Private,B.Sc(N),40 (Forty),40,332001,2025-2026,INC Yearly Report,https://online.indiannursingcouncil.org/Reports/YearlyReportByState.aspx,2026-09-11T11:35:08.193115
Rajasthan|Kota|ARIHANT COLLEGE OF NURSING,Arihant College Of Nursing,"Arihant College Of Nursing, Arihant Campus, Ujjwal Vihar, Borkhera, Baran Road, Kota, Distt.- Kota, Rajasthan, Pin Code- 324001",Arihant Educational And Charitable Trust,Kota,Rajasthan,Private,P B B.Sc(N) | GNM | B.Sc(N),30 (Thirty) | 60 (Sixty) | 60 (Sixty),150,324001,2025-2026,INC Yearly Report,https://online.indiannursingcouncil.org/Reports/YearlyReportByState.aspx,2026-09-11T11:35:08.193115
Rajasthan|Churu|ASHA DEVI INSTITUTE OF NURSING,Asha Devi Institute Of Nursing,"Asha Devi Institute Of Nursing, Ward No. 9- &Quot; Shri Ram Kunj&Quot;, Bus Stand,, Sadulpur , Distt.- Churu, Rajasthan, Pin Code- 331023",Bhai Nitin Kumar Education And Social Welfare Trust,Churu,Rajasthan,Private,GNM,30 (Thirty),30,331023,2025-2026,INC Yearly Report,https://online.indiannursingcouncil.org/Reports/YearlyReportByState.aspx,2026-09-11T11:35:08.193115
Rajasthan|Jodhpur|ASSOCIATED GROUP OF HOSPITAL,Associated Group Of Hospital,"Associated Group Of Hospital, School Of Nursing, Mahatma Gandhi Hospital , Associated Group Of Hospital, School Of Nursing, Mahatma Gandhi Hospital, Jodhpur, Jodhpur, Distt.- Jodhpur, Rajasthan, Pi","Medical And Health Department, Rajasthan",Jodhpur,Rajasthan,Government,GNM,60 (Sixty),60,,2025-2026,INC Yearly Report,https://online.indiannursingcouncil.org/Reports/YearlyReportByState.aspx,2026-09-11T11:35:08.193115
Rajasthan|Alwar|ATHINA NURSING COLLEGE,Athina Nursing College,"Athina Nursing College, Alwar By Pass Road, Bhiwadi , Distt.- Alwar, Rajasthan, Pin Code- 31019",Subedar Hariram Trust,Alwar,Rajasthan,Private,B.Sc(N),40 (Forty),40,,2025-2026,INC Yearly Report,https://online.indiannursingcouncil.org/Reports/YearlyReportByState.aspx,2026-09-11T11:35:08.193115
Rajasthan|Jaipur|B L M COLLEGE OF NURSING,B L M College Of Nursing,"B L M College Of Nursing, E-5-6, Riico Industrial Area, Tonk Road, Sitapura, Distt.- Jaipur, Rajasthan, Pin Code- 302022",B L M Medical Educational And Development Society,Jaipur,Rajasthan,Private,B.Sc(N) | GNM,40 (Forty) | 40 (Forty),80,302022,2025-2026,INC Yearly Report,https://online.indiannursingcouncil.org/Reports/YearlyReportByState.aspx,2026-09-11T11:35:14.931175
Rajasthan|Bhilwara|BALAJI COLLEGE OF NURSING,Balaji College Of Nursing,"Balaji College Of Nursing, A-24-27, Panchwati, Harni Mahadev Road, Bhilwara, Distt.- Bhilwara, Rajasthan, Pin Code- 311001",Himalaya Education And Health Society,Bhilwara,Rajasthan,Private,B.Sc(N) | P B B.Sc(N),40 (Forty) | 30 (Thirty),70,311001,2025-2026,INC Yearly Report,https://online.indiannursingcouncil.org/Reports/YearlyReportByState.aspx,2026-09-11T11:35:14.931175
Rajasthan|Hanumangarh|BANSAL COLLEGE OF NURSING,Bansal College Of Nursing,"Bansal College Of Nursing, Bansal School Of Nursing , Bansal College Of Nursing Manaksar, Hanumangarh , Hanumangarh, Distt.- Hanumangarh, Rajasthan, Pin Code- 335065",Bansal Nursing Charitable Trust,Hanumangarh,Rajasthan,Private,GNM | B.Sc(N),60 (Sixty) | 50 (Fifty),110,335065,2025-2026,INC Yearly Report,https://online.indiannursingcouncil.org/Reports/YearlyReportByState.aspx,2026-09-11T11:35:14.931175
Rajasthan|Alwar|BANSUR NURSING COLLEGE,Bansur Nursing College,"Bansur Nursing College, Bye Pass Road, Bansur, Alwar, Rajasthan, Alwar, Distt.- Alwar, Rajasthan, Pin Code- 301402",Marudhara Academy,Alwar,Rajasthan,Private,B.Sc(N) | P B B.Sc(N),40 (Forty) | 30 (Thirty),70,301402,2025-2026,INC Yearly Report,https://online.indiannursingcouncil.org/Reports/YearlyReportByState.aspx,2026-09-11T11:35:14.931175
Rajasthan|Jaipur|BARALA NURSING COLLEGE,Barala Nursing College,"Barala Nursing College, Nh- 11, Jaipur Road, Radha Swami Bagh, Chomu, Distt.- Jaipur, Rajasthan, Pin Code- 303702",Barala Hospital And Research Centre,Jaipur,Rajasthan,Private,B.Sc(N),40 (Forty),40,303702,2025-2026,INC Yearly Report,https://online.indiannursingcouncil.org/Reports/YearlyReportByState.aspx,2026-09-11T11:35:14.931175
Rajasthan|Bikaner|BIKANER COLLEGE OF NURSING,Bikaner College Of Nursing,"Bikaner College Of Nursing, Nh-11, Jaipur Road, Raisar, Bikaner, Distt.- Bikaner, Rajasthan, Pin Code- 334001",Bikaner Nursing Home And Education Society,Bikaner,Rajasthan,Private,B.Sc(N),30 (Thirty),30,334001,2025-2026,INC Yearly Report,https://online.indiannursingcouncil.org/Reports/YearlyReportByState.aspx,2026-09-11T11:35:14.931175
Rajasthan|Jhunjhunu|BIRLA COLLEGE OF NURSING,Birla College Of Nursing,"Birla College Of Nursing, C/O Birla Sarvajanik Hospital Near Bhagat Singh Circle , Pilani, Distt.- Jhunjhunu, Rajasthan, Pin Code- 333031",Matri Seva Sadan Charity Trust,Jhunjhunu,Rajasthan,Private,P B B.Sc(N) | GNM | B.Sc(N),25 (Twenty Five) | 40 (Forty) | 60 (Sixty),125,333031,2025-2026,INC Yearly Report,https://online.indiannursingcouncil.org/Reports/YearlyReportByState.aspx,2026-09-11T11:35:14.931175
Rajasthan|Bundi|CHAMBAL SCHOOL OF NURSING / NIGHTINGALE COLLEGE OF NURSING,Chambal School Of Nursing / Nightingale College Of Nursing,"Chambal School Of Nursing / Nightingale College Of Nursing, Raghuveer Pura, Chittor Road, Hatti Pura Distt. Bundi, Rajasthan- 323001, Bundi, Distt.- Bundi, Rajasthan, Pin Code- 323001",Chambal Education Society,Bundi,Rajasthan,Private,B.Sc(N) | GNM,40 (Forty) | 60 (Sixty),100,323001,2025-2026,INC Yearly Report,https://online.indiannursingcouncil.org/Reports/YearlyReportByState.aspx,2026-09-11T11:35:14.931175
Rajasthan|Jhunjhunu|CHOUDHARY KANA RAM DHAKA MEMORIAL NURSING COLLEGE,Choudhary Kana Ram Dhaka Memorial Nursing College,"Choudhary Kana Ram Dhaka Memorial Nursing College, Vpo- Dhigal, Jhunjhunu - Jaipur Highway, Jhunjhunu , Distt.- Jhunjhunu, Rajasthan, Pin Code- 333041",Choudhary Kanaram Dhaka Memorial Sansthan,Jhunjhunu,Rajasthan,Private,B.Sc(N) | P B B.Sc(N),60 (Sixty) | 30 (Thirty),90,333041,2025-2026,INC Yearly Report,https://online.indiannursingcouncil.org/Reports/YearlyReportByState.aspx,2026-09-11T11:35:14.931175
Rajasthan|Kota|COLLEGE OF NURSING,College Of Nursing,"College Of Nursing, Near M.B.S. Hospital, Nayapura , Kota, Distt.- Kota, Rajasthan, Pin Code- 324001",Rajasthan,Kota,Rajasthan,Government,B.Sc(N) | M. Sc (N),100 (One Hundred) | 20 (Twenty) Med-Surg-4 Paed-8 Obg-4 Chn-4,120,324001,2025-2026,INC Yearly Report,https://online.indiannursingcouncil.org/Reports/YearlyReportByState.aspx,2026-09-11T11:35:14.931175
Rajasthan|Jaipur|D H COLLEGE OF NURSING,D H College Of Nursing,"D H College Of Nursing, Luniyawas, Jaipur, Distt.- Jaipur, Rajasthan, Pin Code- 30203",Dhyawan Vikash Sanstha,Jaipur,Rajasthan,Private,B.Sc(N),40 (Forty),40,,2025-2026,INC Yearly Report,https://online.indiannursingcouncil.org/Reports/YearlyReportByState.aspx,2026-09-11T11:35:14.931175
Rajasthan|Jaipur|D.P. TIWARI MEDICAL AND NURSING EDUCATIONAL INSTITUTE,D.P. Tiwari Medical And Nursing Educational Institute,"D.P. Tiwari Medical And Nursing Educational Institute , Balaji Bazar, Newta Road, Muhana, Sanganer, Jaipur , Jaipur, Distt.- Jaipur, Rajasthan, Pin Code- 302029",Indian Student Culture Soceity,Jaipur,Rajasthan,Private,B.Sc(N) | GNM,60 (Sixty) | 30 (Thirty),90,302029,2025-2026,INC Yearly Report,https://online.indiannursingcouncil.org/Reports/YearlyReportByState.aspx,2026-09-11T11:35:14.931175
Rajasthan|Kota|DASWANI NURSING COLLEGE,Daswani Nursing College,"Daswani Nursing College, 19 - Ipb, Institutional Area, Ricco, Ranpur , Distt.- Kota, Rajasthan, Pin Code- 325003",Aadarsh Pragya Vidhya Mandir Samiti,Kota,Rajasthan,Private,B.Sc(N),40 (Forty),40,325003,2025-2026,INC Yearly Report,https://online.indiannursingcouncil.org/Reports/YearlyReportByState.aspx,2026-09-11T11:35:14.931175
Rajasthan|Jaipur|DEVI INSTITUTE OF NURSING COLLEGE,Devi Institute Of Nursing College,"Devi Institute Of Nursing College, S-35 B Radhamarg, Behind Raj Mandir Cinema, C- Scheme, Jaipur, Distt.- Jaipur, Rajasthan, Pin Code- 302001",Devi Institute,Jaipur,Rajasthan,Private,B.Sc(N),40 (Forty),40,302001,2025-2026,INC Yearly Report,https://online.indiannursingcouncil.org/Reports/YearlyReportByState.aspx,2026-09-11T11:35:14.931175
Rajasthan|Udaipur|DR. CHAUDHARY COLLEGE OF NURSING,Dr. Chaudhary College Of Nursing,"Dr. Chaudhary College Of Nursing , 472, Sector-4, Hiran Magri, Tehsil- Girwa, District- Udaipur , Udaipur, Distt.- Udaipur, Rajasthan, Pin Code- 313001",Dr. Chaudhary Charitable Foundation Udaipur,Udaipur,Rajasthan,Private,B.Sc(N),30 (Thirty),30,313001,2025-2026,INC Yearly Report,https://online.indiannursingcouncil.org/Reports/YearlyReportByState.aspx,2026-09-11T11:35:14.931175
Rajasthan|Bikaner|DR. TANVEER MALAWAT NURSING COLLEGE,Dr. Tanveer Malawat Nursing College,"Dr. Tanveer Malawat Nursing College, Ridmalsar Purohitan Jaipur Jodhpur Bypass, National Highway 89, Bikaner, Distt.- Bikaner, Rajasthan, Pin Code- 334001",Dr. Tanveer Malawat Public Charitable Trust,Bikaner,Rajasthan,Private,B.Sc(N),40 (Forty),40,334001,2025-2026,INC Yearly Report,https://online.indiannursingcouncil.org/Reports/YearlyReportByState.aspx,2026-09-11T11:35:14.931175
Rajasthan|Tonk|FACULTY OF NURSING,Faculty Of Nursing,"Faculty Of Nursing, Banasthali Vidyapith, Banasthali, Distt.- Tonk, Rajasthan, Pin Code- 304022",Banasthali Vidyapith,Tonk,Rajasthan,Private,B.Sc(N),60 (Sixty),60,304022,2025-2026,INC Yearly Report,https://online.indiannursingcouncil.org/Reports/YearlyReportByState.aspx,2026-09-11T11:35:14.931175
Rajasthan|Kota|FLORENCE NURSING COLLEGE,Florence Nursing College,"Florence Nursing College,, Ipd-11, Riico Institutional Area, Ranpur, Vill.- Kota, Tehsil- Ladpura, Distt.- Kota, Rajasthan, Pin Code- 324005",Anupam Bal Vidhya Mandir Samiti,Kota,Rajasthan,Private,B.Sc(N),60 (Sixty),60,324005,2025-2026,INC Yearly Report,https://online.indiannursingcouncil.org/Reports/YearlyReportByState.aspx,2026-09-11T11:35:14.931175
Rajasthan|Pali|G N M TRAINING CENTER,G N M Training Center,"G N M Training Center , Bangar Hospital,Pali , Pali, Distt.- Pali, Rajasthan, Pin Code- 306401",Govt. Of Rajasthan,Pali,Rajasthan,Government,GNM,60 (Sixty),60,306401,2025-2026,INC Yearly Report,https://online.indiannursingcouncil.org/Reports/YearlyReportByState.aspx,2026-09-11T11:35:14.931175
Rajasthan|Sikar|G N M TRAINING CENTRE,G N M Training Centre,"G N M Training Centre, In Front Of S.K.Medical College, (Shri Kalyan Hospital) Gokulpura, Sikar, Distt.- Sikar, Rajasthan, Pin Code- 332021",Govt Of Rajasthan,Sikar,Rajasthan,Government,GNM,60 (Sixty),60,332021,2025-2026,INC Yearly Report,https://online.indiannursingcouncil.org/Reports/YearlyReportByState.aspx,2026-09-11T11:35:14.931175
Rajasthan|Jaipur|GANADHIPATI PURUSHOTTAM SHEKHAWATI COLLEGE OF NURSING,Ganadhipati Purushottam Shekhawati College Of Nursing,"Ganadhipati Purushottam Shekhawati College Of Nursing, A/2, Opp.Time Square, Central Spine, Vidhyadhar Nagar, Jaipur , Jaipur, Distt.- Jaipur, Rajasthan, Pin Code- 302039",Ganadhipati Purushottam Shekhawati Education Foundation,Jaipur,Rajasthan,Private,B.Sc(N),40 (Forty),40,302039,2025-2026,INC Yearly Report,https://online.indiannursingcouncil.org/Reports/YearlyReportByState.aspx,2026-09-11T11:35:22.502833
Rajasthan|Sawai Madhopur|GANGAPUR INSTITUTE OF NURSING AND PARAMEDICAL SCIENCES,Gangapur Institute Of Nursing And Paramedical Sciences,"Gangapur Institute Of Nursing And Paramedical Sciences, Jaipur Road, Gangapur City, Sawai Madhopur- 322201, Gangapur City, Distt.- Sawai Madhopur, Rajasthan, Pin Code- 322201",Cipika Welfare Society,Sawai Madhopur,Rajasthan,Private,GNM | B.Sc(N),60 (Sixty) | 60 (Sixty),120,322201,2025-2026,INC Yearly Report,https://online.indiannursingcouncil.org/Reports/YearlyReportByState.aspx,2026-09-11T11:35:22.502833
Rajasthan|Jaipur|GANPATI KESHORAI COLLEGE OF NURSING,Ganpati Keshorai College Of Nursing,"Ganpati Keshorai College Of Nursing, 40, Officers Enclave, Opp. Ricco Kanta, Kalyanpura, Mansarover , Jaipur, Distt.- Jaipur, Rajasthan, Pin Code- 302020",Ganpati Keshorai Education And Development Society,Jaipur,Rajasthan,Private,B.Sc(N),60 (Sixty),60,302020,2025-2026,INC Yearly Report,https://online.indiannursingcouncil.org/Reports/YearlyReportByState.aspx,2026-09-11T11:35:22.502833
Rajasthan|Jaipur|GAURAV NURSING SCHOOL,Gaurav Nursing School,"Gaurav Nursing School,, , Chomu, Distt.- Jaipur, Rajasthan, Pin Code- 303702",Jyotiba Fule Social Welfare Society,Jaipur,Rajasthan,Private,GNM,60 (Sixty),60,303702,2025-2026,INC Yearly Report,https://online.indiannursingcouncil.org/Reports/YearlyReportByState.aspx,2026-09-11T11:35:22.502833
Rajasthan|Udaipur|GAYATRI COLLEGE OF NURSING,Gayatri College Of Nursing,"Gayatri College Of Nursing , 46 - Gayatri Tower -1, Shree Hanuman Nagar, Manvakhera, Udaipur , Udaipur, Distt.- Udaipur, Rajasthan, Pin Code- 313002",Gayatri Education Nursing Institute And Unique Society,Udaipur,Rajasthan,Private,B.Sc(N) | GNM,40 (Forty) | 60 (Sixty),100,313002,2025-2026,INC Yearly Report,https://online.indiannursingcouncil.org/Reports/YearlyReportByState.aspx,2026-09-11T11:35:22.502833
Rajasthan|Udaipur|GEETANJALI COLLEGE OF NURSING,Geetanjali College Of Nursing,"Geetanjali College Of Nursing , Geetanjali Medicity, Hiran Magri, Manwakheda, Near Eklingpura Chouraha, Udaipur , Udaipur, Distt.- Udaipur, Rajasthan, Pin Code- 313002",Geetanjali University Trust,Udaipur,Rajasthan,Private,GNM | B.Sc(N) | M. Sc (N) | P B B.Sc(N),100 (One Hundred) | 200 (Two Hundred) | 15 (Fifteen) | 20 (Twenty),335,313002,2025-2026,INC Yearly Report,https://online.indiannursingcouncil.org/Reports/YearlyReportByState.aspx,2026-09-11T11:35:22.502833
Rajasthan|Bhilwara|GENIUS HEALTH AND NURSING SHIKSHAN SANSTHAN,Genius Health And Nursing Shikshan Sansthan,"Genius Health And Nursing Shikshan Sansthan, Genius College Of Nursing , Sarswati Nagar Opp Saras Dairy,Ajmer Road , Bhilwara, Distt.- Bhilwara, Rajasthan, Pin Code- 311001",Gayatri Education Nursing Institute And Unique Society,Bhilwara,Rajasthan,Private,B.Sc(N) | GNM,40 (Forty) | 40 (Forty),80,311001,2025-2026,INC Yearly Report,https://online.indiannursingcouncil.org/Reports/YearlyReportByState.aspx,2026-09-11T11:35:22.502833
Rajasthan|Sirohi|GLOBAL HOSPITAL SCHOOL OF NURSING,Global Hospital School Of Nursing,"Global Hospital School Of Nursing , Talhati, Abu Road, Distt.- Sirohi, Rajasthan, Pin Code- 307510",Global Hospital And Research Centre,Sirohi,Rajasthan,Private,GNM,30 (Thirty),30,307510,2025-2026,INC Yearly Report,https://online.indiannursingcouncil.org/Reports/YearlyReportByState.aspx,2026-09-11T11:35:22.502833
Rajasthan|Sawai Madhopur|GLOBAL NURSING SCHOOL,Global Nursing School,"Global Nursing School, Near Essar Petrol Pump, Karmoda Bypass, Sawai Madhopur, Sawai Madhopur , Distt.- Sawai Madhopur, Rajasthan, Pin Code- 322027",Global Education And Medical Health Welfare Society,Sawai Madhopur,Rajasthan,Private,GNM,40 (Forty),40,322027,2025-2026,INC Yearly Report,https://online.indiannursingcouncil.org/Reports/YearlyReportByState.aspx,2026-09-11T11:35:22.502833
Rajasthan|Alwar|GOVERMENT COLLEGE OF NURSING TIJARA ALWAR,Goverment College Of Nursing Tijara Alwar,"Goverment College Of Nursing Tijara Alwar, Bhiwadi By Pas Road Tijara Alwar. Currently Run At- Gcon Govt. General Hospital Alwar, Tijara(Alwar), Distt.- Alwar, Rajasthan, Pin Code- 301411",Govt. Of Rajasthan,Alwar,Rajasthan,Government,B.Sc(N),60 (Sixty),60,301411,2025-2026,INC Yearly Report,https://online.indiannursingcouncil.org/Reports/YearlyReportByState.aspx,2026-09-11T11:35:22.502833
Rajasthan|Ajmer|GOVERNMENT COLLEGE OF NURSING,Government College Of Nursing,"Government College Of Nursing, Janana Hospital Campus, Ajmer, Distt.- Ajmer, Rajasthan, Pin Code- 305001",Rajasthan,Ajmer,Rajasthan,Government,B.Sc(N) | M. Sc (N),60 (Sixty) | 25 (Twenty Five) Med. Surg-10 Paed-5 Obg-5 Chn-5,85,305001,2025-2026,INC Yearly Report,https://online.indiannursingcouncil.org/Reports/YearlyReportByState.aspx,2026-09-11T11:35:22.502833
Rajasthan|Alwar|GOVERNMENT COLLEGE OF NURSING ALWAR,Government College Of Nursing Alwar,"Government College Of Nursing Alwar , General Hospital Campus, Raghu Marg, Alwar , Alwar, Distt.- Alwar, Rajasthan, Pin Code- 301001",Rajasthan Government,Alwar,Rajasthan,Government,B.Sc(N),60 (Sixty),60,301001,2025-2026,INC Yearly Report,https://online.indiannursingcouncil.org/Reports/YearlyReportByState.aspx,2026-09-11T11:35:22.502833
Rajasthan|Banswara|GOVERNMENT COLLEGE OF NURSING BANSWARA,Government College Of Nursing Banswara,"Government College Of Nursing Banswara, Mahatma Gandhi Hospital , Banswara, Distt.- Banswara, Rajasthan, Pin Code- 327001",Govt. Of Rajasthan,Banswara,Rajasthan,Government,B.Sc(N),60 (Sixty),60,327001,2025-2026,INC Yearly Report,https://online.indiannursingcouncil.org/Reports/YearlyReportByState.aspx,2026-09-11T11:35:22.502833
Rajasthan|Barmer|GOVERNMENT COLLEGE OF NURSING BARMER,Government College Of Nursing Barmer,"Government College Of Nursing Barmer, Govt. Hospital Campus, Barmer, Distt.- Barmer, Rajasthan, Pin Code- 344001",Govt. Of Rajasthan,Barmer,Rajasthan,Government,B.Sc(N),60 (Sixty),60,344001,2025-2026,INC Yearly Report,https://online.indiannursingcouncil.org/Reports/YearlyReportByState.aspx,2026-09-11T11:35:22.502833
Rajasthan|Bundi|GOVERNMENT COLLEGE OF NURSING BUNDI,Government College Of Nursing Bundi,"Government College Of Nursing Bundi, Govt. Hospital Bundi 1St Floor Mch Wing , Bundi, Distt.- Bundi, Rajasthan, Pin Code- 323001",Govt. Of Rajasthan,Bundi,Rajasthan,Government,B.Sc(N),60 (Sixty),60,323001,2025-2026,INC Yearly Report,https://online.indiannursingcouncil.org/Reports/YearlyReportByState.aspx,2026-09-11T11:35:22.502833
Rajasthan|Dungarpur|GOVERNMENT COLLEGE OF NURSING DUNGARPUR,Government College Of Nursing Dungarpur,"Government College Of Nursing Dungarpur, Anmtc Building Cmho Office Campus, Dungarpur, Distt.- Dungarpur, Rajasthan, Pin Code- 314001",Rajasthan Medical Education Society,Dungarpur,Rajasthan,Government,B.Sc(N),60 (Sixty),60,314001,2025-2026,INC Yearly Report,https://online.indiannursingcouncil.org/Reports/YearlyReportByState.aspx,2026-09-11T11:35:22.502833
Rajasthan|Pali|GOVERNMENT COLLEGE OF NURSING PALI,Government College Of Nursing Pali,"Government College Of Nursing Pali, Nh-62 Sumerpur Road, Vllage-Ramasiya, Pali, Distt.- Pali, Rajasthan, Pin Code- 306401",Govt. Of Rajasthan,Pali,Rajasthan,Government,B.Sc(N),60 (Sixty),60,306401,2025-2026,INC Yearly Report,https://online.indiannursingcouncil.org/Reports/YearlyReportByState.aspx,2026-09-11T11:35:22.502833
Rajasthan|Sawai Madhopur|GOVERNMENT COLLEGE OF NURSING SAWAI MADHOPUR,Government College Of Nursing Sawai Madhopur,"Government College Of Nursing Sawai Madhopur, General Hospital Campus , Sawai Madhopur, Distt.- Sawai Madhopur, Rajasthan, Pin Code- 322001",Rajmes,Sawai Madhopur,Rajasthan,Government,B.Sc(N),60 (Sixty),60,322001,2025-2026,INC Yearly Report,https://online.indiannursingcouncil.org/Reports/YearlyReportByState.aspx,2026-09-11T11:35:22.502833
Rajasthan|Pratapgarh|GOVERNMENT COLLEGE OF NURSING,Government College Of Nursing,"Government College Of Nursing, Anmtraining Cenrtre, District Hospital, Pratapgarh, Distt.- Pratapgarh, Rajasthan, Pin Code- 312605",Rajasthan Medical Education Society Jaipur,Pratapgarh,Rajasthan,Government,B.Sc(N),60 (Sixty),60,312605,2025-2026,INC Yearly Report,https://online.indiannursingcouncil.org/Reports/YearlyReportByState.aspx,2026-09-11T11:35:22.502833
Rajasthan|Nagaur|GOVERNMENT COLLEGE OF NURSING,Government College Of Nursing,"Government College Of Nursing, Behind Old Government Hospital Campus, Nagaur, Distt.- Nagaur, Rajasthan, Pin Code- 341001","Rajmes, Government Of Rajasthan",Nagaur,Rajasthan,Government,B.Sc(N),60 (Sixty),60,341001,2025-2026,INC Yearly Report,https://online.indiannursingcouncil.org/Reports/YearlyReportByState.aspx,2026-09-11T11:35:22.502833
Rajasthan|Jodhpur|GOVERNMENT COLLEGE OF NURSING,Government College Of Nursing,"Government College Of Nursing, Government College Of Nursing, Mdm Hospital Campus, Shastri Nagar, Jodhpur , Jodhpur, Distt.- Jodhpur, Rajasthan, Pin Code- 342005",Govt. Of Rajasthan,Jodhpur,Rajasthan,Government,B.Sc(N) | M. Sc (N) | P B B.Sc(N),"100 (One Hundred) | 25 (Twenty Five) Med- Surg-07, Chn-4, Paed-4, Obg-5, Psy-5 | 20 (Twenty)",145,342005,2025-2026,INC Yearly Report,https://online.indiannursingcouncil.org/Reports/YearlyReportByState.aspx,2026-09-11T11:35:22.502833
Rajasthan|Churu|GOVERNMENT COLLEGE OF NURSING,Government College Of Nursing,"Government College Of Nursing, Medical College Campus, Churu, Distt.- Churu, Rajasthan, Pin Code- 331001",Govt- Of Rajasthan,Churu,Rajasthan,Government,B.Sc(N),60 (Sixty),60,331001,2025-2026,INC Yearly Report,https://online.indiannursingcouncil.org/Reports/YearlyReportByState.aspx,2026-09-11T11:35:29.202830
Rajasthan|Dausa|GOVERNMENT COLLEGE OF NURSING,Government College Of Nursing,"Government College Of Nursing, Old Tehsil Bhavan, Lalsot, Distt.- Dausa, Rajasthan, Pin Code- 303503",Rajasthan Medical Education Society,Dausa,Rajasthan,Government,B.Sc(N),60 (Sixty),60,303503,2025-2026,INC Yearly Report,https://online.indiannursingcouncil.org/Reports/YearlyReportByState.aspx,2026-09-11T11:35:29.202830
Rajasthan|Sikar|GOVERNMENT COLLEGE OF NURSING,Government College Of Nursing,"Government College Of Nursing,S.K.Govt.Medical College,Sikar., In Front Of S.K.Medical College, Gokulpura, Sikar, Distt.- Sikar, Rajasthan, Pin Code- 332021",Government Of Rajasthan,Sikar,Rajasthan,Government,B.Sc(N),60 (Sixty),60,332021,2025-2026,INC Yearly Report,https://online.indiannursingcouncil.org/Reports/YearlyReportByState.aspx,2026-09-11T11:35:29.202830
Rajasthan|Bhilwara|GOVERNMENT COLLLEGE OF NURSING BHILWARA,Government Colllege Of Nursing Bhilwara,"Government Colllege Of Nursing Bhilwara , Existing Mg Hospital Campus Bhilwara (Propsed Paldi Bhilwara ), Bhilwara, Distt.- Bhilwara, Rajasthan, Pin Code- 311001",Rajasthan Government,Bhilwara,Rajasthan,Government,B.Sc(N),60 (Sixty),60,311001,2025-2026,INC Yearly Report,https://online.indiannursingcouncil.org/Reports/YearlyReportByState.aspx,2026-09-11T11:35:29.202830
Rajasthan|Baran|GOVT .COLLEGE OF NURSING BARAN,Govt .College Of Nursing Baran,"Govt .College Of Nursing Baran, Govt College Of Nursing Baran Kota Road Baran Rajasthan Highway Gajanpura, Baran, Distt.- Baran, Rajasthan, Pin Code- 325205",Rajasthan,Baran,Rajasthan,Government,B.Sc(N),60 (Sixty),60,325205,2025-2026,INC Yearly Report,https://online.indiannursingcouncil.org/Reports/YearlyReportByState.aspx,2026-09-11T11:35:29.202830
Rajasthan|Jalore|GOVT COLLEGE OF NURSING JALORE,Govt College Of Nursing Jalore,"Govt College Of Nursing Jalore, Govt. College Of Nursing Jalore, Leta (District Hospital Jalore), Jalore, Distt.- Jalore, Rajasthan, Pin Code- 343001",Govt Of Rajasthan,Jalore,Rajasthan,Government,B.Sc(N) | GNM,60 (Sixty) | 60 (Sixty),120,343001,2025-2026,INC Yearly Report,https://online.indiannursingcouncil.org/Reports/YearlyReportByState.aspx,2026-09-11T11:35:29.202830
Rajasthan|Karoli|GOVT COLLEGE OF NURSING KARAULI,Govt College Of Nursing Karauli,"Govt College Of Nursing Karauli, Mandrayal Road , Karauli, Distt.- Karoli, Rajasthan, Pin Code- 322241",Govt. Of Rajasthan,Karoli,Rajasthan,Government,B.Sc(N),60 (Sixty),60,322241,2025-2026,INC Yearly Report,https://online.indiannursingcouncil.org/Reports/YearlyReportByState.aspx,2026-09-11T11:35:29.202830
Rajasthan|Rajsamand|GOVT COLLEGE OF NURSING NATHDWARA RAJSAMAND,Govt College Of Nursing Nathdwara Rajsamand,"Govt College Of Nursing Nathdwara Rajsamand , Anmtc Campus Dhoinda Near Krishi Vigyan Kendra , Kankroli , Distt.- Rajsamand, Rajasthan, Pin Code- 313342",Govt Of Rajasthan,Rajsamand,Rajasthan,Government,B.Sc(N),60 (Sixty),60,313342,2025-2026,INC Yearly Report,https://online.indiannursingcouncil.org/Reports/YearlyReportByState.aspx,2026-09-11T11:35:29.202830
Rajasthan|Sirohi|GOVT COLLEGE OF NURSING SIROHI,Govt College Of Nursing Sirohi,"Govt College Of Nursing Sirohi , Gmc Campus Kolar, Sirohi, Distt.- Sirohi, Rajasthan, Pin Code- 307001",Rajmes,Sirohi,Rajasthan,Government,B.Sc(N),60 (Sixty),60,307001,2025-2026,INC Yearly Report,https://online.indiannursingcouncil.org/Reports/YearlyReportByState.aspx,2026-09-11T11:35:29.202830
Rajasthan|Sriganganagar|GOVT COLLEGE OF NURSING SRIGANGANAGAR,Govt College Of Nursing Sriganganagar,"Govt College Of Nursing Sriganganagar, Govt District Hospital Capmus, Sriganganagar, Distt.- Sriganganagar, Rajasthan, Pin Code- 335001",Govt Of Rajasthan,Sriganganagar,Rajasthan,Government,B.Sc(N),60 (Sixty),60,335001,2025-2026,INC Yearly Report,https://online.indiannursingcouncil.org/Reports/YearlyReportByState.aspx,2026-09-11T11:35:29.202830
Rajasthan|Hanumangarh|GOVT COLLEGE OF NURSING,Govt College Of Nursing,"Govt College Of Nursing, Hanumangarh , H-Block, Civil Line, Campus Of Anmtc, Hanumangarh Junction, Hanumangarh , Distt.- Hanumangarh, Rajasthan, Pin Code- 335512",Rajasthan,Hanumangarh,Rajasthan,Government,B.Sc(N),60 (Sixty),60,335512,2025-2026,INC Yearly Report,https://online.indiannursingcouncil.org/Reports/YearlyReportByState.aspx,2026-09-11T11:35:29.202830
Rajasthan|Bikaner|GOVT COLLEGE OF NURSING,Govt College Of Nursing,"Govt College Of Nursing, Sardar Patel Medical College Ground , Bikaner, Distt.- Bikaner, Rajasthan, Pin Code- 334001",Government Of Rajasthan,Bikaner,Rajasthan,Government,B.Sc(N) | M. Sc (N),100 (One Hundred) | 25 (Twenty Five) Med Surg-5 Obg-5 Psy-5 Paed-5 Chn-5,125,334001,2025-2026,INC Yearly Report,https://online.indiannursingcouncil.org/Reports/YearlyReportByState.aspx,2026-09-11T11:35:29.202830
Rajasthan|Chittorgarh|GOVT. COLLEGE OF NURSING / GNM TRAINING CENTER,Govt. College Of Nursing / Gnm Training Center,"Govt. College Of Nursing / Gnm Training Center, Shri Sanwaliyaji Govt. Gen. Hospital, Chittorgarh , Distt.- Chittorgarh, Rajasthan, Pin Code- 312001",Govt. Of Rajasthan,Chittorgarh,Rajasthan,Private,GNM | B.Sc(N),60 (Sixty) | 60 (Sixty),120,312001,2025-2026,INC Yearly Report,https://online.indiannursingcouncil.org/Reports/YearlyReportByState.aspx,2026-09-11T11:35:29.202830
Rajasthan|Bharatpur|GOVT. COLLEGE OF NURSING BHARATPUR,Govt. College Of Nursing Bharatpur,"Govt. College Of Nursing Bharatpur, Near Swasthya Bhawan Rbm Hospital Campus Bharatpur, Bharatpur, Distt.- Bharatpur, Rajasthan, Pin Code- 321001",Rajasthan Goverment,Bharatpur,Rajasthan,Government,B.Sc(N),60 (Sixty),60,321001,2025-2026,INC Yearly Report,https://online.indiannursingcouncil.org/Reports/YearlyReportByState.aspx,2026-09-11T11:35:29.202830
Rajasthan|Dholpur|GOVT. COLLEGE OF NURSING DHOLPUR RAJ.,Govt. College Of Nursing Dholpur Raj.,"Govt. College Of Nursing Dholpur Raj., Narapura Dholpur Raj., Dholpur, Distt.- Dholpur, Rajasthan, Pin Code- 328001",Rajasthan,Dholpur,Rajasthan,Government,B.Sc(N),60 (Sixty),60,328001,2025-2026,INC Yearly Report,https://online.indiannursingcouncil.org/Reports/YearlyReportByState.aspx,2026-09-11T11:35:29.202830
Rajasthan|Udaipur|GOVT. COLLEGE OF NURSING,Govt. College Of Nursing,"Govt. College Of Nursing, Maharana Bhupal Govt. Hospital Udaipur , Govt. College Of Nursing, Mbgh, Udaipur , Udaipur , Distt.- Udaipur, Rajasthan, Pin Code- 313001",Rajasthan,Udaipur,Rajasthan,Government,B.Sc(N) | M. Sc (N),"50 (Fifty) | 25 (Twenty Five) Med-Surg- 10, Chn- 08, Paed- 07",75,313001,2025-2026,INC Yearly Report,https://online.indiannursingcouncil.org/Reports/YearlyReportByState.aspx,2026-09-11T11:35:29.202830
Rajasthan|Jaipur|GOVT. COLLEGE OF NURSING,Govt. College Of Nursing,"Govt. College Of Nursing, Sms Hospital Campus,Jln Marg,Jaipur , Jaipur , Distt.- Jaipur, Rajasthan, Pin Code- 302004",Govt. Of Rajasthan,Jaipur,Rajasthan,Government,B.Sc(N) | M. Sc (N) | P B B.Sc(N),100 (One Hundred) | 25 (Twenty Five) 5 In Each Speciality | 25 (Twenty Five),150,302004,2025-2026,INC Yearly Report,https://online.indiannursingcouncil.org/Reports/YearlyReportByState.aspx,2026-09-11T11:35:29.202830
Rajasthan|Jhunjhunu|GOVT. COLLEGE OF NURSING,Govt. College Of Nursing,"Govt. College Of Nursing,Jhunjhunu, Govt. College Of Nursing,Jhunjhunu, Jhunjhunu, Distt.- Jhunjhunu, Rajasthan, Pin Code- 333001",Rajasthan State Govt.,Jhunjhunu,Rajasthan,Government,B.Sc(N),60 (Sixty),60,333001,2025-2026,INC Yearly Report,https://online.indiannursingcouncil.org/Reports/YearlyReportByState.aspx,2026-09-11T11:35:29.202830
Rajasthan|Bikaner|GOVT. SCHOOL OF NURSING,Govt. School Of Nursing,"Govt. School Of Nursing, Agh, Bikaner, Govt. School Of Nursing, Agh, Bikaner, Bikaner, Distt.- Bikaner, Rajasthan, Pin Code- 334001",Rajasthan,Bikaner,Rajasthan,Government,GNM,60 (Sixty),60,334001,2025-2026,INC Yearly Report,https://online.indiannursingcouncil.org/Reports/YearlyReportByState.aspx,2026-09-11T11:35:29.202830
Rajasthan|Sawai Madhopur|GULSHAN COLLEGE OF NURSING SAWAI MADHOPUR,Gulshan College Of Nursing Sawai Madhopur,"Gulshan College Of Nursing Sawai Madhopur, Azad Bhawan, Opp. Old Esi Hospital, Station Bazaria, Sawai Madhopur , Distt.- Sawai Madhopur, Rajasthan, Pin Code- 322001",Alim Azad Memorial Society,Sawai Madhopur,Rajasthan,Private,B.Sc(N),40 (Forty),40,322001,2025-2026,INC Yearly Report,https://online.indiannursingcouncil.org/Reports/YearlyReportByState.aspx,2026-09-11T11:35:29.202830
Rajasthan|Baran|HCT SCHOOL OF NURSING,Hct School Of Nursing,"Hct School Of Nursing , Plot No. Spl-2, Riico Industrial Area, Behind In Evergreen Motors, Kota Raod, Baran , Baran , Distt.- Baran, Rajasthan, Pin Code- 325205",Harish Chandra Charitable Trust,Baran,Rajasthan,Private,GNM,40 (Forty),40,325205,2025-2026,INC Yearly Report,https://online.indiannursingcouncil.org/Reports/YearlyReportByState.aspx,2026-09-11T11:35:29.202830
Rajasthan|Alwar|HEALTH HYGIENE NURSING EDUCATION INSTITUTE,Health Hygiene Nursing Education Institute,"Health Hygiene Nursing Education Institute, Sai Mandir Tijara Road, Alwar (Raj.) , Alwar, Distt.- Alwar, Rajasthan, Pin Code- 301001",Public Rose Shiksha Samiti,Alwar,Rajasthan,Private,GNM,50 (Fifty),50,301001,2025-2026,INC Yearly Report,https://online.indiannursingcouncil.org/Reports/YearlyReportByState.aspx,2026-09-11T11:35:29.202830
Rajasthan|Jaipur|IMPERIAL COLLEGE OF NURSING,Imperial College Of Nursing,"Imperial College Of Nursing , 71,71-A,Ganesh Vihar, Nagal Purohithan (Rajawas), Sikar Road,Jaipur, Jaipur , Distt.- Jaipur, Rajasthan, Pin Code- 302013",India Health Trust,Jaipur,Rajasthan,Private,B.Sc(N),40 (Forty),40,302013,2025-2026,INC Yearly Report,https://online.indiannursingcouncil.org/Reports/YearlyReportByState.aspx,2026-09-11T11:35:29.202830
Rajasthan|Dausa|INDIAN COLLEGE OF NURSING SCIENCE,Indian College Of Nursing Science,"Indian College Of Nursing Science , Baniyana Road, Hingotiya, Dausa , Hingotiya , Distt.- Dausa, Rajasthan, Pin Code- 303303",Shiksha Sanchalan And Chikitsha Prasar Samitee,Dausa,Rajasthan,Private,B.Sc(N),40 (Forty),40,303303,2025-2026,INC Yearly Report,https://online.indiannursingcouncil.org/Reports/YearlyReportByState.aspx,2026-09-11T11:35:29.202830
Rajasthan|Udaipur|INDIRA EDUCATION INSTITUTE OF NURSING,Indira Education Institute Of Nursing,"Indira Education Institute Of Nursing, Campus - Umarda , Udaipur, Distt.- Udaipur, Rajasthan, Pin Code- 313015",Indira Education Institute And Health Society,Udaipur,Rajasthan,Private,GNM,50 (Fifty),50,313015,2025-2026,INC Yearly Report,https://online.indiannursingcouncil.org/Reports/YearlyReportByState.aspx,2026-09-11T11:35:35.535381
Rajasthan|Chittorgarh|INDRA GANDHI EDUCATION INSTITUTE OF NURSING,Indra Gandhi Education Institute Of Nursing,"Indra Gandhi Education Institute Of Nursing , Nh 76 Udaipur Road ,Devri Chittorgarh , Chittorgarh, Distt.- Chittorgarh, Rajasthan, Pin Code- 312001",Indira Gandhi Education Instt And Health Soc,Chittorgarh,Rajasthan,Private,GNM,30 (Thirty),30,312001,2025-2026,INC Yearly Report,https://online.indiannursingcouncil.org/Reports/YearlyReportByState.aspx,2026-09-11T11:35:35.535381
Rajasthan|Jaipur|INSTITUTE OF MEDICAL TECHNOLOGY AND NURSING EDUCATION,Institute Of Medical Technology And Nursing Education,"Institute Of Medical Technology And Nursing Education , 10-A Swasthya Kalyan Bhawan ,Sitapura Institutional Area ,Tonk Road Sangner Jaipur2, Sitapura, Distt.- Jaipur, Rajasthan, Pin Code- 302022",Puran Mal Phoola Devi Memorial Trust,Jaipur,Rajasthan,Private,M. Sc (N) | P B B.Sc(N) | GNM | B.Sc(N),20 (Twenty) Psy-5 Med-Surg-5 Paed-5 Chn-5 | 30 (Thirty) | 60 (Sixty) | 50 (Fifty),160,302022,2025-2026,INC Yearly Report,https://online.indiannursingcouncil.org/Reports/YearlyReportByState.aspx,2026-09-11T11:35:35.535381
Rajasthan|Jodhpur|J I E T COLLEGE OF NURSING,J I E T College Of Nursing,"J I E T College Of Nursing, J I E T Universe, Nh 65, Pali Road Mogra , Jodhpur , Distt.- Jodhpur, Rajasthan, Pin Code- 342802",Arun Shanti Education Trust,Jodhpur,Rajasthan,Private,B.Sc(N),60 (Sixty),60,342802,2025-2026,INC Yearly Report,https://online.indiannursingcouncil.org/Reports/YearlyReportByState.aspx,2026-09-11T11:35:35.535381
Rajasthan|Dungarpur|J R INSTITUTE OF NURSING,J R Institute Of Nursing,"J R Institute Of Nursing, Near Gowari, Dungarpur Road, Sagwara, Distt.- Dungarpur, Rajasthan, Pin Code- 314025",Rajasthan Bal Kalyan Samiti,Dungarpur,Rajasthan,Private,GNM,60 (Sixty),60,314025,2025-2026,INC Yearly Report,https://online.indiannursingcouncil.org/Reports/YearlyReportByState.aspx,2026-09-11T11:35:35.535381
Rajasthan|Jaipur|JAI DURGA COLLEGE OF NURSING,Jai Durga College Of Nursing,"Jai Durga College Of Nursing, Khasra No. 432/1, Tara Nagar-D, Khirni Phatak, 80 Ft. Road, Jaipur, Distt.- Jaipur, Rajasthan, Pin Code- 302012",Medical Health Care And Rural Development Sansthan,Jaipur,Rajasthan,Private,P B B.Sc(N) | GNM | B.Sc(N),20 (Twenty) | 60 (Sixty) | 50 (Fifty),130,302012,2025-2026,INC Yearly Report,https://online.indiannursingcouncil.org/Reports/YearlyReportByState.aspx,2026-09-11T11:35:35.535381
Rajasthan|Jaipur|JAIPUR HOSPITAL COLLEGE OF NURSING,Jaipur Hospital College Of Nursing,"Jaipur Hospital College Of Nursing , Adjoining To Technology Park, Shipra Path, Mansarovar, Jaipur , Distt.- Jaipur, Rajasthan, Pin Code- 302020",Sharma Memorial Hospital And Research Institute,Jaipur,Rajasthan,Private,B.Sc(N) | M. Sc (N) | P B B.Sc(N) | GNM,75 (Seventy Five) | 20 (Twenty) Med-Surg-4 Chn-4 Obg-4 Paed-4 Psy-4 | 30 (Thirty) | 60 (Sixty),185,302020,2025-2026,INC Yearly Report,https://online.indiannursingcouncil.org/Reports/YearlyReportByState.aspx,2026-09-11T11:35:35.535381
Rajasthan|Jaipur|JAIPUR NURSING COLLEGE,Jaipur Nursing College,"Jaipur Nursing College, Dhand, Tehsil-Amer, District - Jaipur (Rajasthan), Jaipur, Distt.- Jaipur, Rajasthan, Pin Code- 302028",Maharaj Vinayak Society,Jaipur,Rajasthan,Private,GNM | B.Sc(N) | M. Sc (N) | P B B.Sc(N),50 (Fifty) | 60 (Sixty) | 20 (Twenty) | 30 (Thirty),160,302028,2025-2026,INC Yearly Report,https://online.indiannursingcouncil.org/Reports/YearlyReportByState.aspx,2026-09-11T11:35:35.535381
Rajasthan|Kota|JAISWAL COLLEGE OF B.SC. NURSING,Jaiswal College Of B.Sc. Nursing,"Jaiswal College Of B.Sc. Nursing, 1 Ka 28 Vigyan Nagar Jhalawar Road Kota Rajasthan , Kota, Distt.- Kota, Rajasthan, Pin Code- 324005",Shree Giriraj Shikshan Avam Jankayan Samiti Kota,Kota,Rajasthan,Private,B.Sc(N) | M. Sc (N) | P B B.Sc(N),60 (Sixty) | 10 (Ten) Paed-3 Psy-3 Med-Surg-4 | 30 (Thirty),100,324005,2025-2026,INC Yearly Report,https://online.indiannursingcouncil.org/Reports/YearlyReportByState.aspx,2026-09-11T11:35:35.535381
Rajasthan|Ajmer|JAJU SCHOOL OF NURSING,Jaju School Of Nursing,"Jaju School Of Nursing,, Near Janana Hospital, Lohagal Road,, Ajmer, Distt.- Ajmer, Rajasthan, Pin Code- 305009",Vimlesh Foundation,Ajmer,Rajasthan,Private,GNM,60 (Sixty),60,305009,2025-2026,INC Yearly Report,https://online.indiannursingcouncil.org/Reports/YearlyReportByState.aspx,2026-09-11T11:35:35.535381
Rajasthan|Jaipur|JEE SCHOOL OF NURSING,Jee School Of Nursing,"Jee School Of Nursing, 4, Vishwa Nagar, New Sanganer Road, Sodala, Jaipur, Tonk, Distt.- Jaipur, Rajasthan, Pin Code- 302019",Vishwakarma Education And Welfare Society,Jaipur,Rajasthan,Private,GNM,30 (Thirty),30,302019,2025-2026,INC Yearly Report,https://online.indiannursingcouncil.org/Reports/YearlyReportByState.aspx,2026-09-11T11:35:35.535381
Rajasthan|Jaipur|JEEVAN SHREE NURSING COLLEGE,Jeevan Shree Nursing College,"Jeevan Shree Nursing College, Jms Nagar, Niwaru Road, Jhotwara, Jaipur , Distt.- Jaipur, Rajasthan, Pin Code- 302012",B D Memorial Kalyan Sansthan,Jaipur,Rajasthan,Private,B.Sc(N),40 (Forty),40,302012,2025-2026,INC Yearly Report,https://online.indiannursingcouncil.org/Reports/YearlyReportByState.aspx,2026-09-11T11:35:35.535381
Rajasthan|Jhalawar|JHALAWAR NURSING COLLEGE,Jhalawar Nursing College,"Jhalawar Nursing College , Nh12 Kota Road , Jhalawar , Jhalawar, Distt.- Jhalawar, Rajasthan, Pin Code- 326001",Govt. Of Rajasthan,Jhalawar,Rajasthan,Private,B.Sc(N) | P B B.Sc(N) | M. Sc (N),100 (One Hundred) | 60 (Sixty) | 25 (Twenty Five) 5 In Each Specialty,185,326001,2025-2026,INC Yearly Report,https://online.indiannursingcouncil.org/Reports/YearlyReportByState.aspx,2026-09-11T11:35:35.535381
Rajasthan|Jodhpur|K.S.MEMORIAL COLLEGE OF NURSING,K.S.Memorial College Of Nursing,"K.S.Memorial College Of Nursing , Sewar House Old Baggi Khanna Road Ratanada Jodhpur, Jodhpur, Distt.- Jodhpur, Rajasthan, Pin Code- 342001",K.S.Memorial Education Trust Jodhpur,Jodhpur,Rajasthan,Private,GNM | B.Sc(N),50 (Fifty) | 40 (Forty),90,342001,2025-2026,INC Yearly Report,https://online.indiannursingcouncil.org/Reports/YearlyReportByState.aspx,2026-09-11T11:35:35.535381
Rajasthan|Udaipur|KALPTARU COLLEGE OF B SC NURSING,Kalptaru College Of B Sc Nursing,"Kalptaru College Of B Sc Nursing, Opp Patel Petrol Pump, Jamar Khotra Road, Eklingpura, Udaipur, Distt.- Udaipur, Rajasthan, Pin Code- 313002",Shri Jagdish Prashad Charitable Trust,Udaipur,Rajasthan,Private,B.Sc(N),40 (Forty),40,313002,2025-2026,INC Yearly Report,https://online.indiannursingcouncil.org/Reports/YearlyReportByState.aspx,2026-09-11T11:35:42.058719
Rajasthan|Hanumangarh|KARUNA COLLEGE OF NURSING,Karuna College Of Nursing,"Karuna College Of Nursing , 2Nwn, By Pass Road Near Nawan Railway Crossing, Hanumangarh Junction , Hanumangarh Junction, Distt.- Hanumangarh, Rajasthan, Pin Code- 335512",Chandigarh Manav Vikas Cheritable Trust,Hanumangarh,Rajasthan,Private,B.Sc(N) | GNM,30 (Thirty) | 60 (Sixty),90,335512,2025-2026,INC Yearly Report,https://online.indiannursingcouncil.org/Reports/YearlyReportByState.aspx,2026-09-11T11:35:42.058719
Rajasthan|Jaipur|KESHAV NURSING SCHOOL,Keshav Nursing School,"Keshav Nursing School , 151/21, Shipra Path, Mansarover, Jaipur, Jaipur, Distt.- Jaipur, Rajasthan, Pin Code- 302020",Medical Health Education And Research Society,Jaipur,Rajasthan,Private,GNM,30 (Thirty),30,302020,2025-2026,INC Yearly Report,https://online.indiannursingcouncil.org/Reports/YearlyReportByState.aspx,2026-09-11T11:35:42.058719
Rajasthan|Sikar|KHAWAJA GARIB NAWAZ COLLEGE OF NURSING,Khawaja Garib Nawaz College Of Nursing,"Khawaja Garib Nawaz College Of Nursing,, Near Sabalpura, Fatehpur Road, N.H. 11,, Sikar, Distt.- Sikar, Rajasthan, Pin Code- 332001",Bhartiya Educational Cultural And Welfare,Sikar,Rajasthan,Private,B.Sc(N) | P B B.Sc(N),60 (Sixty) | 30 (Thirty),90,332001,2025-2026,INC Yearly Report,https://online.indiannursingcouncil.org/Reports/YearlyReportByState.aspx,2026-09-11T11:35:42.058719
Rajasthan|Jodhpur|KRISHNA COLLEGE OF NURSING,Krishna College Of Nursing,"Krishna College Of Nursing , Jodhpur-Jaipur Main Highway, Bawarla, Jodhpur, Distt.- Jodhpur, Rajasthan, Pin Code- 342010",R N Vikas And Shikshan Sansthan,Jodhpur,Rajasthan,Private,B.Sc(N),40 (Forty),40,342010,2025-2026,INC Yearly Report,https://online.indiannursingcouncil.org/Reports/YearlyReportByState.aspx,2026-09-11T11:35:42.058719
Rajasthan|Bhilwara|KRISHNA INSTITUTE OF NURSING,Krishna Institute Of Nursing,"Krishna Institute Of Nursing , Krishna Hospital, Devriya Balaji Road, Near Pvt. Bus Stand, Bhilwara, Bhilwara, Distt.- Bhilwara, Rajasthan, Pin Code- 311001",Manav Dharm Viklang Seva Santha,Bhilwara,Rajasthan,Private,GNM,60 (Sixty),60,311001,2025-2026,INC Yearly Report,https://online.indiannursingcouncil.org/Reports/YearlyReportByState.aspx,2026-09-11T11:35:42.058719
Rajasthan|Nagaur|LAGANSHAH MEMORIAL NURSING COLLEGE,Laganshah Memorial Nursing College,"Laganshah Memorial Nursing College , Near Water Tank, Jusari Road Makrana Dist Nagaur Rajasthan, Makrana, Distt.- Nagaur, Rajasthan, Pin Code- 341505",Laganshah Charitable Nusing Home Society,Nagaur,Rajasthan,Private,B.Sc(N),40 (Forty),40,341505,2025-2026,INC Yearly Report,https://online.indiannursingcouncil.org/Reports/YearlyReportByState.aspx,2026-09-11T11:35:42.058719
Rajasthan|Jodhpur|LORD SHIVA SCHOOL OF NURSING JODHPUR,Lord Shiva School Of Nursing Jodhpur,"Lord Shiva School Of Nursing Jodhpur , Near Central Academy School, Saran Nagar Jodhpur , Jodhpur, Distt.- Jodhpur, Rajasthan, Pin Code- 342015",Shiva Education Trust,Jodhpur,Rajasthan,Private,GNM,30 (Thirty),30,342015,2025-2026,INC Yearly Report,https://online.indiannursingcouncil.org/Reports/YearlyReportByState.aspx,2026-09-11T11:35:42.058719
Rajasthan|Dungarpur|M B COLLEGE OF NURSING AND M B HEALTH AND HYGIENE NURSING INSTITUTE,M B College Of Nursing And M B Health And Hygiene Nursing Institute,"M B College Of Nursing And M B Health And Hygiene Nursing Institute , Near Railway Station,Dungarpur , Dungarpu, Distt.- Dungarpur, Rajasthan, Pin Code- 314001",M B Health And Hygiene Nursing Shikshan Sansthan,Dungarpur,Rajasthan,Private,GNM | B.Sc(N),60 (Sixty) | 40 (Forty),100,314001,2025-2026,INC Yearly Report,https://online.indiannursingcouncil.org/Reports/YearlyReportByState.aspx,2026-09-11T11:35:42.058719
Rajasthan|Kota|M D MISSION INSTITUTE OF PARAMEDICAL AND NURSING EDUCATION M.D. MISSION COLLEGE OF NURSING,M D Mission Institute Of Paramedical And Nursing Education M.D. Mission College Of Nursing,"M D Mission Institute Of Paramedical And Nursing Education M.D. Mission College Of Nursing , M.D. Mission Campus, Keshavpura, Kota (Raj.), Kota , Distt.- Kota, Rajasthan, Pin Code- 324005",Shri Maharishi Dadhich Euducation Society,Kota,Rajasthan,Private,GNM | B.Sc(N),60 (Sixty) | 60 (Sixty),120,324005,2025-2026,INC Yearly Report,https://online.indiannursingcouncil.org/Reports/YearlyReportByState.aspx,2026-09-11T11:35:42.058719
Rajasthan|Kota|M.B. COLLEGE OF PARAMEDICAL AND NURSING EDUCATION,M.B. College Of Paramedical And Nursing Education,"M.B. College Of Paramedical And Nursing Education , Sector - 8, S B B J Bank, Mahaveer Nagar, I I I,, Kota, Distt.- Kota, Rajasthan, Pin Code- 324005",Sunit Bal Vidyalaya Sikha Vikas Samiti,Kota,Rajasthan,Private,B.Sc(N),40 (Forty),40,324005,2025-2026,INC Yearly Report,https://online.indiannursingcouncil.org/Reports/YearlyReportByState.aspx,2026-09-11T11:35:42.058719
Rajasthan|Bikaner|M.N COLLEGE OF NURSING BIKANER,M.N College Of Nursing Bikaner,"M.N College Of Nursing Bikaner , M N College Of Nursing Village Naino Ka Bass On Jaipur Jodhpur Bye Pass Road Dist. Bikaner, Rajasthan , Bikaner, Distt.- Bikaner, Rajasthan, Pin Code- 334001",M.N.S Medical And Education Society Bikaner,Bikaner,Rajasthan,Private,B.Sc(N) | GNM,40 (Forty) | 50 (Fifty),90,334001,2025-2026,INC Yearly Report,https://online.indiannursingcouncil.org/Reports/YearlyReportByState.aspx,2026-09-11T11:35:42.058719
Rajasthan|Udaipur|MAA GAYATRI SCHOOL OF NURSING,Maa Gayatri School Of Nursing,"Maa Gayatri School Of Nursing,, Plot No. 7-8, Transport Nagar, , Udaipur, Distt.- Udaipur, Rajasthan, Pin Code- 313001",Swasthya A V M Shikshan Sansthan,Udaipur,Rajasthan,Private,GNM | B.Sc(N) | P B B.Sc(N),50 (Fifty) | 50 (Fifty) | 25 (Twenty Five),125,313001,2025-2026,INC Yearly Report,https://online.indiannursingcouncil.org/Reports/YearlyReportByState.aspx,2026-09-11T11:35:42.058719
Rajasthan|Kota|MADHAV NURSING SCHOOL,Madhav Nursing School,"Madhav Nursing School, Opp. Kota Club, Kaithoon Road, Kota, Distt.- Kota, Rajasthan, Pin Code- 325001",Bharat Vikas Parishad Seva Sansthan,Kota,Rajasthan,Private,GNM | B.Sc(N),50 (Fifty) | 40 (Forty),90,325001,2025-2026,INC Yearly Report,https://online.indiannursingcouncil.org/Reports/YearlyReportByState.aspx,2026-09-11T11:35:42.058719
Rajasthan|Jaipur|MAHARANA PRATAP NATIONAL INSTITUTE OF NURSING EDUCATION AND RESEARCH,Maharana Pratap National Institute Of Nursing Education And Research,"Maharana Pratap National Institute Of Nursing Education And Research , 1-4, Shiv Nagar Iii, Ramnagariya, Near Skit Campus, Jagatpura,Jaipur, Jaipur, Distt.- Jaipur, Rajasthan, Pin Code- 302017",Enochy Children Relief Society,Jaipur,Rajasthan,Private,B.Sc(N) | GNM,40 (Forty) | 60 (Sixty),100,302017,2025-2026,INC Yearly Report,https://online.indiannursingcouncil.org/Reports/YearlyReportByState.aspx,2026-09-11T11:35:42.058719
Rajasthan|Jhalawar|MAHATMA GANDHI COLLEGE OF NURSING / NIROGDHAM SCHOOL OF NURSING,Mahatma Gandhi College Of Nursing / Nirogdham School Of Nursing,"Mahatma Gandhi College Of Nursing / Nirogdham School Of Nursing,, Vpo- Tharol, Nh-52, Jhalawar Road,, Aklera, Distt.- Jhalawar, Rajasthan, Pin Code- 326033",Nirogdham Jankalyan Seva Sansthan,Jhalawar,Rajasthan,Private,B.Sc(N) | GNM | P B B.Sc(N),40 (Forty) | 60 (Sixty) | 30 (Thirty),130,326033,2025-2026,INC Yearly Report,https://online.indiannursingcouncil.org/Reports/YearlyReportByState.aspx,2026-09-11T11:35:42.058719
Rajasthan|Sikar|MAHATMA GANDHI GENERAL NURSING SCHOOL,Mahatma Gandhi General Nursing School,"Mahatma Gandhi General Nursing School,, N H 11, Pura Ki Dhani, Post Sabalpura,, Sikar, Distt.- Sikar, Rajasthan, Pin Code- 332001",Shekhawati Medical Training Instt.,Sikar,Rajasthan,Private,GNM | B.Sc(N),50 (Fifty) | 60 (Sixty),110,332001,2025-2026,INC Yearly Report,https://online.indiannursingcouncil.org/Reports/YearlyReportByState.aspx,2026-09-11T11:35:42.058719
Rajasthan|Jaipur|MAHATMA GANDHI NURSING COLLEGE,Mahatma Gandhi Nursing College,"Mahatma Gandhi Nursing College, Riico Institutional Area Sitapura Jaipur, Jaipur, Distt.- Jaipur, Rajasthan, Pin Code- 302022",Mahatma Gandhi University Of Medical Sciences And Technology,Jaipur,Rajasthan,Private,Ph. D | GNM | B.Sc(N) | P B B.Sc(N) | M. Sc (N),04 (Four) | 100 (One Hundred) | 75 (Seventy Five) | 30 (Thirty) | 20 (Twenty) Med-Surg-5 Paed5 Obg-5 Psy-05,229,302022,2025-2026,INC Yearly Report,https://online.indiannursingcouncil.org/Reports/YearlyReportByState.aspx,2026-09-11T11:35:42.058719
Rajasthan|Jaipur|MAHATMA JYOTIBA FULE INSTITUTE OF NURSING,Mahatma Jyotiba Fule Institute Of Nursing,"Mahatma Jyotiba Fule Institute Of Nursing,, Ringus Road, Chomu,, Chomu, Distt.- Jaipur, Rajasthan, Pin Code- 303702",Mahatma Jyotiba Fule Vidyapeeth,Jaipur,Rajasthan,Private,GNM | B.Sc(N) | P B B.Sc(N),60 (Sixty) | 50 (Fifty) | 30 (Thirty),140,303702,2025-2026,INC Yearly Report,https://online.indiannursingcouncil.org/Reports/YearlyReportByState.aspx,2026-09-11T11:35:48.217974
Rajasthan|Jodhpur|MAI KHADIJA INSTITUTE OF NURSING SCIENCES,Mai Khadija Institute Of Nursing Sciences,"Mai Khadija Institute Of Nursing Sciences, , Jodhpur , Distt.- Jodhpur, Rajasthan, Pin Code- 342008",Marwar Muslim Education And Welfare Society,Jodhpur,Rajasthan,Private,B.Sc(N) | GNM | M. Sc (N) | P B B.Sc(N),"50 (Fifty) | 60 (Sixty) | 10 (Ten) Med Surg -3, Paed-3, Chn-2, Obg -2 | 30 (Thirty)",150,342008,2025-2026,INC Yearly Report,https://online.indiannursingcouncil.org/Reports/YearlyReportByState.aspx,2026-09-11T11:35:48.217974
Rajasthan|Nagaur|MARUDHAR COLLEGE OF NURSING,Marudhar College Of Nursing,"Marudhar College Of Nursing, Karwa Ka Basda, Deedwana Mega Highway Bypass, Kuchaman City, Distt.- Nagaur, Rajasthan, Pin Code- 341508",Marutthan Social And Institutional Society,Nagaur,Rajasthan,Private,B.Sc(N) | GNM,40 (Forty) | 50 (Fifty),90,341508,2025-2026,INC Yearly Report,https://online.indiannursingcouncil.org/Reports/YearlyReportByState.aspx,2026-09-11T11:35:48.217974
Rajasthan|Churu|MARUTI ANUKAMPA INSTITUTE OF NURSING,Maruti Anukampa Institute Of Nursing,"Maruti Anukampa Institute Of Nursing , 45-46 Riico Industrial Area, Sujangarh, Distt - Churu (Raj) , Sujangarh, Distt.- Churu, Rajasthan, Pin Code- 331507",Maruti Anukampa Edu. Institute And Health Society,Churu,Rajasthan,Private,GNM,30 (Thirty),30,331507,2025-2026,INC Yearly Report,https://online.indiannursingcouncil.org/Reports/YearlyReportByState.aspx,2026-09-11T11:35:48.217974
Rajasthan|Jodhpur|MARWAR SCHOOL OF NURSING JODHPUR,Marwar School Of Nursing Jodhpur,"Marwar School Of Nursing Jodhpur, Plot No.37 Marg No.16 Triputi Nagar Banad Road ,Jodhpur ,Rajasthan , Jodhpur, Distt.- Jodhpur, Rajasthan, Pin Code- 302015",Rajasthan Educational Trust,Jodhpur,Rajasthan,Private,GNM,60 (Sixty),60,302015,2025-2026,INC Yearly Report,https://online.indiannursingcouncil.org/Reports/YearlyReportByState.aspx,2026-09-11T11:35:48.217974
Rajasthan|Udaipur|MASS COLLEGE OF NURSING,Mass College Of Nursing,"Mass College Of Nursing, Jamar Kotra Road,Behind Ss College Of Engineering,Umarda, Udaipur, Distt.- Udaipur, Rajasthan, Pin Code- 313003",Maa Aswara Shikshan Sansthan,Udaipur,Rajasthan,Private,B.Sc(N) | GNM | P B B.Sc(N),40 (Forty) | 60 (Sixty) | 20 (Twenty),120,313003,2025-2026,INC Yearly Report,https://online.indiannursingcouncil.org/Reports/YearlyReportByState.aspx,2026-09-11T11:35:48.217974
Rajasthan|Alwar|MATSYA NURSING SCHOOL,Matsya Nursing School,"Matsya Nursing School, Rajgarh Road Behind Aps Kesarpur Ki Dhani Alwar Rajasthan , Alwar, Distt.- Alwar, Rajasthan, Pin Code- 301001",Indain National Academy Of Education,Alwar,Rajasthan,Private,GNM,60 (Sixty),60,301001,2025-2026,INC Yearly Report,https://online.indiannursingcouncil.org/Reports/YearlyReportByState.aspx,2026-09-11T11:35:48.217974
Rajasthan|Jodhpur|MAYURAKSHI COLLEGE OF NURSING JODHPUR,Mayurakshi College Of Nursing Jodhpur,"Mayurakshi College Of Nursing Jodhpur, Mandalnath Chouraha Main Mathania Road , Jodhpur , Jodhpur , Distt.- Jodhpur, Rajasthan, Pin Code- 342304",Mayurakshi Shiksha Aur Vikas Sansthan,Jodhpur,Rajasthan,Private,GNM | B.Sc(N) | P B B.Sc(N),50 (Fifty) | 40 (Forty) | 20 (Twenty),110,342304,2025-2026,INC Yearly Report,https://online.indiannursingcouncil.org/Reports/YearlyReportByState.aspx,2026-09-11T11:35:48.217974
Rajasthan|Jaipur|MEDICAL AND TECHNOLOGICAL INSTITUTE OF NURSING,Medical And Technological Institute Of Nursing,"Medical And Technological Institute Of Nursing, Plot No 2, Lavkush Nagar 1St, Tonk Phatak, Jaipur, Distt.- Jaipur, Rajasthan, Pin Code- 302015",Ridhima Medical Education And Research Society,Jaipur,Rajasthan,Private,B.Sc(N),40 (Forty),40,302015,2025-2026,INC Yearly Report,https://online.indiannursingcouncil.org/Reports/YearlyReportByState.aspx,2026-09-11T11:35:48.217974
Rajasthan|Udaipur|MEWAR B.SC. NURSING COLLEGE,Mewar B.Sc. Nursing College,"Mewar B.Sc. Nursing College, Udaipur , Surya Nagar, Titardi Road, Savina, Udaipur , Distt.- Udaipur, Rajasthan, Pin Code- 313001",Kalyan Samaj Seva Sansthan,Udaipur,Rajasthan,Private,B.Sc(N),40 (Forty),40,313001,2025-2026,INC Yearly Report,https://online.indiannursingcouncil.org/Reports/YearlyReportByState.aspx,2026-09-11T11:35:48.217974
Rajasthan|Chittorgarh|MEWAR GIRLS INSTITUTE OF NURSING,Mewar Girls Institute Of Nursing,"Mewar Girls Institute Of Nursing, Sector - 5, Gandhi Nagar, Chittorgarh , Distt.- Chittorgarh, Rajasthan, Pin Code- 312001",Mewar Education Society,Chittorgarh,Rajasthan,Private,B.Sc(N),40 (Forty),40,312001,2025-2026,INC Yearly Report,https://online.indiannursingcouncil.org/Reports/YearlyReportByState.aspx,2026-09-11T11:35:48.217974
Rajasthan|Ajmer|MITTAL COLLEGE OF NURSING,Mittal College Of Nursing,"Mittal College Of Nursing , Maharana Pratap Nagar Scheme, Ajmer, Distt.- Ajmer, Rajasthan, Pin Code- 305004",Mittal Hospitals Limited,Ajmer,Rajasthan,Private,B.Sc(N),75 (Seventy Five),75,305004,2025-2026,INC Yearly Report,https://online.indiannursingcouncil.org/Reports/YearlyReportByState.aspx,2026-09-11T11:35:48.217974
Rajasthan|Jaipur|NIMS NURSING COLLEGE,Nims Nursing College,"Nims Nursing College, Nims University, Shobha Nagar, Delhi-Jaipur Highway, Nh-11C, Jaipur , Distt.- Jaipur, Rajasthan, Pin Code- 303121","Nims University Rajasthan, Jaipur",Jaipur,Rajasthan,Private,GNM | B.Sc(N) | NURSE PRACTITIONER IN CRITICAL CARE(NPCC),60 (Sixty) | 100 (One Hundred) | 20 (Twenty),180,303121,2025-2026,INC Yearly Report,https://online.indiannursingcouncil.org/Reports/YearlyReportByState.aspx,2026-09-11T11:35:48.217974
Rajasthan|Jaipur|NIMT COLLEGE OF NURSING,Nimt College Of Nursing,"Nimt College Of Nursing , 1-4 Indira Gandhi Nagar Bagrana Post Kanota Agra Road Jaipur , Jaipur , Distt.- Jaipur, Rajasthan, Pin Code- 303012",Gayatri Vidyapeeth,Jaipur,Rajasthan,Private,GNM | B.Sc(N) | P B B.Sc(N),40 (Forty) | 50 (Fifty) | 30 (Thirty),120,303012,2025-2026,INC Yearly Report,https://online.indiannursingcouncil.org/Reports/YearlyReportByState.aspx,2026-09-11T11:35:48.217974
Rajasthan|Jhunjhunu|NORANGRAM DAYANAND DHUKIA NURSING COLLEGE,Norangram Dayanand Dhukia Nursing College,"Norangram Dayanand Dhukia Nursing College, R D D Campus, Malsisar Road, Jhunjhunu, Distt.- Jhunjhunu, Rajasthan, Pin Code- 333001",Norang Ram Dayanand Dhukia Shikshan Sansthan,Jhunjhunu,Rajasthan,Private,B.Sc(N) | GNM | P B B.Sc(N),50 (Fifty) | 30 (Thirty) | 20 (Twenty),100,333001,2025-2026,INC Yearly Report,https://online.indiannursingcouncil.org/Reports/YearlyReportByState.aspx,2026-09-11T11:35:55.103140
Rajasthan|Udaipur|PADAM SHREE NURSING INSTITUTE,Padam Shree Nursing Institute,"Padam Shree Nursing Institute , Falna, Dist. Pali Rajasthan , Falna, Distt.- Udaipur, Rajasthan, Pin Code- 306116",Padam Shree Seva Sansthan,Udaipur,Rajasthan,Private,GNM,50 (Fifty),50,306116,2025-2026,INC Yearly Report,https://online.indiannursingcouncil.org/Reports/YearlyReportByState.aspx,2026-09-11T11:35:55.103140
Rajasthan|Jaipur|PINK CITY COLLEGE OF NURSING,Pink City College Of Nursing,"Pink City College Of Nursing , Near Pal Wale Balaji, Dhaka Nagar, Sirsi Road, Jaipur, Distt.- Jaipur, Rajasthan, Pin Code- 302041",Ramayan Shikshan Sansthan,Jaipur,Rajasthan,Private,GNM | B.Sc(N) | P B B.Sc(N),60 (Sixty) | 50 (Fifty) | 30 (Thirty),140,302041,2025-2026,INC Yearly Report,https://online.indiannursingcouncil.org/Reports/YearlyReportByState.aspx,2026-09-11T11:35:55.103140
Rajasthan|Ajmer|POOJA INSTITUTE OF NURSING,Pooja Institute Of Nursing,"Pooja Institute Of Nursing, 44-49, Shree Nath Nagar Vihar Colony, Near Gda School, Vijaynagar Road, Malpura, Beawar , Beawar, Distt.- Ajmer, Rajasthan, Pin Code- 305901",Shree Vaibhav Laxmi Educational And Health Society,Ajmer,Rajasthan,Private,GNM,50 (Fifty),50,305901,2025-2026,INC Yearly Report,https://online.indiannursingcouncil.org/Reports/YearlyReportByState.aspx,2026-09-11T11:35:55.103140
Rajasthan|Banswara|PRABHA SHANKAR PANDYA COLLEGE OF NURSING,Prabha Shankar Pandya College Of Nursing,"Prabha Shankar Pandya College Of Nursing, B/H Housing Board Colony, Lordha Road, Partap, Partapur, Distt.- Banswara, Rajasthan, Pin Code- 327024",Prabha Shankar Pandya Seva Sansthan,Banswara,Rajasthan,Private,B.Sc(N),40 (Forty),40,327024,2025-2026,INC Yearly Report,https://online.indiannursingcouncil.org/Reports/YearlyReportByState.aspx,2026-09-11T11:35:55.103140
Rajasthan|Jaipur|R R COLLEGE OF NURSING,R R College Of Nursing,"R R College Of Nursing, 141-142, Shri Hanuman City,Near Sitapura Puliya,Tonk Road, Jaipur , Distt.- Jaipur, Rajasthan, Pin Code- 302033",Durga Devi Memorial Educational Trust,Jaipur,Rajasthan,Private,B.Sc(N) | P B B.Sc(N) | GNM,60 (Sixty) | 40 (Forty) | 60 (Sixty),160,302033,2025-2026,INC Yearly Report,https://online.indiannursingcouncil.org/Reports/YearlyReportByState.aspx,2026-09-11T11:35:55.103140
Rajasthan|Ajmer|R R COLLEGE OF NURSING,R R College Of Nursing,"R R College Of Nursing,Ajmer, Pushkar Bypass Road, Opp.-Power Grid Station, Ghoogra, Ajmer , Ajmer, Distt.- Ajmer, Rajasthan, Pin Code- 305023","Swami Shyamlanand Shiksha Samiti,Jaipur",Ajmer,Rajasthan,Private,GNM | B.Sc(N),50 (Fifty) | 60 (Sixty),110,305023,2025-2026,INC Yearly Report,https://online.indiannursingcouncil.org/Reports/YearlyReportByState.aspx,2026-09-11T11:35:55.103140
Rajasthan|Jaipur|RAGHUKUL RESEARCH AND TECHNICAL INSTITUTE RAGHUKUL SCHOOL OF NURSING,Raghukul Research And Technical Institute Raghukul School Of Nursing,"Raghukul Research And Technical Institute Raghukul School Of Nursing , Raghukul School Of Nursing,, Jaipur , Distt.- Jaipur, Rajasthan, Pin Code- 302017",Raghukul Research And Technical Institute,Jaipur,Rajasthan,Private,GNM,50 (Fifty),50,302017,2025-2026,INC Yearly Report,https://online.indiannursingcouncil.org/Reports/YearlyReportByState.aspx,2026-09-11T11:35:55.103140
Rajasthan|Jaipur|RAJASTHAN COLLEGE OF NURSING JAIPUR,Rajasthan College Of Nursing Jaipur,"Rajasthan College Of Nursing Jaipur, Nh-08, Bagru Khurd, Ajmer Road Jaipur, Rajasthan , Jaipur, Distt.- Jaipur, Rajasthan, Pin Code- 302042",Nirwan Charitable Trust,Jaipur,Rajasthan,Private,B.Sc(N),40 (Forty),40,302042,2025-2026,INC Yearly Report,https://online.indiannursingcouncil.org/Reports/YearlyReportByState.aspx,2026-09-11T11:35:55.103140
Rajasthan|Sikar|RAJASTHAN COLLEGE OF NURSING,Rajasthan College Of Nursing,"Rajasthan College Of Nursing, Kissan Colony, Nawalgarh Road, Sikar, Distt.- Sikar, Rajasthan, Pin Code- 332001",Shekhawati Shiksha And Samazik Vikas Sansthan,Sikar,Rajasthan,Private,B.Sc(N) | GNM,40 (Forty) | 40 (Forty),80,332001,2025-2026,INC Yearly Report,https://online.indiannursingcouncil.org/Reports/YearlyReportByState.aspx,2026-09-11T11:35:55.103140
Rajasthan|Jhunjhunu|RAJASTHAN COLLEGE OF NURSING,Rajasthan College Of Nursing,"Rajasthan College Of Nursing, Near Bus Stand, Gudha Gorji, Distt.- Jhunjhunu, Rajasthan, Pin Code- 333022",Rajasthan Public School Shiksha Samiti,Jhunjhunu,Rajasthan,Private,B.Sc(N),40 (Forty),40,333022,2025-2026,INC Yearly Report,https://online.indiannursingcouncil.org/Reports/YearlyReportByState.aspx,2026-09-11T11:35:55.103140
Rajasthan|Dausa|RAJASTHAN EDUCATION INSTITUTE OF NURSING,Rajasthan Education Institute Of Nursing,"Rajasthan Education Institute Of Nursing, Somnath Nagar,Ganeshpura Road, Dausa 303303, Dausa , Distt.- Dausa, Rajasthan, Pin Code- 303303",Rajasthan Education Institute And Health Society Dausa,Dausa,Rajasthan,Private,GNM | B.Sc(N),60 (Sixty) | 50 (Fifty),110,303303,2025-2026,INC Yearly Report,https://online.indiannursingcouncil.org/Reports/YearlyReportByState.aspx,2026-09-11T11:35:55.103140
Rajasthan|Sirohi|RAJASTHAN INSTITUTE OF NURSING,Rajasthan Institute Of Nursing,"Rajasthan Institute Of Nursing, Old I T I, Near Gandhi Nagar, Govt School, Abu Road, Distt.- Sirohi, Rajasthan, Pin Code- 307026",World Care Society,Sirohi,Rajasthan,Private,GNM,30 (Thirty),30,307026,2025-2026,INC Yearly Report,https://online.indiannursingcouncil.org/Reports/YearlyReportByState.aspx,2026-09-11T11:35:55.103140
Rajasthan|Jhunjhunu|RAJASTHAN NURSING SCHOOL,Rajasthan Nursing School,"Rajasthan Nursing School, Jhunjhunu, Jhunjhunu, Distt.- Jhunjhunu, Rajasthan, Pin Code- 333001",Rajasthan Public School Samiti,Jhunjhunu,Rajasthan,Private,GNM,50 (Fifty),50,333001,2025-2026,INC Yearly Report,https://online.indiannursingcouncil.org/Reports/YearlyReportByState.aspx,2026-09-11T11:35:55.103140
Rajasthan|Jaipur|RAJASTHAN UNIVERSITY OF HEALTH SCIENCES COLLEGE OF NURSING,Rajasthan University Of Health Sciences College Of Nursing,"Rajasthan University Of Health Sciences College Of Nursing, Sector-18, Kumbha Marg, Pratap Naga, Jaipur, Jaipur, Distt.- Jaipur, Rajasthan, Pin Code- 302033",Rajasthan Govt,Jaipur,Rajasthan,Government,B.Sc(N) | M. Sc (N),100 (One Hundred) | 25 (Twenty Five) 5 In Each Speciality,125,302033,2025-2026,INC Yearly Report,https://online.indiannursingcouncil.org/Reports/YearlyReportByState.aspx,2026-09-11T11:35:55.103140
Rajasthan|Bikaner|RAJIV GANDHI NURSING SCHOOL,Rajiv Gandhi Nursing School,"Rajiv Gandhi Nursing School,, Y-151-152 Sudershana Nagar, Ballabh Garden, Bikaner, Distt.- Bikaner, Rajasthan, Pin Code- 334003",Rajiv Nursing School Society,Bikaner,Rajasthan,Private,GNM,50 (Fifty),50,334003,2025-2026,INC Yearly Report,https://online.indiannursingcouncil.org/Reports/YearlyReportByState.aspx,2026-09-11T11:35:55.103140
Rajasthan|Jaipur|RAJSHREE COLLEGE OF NURSING,Rajshree College Of Nursing,"Rajshree College Of Nursing, Ajitgarh Road, Amarpura, , Distt.- Jaipur, Rajasthan, Pin Code- 303103",Dadarwal Gramin Vikash Shikshan Sansthan,Jaipur,Rajasthan,Private,B.Sc(N),50 (Fifty),50,303103,2025-2026,INC Yearly Report,https://online.indiannursingcouncil.org/Reports/YearlyReportByState.aspx,2026-09-11T11:35:55.103140
Rajasthan|Tonk|RAMI DEVI COLLEGE OF NURSING,Rami Devi College Of Nursing,"Rami Devi College Of Nursing, Medi City Nh-12, Jaipur Road, Post Box No.-20, Deoli, Distt.- Tonk, Rajasthan, Pin Code- 304804",Rural Development For Health And Agriculture,Tonk,Rajasthan,Private,P B B.Sc(N) | GNM | B.Sc(N),25 (Twenty Five) | 60 (Sixty) | 60 (Sixty),145,304804,2025-2026,INC Yearly Report,https://online.indiannursingcouncil.org/Reports/YearlyReportByState.aspx,2026-09-11T11:35:55.103140
Rajasthan|Bhilwara|RAMSNEHI COLLEGE OF NURSING,Ramsnehi College Of Nursing,"Ramsnehi College Of Nursing, Bhilwara , Ramsnehi Hospital & Research Centre, Nehru Road, Bhilwara (Raj.) 311001, Bhilwara , Distt.- Bhilwara, Rajasthan, Pin Code- 311001","Shree Ramniwas Dham Trust, Shahpura, Bhilwara",Bhilwara,Rajasthan,Private,P B B.Sc(N) | GNM | B.Sc(N),30 (Thirty) | 60 (Sixty) | 50 (Fifty),140,311001,2025-2026,INC Yearly Report,https://online.indiannursingcouncil.org/Reports/YearlyReportByState.aspx,2026-09-11T11:36:01.471171
Rajasthan|Sawai Madhopur|RANTHAMBHORE COLLEGE OF NURSING,Ranthambhore College Of Nursing,"Ranthambhore College Of Nursing, Near Income Tax Office Housing Board Road , Sawaimadhopur, Distt.- Sawai Madhopur, Rajasthan, Pin Code- 322001",Grameen Jan Vikas Sameeti,Sawai Madhopur,Rajasthan,Private,B.Sc(N),40 (Forty),40,322001,2025-2026,INC Yearly Report,https://online.indiannursingcouncil.org/Reports/YearlyReportByState.aspx,2026-09-11T11:36:01.471171
Rajasthan|Jaipur|RAWAT COLLEGE OF NURSING,Rawat College Of Nursing,"Rawat College Of Nursing, Karni Vihar, Heerapura, Ajmer Road, Jaipur, Distt.- Jaipur, Rajasthan, Pin Code- 302021",Rawat Bal Vidhya Niketan Samiti,Jaipur,Rajasthan,Private,P B B.Sc(N) | B.Sc(N),30 (Thirty) | 40 (Forty),70,302021,2025-2026,INC Yearly Report,https://online.indiannursingcouncil.org/Reports/YearlyReportByState.aspx,2026-09-11T11:36:01.471171
Rajasthan|Ajmer|ROOP RAJAT SCHOOL OF NURSING,Roop Rajat School Of Nursing,"Roop Rajat School Of Nursing , H.S.S. Campus, Sendra Road, Badiya Shyama, Nh-14 , Beawar, Distt.- Ajmer, Rajasthan, Pin Code- 305901",Hardeen Seva Sansthan,Ajmer,Rajasthan,Private,GNM,60 (Sixty),60,305901,2025-2026,INC Yearly Report,https://online.indiannursingcouncil.org/Reports/YearlyReportByState.aspx,2026-09-11T11:36:01.471171
Rajasthan|Bhilwara|RUHI NURSING COLLEGE OF NURSING,Ruhi Nursing College Of Nursing,"Ruhi Nursing College Of Nursing, C/O Kashav Hospital, Kota By Pass Road, R C Vyas Colony , Bhilwara, Distt.- Bhilwara, Rajasthan, Pin Code- 311001",Manav Dhram Viklage Seva Sanstha,Bhilwara,Rajasthan,Private,GNM,60 (Sixty),60,311001,2025-2026,INC Yearly Report,https://online.indiannursingcouncil.org/Reports/YearlyReportByState.aspx,2026-09-11T11:36:01.471171
Rajasthan|Jaipur|RUNGTA NURSING COLLEGE,Rungta Nursing College,"Rungta Nursing College , Village Ghata, Post Benada, Tehsil Bassi, Agra Road, Jaipur , Jaipur, Distt.- Jaipur, Rajasthan, Pin Code- 303301",Rashleela Papers Pvt. Ltd.,Jaipur,Rajasthan,Private,B.Sc(N),60 (Sixty),60,303301,2025-2026,INC Yearly Report,https://online.indiannursingcouncil.org/Reports/YearlyReportByState.aspx,2026-09-11T11:36:01.471171
Rajasthan|Jodhpur|S K G MEMORIAL NURSING INSTITUTE,S K G Memorial Nursing Institute,"S K G Memorial Nursing Institute, Jhalamand, Jodhpur , Jodhpur , Distt.- Jodhpur, Rajasthan, Pin Code- 342001",Shubh Education And Welfare Society,Jodhpur,Rajasthan,Private,B.Sc(N) | P B B.Sc(N),50 (Fifty) | 20 (Twenty),70,342001,2025-2026,INC Yearly Report,https://online.indiannursingcouncil.org/Reports/YearlyReportByState.aspx,2026-09-11T11:36:01.471171
Rajasthan|Ajmer|S M S B SC NURSING COLLEGE,S M S B Sc Nursing College,"S M S B Sc Nursing College, Shivnathpura, Jodhpur Bypass, Beawar, Distt.- Ajmer, Rajasthan, Pin Code- 305901",Sharda Manohar Mahila Vikash Samiti,Ajmer,Rajasthan,Private,B.Sc(N),40 (Forty),40,305901,2025-2026,INC Yearly Report,https://online.indiannursingcouncil.org/Reports/YearlyReportByState.aspx,2026-09-11T11:36:01.471171
Rajasthan|Jhalawar|S M S COLLEGE OF NURSING JHALAWAR,S M S College Of Nursing Jhalawar,"S M S College Of Nursing Jhalawar , Semli Patpadiya,Munderi, Khanpur Road, Jhalawar , Distt.- Jhalawar, Rajasthan, Pin Code- 326001",Sharda Manohar Jila Jhalawar Mahila Vikas Samiti Jhalawar,Jhalawar,Rajasthan,Private,B.Sc(N),30 (Thirty),30,326001,2025-2026,INC Yearly Report,https://online.indiannursingcouncil.org/Reports/YearlyReportByState.aspx,2026-09-11T11:36:01.471171
Rajasthan|Ganganagar|S N COLLEGE OF NURSING,S N College Of Nursing,"S N College Of Nursing , Near Home Land City, 4 Ml, Suratgarh Road, Sri Ganganagar , Sri Ganganagar, Distt.- Ganganagar, Rajasthan, Pin Code- 335001",Nirwan Charitable Trust,Ganganagar,Rajasthan,Private,M. Sc (N) | B.Sc(N) | P B B.Sc(N) | GNM,20 (Twenty) Med-Surg-5 Obg-5 Paed-5 Psy-3 Chn-2 | 60 (Sixty) | 20 (Twenty) | 50 (Fifty),150,335001,2025-2026,INC Yearly Report,https://online.indiannursingcouncil.org/Reports/YearlyReportByState.aspx,2026-09-11T11:36:01.471171
Rajasthan|Bhilwara|S TECH COLLEGE OF NURSING,S Tech College Of Nursing,"S Tech College Of Nursing, Patel Nagar,Near By Devnarayan Circle, Bhilwara, Distt.- Bhilwara, Rajasthan, Pin Code- 311001",S.Tech Siksha Simiti,Bhilwara,Rajasthan,Private,B.Sc(N),50 (Fifty),50,311001,2025-2026,INC Yearly Report,https://online.indiannursingcouncil.org/Reports/YearlyReportByState.aspx,2026-09-11T11:36:01.471171
Rajasthan|Jaipur|S.N. INSTITUTE OF NURSING SCIENCES,S.N. Institute Of Nursing Sciences,"S.N. Institute Of Nursing Sciences , Nirwan University, N.H. 21, Village Jhar, Near Bassi, Agra Road Jaipur, Jaipur, Distt.- Jaipur, Rajasthan, Pin Code- 303305",Nirwan University,Jaipur,Rajasthan,Private,B.Sc(N),60 (Sixty),60,303305,2025-2026,INC Yearly Report,https://online.indiannursingcouncil.org/Reports/YearlyReportByState.aspx,2026-09-11T11:36:01.471171
Rajasthan|Udaipur|SAGAR COLLEGE OF B.SC NURSING,Sagar College Of B.Sc Nursing,"Sagar College Of B.Sc Nursing,, Main Road, Sector No. 4, Hiran Magri,, Udaipur, Distt.- Udaipur, Rajasthan, Pin Code- 313015",Indira Gandhi Education Institute And Health Society,Udaipur,Rajasthan,Private,B.Sc(N),40 (Forty),40,313015,2025-2026,INC Yearly Report,https://online.indiannursingcouncil.org/Reports/YearlyReportByState.aspx,2026-09-11T11:36:01.471171
Rajasthan|Jaipur|SAINT FLORENCE COLLEGE OF NURSING,Saint Florence College Of Nursing,"Saint Florence College Of Nursing , Isi-15, Ricco Institutional Area, Sitapura, Tonk Road Jaipur 302022 , Jaipur, Distt.- Jaipur, Rajasthan, Pin Code- 302022",Modern Society For Education And Research,Jaipur,Rajasthan,Private,B.Sc(N),40 (Forty),40,302022,2025-2026,INC Yearly Report,https://online.indiannursingcouncil.org/Reports/YearlyReportByState.aspx,2026-09-11T11:36:01.471171
Rajasthan|Jaipur|SAKET NURSING COLLEGE,Saket Nursing College,"Saket Nursing College,, Plot No.1, Jhule Lal Marg, Shipra Path Sector-11, Mansarovar, Jaipur, Distt.- Jaipur, Rajasthan, Pin Code- 302021",Saket Medicare And Research Centre Pvt Ltd,Jaipur,Rajasthan,Private,B.Sc(N) | P B B.Sc(N),50 (Fifty) | 30 (Thirty),80,302021,2025-2026,INC Yearly Report,https://online.indiannursingcouncil.org/Reports/YearlyReportByState.aspx,2026-09-11T11:36:01.471171
Rajasthan|Chittorgarh|SALONI INSTITUTE OF MEDICAL SCIENCES COLLEGE OF NURSING,Saloni Institute Of Medical Sciences College Of Nursing,"Saloni Institute Of Medical Sciences College Of Nursing, 69, Keedwai Nagar, Near Bus Stand, Nagar Palika Colony, Chittorgarh, Distt.- Chittorgarh, Rajasthan, Pin Code- 312001",Saloni Sanstha Chittorgarh,Chittorgarh,Rajasthan,Private,B.Sc(N),40 (Forty),40,312001,2025-2026,INC Yearly Report,https://online.indiannursingcouncil.org/Reports/YearlyReportByState.aspx,2026-09-11T11:36:01.471171
Rajasthan|Jaipur|SANJEEVAN INSTITUTE OF PARAMEDICAL SCIENCE AND NURSING,Sanjeevan Institute Of Paramedical Science And Nursing,"Sanjeevan Institute Of Paramedical Science And Nursing , 1/110, Vidhyadhar Nagar, Jaipur, Jaipur, Distt.- Jaipur, Rajasthan, Pin Code- 302023",Pandit Hari Sahay Smiriti Shodh Sansthan,Jaipur,Rajasthan,Private,GNM,30 (Thirty),30,302023,2025-2026,INC Yearly Report,https://online.indiannursingcouncil.org/Reports/YearlyReportByState.aspx,2026-09-11T11:36:01.471171
Rajasthan|Dausa|SANJEEVAN PARAMEDICAL AND NURSING TRAINING CENTRE,Sanjeevan Paramedical And Nursing Training Centre,"Sanjeevan Paramedical And Nursing Training Centre, (Saraswati Complex) Behind Kala Petrol Pump, Jaipur Road , Dausa, Distt.- Dausa, Rajasthan, Pin Code- 303303",Pandit Hari Sahay Smiriti Shodh Sansthan,Dausa,Rajasthan,Private,GNM,40 (Forty),40,303303,2025-2026,INC Yearly Report,https://online.indiannursingcouncil.org/Reports/YearlyReportByState.aspx,2026-09-11T11:36:01.471171
Rajasthan|Udaipur|SANJEEVANI COLLEGE OF NURSING,Sanjeevani College Of Nursing,"Sanjeevani College Of Nursing , Manwa Kheda, Jamar Kotra Road, Hiran Magri, Udaipur, Distt.- Udaipur, Rajasthan, Pin Code- 313002",Gautam Budh Educational Society,Udaipur,Rajasthan,Private,B.Sc(N),40 (Forty),40,313002,2025-2026,INC Yearly Report,https://online.indiannursingcouncil.org/Reports/YearlyReportByState.aspx,2026-09-11T11:36:01.471171
Rajasthan|Jaipur|SANSKAR COLLEGE OF NURSING,Sanskar College Of Nursing,"Sanskar College Of Nursing, Dayal Nagar,Jobner Road, Phulera, Distt.- Jaipur, Rajasthan, Pin Code- 303338",Sanskar Shikshan Sanstha,Jaipur,Rajasthan,Private,B.Sc(N),40 (Forty),40,303338,2025-2026,INC Yearly Report,https://online.indiannursingcouncil.org/Reports/YearlyReportByState.aspx,2026-09-11T11:36:01.471171
Rajasthan|Hanumangarh|SANSKAR INTERNATIONAL B.SC. NURSING COLLEGE,Sanskar International B.Sc. Nursing College,"Sanskar International B.Sc. Nursing College, Saras Dairy Road, Hanumangarh Jn., Rajasthan-335512, Hanumangarh Jn., Distt.- Hanumangarh, Rajasthan, Pin Code- 335512",Smt. Dhankori Devi Charitable Trust,Hanumangarh,Rajasthan,Private,B.Sc(N),40 (Forty),40,335512,2025-2026,INC Yearly Report,https://online.indiannursingcouncil.org/Reports/YearlyReportByState.aspx,2026-09-11T11:36:07.701406
Rajasthan|Ajmer|SANSKAR NURSING SCHOOL,Sanskar Nursing School,"Sanskar Nursing School,, 638, Haribhau Updhya Nagar, Pushkar Road,Opp Labour Court, Ajmer, Distt.- Ajmer, Rajasthan, Pin Code- 305004",Manav Kalyan And Vikas Sansthan,Ajmer,Rajasthan,Private,GNM,30 (Thirty),30,305004,2025-2026,INC Yearly Report,https://online.indiannursingcouncil.org/Reports/YearlyReportByState.aspx,2026-09-11T11:36:07.701406
Rajasthan|Alwar|SANT SUKHDEV SHAH SCHOOL OF NURSING,Sant Sukhdev Shah School Of Nursing,"Sant Sukhdev Shah School Of Nursing,, 6, Manu Marg, Alwar, Distt.- Alwar, Rajasthan, Pin Code- 301001",Sant Sukhdev Shah Siksha Sansthan,Alwar,Rajasthan,Private,GNM,30 (Thirty),30,301001,2025-2026,INC Yearly Report,https://online.indiannursingcouncil.org/Reports/YearlyReportByState.aspx,2026-09-11T11:36:07.701406
Rajasthan|Jaipur|SANTOKBA DURLABHJI SCHOOL OF NURSING,Santokba Durlabhji School Of Nursing,"Santokba Durlabhji School Of Nursing, Plo No. Is 2288A, Industrial Area, Ramchandrapura, Near Jecrc University, Vidhani, Goner Road, Jaipur, Jaipur, Distt.- Jaipur, Rajasthan, Pin Code- 302022",Santokba Durlabhji Trust,Jaipur,Rajasthan,Private,GNM | B.Sc(N),60 (Sixty) | 100 (One Hundred),160,302022,2025-2026,INC Yearly Report,https://online.indiannursingcouncil.org/Reports/YearlyReportByState.aspx,2026-09-11T11:36:07.701406
Rajasthan|Udaipur|SARASWATI COLLEGE OF NURSING,Saraswati College Of Nursing,"Saraswati College Of Nursing, E-453 Riico Industrial Area Bhamashah Kaladwas Udaipur , Udaipur, Distt.- Udaipur, Rajasthan, Pin Code- 313002",Saraswati Education And Health Society,Udaipur,Rajasthan,Private,B.Sc(N) | M. Sc (N) | P B B.Sc(N),60 (Sixty) | 20 (Twenty) Med-Surg-5 Paed-5 Psy-5 Obg-5 | 30 (Thirty),110,313002,2025-2026,INC Yearly Report,https://online.indiannursingcouncil.org/Reports/YearlyReportByState.aspx,2026-09-11T11:36:07.701406
Rajasthan|Dausa|SARASWATI SCHOOL OF NURSING,Saraswati School Of Nursing,"Saraswati School Of Nursing, Agra By Pass Road Dausa , Dausa, Distt.- Dausa, Rajasthan, Pin Code- 303303","Saraswati Memorial Trust, Dausa",Dausa,Rajasthan,Private,GNM | B.Sc(N) | P B B.Sc(N),60 (Sixty) | 40 (Forty) | 40 (Forty),140,303303,2025-2026,INC Yearly Report,https://online.indiannursingcouncil.org/Reports/YearlyReportByState.aspx,2026-09-11T11:36:07.701406
Rajasthan|Sirohi|SAROJ LALJI MEHROTRA GLOBAL NURSING COLLEGE,Saroj Lalji Mehrotra Global Nursing College,"Saroj Lalji Mehrotra Global Nursing College, Kh No:1032, Amthala, Talheti, Abu Road , Distt.- Sirohi, Rajasthan, Pin Code- 307510",Global Hospital And Research Center,Sirohi,Rajasthan,Private,B.Sc(N),30 (Thirty),30,307510,2025-2026,INC Yearly Report,https://online.indiannursingcouncil.org/Reports/YearlyReportByState.aspx,2026-09-11T11:36:07.701406
Rajasthan|Nagaur|SARVODAYA COLLEGE OF NURSING,Sarvodaya College Of Nursing,"Sarvodaya College Of Nursing, Didwana Road, Nagaur, Distt.- Nagaur, Rajasthan, Pin Code- 341001",Sarvodaya Shikshan Sansthan,Nagaur,Rajasthan,Private,GNM | B.Sc(N),60 (Sixty) | 40 (Forty),100,341001,2025-2026,INC Yearly Report,https://online.indiannursingcouncil.org/Reports/YearlyReportByState.aspx,2026-09-11T11:36:07.701406
Rajasthan|Kota|SARVODAYA COLLEGE OF PARAMEDICAL NURSING EDUCATION,Sarvodaya College Of Paramedical Nursing Education,"Sarvodaya College Of Paramedical Nursing Education, Plot No. 20 Special, Vigyan Nagar , Kota, Distt.- Kota, Rajasthan, Pin Code- 324005",Suhit Jankalyan Samiti,Kota,Rajasthan,Private,B.Sc(N) | GNM,40 (Forty) | 60 (Sixty),100,324005,2025-2026,INC Yearly Report,https://online.indiannursingcouncil.org/Reports/YearlyReportByState.aspx,2026-09-11T11:36:07.701406
Rajasthan|Udaipur|SCHOOL OF NURSING,School Of Nursing,"School Of Nursing, Maharana Bhupal Govt. Hospital, Udaipur, Distt.- Udaipur, Rajasthan, Pin Code- 313001",Govt Of Rajasthan,Udaipur,Rajasthan,Government,GNM,50 (Fifty),50,313001,2025-2026,INC Yearly Report,https://online.indiannursingcouncil.org/Reports/YearlyReportByState.aspx,2026-09-11T11:36:07.701406
Rajasthan|Jaipur|SCHOOL OF NURSINGSMS MEDICAL COLLEGE JAIPUR,School Of Nursingsms Medical College Jaipur,"School Of Nursingsms Medical College Jaipur , School Of Nursing Sms Medical College Jln Marg,Jaipur-04 , Jaipur, Distt.- Jaipur, Rajasthan, Pin Code- 302004",Govt. Of Rajasthan,Jaipur,Rajasthan,Government,GNM,100 (One Hundred),100,302004,2025-2026,INC Yearly Report,https://online.indiannursingcouncil.org/Reports/YearlyReportByState.aspx,2026-09-11T11:36:07.701406
Rajasthan|Jaipur|SEEDLING SCHOOL OF NURSING,Seedling School Of Nursing,"Seedling School Of Nursing , Siilas Campus Kho-Rebariayan,Delhi-Agra By Pass, Jagatpura, Distt.- Jaipur, Rajasthan, Pin Code- 302017","Jaipur National University, Jaipur",Jaipur,Rajasthan,Private,B.Sc(N) | P B B.Sc(N),100 (One Hundred) | 30 (Thirty),130,302017,2025-2026,INC Yearly Report,https://online.indiannursingcouncil.org/Reports/YearlyReportByState.aspx,2026-09-11T11:36:07.701406
Rajasthan|Pali|SH.KARNI KRIPA SCHOOL OF NURSING,Sh.Karni Kripa School Of Nursing,"Sh.Karni Kripa School Of Nursing , 588-589,Rajendra Nagar,Rtai Ko Ki Dhani Pali Marwar , Pali, Distt.- Pali, Rajasthan, Pin Code- 306401",Shri Paarth Education And Social Welfare Trust Jodhpur,Pali,Rajasthan,Private,GNM,60 (Sixty),60,306401,2025-2026,INC Yearly Report,https://online.indiannursingcouncil.org/Reports/YearlyReportByState.aspx,2026-09-11T11:36:07.701406
Rajasthan|Nagaur|SHAHID BHAGAT SINGH COLLEGE OF NURSING,Shahid Bhagat Singh College Of Nursing,"Shahid Bhagat Singh College Of Nursing, Sikar Road, Nawa Shahar, Nawa City, Distt.- Nagaur, Rajasthan, Pin Code- 341509",Jagdamba Shiksha Samiti,Nagaur,Rajasthan,Private,B.Sc(N),40 (Forty),40,341509,2025-2026,INC Yearly Report,https://online.indiannursingcouncil.org/Reports/YearlyReportByState.aspx,2026-09-11T11:36:07.701406
Rajasthan|Jaipur|SHAHNAJ INSTITUTE OF NURSING,Shahnaj Institute Of Nursing,"Shahnaj Institute Of Nursing, Kalyansar Mahla Ajmer Road, Jaipur, Distt.- Jaipur, Rajasthan, Pin Code- 303007",Braj Mewat Shikshan Sansthan,Jaipur,Rajasthan,Private,GNM | B.Sc(N),50 (Fifty) | 40 (Forty),90,303007,2025-2026,INC Yearly Report,https://online.indiannursingcouncil.org/Reports/YearlyReportByState.aspx,2026-09-11T11:36:07.701406
Rajasthan|Alwar|SHARDA COLLEGE OF NURSING,Sharda College Of Nursing,"Sharda College Of Nursing, Sodawas, Sodawas, Distt.- Alwar, Rajasthan, Pin Code- 301427",Sharda Economic And Educational Developmnet Society,Alwar,Rajasthan,Private,B.Sc(N),40 (Forty),40,301427,2025-2026,INC Yearly Report,https://online.indiannursingcouncil.org/Reports/YearlyReportByState.aspx,2026-09-11T11:36:07.701406
Rajasthan|Sikar|SHEKHAWATI MEDICAL TRAINING INSTITUTE COLLEGE OF NURSING,Shekhawati Medical Training Institute College Of Nursing,"Shekhawati Medical Training Institute College Of Nursing, N H -11, Narayan Ka Bass, Vill.- Post-Khuri Bari, , Tehsil- Laxman Garh, Distt.- Sikar, Rajasthan, Pin Code- 332315",Shekhawati Shiksan Sansthan,Sikar,Rajasthan,Private,B.Sc(N),50 (Fifty),50,332315,2025-2026,INC Yearly Report,https://online.indiannursingcouncil.org/Reports/YearlyReportByState.aspx,2026-09-11T11:36:07.701406
Rajasthan|Jaipur|SHIVAJI COLLEGE OF NURSING,Shivaji College Of Nursing,"Shivaji College Of Nursing , Khadi Bagh Road Chomu , Chomu, Distt.- Jaipur, Rajasthan, Pin Code- 303702",Shivaji Gramin Vikas Shiksha Sansthan,Jaipur,Rajasthan,Private,B.Sc(N),40 (Forty),40,303702,2025-2026,INC Yearly Report,https://online.indiannursingcouncil.org/Reports/YearlyReportByState.aspx,2026-09-11T11:36:07.701406
Rajasthan|Churu|SHREE BALAJI COLLAGE OF NURSING,Shree Balaji Collage Of Nursing,"Shree Balaji Collage Of Nursing , Salasar Road, Sujangarh, Sujangarh , Distt.- Churu, Rajasthan, Pin Code- 331507",Shree Balaji Shikshan Samiti,Churu,Rajasthan,Private,B.Sc(N) | GNM,40 (Forty) | 50 (FIFTY) ,90,331507,2025-2026,INC Yearly Report,https://online.indiannursingcouncil.org/Reports/YearlyReportByState.aspx,2026-09-11T11:36:07.701406
Rajasthan|Jodhpur|SHREE DADU DAYAL SCHOOL OF NURSING JODHPUR,Shree Dadu Dayal School Of Nursing Jodhpur,"Shree Dadu Dayal School Of Nursing Jodhpur, 87-88, Parshvnath Colony, Kayalana Circle, Soorsagar Road, Jodhpur, Jodhpur, Distt.- Jodhpur, Rajasthan, Pin Code- 342001",Shree Dadu Dayal Jan Kalyan Shikshan Sansthan Jodhpur,Jodhpur,Rajasthan,Private,GNM,50 (Fifty),50,342001,2025-2026,INC Yearly Report,https://online.indiannursingcouncil.org/Reports/YearlyReportByState.aspx,2026-09-11T11:36:07.701406
Rajasthan|Bharatpur|SHREE DIGAMBER DEGREE COLLEGE OF NURSING BHARATPUR,Shree Digamber Degree College Of Nursing Bharatpur,"Shree Digamber Degree College Of Nursing Bharatpur , Nh-11, Near Ludhawai Toll Plaza, Jaipur Road, Bharatpur , Bharatpur, Distt.- Bharatpur, Rajasthan, Pin Code- 321001",Shree Digamber Prashikshan Avum Anusandhan Sansthan Bharatpur,Bharatpur,Rajasthan,Private,GNM | B.Sc(N) | P B B.Sc(N) | M. Sc (N),60 (Sixy) | 60 (Sixty) | 20 (Twenty) | 20 Med-Surg-5 Obg-5 Psy-5 Paed-5,160,321001,2025-2026,INC Yearly Report,https://online.indiannursingcouncil.org/Reports/YearlyReportByState.aspx,2026-09-11T11:36:13.984083
Rajasthan|Sikar|SHREE KALYAN AROGYA SADAN SCHOOL OF NURSING,Shree Kalyan Arogya Sadan School Of Nursing,"Shree Kalyan Arogya Sadan School Of Nursing , Shree Kalyan Arogya Sadan Bajaj Gram Sanwali Sikar Rajasthan, Sikar, Distt.- Sikar, Rajasthan, Pin Code- 332001",Shree Kalyan Arogya Sadan,Sikar,Rajasthan,Private,GNM,40 (Forty),40,332001,2025-2026,INC Yearly Report,https://online.indiannursingcouncil.org/Reports/YearlyReportByState.aspx,2026-09-11T11:36:13.984083
Rajasthan|Bharatpur|SHREE NRASINGH COLLEGE OF NURSING AND G.N.M. TRAINING INSTITUTE,Shree Nrasingh College Of Nursing And G.N.M. Training Institute,"Shree Nrasingh College Of Nursing And G.N.M. Training Institute, Village Post- Bidyari, Tehsil- Bayana, Dist.- Bharatpur, Rajasthan, Bayana, Distt.- Bharatpur, Rajasthan, Pin Code- 321401",Shree Nrasingh Gnm Training Institute Bidyari Bayana Bharatpur Rajasthan,Bharatpur,Rajasthan,Private,GNM | B.Sc(N),60 (Sixty) | 50 (Fifty),110,321401,2025-2026,INC Yearly Report,https://online.indiannursingcouncil.org/Reports/YearlyReportByState.aspx,2026-09-11T11:36:13.984083
Rajasthan|Jaipur|SHREE RADHA RAMAN NURSING COLLEGE,Shree Radha Raman Nursing College,"Shree Radha Raman Nursing College, Ips-2 Sitapura Industrial Area Phase-Iii Opp.Fire Bridge Office, Sitapura, Distt.- Jaipur, Rajasthan, Pin Code- 302022",Manav Chetna Jagriti Trust,Jaipur,Rajasthan,Private,B.Sc(N),30 (Thirty),30,302022,2025-2026,INC Yearly Report,https://online.indiannursingcouncil.org/Reports/YearlyReportByState.aspx,2026-09-11T11:36:13.984083
Rajasthan|Jaipur|SHREE RAM COLLEGE OF NURSING,Shree Ram College Of Nursing,"Shree Ram College Of Nursing, 45-48, Vivek Vihar, Post Kanota, Jaipur , Distt.- Jaipur, Rajasthan, Pin Code- 303012",Gayatri Vidyapeeth,Jaipur,Rajasthan,Private,B.Sc(N),40 (Forty),40,303012,2025-2026,INC Yearly Report,https://online.indiannursingcouncil.org/Reports/YearlyReportByState.aspx,2026-09-11T11:36:13.984083
Rajasthan|Udaipur|SHRI BALAJI COLLEGE OF NURSING,Shri Balaji College Of Nursing,"Shri Balaji College Of Nursing, Udaipur , Hiran Magri Sector. No. 5, Gayatri Nagar, Udaipur, Distt.- Udaipur, Rajasthan, Pin Code- 313002",Samriddhi Education And Health Society,Udaipur,Rajasthan,Private,B.Sc(N),40 (Forty),40,313002,2025-2026,INC Yearly Report,https://online.indiannursingcouncil.org/Reports/YearlyReportByState.aspx,2026-09-11T11:36:13.984083
Rajasthan|Nagaur|SHRI BAPUJI COLLEGE OF NURSING,Shri Bapuji College Of Nursing,"Shri Bapuji College Of Nursing, N.H.-65, Sujangarh Bye Pass Road, Ladnun, Nagaur , Ladnun, Distt.- Nagaur, Rajasthan, Pin Code- 341306",Shri Baba Ramdev Medical Education Society,Nagaur,Rajasthan,Private,B.Sc(N),40 (Forty),40,341306,2025-2026,INC Yearly Report,https://online.indiannursingcouncil.org/Reports/YearlyReportByState.aspx,2026-09-11T11:36:13.984083
Rajasthan|Ganganagar|SHRI GANGANAGAR COLLEGE OF NURSING,Shri Ganganagar College Of Nursing,"Shri Ganganagar College Of Nursing, Near Riico Bus Stand, Hanumangarh Road, Sri Ganganagar, Distt.- Ganganagar, Rajasthan, Pin Code- 335000",J.R. Tantia Charitable Trust,Ganganagar,Rajasthan,Private,B.Sc(N) | M. Sc (N) | P B B.Sc(N) | GNM,100 (One Hundred) | 10 (Ten) 02 In Each Speciality | 50 (Fifty) | 100 (One Hundred),260,335000,2025-2026,INC Yearly Report,https://online.indiannursingcouncil.org/Reports/YearlyReportByState.aspx,2026-09-11T11:36:13.984083
Rajasthan|Baran|SHRI ONKAR LAL NURSING MAHAVIDHYALYA,Shri Onkar Lal Nursing Mahavidhyalya,"Shri Onkar Lal Nursing Mahavidhyalya , Shri Onkar Lal Nursing Mahavidhyalya, Sangod Road, Gajanpura, Baran, Rajasthan Pin-325205 , Baran, Distt.- Baran, Rajasthan, Pin Code- 325205",Harish Jan Kalyan Sewa Sansthan,Baran,Rajasthan,Private,B.Sc(N),40 (Forty),40,325205,2025-2026,INC Yearly Report,https://online.indiannursingcouncil.org/Reports/YearlyReportByState.aspx,2026-09-11T11:36:13.984083
Rajasthan|Jodhpur|SHRI PAARTH SCHOOL OF NURSING,Shri Paarth School Of Nursing,"Shri Paarth School Of Nursing, H.No 3, Nahru Colony Def Lab Road Panch Batti Ratanada Jodhpur , Jodhpur , Distt.- Jodhpur, Rajasthan, Pin Code- 342001",Shri Paarth Education And Social Welfare Trus,Jodhpur,Rajasthan,Private,GNM,30 (Thirty),30,342001,2025-2026,INC Yearly Report,https://online.indiannursingcouncil.org/Reports/YearlyReportByState.aspx,2026-09-11T11:36:13.984083
Rajasthan|Jodhpur|SHRI R. S. VISHNOI MEMORIAL B. SC. NURSING COLLEGE,Shri R. S. Vishnoi Memorial B. Sc. Nursing College,"Shri R. S. Vishnoi Memorial B. Sc. Nursing College , Sec-B Saraswati Nagar, Basni 1 St Phase Jodhpur, Rajasthan. 342005 , Jodhpur, Distt.- Jodhpur, Rajasthan, Pin Code- 342005",Ridhi Sidhi Education And Research Society,Jodhpur,Rajasthan,Private,B.Sc(N),40 (Forty),40,342005,2025-2026,INC Yearly Report,https://online.indiannursingcouncil.org/Reports/YearlyReportByState.aspx,2026-09-11T11:36:13.984083
Rajasthan|Ajmer|SHRI RATANLAL KANWARLAL PATNI GIRLS' NURSING SCHOOL &COLLEGE,Shri Ratanlal Kanwarlal Patni Girls' Nursing School &College,"Shri Ratanlal Kanwarlal Patni Girls' Nursing School &College, Ajmer Road, Kishangarh, Distt.- Ajmer, Rajasthan, Pin Code- 305801",Sh. Ratanlal Kanwarlal Patni Foundation,Ajmer,Rajasthan,Private,GNM | B.Sc(N),60 (Sixty) | 60 (Sixty),120,305801,2025-2026,INC Yearly Report,https://online.indiannursingcouncil.org/Reports/YearlyReportByState.aspx,2026-09-11T11:36:13.984083
Rajasthan|Jaipur|SHRI SAI BABA SCHOOL OF NURSING,Shri Sai Baba School Of Nursing,"Shri Sai Baba School Of Nursing , 156, Patel Nagar, Kalwar Road Jhotwara Jaipur , Jaipur, Distt.- Jaipur, Rajasthan, Pin Code- 302012",Shri Sai Shiksha Samiti,Jaipur,Rajasthan,Private,GNM,60 (Sxity),60,302012,2025-2026,INC Yearly Report,https://online.indiannursingcouncil.org/Reports/YearlyReportByState.aspx,2026-09-11T11:36:13.984083
Rajasthan|Sirohi|SHRI U S B COLLEGE OF NURSING,Shri U S B College Of Nursing,"Shri U S B College Of Nursing, Abu-Ambaji Highway , Aburoad Teh- Aburoad, Vill.- Siyava, Tehsil- Aburoad, Distt.- Sirohi, Rajasthan, Pin Code- 307026",Shri U S B Shiksha Samiti,Sirohi,Rajasthan,Private,B.Sc(N),40 (Forty),40,307026,2025-2026,INC Yearly Report,https://online.indiannursingcouncil.org/Reports/YearlyReportByState.aspx,2026-09-11T11:36:13.984083
Rajasthan|Rajsamand|SHRINATH B. SC. COLLEGE OF NURSING,Shrinath B. Sc. College Of Nursing,"Shrinath B. Sc. College Of Nursing,, Shakshi Plaza , Bilwara Road,Near Kishan Bhavan, Kankroli, Distt.- Rajsamand, Rajasthan, Pin Code- 313324",Shreenath Eduction Institute And Health Society,Rajsamand,Rajasthan,Private,B.Sc(N) | GNM,40 (Forty) | 50 (Fifty),90,313324,2025-2026,INC Yearly Report,https://online.indiannursingcouncil.org/Reports/YearlyReportByState.aspx,2026-09-11T11:36:13.984083
Rajasthan|Udaipur|SHRINATH INSTITUTE OF NURSING UDAIPUR,Shrinath Institute Of Nursing Udaipur,"Shrinath Institute Of Nursing Udaipur, 421,Dholi Magri Panerion Ki Madri Udaipur , Udaipur, Distt.- Udaipur, Rajasthan, Pin Code- 313002",Maheshwari Shikshan Sansthan,Udaipur,Rajasthan,Private,GNM,40 (Forty),40,313002,2025-2026,INC Yearly Report,https://online.indiannursingcouncil.org/Reports/YearlyReportByState.aspx,2026-09-11T11:36:13.984083
Rajasthan|Jaipur|SIDDHARTH COLLEGE OF NURSING,Siddharth College Of Nursing,"Siddharth College Of Nursing, 268, Sector-26, Near Nri Colony, Jaipur, Distt.- Jaipur, Rajasthan, Pin Code- 302033",Shree Birbal Medical Education Society,Jaipur,Rajasthan,Private,P B B.Sc(N) | B.Sc(N) | GNM,30 (Thirty) | 40 (Forty) | 60 (Sixty),130,302033,2025-2026,INC Yearly Report,https://online.indiannursingcouncil.org/Reports/YearlyReportByState.aspx,2026-09-11T11:36:13.984083
Rajasthan|Jaipur|SIDHI VINAYAK NURSING SCHOOL,Sidhi Vinayak Nursing School,"Sidhi Vinayak Nursing School, Main Kalwar Road,Machwa,Jaipur, Jaipur , Distt.- Jaipur, Rajasthan, Pin Code- 302012",Dalit Bal Vikas And Shishkan Shanstha,Jaipur,Rajasthan,Private,GNM,30 (Thirty),30,302012,2025-2026,INC Yearly Report,https://online.indiannursingcouncil.org/Reports/YearlyReportByState.aspx,2026-09-11T11:36:13.984083
Rajasthan|Sikar|SIKAR NURSING TRAINING AND RESEARCH INSTITUTE SIKAR,Sikar Nursing Training And Research Institute Sikar,"Sikar Nursing Training And Research Institute Sikar, Sikar Nursing College Sikar, C/O Sikar Hospital, Opp. District Court, Near Kalyan Circle, Sikar, Rajasthan Pin Code :- 332001 , Sikar, Distt.- S","Sikar Vikas And Shikhashan Anudsandhan Sansthan, Sikar",Sikar,Rajasthan,Private,GNM,60 (Sixty),60,332001,2025-2026,INC Yearly Report,https://online.indiannursingcouncil.org/Reports/YearlyReportByState.aspx,2026-09-11T11:36:13.984083
Rajasthan|Pali|SMT DAKUBEN SAREMALJI SANCHETI NURSING INSTITUTE,Smt Dakuben Saremalji Sancheti Nursing Institute,"Smt Dakuben Saremalji Sancheti Nursing Institute, Mahavir Nagar, Jawai Bandh Road, Sumerpur, Distt.- Pali, Rajasthan, Pin Code- 306902",The Rajasthan Medical Soc And Res Centre,Pali,Rajasthan,Private,B.Sc(N),40 (Forty),40,306902,2025-2026,INC Yearly Report,https://online.indiannursingcouncil.org/Reports/YearlyReportByState.aspx,2026-09-11T11:36:20.993749
Rajasthan|Jaipur|SMT PHOOLA DEVI MEMORIAL INSTITUTE OF MED. NURSING EDUCATION,Smt Phoola Devi Memorial Institute Of Med. Nursing Education,"Smt Phoola Devi Memorial Institute Of Med. Nursing Education, Pl No. 19-20, Kailash Nagar, Jhotwara, Distt.- Jaipur, Rajasthan, Pin Code- 302012",Smt. Phoola Devi Momorial Shikshan Sansthan,Jaipur,Rajasthan,Private,GNM,50 (Fifty),50,302012,2025-2026,INC Yearly Report,https://online.indiannursingcouncil.org/Reports/YearlyReportByState.aspx,2026-09-11T11:36:20.993749
Rajasthan|Jaipur|SONI NURSING COLLEGE AND SCHOOL,Soni Nursing College And School,"Soni Nursing College And School , Spl - 229, Riico Industrial Area, Phase - Ii (Extension), Bagru, Jaipur (Rajasthan) 303007 , Jaipur, Distt.- Jaipur, Rajasthan, Pin Code- 303007",Soni Hospitals Pvt. Ltd. Jaipur,Jaipur,Rajasthan,Private,B.Sc(N) | GNM | M. Sc (N) | P B B.Sc(N),"100 (One Hundred) | 60 (Sixty) | 14; Med-Surg-5,Obg-5,Paed-2, Chn-2 | 30 (Thirty)",204,303007,2025-2026,INC Yearly Report,https://online.indiannursingcouncil.org/Reports/YearlyReportByState.aspx,2026-09-11T11:36:20.993749
Rajasthan|Karoli|SOURABH NURSING COLLEGE,Sourabh Nursing College,"Sourabh Nursing College, Kheda, Hindauncity, Hindaun City, Distt.- Karoli, Rajasthan, Pin Code- 322234",Rajasthan Delhi Education Society,Karoli,Rajasthan,Private,B.Sc(N) | GNM,60 (Sixty) | 60 (Sixty),120,322234,2025-2026,INC Yearly Report,https://online.indiannursingcouncil.org/Reports/YearlyReportByState.aspx,2026-09-11T11:36:20.993749
Rajasthan|Jaipur|SRI KRISHNA INSTITUTE OF MEDICAL HEALTH SCIENCES RES NURSING,Sri Krishna Institute Of Medical Health Sciences Res Nursing,"Sri Krishna Institute Of Medical Health Sciences Res Nursing, 167-170, Shivam Nagar, Chandlai Road,, Vill.- Shivdaspura, Tehsil- Chaksu, Distt.- Jaipur, Rajasthan, Pin Code- 303903",Shri Krishna Education Trust,Jaipur,Rajasthan,Private,B.Sc(N),40 (Forty),40,303903,2025-2026,INC Yearly Report,https://online.indiannursingcouncil.org/Reports/YearlyReportByState.aspx,2026-09-11T11:36:20.993749
Rajasthan|Jaipur|ST THOMAS COLLEGE OF NURSING,St Thomas College Of Nursing,"St Thomas College Of Nursing, Iirm Rural Campus, Rampura, Phagi, Jaipur, Distt.- Jaipur, Rajasthan, Pin Code- 303005",Society For Indian Instt. Of Rural Management,Jaipur,Rajasthan,Private,B.Sc(N),40 (Forty),40,303005,2025-2026,INC Yearly Report,https://online.indiannursingcouncil.org/Reports/YearlyReportByState.aspx,2026-09-11T11:36:20.993749
Rajasthan|Ajmer|ST. FRANCIS HOSPITAL AND COLLEGE NURSING,St. Francis Hospital And College Nursing,"St. Francis Hospital And College Nursing , Near Baba Badam Shah Ashram, Daurai, Beawar Road, Ajmer, Distt.- Ajmer, Rajasthan, Pin Code- 305001",Society Of St. Francis Hospital And Nursing Home,Ajmer,Rajasthan,Private,GNM | B.Sc(N),30 (Thirty) | 40 (Forty),70,305001,2025-2026,INC Yearly Report,https://online.indiannursingcouncil.org/Reports/YearlyReportByState.aspx,2026-09-11T11:36:20.993749
Rajasthan|Jaipur|STAR NURSING COLLEGE,Star Nursing College,"Star Nursing College, Star Nursing College C/O Star Hospitial,Near Pratap Plaza,Pratap Nagar,Tonk Road,Jaipur302033, Jaipur, Distt.- Jaipur, Rajasthan, Pin Code- 302033",Shree Karni Shikshan Sansthan,Jaipur,Rajasthan,Private,B.Sc(N),50 (Fifty),50,302033,2025-2026,INC Yearly Report,https://online.indiannursingcouncil.org/Reports/YearlyReportByState.aspx,2026-09-11T11:36:20.993749
Rajasthan|Kota|SUDHA COLLEGE OF NURSING,Sudha College Of Nursing,"Sudha College Of Nursing, H No 11-A, Talwandi Jhalawar Road, Kota, Distt.- Kota, Rajasthan, Pin Code- 324005",Manav Dharm Viklang Seva Senstha Tonk,Kota,Rajasthan,Private,B.Sc(N) | M. Sc (N) | GNM,40 (Forty) | 10 (Ten) Med-Surg-5 Paed-5 | 60 (Sixty),110,324005,2025-2026,INC Yearly Report,https://online.indiannursingcouncil.org/Reports/YearlyReportByState.aspx,2026-09-11T11:36:20.993749
Rajasthan|Nagaur|SUFIYA COLLEGE OF NURSING,Sufiya College Of Nursing,"Sufiya College Of Nursing, Old Industrial Area,Near Basni Chouraha Nagaur-341001 , Nagaur, Distt.- Nagaur, Rajasthan, Pin Code- 341001",The Sufiya Educational Society,Nagaur,Rajasthan,Private,B.Sc(N),40 (Forty),40,341001,2025-2026,INC Yearly Report,https://online.indiannursingcouncil.org/Reports/YearlyReportByState.aspx,2026-09-11T11:36:20.993749
Rajasthan|Udaipur|SUNRISE COLLEGE OF NURSING,Sunrise College Of Nursing,"Sunrise College Of Nursing , Sgi Hills,Near Bari Mata Temple Umarda Udaipur , Udaipur , Distt.- Udaipur, Rajasthan, Pin Code- 313001",Sunrise Society,Udaipur,Rajasthan,Private,B.Sc(N) | GNM | P B B.Sc(N),60 (Sixty) | 60 (Sixty) | 20 (Twenty),140,313001,2025-2026,INC Yearly Report,https://online.indiannursingcouncil.org/Reports/YearlyReportByState.aspx,2026-09-11T11:36:20.993749
Rajasthan|Jaipur|SUPERKING COLLEGE OF NURSING,Superking College Of Nursing,"Superking College Of Nursing, Bad Ke Balaji, Ajmer Road, Vill.- Fagoria Wala, Tehsil- Jaipur, Distt.- Jaipur, Rajasthan, Pin Code- 302026",Superking Shiksha Samiti,Jaipur,Rajasthan,Private,B.Sc(N),40 (Forty),40,302026,2025-2026,INC Yearly Report,https://online.indiannursingcouncil.org/Reports/YearlyReportByState.aspx,2026-09-11T11:36:20.993749
Rajasthan|Ganganagar|SURENDERA NURSING TRAINING INSTITUTE,Surendera Nursing Training Institute,"Surendera Nursing Training Institute , H. H. Gardens, Power House Road, Sri Ganganagar , Sri Ganganagar, Distt.- Ganganagar, Rajasthan, Pin Code- 335001",Late Smt Vidyawanti Labhu Ram Foundation For Science Research And Social Welfare,Ganganagar,Rajasthan,Private,GNM,40 (Forty),40,335001,2025-2026,INC Yearly Report,https://online.indiannursingcouncil.org/Reports/YearlyReportByState.aspx,2026-09-11T11:36:20.993749
Rajasthan|Jaipur|SURYANSH NURSING SCHOOL,Suryansh Nursing School,"Suryansh Nursing School, 41, Heera Nagar Opp . New Atish Market Gopalpura Bypass Jaipur, Jaipur , Distt.- Jaipur, Rajasthan, Pin Code- 302019",Md Public School Education Society,Jaipur,Rajasthan,Private,GNM,60 (Sixty),60,302019,2025-2026,INC Yearly Report,https://online.indiannursingcouncil.org/Reports/YearlyReportByState.aspx,2026-09-11T11:36:20.993749
Rajasthan|Sikar|SWAMI KESHWANAND COLLEGE OF NURSING,Swami Keshwanand College Of Nursing,"Swami Keshwanand College Of Nursing , N.H. 11, Kirdoli Road, Bhadhadar, Sikar , Bhadhadar, Distt.- Sikar, Rajasthan, Pin Code- 332315",Swami Keshwanand Sikshan Sansthan,Sikar,Rajasthan,Private,B.Sc(N),40 (Forty),40,332315,2025-2026,INC Yearly Report,https://online.indiannursingcouncil.org/Reports/YearlyReportByState.aspx,2026-09-11T11:36:20.993749
Rajasthan|Jaipur|SYMBIOSIS INSTITUTE OF NURSING,Symbiosis Institute Of Nursing,"Symbiosis Institute Of Nursing, Block No. 262, Sector-26, Pratap Nagar, Jaipur, Distt.- Jaipur, Rajasthan, Pin Code- 302033",Shri Vinayaka Mission Med And Edu Society,Jaipur,Rajasthan,Private,B.Sc(N) | P B B.Sc(N),50 (Fifty) | 30 (Thirty),80,302033,2025-2026,INC Yearly Report,https://online.indiannursingcouncil.org/Reports/YearlyReportByState.aspx,2026-09-11T11:36:20.993749
Rajasthan|Jaipur|TAGORE NURSING COLLEGE,Tagore Nursing College,"Tagore Nursing College, Tagore Lane,Sector-07, Shipra Path,Madhyam Marg, Mansarovar, Jaipur , Distt.- Jaipur, Rajasthan, Pin Code- 302020",Maya Kanwar Ba Mahila Vikas Samiti,Jaipur,Rajasthan,Private,M. Sc (N) | B.Sc(N) | P B B.Sc(N),10 (Ten) Med-Surg-5 Obg-5 | 40 (Forty) | 20 (Twenty),70,302020,2025-2026,INC Yearly Report,https://online.indiannursingcouncil.org/Reports/YearlyReportByState.aspx,2026-09-11T11:36:20.993749
Rajasthan|Jaipur|TILAK INSTITUTE OF MEDICAL SCIENCES,Tilak Institute Of Medical Sciences,"Tilak Institute Of Medical Sciences , A-1, A-23, Chanakyapuri, Paldi Meena, Agra Road, Jaipur, Jaipur, Distt.- Jaipur, Rajasthan, Pin Code- 302031",Tilak Education And Medical Society,Jaipur,Rajasthan,Private,B.Sc(N),40 (Forty),40,302031,2025-2026,INC Yearly Report,https://online.indiannursingcouncil.org/Reports/YearlyReportByState.aspx,2026-09-11T11:36:20.993749
Rajasthan|Udaipur|UDAIPUR COLLEGE OF NURSING UDAIPUR,Udaipur College Of Nursing Udaipur,"Udaipur College Of Nursing Udaipur , Udaipur College Of Nursing Umarda Udaipur , Udaipur , Distt.- Udaipur, Rajasthan, Pin Code- 313002",Maa Bhagwanti Devi Shiksha Prashikshan Anusandhan Sansthan,Udaipur,Rajasthan,Private,B.Sc(N) | P B B.Sc(N),60 (Sixty) | 30 (Thirty),90,313002,2025-2026,INC Yearly Report,https://online.indiannursingcouncil.org/Reports/YearlyReportByState.aspx,2026-09-11T11:36:26.374250
Rajasthan|Jaipur|UPCHAR COLLEGE OF NURSING,Upchar College Of Nursing,"Upchar College Of Nursing , 115 Tagore Path, Sector-11, Thadi Market, Agarwal Farm, Mansarover, Jaipur, Jaipur, Distt.- Jaipur, Rajasthan, Pin Code- 302020",Upchar Medicare Society,Jaipur,Rajasthan,Private,B.Sc(N) | M. Sc (N) | P B B.Sc(N),60 (Sixty) | 15 (Fifteen) | 30 (Thirty),105,302020,2025-2026,INC Yearly Report,https://online.indiannursingcouncil.org/Reports/YearlyReportByState.aspx,2026-09-11T11:36:26.374250
Rajasthan|Alwar|V.S.ALWAR NURSING INSTITUTE,V.S.Alwar Nursing Institute,"V.S.Alwar Nursing Institute , Diwakari Mode, Old Delhi Road, Alwar , Alwar, Distt.- Alwar, Rajasthan, Pin Code- 301001",Vinayak Charitable Society,Alwar,Rajasthan,Private,GNM,40 (Forty),40,301001,2025-2026,INC Yearly Report,https://online.indiannursingcouncil.org/Reports/YearlyReportByState.aspx,2026-09-11T11:36:26.374250
Rajasthan|Udaipur|VEDANSHI COLLEGE OF NURSING,Vedanshi College Of Nursing,"Vedanshi College Of Nursing , Bari Mata Road, Near Railway Station, Gram Panchayat Kanpur, Umarda, Distt.- Udaipur, Rajasthan, Pin Code- 313015",Vedanshi Sansthan,Udaipur,Rajasthan,Private,B.Sc(N),40 (Forty),40,313015,2025-2026,INC Yearly Report,https://online.indiannursingcouncil.org/Reports/YearlyReportByState.aspx,2026-09-11T11:36:26.374250
Rajasthan|Nagaur|VEER TEJA MAHILA NURSING SCHOOL,Veer Teja Mahila Nursing School,"Veer Teja Mahila Nursing School , Veerteja Mahila Shikshan Avm Shodh Sansthan Marwar Mundwa Nagaur Rajasthan , Mundwa, Distt.- Nagaur, Rajasthan, Pin Code- 341026",Veerteja Mahila Shikshan Avm Shodh Sansthan Mundwa Nagaur,Nagaur,Rajasthan,Private,GNM,30 (Thirty),30,341026,2025-2026,INC Yearly Report,https://online.indiannursingcouncil.org/Reports/YearlyReportByState.aspx,2026-09-11T11:36:26.374250
Rajasthan|Udaipur|VENKTESHWAR COLLEGE OF NURSING,Venkteshwar College Of Nursing,"Venkteshwar College Of Nursing, Sai Tirupati University C/O Pacific Institute Of Medical Sciences,Village-Umarda,Ambua Road Udaipur 313015,Rajasthan, Udaipur, Distt.- Udaipur, Rajasthan, Pin Code-",Global Health Research And Managment Institute,Udaipur,Rajasthan,Private,GNM | B.Sc(N) | M. Sc (N),100 (One Hundred) | 100 (One Hundred) | 25 (Twenty Five) 05 In Each Specialty,225,313015,2025-2026,INC Yearly Report,https://online.indiannursingcouncil.org/Reports/YearlyReportByState.aspx,2026-09-11T11:36:26.374250
Rajasthan|Jodhpur|VIJAYA RAJE COLLEGE OF NURSING JODHPU,Vijaya Raje College Of Nursing Jodhpu,"Vijaya Raje College Of Nursing Jodhpu, 87-88, Parshvnath Colony, Kayalana Circle, Soorsagar Road Jodhpur , Jodhpur, Distt.- Jodhpur, Rajasthan, Pin Code- 342001",Shri Dadu Dayal Jankalyan Shikshan Sansthan,Jodhpur,Rajasthan,Private,B.Sc(N),40 (Forty),40,342001,2025-2026,INC Yearly Report,https://online.indiannursingcouncil.org/Reports/YearlyReportByState.aspx,2026-09-11T11:36:26.374250
Rajasthan|Jaipur|VINAYAK COLLEGE OF NURSING,Vinayak College Of Nursing,"Vinayak College Of Nursing, 18-25, Park Residency, Kalwar Road,Hathoj, Jaipur, Distt.- Jaipur, Rajasthan, Pin Code- 302012",Dalit Bal Vikash Avem Shikshan Sanstha,Jaipur,Rajasthan,Private,B.Sc(N) | GNM,50 (Fifty) | 60 (Sixty),110,302012,2025-2026,INC Yearly Report,https://online.indiannursingcouncil.org/Reports/YearlyReportByState.aspx,2026-09-11T11:36:26.374250
