inc_institution_key,institution_name,institution_address,trust_name,district_name,state,sector,programmes,annual_intakes,total_intake,pin_code,academic_year,source,source_url,extraction_timestamp
Uttar Pradesh|Hathras|A B G INSTITUTE OF PARAMEDICAL SCIENCES,A B G Institute Of Paramedical Sciences,"A B G Institute Of Paramedical Sciences, Mehmudpur Barse, Sasni , Distt.- Hathras, Uttar Pradesh, Pin Code- 204216",Shri Abg Dharmarth Sansthan,Hathras,Uttar Pradesh,Private,GNM | ANM | B.Sc(N),30 (Thirty) | 40 (Forty) | 40 (Forty),110,204216,2025-2026,INC Yearly Report,https://online.indiannursingcouncil.org/Reports/YearlyReportByState.aspx,2026-09-11T11:40:11.179004
Uttar Pradesh|Lucknow|A K G INSTITUTE OF NURSING,A K G Institute Of Nursing,"A K G Institute Of Nursing, Bhawani Pur, Chandrika Devi Road, Bakshi Ka Talab, Vill.- Bakshi Ka Talab , Tehsil- Lucknow, Distt.- Lucknow, Uttar Pradesh, Pin Code- 226201",A K G Trust,Lucknow,Uttar Pradesh,Private,ANM | GNM | B.Sc(N),60 (Sixty) | 60 (Sixty) | 40 (Forty),160,226201,2025-2026,INC Yearly Report,https://online.indiannursingcouncil.org/Reports/YearlyReportByState.aspx,2026-09-11T11:40:11.179004
Uttar Pradesh|Kanpur Nagar|AASTHA NURSING COLLEGE,Aastha Nursing College,"Aastha Nursing College, Singhpur, Kanpur Nagar (U.P.) - 208017, Kanpur Nagar, Distt.- Kanpur Nagar, Uttar Pradesh, Pin Code- 208017",Deccan Health And Education Society,Kanpur Nagar,Uttar Pradesh,Private,ANM | GNM,40 (Forty) | 40 (Forty),80,208017,2025-2026,INC Yearly Report,https://online.indiannursingcouncil.org/Reports/YearlyReportByState.aspx,2026-09-11T11:40:11.179004
Uttar Pradesh|Chandauli|ABHISHEK NURSING AND PARAMEDICAL INSTITUTE,Abhishek Nursing And Paramedical Institute,"Abhishek Nursing And Paramedical Institute, Lokmanya Tilak Nagar, Ward No 5, Chandauli, Distt.- Chandauli, Uttar Pradesh, Pin Code- 232104",Abhishek Sewa Sanstha,Chandauli,Uttar Pradesh,Private,ANM | GNM | B.Sc(N),40 (Forty) | 50 (Fifty) | 40 (Forty),130,232104,2025-2026,INC Yearly Report,https://online.indiannursingcouncil.org/Reports/YearlyReportByState.aspx,2026-09-11T11:40:11.179004
Uttar Pradesh|Bareilly|ACME INSTITUTE OF MEDICAL SCIENCES,Acme Institute Of Medical Sciences,"Acme Institute Of Medical Sciences, Vill Megi Nagla, Faridpur, Distt.- Bareilly, Uttar Pradesh, Pin Code- 243503",Shri Hari Krishan Educational Society,Bareilly,Uttar Pradesh,Private,ANM,40 (Forty),40,243503,2025-2026,INC Yearly Report,https://online.indiannursingcouncil.org/Reports/YearlyReportByState.aspx,2026-09-11T11:40:11.179004
Uttar Pradesh|Amroha|AHSAN PARAMEDICAL AND NURSING COLLEGE,Ahsan Paramedical And Nursing College,"Ahsan Paramedical And Nursing College, 14 Km. Milestone Moradabad- Delhi Highway, Chaudharpur, Distt. Amroha (U.P.), Amroha, Distt.- Amroha, Uttar Pradesh, Pin Code- 244221",Ahsan Welfare Society,Amroha,Uttar Pradesh,Private,GNM,40 (Forty),40,244221,2025-2026,INC Yearly Report,https://online.indiannursingcouncil.org/Reports/YearlyReportByState.aspx,2026-09-11T11:40:11.179004
Uttar Pradesh|Aligarh|ALIGARH COLLEGE OF NURSING & HOSPITAL,Aligarh College Of Nursing & Hospital,"Aligarh College Of Nursing & Hospital, Opposite F. M. Tower, Anoop Shahar Road, Aligarh , Distt.- Aligarh, Uttar Pradesh, Pin Code- 202002",All India Rehabilitation Educational Society,Aligarh,Uttar Pradesh,Private,ANM | GNM,30 (Thirty) | 50 (Fifty),80,202002,2025-2026,INC Yearly Report,https://online.indiannursingcouncil.org/Reports/YearlyReportByState.aspx,2026-09-11T11:40:11.179004
Uttar Pradesh|Azamgarh|ALL INDIA CHILDREN CARE &AMP; EDUCATIONAL DEVELOPMENT SOCIETY NURSING COLLEGE,All India Children Care &Amp; Educational Development Society Nursing College,"All India Children Care &Amp; Educational Development Society Nursing College , Ataura, Chandeshwar, Azamgarh , Distt.- Azamgarh, Uttar Pradesh, Pin Code- 276128",All India Children Care Edu Dev. Society,Azamgarh,Uttar Pradesh,Private,B.Sc(N) | ANM | GNM,40 (Forty) | 60 (Sixty) | 100 (One Hundred),200,276128,2025-2026,INC Yearly Report,https://online.indiannursingcouncil.org/Reports/YearlyReportByState.aspx,2026-09-11T11:40:11.179004
Uttar Pradesh|Mirzapur|AMBEKAR GENERAL NURSING TRAINING CENTRE,Ambekar General Nursing Training Centre,"Ambekar General Nursing Training Centre, Etawan, Rewa Road, Mirzapur, Distt.- Mirzapur, Uttar Pradesh, Pin Code- 231001",Aklavy Jan Uthan Avam Prayavaran Pradushan Niyantrak Sanstha,Mirzapur,Uttar Pradesh,Private,P B B.Sc(N) | ANM | B.Sc(N) | GNM,40 (Forty) | 60 (Sixty) | 40 (Forty) | 60 (Sixty),200,231001,2025-2026,INC Yearly Report,https://online.indiannursingcouncil.org/Reports/YearlyReportByState.aspx,2026-09-11T11:40:11.179004
Uttar Pradesh|Ghaziabad|AMOGHA INSTITUTE OF PROFESSIONAL AND TECHNICAL EDU,Amogha Institute Of Professional And Technical Edu,"Amogha Institute Of Professional And Technical Edu, 7Th Mile Stone, Meerut Road, Morta, Ghaziabad, Distt.- Ghaziabad, Uttar Pradesh, Pin Code- 201003",Amogha Educational Society,Ghaziabad,Uttar Pradesh,Private,GNM | B.Sc(N) | M. Sc (N),30 (Thirty) | 40 (Forty) | 20 (Twenty) Med-Surg-5 Chn-5 Psy-5 Paed-5,90,201003,2025-2026,INC Yearly Report,https://online.indiannursingcouncil.org/Reports/YearlyReportByState.aspx,2026-09-11T11:40:11.179004
Uttar Pradesh|Bareilly|ANA COLLEGE OF MEDICAL SCIENCES AND HOSPITAL,Ana College Of Medical Sciences And Hospital,"Ana College Of Medical Sciences And Hospital, 13.5 K.M. Bareilly Delhi Highway, Vill Kutra, Agras Road , Bareilly, Distt.- Bareilly, Uttar Pradesh, Pin Code- 243501",Late Amar Nath Anand Trust,Bareilly,Uttar Pradesh,Private,GNM | B.Sc(N),40 (Forty) | 40 (Forty),80,243501,2025-2026,INC Yearly Report,https://online.indiannursingcouncil.org/Reports/YearlyReportByState.aspx,2026-09-11T11:40:11.179004
Uttar Pradesh|Meerut|ANAND NURSING COLLEGE,Anand Nursing College,"Anand Nursing College, A-11 Damodar Colony Garh Road Meerut , Vill.- Garh Road, Tehsil- Meerut, Distt.- Meerut, Uttar Pradesh, Pin Code- 250004",Anand Nirogdham Hospital Pvt Ltd,Meerut,Uttar Pradesh,Private,ANM | B.Sc(N) | GNM,30 (Thirty) | 40 (Forty) | 40 (Forty),110,250004,2025-2026,INC Yearly Report,https://online.indiannursingcouncil.org/Reports/YearlyReportByState.aspx,2026-09-11T11:40:11.179004
Uttar Pradesh|Kanpur Nagar|ANANDA SCHOOL OF NURSING,Ananda School Of Nursing,"Ananda School Of Nursing, Phuphuwar Suithok, Narwal Road Near Mawaiya, Sarsaul Teh. Narwal, Vill.- Kanpur Nagar, Tehsil- Sarsaul, Distt.- Kanpur Nagar, Uttar Pradesh, Pin Code- 209402",Ananda Buddha Charitable Foundation Society,Kanpur Nagar,Uttar Pradesh,Private,GNM,40 (Forty),40,209402,2025-2026,INC Yearly Report,https://online.indiannursingcouncil.org/Reports/YearlyReportByState.aspx,2026-09-11T11:40:18.208163
Uttar Pradesh|Lucknow|ANKERITE INTERNATIONAL INSTITUTE OF MEDICAL SCIENCES,Ankerite International Institute Of Medical Sciences,"Ankerite International Institute Of Medical Sciences, C.R.P.F Chauraha, Post - Mati, Mati Road, Bijnour, , Lucknow, Distt.- Lucknow, Uttar Pradesh, Pin Code- 226002",Ankerite Sewa Sansthan,Lucknow,Uttar Pradesh,Private,B.Sc(N) | ANM | GNM,40 (Forty) | 40 (Forty) | 40 (Forty),120,226002,2025-2026,INC Yearly Report,https://online.indiannursingcouncil.org/Reports/YearlyReportByState.aspx,2026-09-11T11:40:18.208163
Uttar Pradesh|Bareilly|ANUBIS INSTITUTE OF MEDICAL SCIENCES,Anubis Institute Of Medical Sciences,"Anubis Institute Of Medical Sciences, Nh-24, Vill Parora, Meerganj, , Bareilly, Distt.- Bareilly, Uttar Pradesh, Pin Code- 243504",Baba Educational Trust,Bareilly,Uttar Pradesh,Private,ANM | GNM,40 (Forty) | 40 (Forty),80,243504,2025-2026,INC Yearly Report,https://online.indiannursingcouncil.org/Reports/YearlyReportByState.aspx,2026-09-11T11:40:18.208163
Uttar Pradesh|Varanasi|APEX COLLEGE OF NURSING,Apex College Of Nursing,"Apex College Of Nursing, S. M. Plot No. 80, , Vill.- Mauza Bhikharipur Khurd, Tehsil- Kashi Vidyapeeth, Distt.- Varanasi, Uttar Pradesh, Pin Code- 221004",Apex Welcare Pvt Ltd,Varanasi,Uttar Pradesh,Private,ANM | GNM | M. Sc (N) | B.Sc(N) | P B B.Sc(N),30 (Thirty) | 60 (Sixty) | 20 (Twenty) | 50 (Fifty) | 30 (Thirty),190,221004,2025-2026,INC Yearly Report,https://online.indiannursingcouncil.org/Reports/YearlyReportByState.aspx,2026-09-11T11:40:18.208163
Uttar Pradesh|Mirzapur|APEX TRUST NURSING COLLEGE,Apex Trust Nursing College,"Apex Trust Nursing College, Nh-35, Varanasi -Mirzapur Highway, Samaspur, Chunar, Distt.- Mirzapur, Uttar Pradesh, Pin Code- 231304",Apex Welcare Trust,Mirzapur,Uttar Pradesh,Private,P B B.Sc(N) | GNM | B.Sc(N),20 (Twenty) | 40 (Forty) | 40 (Forty),100,231304,2025-2026,INC Yearly Report,https://online.indiannursingcouncil.org/Reports/YearlyReportByState.aspx,2026-09-11T11:40:18.208163
Uttar Pradesh|Kannauj|ARSHI NURSING AND PARAMEDICAL COLLEGE,Arshi Nursing And Paramedical College,"Arshi Nursing And Paramedical College, Gt Road Infront Of Navin Mandi Purwi Bypass Road, Vill.- Jalalpur Sarvan , Tehsil- Kannauj, Distt.- Kannauj, Uttar Pradesh, Pin Code- 209725",Arshi Minority Welfare Society,Kannauj,Uttar Pradesh,Private,GNM,20 (Twenty),20,209725,2025-2026,INC Yearly Report,https://online.indiannursingcouncil.org/Reports/YearlyReportByState.aspx,2026-09-11T11:40:18.208163
Uttar Pradesh|Azamgarh|ASHADEEP NURSING COLLEGE AND PARAMEDICAL AZAMGARH,Ashadeep Nursing College And Paramedical Azamgarh,"Ashadeep Nursing College And Paramedical Azamgarh, Ashadeep Hospital Azamatgarh Near Sbi Bank, Azamatgarh, Distt.- Azamgarh, Uttar Pradesh, Pin Code- 276124",Ashadeep Educational Trust,Azamgarh,Uttar Pradesh,Private,ANM,40 (Forty),40,276124,2025-2026,INC Yearly Report,https://online.indiannursingcouncil.org/Reports/YearlyReportByState.aspx,2026-09-11T11:40:18.208163
Uttar Pradesh|Varanasi|ASHIRVAD NURSING PARAMEDICAL INSTITUTE,Ashirvad Nursing Paramedical Institute,"Ashirvad Nursing Paramedical Institute, B-37/170-23, Girinagar Extension, Birdopur,Mahmoorganj, Varanasi , Vill.- Varanasi , Tehsil- Kashi Vidyapeeth, Distt.- Varanasi, Uttar Pradesh, Pin Code-",Ashirvad Sewa Sansthan,Varanasi,Uttar Pradesh,Private,GNM | ANM,60 (Sixty) | 50 (Fifty),110,,2025-2026,INC Yearly Report,https://online.indiannursingcouncil.org/Reports/YearlyReportByState.aspx,2026-09-11T11:40:18.208163
Uttar Pradesh|Jaunpur|ASHIRWAD NURSING AND PARAMEDICAL COLLEGE,Ashirwad Nursing And Paramedical College,"Ashirwad Nursing And Paramedical College, Village - Chhitauna, Vill.- Chitauna, Tehsil- Kerakat, Distt.- Jaunpur, Uttar Pradesh, Pin Code- 222136",Babu Baijnath Prasad Educational Trust,Jaunpur,Uttar Pradesh,Private,GNM,20 (Twenty),20,222136,2025-2026,INC Yearly Report,https://online.indiannursingcouncil.org/Reports/YearlyReportByState.aspx,2026-09-11T11:40:18.208163
Uttar Pradesh|Bareilly|ASIAN COLLEGE OF NURSING,Asian College Of Nursing,"Asian College Of Nursing, Behind Jeevan Jyoti Campus, Near Old Roadways, , Bareilly, Distt.- Bareilly, Uttar Pradesh, Pin Code- 243001",Rohailkhand Medical Educational Welfare Trust,Bareilly,Uttar Pradesh,Private,ANM,30 (Thirty),30,243001,2025-2026,INC Yearly Report,https://online.indiannursingcouncil.org/Reports/YearlyReportByState.aspx,2026-09-11T11:40:18.208163
Uttar Pradesh|Lucknow|AVADH INSTITUTTE OF MEDICAL TECH & HOSPITAL,Avadh Institutte Of Medical Tech & Hospital,"Avadh Institutte Of Medical Tech & Hospital, Village - Kapasi, Post - Behta, Vill.- Kapasi , Tehsil- Bakshi Ka Talab, Distt.- Lucknow, Uttar Pradesh, Pin Code- 226026",Al-Millat Foundation Trust,Lucknow,Uttar Pradesh,Private,ANM | GNM | B.Sc(N),30 (Thirty) | 40 (Forty) | 40 (Forty),110,226026,2025-2026,INC Yearly Report,https://online.indiannursingcouncil.org/Reports/YearlyReportByState.aspx,2026-09-11T11:40:18.208163
Uttar Pradesh|Jaunpur|AWADH PARAMEDICAL COLLEGE,Awadh Paramedical College,"Awadh Paramedical College, 708, Visheshar Pur, P O Sheetala Chaukia, Jaunpur, Distt.- Jaunpur, Uttar Pradesh, Pin Code- 222106",Kuwar Das Medical Centre Pvt Ltd,Jaunpur,Uttar Pradesh,Private,ANM | GNM | B.Sc(N) | P B B.Sc(N),40 (Forty) | 50 (Fifty) | 40 (Forty) | 30 (Thirty),160,222106,2025-2026,INC Yearly Report,https://online.indiannursingcouncil.org/Reports/YearlyReportByState.aspx,2026-09-11T11:40:18.208163
Uttar Pradesh|Sitapur|B C M COLLEGE OF NURSING,B C M College Of Nursing,"B C M College Of Nursing, Khairabad, Sitapur , Distt.- Sitapur, Uttar Pradesh, Pin Code- 261131",Northern Society Of Sisters Of Hte Holy Cross,Sitapur,Uttar Pradesh,Private,GNM | B.Sc(N),35 (Thirty Five) | 40 (Forty),75,261131,2025-2026,INC Yearly Report,https://online.indiannursingcouncil.org/Reports/YearlyReportByState.aspx,2026-09-11T11:40:18.208163
Uttar Pradesh|Azamgarh|B R S D SCHOOL OF NURSING,B R S D School Of Nursing,"B R S D School Of Nursing, Uttam Nagar, Bhujahi, , Distt.- Azamgarh, Uttar Pradesh, Pin Code- 276131",B R S D Shiksha Prasar Samiti,Azamgarh,Uttar Pradesh,Private,GNM | ANM,40 (Forty) | 40 (Forty),80,276131,2025-2026,INC Yearly Report,https://online.indiannursingcouncil.org/Reports/YearlyReportByState.aspx,2026-09-11T11:40:24.366260
Uttar Pradesh|Lucknow|BABU YUGRAJ SINGH COLLEGE OF MEDICAL AND SCIENCES,Babu Yugraj Singh College Of Medical And Sciences,"Babu Yugraj Singh College Of Medical And Sciences, Baghamau Sector6 Gomti Nagar Extension, Lucknow, Distt.- Lucknow, Uttar Pradesh, Pin Code- 226010",Babu Yugraj Singh Sewa Sansthan,Lucknow,Uttar Pradesh,Private,ANM | B.Sc(N),40 (Forty) | 40 (Forty),80,226010,2025-2026,INC Yearly Report,https://online.indiannursingcouncil.org/Reports/YearlyReportByState.aspx,2026-09-11T11:40:24.366260
Uttar Pradesh|Lucknow|BALRAMPUR HOSPITAL,Balrampur Hospital,"Balrampur Hospital, School Of Nursing, Gola Ganj, Lucknow, Distt.- Lucknow, Uttar Pradesh, Pin Code- 226018",,Lucknow,Uttar Pradesh,Government,GNM,20 (Twenty),20,226018,2025-2026,INC Yearly Report,https://online.indiannursingcouncil.org/Reports/YearlyReportByState.aspx,2026-09-11T11:40:24.366260
Uttar Pradesh|Banda|BANDA PARA MEDICAL COLLEGE AND NURSING SCHOOL,Banda Para Medical College And Nursing School,"Banda Para Medical College And Nursing School, Village - Tindwara, Banda, Tindwara, Distt.- Banda, Uttar Pradesh, Pin Code- 210001",Nawab Banda Smarak Bhartiya Ekta Samiti,Banda,Uttar Pradesh,Private,B.Sc(N) | ANM | GNM,40 (Forty) | 40 (Forty) | 40 (Forty),120,210001,2025-2026,INC Yearly Report,https://online.indiannursingcouncil.org/Reports/YearlyReportByState.aspx,2026-09-11T11:40:24.366260
Uttar Pradesh|Muzzafarnagar|BHAGWANT INSTITUTE OF MEDICAL SCIENCES,Bhagwant Institute Of Medical Sciences,"Bhagwant Institute Of Medical Sciences, Bhagwantpuram, 17Th Mile Stone, , Bijnor, Distt.- Muzzafarnagar, Uttar Pradesh, Pin Code- 251315",Bhagwant Education Development Society,Muzzafarnagar,Uttar Pradesh,Private,ANM | GNM | B.Sc(N) | P B B.Sc(N),40 (Forty) | 40 (Forty) | 40 (Forty) | 30 (Thirty),150,251315,2025-2026,INC Yearly Report,https://online.indiannursingcouncil.org/Reports/YearlyReportByState.aspx,2026-09-11T11:40:24.366260
Uttar Pradesh|Lucknow|BHALCHANDRA INSTITUTE OF PARAMEDICAL SCIENCES NURSING,Bhalchandra Institute Of Paramedical Sciences Nursing,"Bhalchandra Institute Of Paramedical Sciences Nursing, Chandoiya, 11 Km, Dubagga, Hardoi Road, Lucknow, Distt.- Lucknow, Uttar Pradesh, Pin Code- 227107",Bhalchandra Institute Of Education Management Trust,Lucknow,Uttar Pradesh,Private,ANM | GNM,40 (Forty) | 50 (Fifty),90,227107,2025-2026,INC Yearly Report,https://online.indiannursingcouncil.org/Reports/YearlyReportByState.aspx,2026-09-11T11:40:24.366260
Uttar Pradesh|Faizabad|BHAVDIYA MEDICAL COLLEGE AND INSTITUTE OF NURSING,Bhavdiya Medical College And Institute Of Nursing,"Bhavdiya Medical College And Institute Of Nursing, Gata No 1173, Faizabad-Lucknow Highway,Near Lohia Bridge, Sewar,Post-Badagaon, Sohawal, Distt- Ayodhya, Badagaon, Distt.- Faizabad, Uttar Pradesh,",Ramau Devi Hemraj Verma Charitable Trust,Faizabad,Uttar Pradesh,Private,GNM | B.Sc(N),40 (Forty) | 40 (Forty),80,,2025-2026,INC Yearly Report,https://online.indiannursingcouncil.org/Reports/YearlyReportByState.aspx,2026-09-11T11:40:24.366260
Uttar Pradesh|Lucknow|BIRENDRA SHANKAR MATHUR SCHOOL OF NURSING,Birendra Shankar Mathur School Of Nursing,"Birendra Shankar Mathur School Of Nursing, 233, Tiwariganj, Faizabad Road, Chinhat Lucknow, Lucknow, Distt.- Lucknow, Uttar Pradesh, Pin Code- 227015",Saraswati Medical And Dental College,Lucknow,Uttar Pradesh,Private,Upgraded College of Nursing,40 (Forty),40,227015,2025-2026,INC Yearly Report,https://online.indiannursingcouncil.org/Reports/YearlyReportByState.aspx,2026-09-11T11:40:24.366260
Uttar Pradesh|Lucknow|BORA INSTITUTE OF ALLIED HEALTH SCIENCES,Bora Institute Of Allied Health Sciences,"Bora Institute Of Allied Health Sciences, Sewa Hospital Research Center, Lucknow, Distt.- Lucknow, Uttar Pradesh, Pin Code- 226201",Bora Polyclinic Ltd,Lucknow,Uttar Pradesh,Private,ANM | GNM | B.Sc(N) | P B B.Sc(N) | M. Sc (N),60 (Sixty) | 60 (Sixty) | 60 (Sixty) | 50 (Fifty) | 20 (Twenty) 4 In Each Specialty,250,226201,2025-2026,INC Yearly Report,https://online.indiannursingcouncil.org/Reports/YearlyReportByState.aspx,2026-09-11T11:40:24.366260
Uttar Pradesh|Mathura|BRIJ CHIKITSA SANSTHAN SCHOOL OF NURSING,Brij Chikitsa Sansthan School Of Nursing,"Brij Chikitsa Sansthan School Of Nursing, Daresi Road, Mathura, Mathura, Distt.- Mathura, Uttar Pradesh, Pin Code- 281001",Brij Chikitsa Sansthan Society,Mathura,Uttar Pradesh,Private,ANM | B.Sc(N) | GNM,40 (Forty) | 40 (Forty) | 40 (Forty),120,281001,2025-2026,INC Yearly Report,https://online.indiannursingcouncil.org/Reports/YearlyReportByState.aspx,2026-09-11T11:40:24.366260
Uttar Pradesh|Hapur|BUDDHA INSTITUTE OF MANAGEMENT AND TECHNOLOGY,Buddha Institute Of Management And Technology,"Buddha Institute Of Management And Technology, Upsidc Mg Road, Ghaziabad, Distt.- Hapur, Uttar Pradesh, Pin Code- 201001",Gautam Budha Welfare And Education Society,Hapur,Uttar Pradesh,Private,ANM | GNM,30 (Thirty) | 60 (Sixty),90,201001,2025-2026,INC Yearly Report,https://online.indiannursingcouncil.org/Reports/YearlyReportByState.aspx,2026-09-11T11:40:24.366260
Uttar Pradesh|Etah|C S COLLEGE OF NURSING AND PARAMEDICAL,C S College Of Nursing And Paramedical,"C S College Of Nursing And Paramedical, Near P.A.C Compound Marehra Road Etah, Etah, Distt.- Etah, Uttar Pradesh, Pin Code- 207001",Smt. Surajmukhi Siksha Trust,Etah,Uttar Pradesh,Private,ANM,40 (Forty),40,207001,2025-2026,INC Yearly Report,https://online.indiannursingcouncil.org/Reports/YearlyReportByState.aspx,2026-09-11T11:40:24.366260
Uttar Pradesh|Etah|CAPTAIN TARA KUSHWAHA NURSING COLLEGE AND RESEARCH CENTER,Captain Tara Kushwaha Nursing College And Research Center,"Captain Tara Kushwaha Nursing College And Research Center, In Front Of Fci Godown G T Road , Etah, Distt.- Etah, Uttar Pradesh, Pin Code- 207001",Dr Shyam Singh Shakya Foundation,Etah,Uttar Pradesh,Private,GNM,40 (Forty),40,207001,2025-2026,INC Yearly Report,https://online.indiannursingcouncil.org/Reports/YearlyReportByState.aspx,2026-09-11T11:40:24.366260
Uttar Pradesh|Lucknow|CAREER COLLEGE OF NURSING,Career College Of Nursing,"Career College Of Nursing, Sitapur - Hardoi Bypass Road, Near I I M, Ghaila, Distt.- Lucknow, Uttar Pradesh, Pin Code- 226013",Career Convent Educational Charitable Trust,Lucknow,Uttar Pradesh,Private,ANM | GNM | B.Sc(N) | M. Sc (N),50 (Fifty) | 60 (Sixty) | 100 (One Hundred) | 20 (Twenty) 04 In Each Speciality,230,226013,2025-2026,INC Yearly Report,https://online.indiannursingcouncil.org/Reports/YearlyReportByState.aspx,2026-09-11T11:40:24.366260
Uttar Pradesh|Kanpur Nagar|CH HARMOHAN SINGH PARAMEDICAL SCIENCES NURSING INSTT.,Ch Harmohan Singh Paramedical Sciences Nursing Instt.,"Ch Harmohan Singh Paramedical Sciences Nursing Instt., Meharban Singh Ka Purawa, Kanpur Nagar, Distt.- Kanpur Nagar, Uttar Pradesh, Pin Code- 208001",Shivlok Sanskrat Pratisthan,Kanpur Nagar,Uttar Pradesh,Private,ANM,40 (Forty),40,208001,2025-2026,INC Yearly Report,https://online.indiannursingcouncil.org/Reports/YearlyReportByState.aspx,2026-09-11T11:40:30.632823
Uttar Pradesh|Baghpat|CH KEHAR SINGH INSTITUTE OF PARAMEDICAL SCIENCES AND HOSPITAL,Ch Kehar Singh Institute Of Paramedical Sciences And Hospital,"Ch Kehar Singh Institute Of Paramedical Sciences And Hospital, Kotana Road, Baraut, Distt.- Baghpat, Uttar Pradesh, Pin Code- 250611",Ch Kehar Singh Educational Trust,Baghpat,Uttar Pradesh,Private,B.Sc(N) | ANM | GNM,40 (Forty) | 20 (Twenty) | 40 (Forty),100,250611,2025-2026,INC Yearly Report,https://online.indiannursingcouncil.org/Reports/YearlyReportByState.aspx,2026-09-11T11:40:30.632823
Uttar Pradesh|Kanpur Nagar|CHANDNI CHARITABLE HOSPITAL SOCIETY SCHOOL OF NURSING,Chandni Charitable Hospital Society School Of Nursing,"Chandni Charitable Hospital Society School Of Nursing, 347 Vikas Nagar, Lakhanpur, Kanpur, Kanpur, Distt.- Kanpur Nagar, Uttar Pradesh, Pin Code- 208024",Chandni Charitable Hospital Society,Kanpur Nagar,Uttar Pradesh,Private,GNM | B.Sc(N) | ANM,50 (Fifty) | 40 (Forty) | 40 (Forty),130,208024,2025-2026,INC Yearly Report,https://online.indiannursingcouncil.org/Reports/YearlyReportByState.aspx,2026-09-11T11:40:30.632823
Uttar Pradesh|Barabanki|CHANDRA HOSPITAL AND RESEARCH CENTRE,Chandra Hospital And Research Centre,"Chandra Hospital And Research Centre, Near Safedabad Railway Crossing Post Asaini, Barabanki, Distt.- Barabanki, Uttar Pradesh, Pin Code- 225001",Dr. Bhim Rao Ambedkar Educational Socielty,Barabanki,Uttar Pradesh,Private,ANM | GNM,40 (Forty) | 30 (Thirty),70,225001,2025-2026,INC Yearly Report,https://online.indiannursingcouncil.org/Reports/YearlyReportByState.aspx,2026-09-11T11:40:30.632823
Uttar Pradesh|Bareilly|CHANDRALOK INSTITUTE OF MEDICAL SCIENCES,Chandralok Institute Of Medical Sciences,"Chandralok Institute Of Medical Sciences, Vill And Post Rajau Paraspur, , Bareilly, Distt.- Bareilly, Uttar Pradesh, Pin Code- 243123",Smt Usha Rani Memorial Trust,Bareilly,Uttar Pradesh,Private,GNM,40 (Forty),40,243123,2025-2026,INC Yearly Report,https://online.indiannursingcouncil.org/Reports/YearlyReportByState.aspx,2026-09-11T11:40:30.632823
Uttar Pradesh|Gorakhpur|CHANDRAMAULI SWAMINATH NURSING AND PARAMEDICAL COLLEGE,Chandramauli Swaminath Nursing And Paramedical College,"Chandramauli Swaminath Nursing And Paramedical College, 11-Km, N H -28, Kasia Road, Kushmi Road, Rudrapur, Gorakhpur, Distt.- Gorakhpur, Uttar Pradesh, Pin Code- 273001",C M S N Educational Welfare Society,Gorakhpur,Uttar Pradesh,Private,ANM | GNM,30 (Thirty) | 50 (Fifty),80,273001,2025-2026,INC Yearly Report,https://online.indiannursingcouncil.org/Reports/YearlyReportByState.aspx,2026-09-11T11:40:30.632823
Uttar Pradesh|Lucknow|CHARAK INSTITUTE OF PARAMEDICALS NURSING,Charak Institute Of Paramedicals Nursing,"Charak Institute Of Paramedicals Nursing, Opposite Dubagga Sabji Mandi, Dubagga, Lucknow, Distt.- Lucknow, Uttar Pradesh, Pin Code- 226003",Charak Health Care Rural Development Society,Lucknow,Uttar Pradesh,Private,ANM | GNM,40 (Forty) | 60 (Sixty),100,226003,2025-2026,INC Yearly Report,https://online.indiannursingcouncil.org/Reports/YearlyReportByState.aspx,2026-09-11T11:40:30.632823
Uttar Pradesh|Etawah|CHAUDHARY SUGHAR SINGH NURSING AND PARAMEDICAL COLLEGE,Chaudhary Sughar Singh Nursing And Paramedical College,"Chaudhary Sughar Singh Nursing And Paramedical College, Kachora Road Railmandi,, Jaswant Nagar, Distt.- Etawah, Uttar Pradesh, Pin Code- 206245",Chaudhary Sughar Singh Smriti Nyas,Etawah,Uttar Pradesh,Private,ANM | GNM | B.Sc(N) | P B B.Sc(N),50 (Fifty) | 40 (Forty) | 40 (Forty) | 30 (Thirty),160,206245,2025-2026,INC Yearly Report,https://online.indiannursingcouncil.org/Reports/YearlyReportByState.aspx,2026-09-11T11:40:30.632823
Uttar Pradesh|Faizabad|CHIRANJEEV NURSING INSTITUTE,Chiranjeev Nursing Institute,"Chiranjeev Nursing Institute, 8/10/201, Chiranjeev Hospital Campus, Naka Muzaffara, Faizabad, Ayodhya, U.P. , Vill.- Janaura, Naka Muzaffara , Tehsil- Faizabad, Distt.- Faizabad, Uttar Pradesh, Pi",Bhagwandeen Memorial Chiranjeev Charitable Trust,Faizabad,Uttar Pradesh,Private,ANM | GNM,50 (Fifty) | 40 (Forty),90,,2025-2026,INC Yearly Report,https://online.indiannursingcouncil.org/Reports/YearlyReportByState.aspx,2026-09-11T11:40:30.632823
Uttar Pradesh|Allahabad|CHRISTIAN COLLEGE OF NURSING,Christian College Of Nursing,"Christian College Of Nursing, Faculty Of Health, Medicalsciences, Indigenous &Amp;Alternative Systems Ofmedicine, Rewa Road, Naini, Prayagraj, Distt.- Allahabad, Uttar Pradesh, Pin Code- 211007",Sam Higginbottom Educational And Charitable Society,Allahabad,Uttar Pradesh,Private,Upgraded College of Nursing,40 (Forty),40,211007,2025-2026,INC Yearly Report,https://online.indiannursingcouncil.org/Reports/YearlyReportByState.aspx,2026-09-11T11:40:30.632823
Uttar Pradesh|Kasganj|CHRISTIAN HOSPITAL,Christian Hospital,"Christian Hospital, School Of Nursing, Christian Hospital, Etah, Kasganj, Distt.- Kasganj, Uttar Pradesh, Pin Code- 207123",Christian Hospital Society,Kasganj,Uttar Pradesh,Private,GNM | ANM,50 (Fifty) | 40 (Forty),90,207123,2025-2026,INC Yearly Report,https://online.indiannursingcouncil.org/Reports/YearlyReportByState.aspx,2026-09-11T11:40:30.632823
Uttar Pradesh|Gorakhpur|COL J.P.TRIPATHI NURSING COLLEGE,Col J.P.Tripathi Nursing College,"Col J.P.Tripathi Nursing College, N.H.28, Rudrapur, Kushmi, Gorakhpur, Distt.- Gorakhpur, Uttar Pradesh, Pin Code- 273001",Project T.E.A.C.H,Gorakhpur,Uttar Pradesh,Private,GNM,20 (Twenty),20,273001,2025-2026,INC Yearly Report,https://online.indiannursingcouncil.org/Reports/YearlyReportByState.aspx,2026-09-11T11:40:30.632823
Uttar Pradesh|Allahabad|COLLEGE 0F NURSING,College 0F Nursing,"College 0F Nursing, Government Medical College, Swaroop Rani Nehru Chikitsalaya Campus, North Malaka, Prayagraj, Prayagraj, Distt.- Allahabad, Uttar Pradesh, Pin Code- 211001",Government Of Uttar Pradesh,Allahabad,Uttar Pradesh,Government,B.Sc(N),40 (Forty),40,211001,2025-2026,INC Yearly Report,https://online.indiannursingcouncil.org/Reports/YearlyReportByState.aspx,2026-09-11T11:40:30.632823
Uttar Pradesh|Lucknow|COLLEGE OF NURSING COMMAND HOSPITAL,College Of Nursing Command Hospital,"College Of Nursing Command Hospital, Command Hospital, Central Command, Lucknow , Vill.- Lucknow, Tehsil- Mall, Distt.- Lucknow, Uttar Pradesh, Pin Code- 226002",Indian Army,Lucknow,Uttar Pradesh,Government,B.Sc(N) | P B B.Sc(N) | Post Basic Diploma in Emergency &amp; Disaster Nursing | Nurse Practitioner in Midwifery,50 (Fifty) | 30 (Thirty) | 15 (Fifteen) | 15 (Fifteen),110,226002,2025-2026,INC Yearly Report,https://online.indiannursingcouncil.org/Reports/YearlyReportByState.aspx,2026-09-11T11:40:30.632823
Uttar Pradesh|Kannauj|COLLEGE OF NURSING DR BHIMRAO RAMJI AMBEDKAR GOVT. MEDICAL COLLEGE KANNAUJ,College Of Nursing Dr Bhimrao Ramji Ambedkar Govt. Medical College Kannauj,"College Of Nursing Dr Bhimrao Ramji Ambedkar Govt. Medical College Kannauj, Nursing Block, Paramedical Campus, Tirwa, Kannauj, Tirwa, Distt.- Kannauj, Uttar Pradesh, Pin Code- 209732",Government Of Uttar Pradesh,Kannauj,Uttar Pradesh,Government,B.Sc(N),40 (Forty),40,209732,2025-2026,INC Yearly Report,https://online.indiannursingcouncil.org/Reports/YearlyReportByState.aspx,2026-09-11T11:40:36.980751
Uttar Pradesh|Gautam Budha Nagar|COLLEGE OF NURSING GOVERNMENT INSTITUTE OF MEDICAL SCIENCES,College Of Nursing Government Institute Of Medical Sciences,"College Of Nursing Government Institute Of Medical Sciences, College Of Nursing Government Institute Of Medical Sciences Greater Noida, Greater Noida, Distt.- Gautam Budha Nagar, Uttar Pradesh, Pin",Government Institute Of Medical Science,Gautam Budha Nagar,Uttar Pradesh,Government,B.Sc(N),60 (Sixty),60,,2025-2026,INC Yearly Report,https://online.indiannursingcouncil.org/Reports/YearlyReportByState.aspx,2026-09-11T11:40:36.980751
Uttar Pradesh|Budaun|COLLEGE OF NURSING,College Of Nursing,"College Of Nursing, Government Medical College, Gunera Wazidpur,Sirsaulli, Budaun, Distt.- Budaun, Uttar Pradesh, Pin Code- 243601",Uttar Pradesh,Budaun,Uttar Pradesh,Government,B.Sc(N),60 (Sixty),60,243601,2025-2026,INC Yearly Report,https://online.indiannursingcouncil.org/Reports/YearlyReportByState.aspx,2026-09-11T11:40:36.980751
Uttar Pradesh|Meerut|COLLEGE OF NURSING,College Of Nursing,"College Of Nursing, Llrm Medical College,, Llrm Medical College Campus, Svbp Hospital, Garh Road, Meerut, Distt.- Meerut, Uttar Pradesh, Pin Code- 250004",Uttar Pradesh Government,Meerut,Uttar Pradesh,Government,M. Sc (N) | B.Sc(N),"25 (Twenty Five) Med-Surg-05, Chn-05, Obg-05, Psy-05, Pead-05 | 100 (One Hundred)",125,250004,2025-2026,INC Yearly Report,https://online.indiannursingcouncil.org/Reports/YearlyReportByState.aspx,2026-09-11T11:40:36.980751
Uttar Pradesh|Basti|COLLEGE OF NURSING,College Of Nursing,"College Of Nursing, Maharshi Vashishtha Autonomous State Medical College, College Of Nursing, Rampur , Basti, Rampur/ Basti, Distt.- Basti, Uttar Pradesh, Pin Code- 272124",State Govt. Uttar Pradesh,Basti,Uttar Pradesh,Government,B.Sc(N),60 (Sixty),60,272124,2025-2026,INC Yearly Report,https://online.indiannursingcouncil.org/Reports/YearlyReportByState.aspx,2026-09-11T11:40:36.980751
Uttar Pradesh|Aligarh|COLLEGE OF NURSING,College Of Nursing,"College Of Nursing, Near Ophthalmology Deptt,Aligarh Muslim University, Aligarh, Distt.- Aligarh, Uttar Pradesh, Pin Code- 202001",Aligarh Muslim University,Aligarh,Uttar Pradesh,Government,Upgraded College of Nursing,60 (Sixty),60,202001,2025-2026,INC Yearly Report,https://online.indiannursingcouncil.org/Reports/YearlyReportByState.aspx,2026-09-11T11:40:36.980751
Uttar Pradesh|Agra|COLLEGE OF NURSING,College Of Nursing,"College Of Nursing, S.N. Medical College, Moti Katra , Agra, Distt.- Agra, Uttar Pradesh, Pin Code- 282002",U.P,Agra,Uttar Pradesh,Government,B.Sc(N),60 (Sixty),60,282002,2025-2026,INC Yearly Report,https://online.indiannursingcouncil.org/Reports/YearlyReportByState.aspx,2026-09-11T11:40:36.980751
Uttar Pradesh|Varanasi|COLLEGE OF NURSING,College Of Nursing,"College Of Nursing, Sir Sunder Lal Hospital, College Of Nursing, Institute Of Medical Sciences, Banaras Hindu University, Varanasi-221005 , Varanasi , Distt.- Varanasi, Uttar Pradesh, Pin Code-",Institute Of Medical Sciences,Varanasi,Uttar Pradesh,Government,B.Sc(N),100 (One Hundred),100,221005,2025-2026,INC Yearly Report,https://online.indiannursingcouncil.org/Reports/YearlyReportByState.aspx,2026-09-11T11:40:36.980751
Uttar Pradesh|Kanpur Nagar|COLLEGE OF NURSING,College Of Nursing,"College Of Nursing,, Medical College Campus, Nawabganj, Distt.- Kanpur Nagar, Uttar Pradesh, Pin Code- 208002",Uttar Pradesh,Kanpur Nagar,Uttar Pradesh,Government,B.Sc(N) | M. Sc (N) | P B B.Sc(N),"40 (Forty) | 25 (Twenty Five) Chn- 20, Psy.- 5 | 50 (Fifty)",115,208002,2025-2026,INC Yearly Report,https://online.indiannursingcouncil.org/Reports/YearlyReportByState.aspx,2026-09-11T11:40:36.980751
Uttar Pradesh|Ambedakar Nagar|DAYARAM VERMA COLLEGE OF NURSING AND PARAMEDICAL SCIENCES,Dayaram Verma College Of Nursing And Paramedical Sciences,"Dayaram Verma College Of Nursing And Paramedical Sciences, Village- Sanghatiya Sadarpur, Post-Sinjhauli, Tehsilakbarpur, District-Ambedkar Nagar, Akbarpur, Distt.- Ambedakar Nagar, Uttar Pradesh,",Dayaram Verma Shaikshik Evam Dharmarth Trust,Ambedakar Nagar,Uttar Pradesh,Private,GNM,40 (Forty),40,,2025-2026,INC Yearly Report,https://online.indiannursingcouncil.org/Reports/YearlyReportByState.aspx,2026-09-11T11:40:36.980751
Uttar Pradesh|Bareilly|DEEPMALA COLLEGE OF NURSING,Deepmala College Of Nursing,"Deepmala College Of Nursing, Village Zed, Bareilly, Distt.- Bareilly, Uttar Pradesh, Pin Code- 243201",Trinity Educational And Charitable Trust,Bareilly,Uttar Pradesh,Private,GNM | B.Sc(N),40 (Forty) | 40 (Forty),80,243201,2025-2026,INC Yearly Report,https://online.indiannursingcouncil.org/Reports/YearlyReportByState.aspx,2026-09-11T11:40:36.980751
Uttar Pradesh|Agra|DEV SCHOOL OF NURSING,Dev School Of Nursing,"Dev School Of Nursing,, Barhan , Etmadpur, Agra, Agra , Distt.- Agra, Uttar Pradesh, Pin Code- 283201",Chhya Educational Trust,Agra,Uttar Pradesh,Private,GNM,40 (Forty),40,283201,2025-2026,INC Yearly Report,https://online.indiannursingcouncil.org/Reports/YearlyReportByState.aspx,2026-09-11T11:40:36.980751
Uttar Pradesh|Hardoi|DEVAKI MADHAV INSTITUTE OF PARAMEDICAL SCIENSES,Devaki Madhav Institute Of Paramedical Scienses,"Devaki Madhav Institute Of Paramedical Scienses, Teriya Jagdishpur Shahabad Road Hardoi , Hardoi, Distt.- Hardoi, Uttar Pradesh, Pin Code- 241001",Dr B R Ambedkar Educational And Welfare Society,Hardoi,Uttar Pradesh,Private,ANM,40 (Forty),40,241001,2025-2026,INC Yearly Report,https://online.indiannursingcouncil.org/Reports/YearlyReportByState.aspx,2026-09-11T11:40:36.980751
Uttar Pradesh|Ghaziabad|DIVYA JYOTI NURSING COLLEGE,Divya Jyoti Nursing College,"Divya Jyoti Nursing College, Niwari Road, Modinagar, Distt.- Ghaziabad, Uttar Pradesh, Pin Code- 201204",Jassar Dental Medical Education Health Foundation,Ghaziabad,Uttar Pradesh,Private,B.Sc(N) | ANM | GNM,40 (Forty) | 20 (Twenty) | 30 (Thirty),90,201204,2025-2026,INC Yearly Report,https://online.indiannursingcouncil.org/Reports/YearlyReportByState.aspx,2026-09-11T11:40:36.980751
Uttar Pradesh|Lucknow|DR ACHAL SINGH YADAV INSTITUTE OF NURSING AND PARAMEDICAL SCIENCE,Dr Achal Singh Yadav Institute Of Nursing And Paramedical Science,"Dr Achal Singh Yadav Institute Of Nursing And Paramedical Science, 365, Adharkheda, Post Gudamba, Kursi Road, Bkt, Lucknow , Lucknow , Distt.- Lucknow, Uttar Pradesh, Pin Code- 226026",Dr Achal Singh Yadav Dasy Foundation,Lucknow,Uttar Pradesh,Private,B.Sc(N) | M. Sc (N) | ANM | GNM,50 (Forty) | 10 (Ten) 02 In Each Specialty | 40 (Forty) | 40 (Forty),140,226026,2025-2026,INC Yearly Report,https://online.indiannursingcouncil.org/Reports/YearlyReportByState.aspx,2026-09-11T11:40:36.980751
Uttar Pradesh|Deoria|DR ASHISH PARA MEDICAL COLLEGE,Dr Ashish Para Medical College,"Dr Ashish Para Medical College, Uma Nagar, Deoria , Vill.- Raghav Nagar, Tehsil- Deoria Sadar, Distt.- Deoria, Uttar Pradesh, Pin Code- 274001",Late Raj Bahadur Singh Smarak Jan Kalyan Seva Sansthan,Deoria,Uttar Pradesh,Private,ANM | GNM | B.Sc(N),40 (Forty) | 40 (Forty) | 40 (Forty),120,274001,2025-2026,INC Yearly Report,https://online.indiannursingcouncil.org/Reports/YearlyReportByState.aspx,2026-09-11T11:40:36.980751
Uttar Pradesh|Ballia|DR MAHAVEER SINGH NURSING COLLEGE,Dr Mahaveer Singh Nursing College,"Dr Mahaveer Singh Nursing College, Kachhua Khas, Basarikapur, Taluk-Dubhar, Ballia 277401 (Up) , Vill.- Basarikapur, Tehsil- Dubhar, Distt.- Ballia, Uttar Pradesh, Pin Code- 277401",Dr Mahaveer Singh Hospital Trust,Ballia,Uttar Pradesh,Private,GNM,40 (Forty),40,277401,2025-2026,INC Yearly Report,https://online.indiannursingcouncil.org/Reports/YearlyReportByState.aspx,2026-09-11T11:40:36.980751
Uttar Pradesh|Lucknow|DR O P CHAUDHARY SCHOOL OF NURSING,Dr O P Chaudhary School Of Nursing,"Dr O P Chaudhary School Of Nursing, Chaudhary Vihar, Rai-Bareily Road, Lucknow , Distt.- Lucknow, Uttar Pradesh, Pin Code- 226025",Dr O P Chaudhary Foundation Trust,Lucknow,Uttar Pradesh,Private,ANM | GNM,50 (Fifty) | 40 (Forty),90,226025,2025-2026,INC Yearly Report,https://online.indiannursingcouncil.org/Reports/YearlyReportByState.aspx,2026-09-11T11:40:43.058514
Uttar Pradesh|Rampur|DR PRATAP SINGH MALIK COLLEGE OF NURSING,Dr Pratap Singh Malik College Of Nursing,"Dr Pratap Singh Malik College Of Nursing, Hospital, Nanital Highway Road, (Front Of Mankara Police Chowki), Vill.- Mankara , Tehsil- Bilaspur, Distt.- Rampur, Uttar Pradesh, Pin Code- 244901",Dr S M A Educational Society,Rampur,Uttar Pradesh,Private,GNM | ANM,40 (Forty) | 30 (Thirty),70,244901,2025-2026,INC Yearly Report,https://online.indiannursingcouncil.org/Reports/YearlyReportByState.aspx,2026-09-11T11:40:43.058514
Uttar Pradesh|Lucknow|DR RAM MANOHAR LOHIA INSTITUTE OF MEDICAL SCIENCES,Dr Ram Manohar Lohia Institute Of Medical Sciences,"Dr Ram Manohar Lohia Institute Of Medical Sciences, Vibhuti Khand, Gomati Nagar, Lucknow 226010, Lucknoiw, Distt.- Lucknow, Uttar Pradesh, Pin Code- 226010",Dr Ram Manohar Lohia Institute Of Medical Sciences,Lucknow,Uttar Pradesh,Government,B.Sc(N),40 (Forty),40,226010,2025-2026,INC Yearly Report,https://online.indiannursingcouncil.org/Reports/YearlyReportByState.aspx,2026-09-11T11:40:43.058514
Uttar Pradesh|Varanasi|DR VIJAY COLLEGE OF NURSING MEDICAL,Dr Vijay College Of Nursing Medical,"Dr Vijay College Of Nursing Medical, Bhandha Kala, Kaithi, Vill.- Varanasi , Tehsil- Chirai Goan, Distt.- Varanasi, Uttar Pradesh, Pin Code- 221116",Shri Krishan Sudama Sanstha,Varanasi,Uttar Pradesh,Private,GNM | ANM,40 (Forty) | 30 (Thirty),70,221116,2025-2026,INC Yearly Report,https://online.indiannursingcouncil.org/Reports/YearlyReportByState.aspx,2026-09-11T11:40:43.058514
Uttar Pradesh|Barabanki|DR. K N S COLLEGE OF NURSING,Dr. K N S College Of Nursing,"Dr. K N S College Of Nursing, Dr. K N S Memorial Institute Of Medical Sciences, Barabanki, Vill.- Gadia , Tehsil- Banki, Distt.- Barabanki, Uttar Pradesh, Pin Code- 225001",Bodhisatva Charitable Trust,Barabanki,Uttar Pradesh,Private,ANM | B.Sc(N) | GNM,50 (Fifty) | 70 (Seventy) | 100 (One Hundred),220,225001,2025-2026,INC Yearly Report,https://online.indiannursingcouncil.org/Reports/YearlyReportByState.aspx,2026-09-11T11:40:43.058514
Uttar Pradesh|Ambedakar Nagar|DR. K N S COLLEGE OF NURSING,Dr. K N S College Of Nursing,"Dr. K N S College Of Nursing, Nagpur, Ambedkar Nagar, , Jalalpur, Distt.- Ambedakar Nagar, Uttar Pradesh, Pin Code- 224149",Bodhisatva Charitable Trust,Ambedakar Nagar,Uttar Pradesh,Private,GNM,40 (Forty),40,224149,2025-2026,INC Yearly Report,https://online.indiannursingcouncil.org/Reports/YearlyReportByState.aspx,2026-09-11T11:40:43.058514
Uttar Pradesh|Lucknow|DR. KNS SCHOOL OF NURSING,Dr. Kns School Of Nursing,"Dr. Kns School Of Nursing , Gomti Nagar, Gomti Nagar, Distt.- Lucknow, Uttar Pradesh, Pin Code- 226010",Bodhisatva Charitable Trust,Lucknow,Uttar Pradesh,Private,ANM | GNM,50 (Fifty) | 60 (Sixty),110,226010,2025-2026,INC Yearly Report,https://online.indiannursingcouncil.org/Reports/YearlyReportByState.aspx,2026-09-11T11:40:43.058514
Uttar Pradesh|Allahabad|DR. MAHENDRA KUMAR CHHOTE LAL BIND COLLEGE OF NURSING AND PARAMEDICAL SCIENCES,Dr. Mahendra Kumar Chhote Lal Bind College Of Nursing And Paramedical Sciences,"Dr. Mahendra Kumar Chhote Lal Bind College Of Nursing And Paramedical Sciences, Upardaha Handia Prayagraj Up, Handia, Distt.- Allahabad, Uttar Pradesh, Pin Code- 221502",Dr. Mahendra Kumar Chhote Lal Bind Cheritable Trust,Allahabad,Uttar Pradesh,Private,ANM,40 (Forty),40,221502,2025-2026,INC Yearly Report,https://online.indiannursingcouncil.org/Reports/YearlyReportByState.aspx,2026-09-11T11:40:43.058514
Uttar Pradesh|Baharaich|DR. SARVESH KUMAR SHUKLA INSTITUTE OF NURSING AND PARAMEDICAL SCIENCES,Dr. Sarvesh Kumar Shukla Institute Of Nursing And Paramedical Sciences,"Dr. Sarvesh Kumar Shukla Institute Of Nursing And Paramedical Sciences, Sitapur Road Sablapur, Bahraich, Sablapur, Distt.- Baharaich, Uttar Pradesh, Pin Code- 271825",Sarvesh Shukla Charitable Trust,Baharaich,Uttar Pradesh,Private,ANM | GNM | B.Sc(N),40 (Forty) | 40 (Forty) | 40 (Forty),120,271825,2025-2026,INC Yearly Report,https://online.indiannursingcouncil.org/Reports/YearlyReportByState.aspx,2026-09-11T11:40:43.058514
Uttar Pradesh|Farrukhabad|DR. SUNITA NURSING AND PARAMEDICAL COLLEGE,Dr. Sunita Nursing And Paramedical College,"Dr. Sunita Nursing And Paramedical College, J. S. Nagar , Nawabganj, Distt.- Farrukhabad, Uttar Pradesh, Pin Code- 209501",Shri Mitthu Lal Balika Vidhyalay Shiksha Samiti,Farrukhabad,Uttar Pradesh,Private,B.Sc(N) | ANM | GNM,40 (Forty) | 40 (Forty) | 40 (Forty),120,209501,2025-2026,INC Yearly Report,https://online.indiannursingcouncil.org/Reports/YearlyReportByState.aspx,2026-09-11T11:40:43.058514
Uttar Pradesh|Agra|DR. TANDON NURSING COLLEGE,Dr. Tandon Nursing College,"Dr. Tandon Nursing College, Nh - 11, Fatehpur Sikri Road, Vill.- Singarpur, Tehsil- Kiraoli, Distt.- Agra, Uttar Pradesh, Pin Code- 283122",T R I S H A Welfare Society,Agra,Uttar Pradesh,Private,ANM | B.Sc(N) | GNM | P B B.Sc(N),30 (Thirty) | 60 (Sixty) | 40 (Forty) | 30 (Thirty),160,283122,2025-2026,INC Yearly Report,https://online.indiannursingcouncil.org/Reports/YearlyReportByState.aspx,2026-09-11T11:40:43.058514
Uttar Pradesh|Farrukhabad|DR.ANAR SINGH NURSING AND PARAMEDICAL COLLEGE,Dr.Anar Singh Nursing And Paramedical College,"Dr.Anar Singh Nursing And Paramedical College, Village-Barna Bujurg Post-Jaitpur , Farrukhabad, Distt.- Farrukhabad, Uttar Pradesh, Pin Code- 209601",Dr.Anar Singh Educational Trust,Farrukhabad,Uttar Pradesh,Private,ANM | GNM | B.Sc(N),40 (Forty) | 40 (Forty) | 40 (Forty),120,209601,2025-2026,INC Yearly Report,https://online.indiannursingcouncil.org/Reports/YearlyReportByState.aspx,2026-09-11T11:40:43.058514
Uttar Pradesh|Lucknow|ERA SCHOOL OF NURSING,Era School Of Nursing,"Era School Of Nursing, Sarfarzganj, Lucknow, Distt.- Lucknow, Uttar Pradesh, Pin Code- 226003",Era Educational Trust,Lucknow,Uttar Pradesh,Private,ANM | GNM | B.Sc(N) | M. Sc (N) | P B B.Sc(N),50 (Fifty) | 100 (One Hundred) | 80 (Eighty) | 32 (Thirty Two) | 30 (Thirty),292,226003,2025-2026,INC Yearly Report,https://online.indiannursingcouncil.org/Reports/YearlyReportByState.aspx,2026-09-11T11:40:43.058514
Uttar Pradesh|Firozabad|F H COLLEGE OF NURSING,F H College Of Nursing,"F H College Of Nursing, Near Railway Over Bridge, Nh - 2 Tundla, Vill.- Tundla , Tehsil- Tundla, Distt.- Firozabad, Uttar Pradesh, Pin Code- 283204",The Muslim Educational Welfare Society,Firozabad,Uttar Pradesh,Private,ANM | GNM | B.Sc(N) | M. Sc (N) | P B B.Sc(N),30 (Thirty) | 60 (SIXTY) | 60 (SIXTY) | 05 (Five) Medical Surgical- 05 | 20 (Twenty),175,283204,2025-2026,INC Yearly Report,https://online.indiannursingcouncil.org/Reports/YearlyReportByState.aspx,2026-09-11T11:40:49.044817
Uttar Pradesh|Firozabad|F S COLLEGE OF NURSING,F S College Of Nursing,"F S College Of Nursing, Near Balaji Mandir, Shikohabad, Firozabad, Distt.- Firozabad, Uttar Pradesh, Pin Code- 283135",Fulan Singh Jankalyan Trust,Firozabad,Uttar Pradesh,Private,ANM | GNM | B.Sc(N),60 (Sixty) | 40 (Forty) | 60 (Sixty),160,283135,2025-2026,INC Yearly Report,https://online.indiannursingcouncil.org/Reports/YearlyReportByState.aspx,2026-09-11T11:40:49.044817
Uttar Pradesh|Lucknow|F.I. COLLEGE OF NURSING,F.I. College Of Nursing,"F.I. College Of Nursing, 1223, Khand Dev, Banthra, Kanpur Road, Lucknow, Lucknow, Distt.- Lucknow, Uttar Pradesh, Pin Code- 226401",F. I. Educational And Welfare Society,Lucknow,Uttar Pradesh,Private,B.Sc(N) | P B B.Sc(N) | ANM | GNM,40 (Forty) | 30 (Thirty) | 30 (Thirty) | 60 (Sixty),160,226401,2025-2026,INC Yearly Report,https://online.indiannursingcouncil.org/Reports/YearlyReportByState.aspx,2026-09-11T11:40:49.044817
Uttar Pradesh|Allahabad|FACULTY OF NURSING AND PARAMEDICAL STUDIES,Faculty Of Nursing And Paramedical Studies,"Faculty Of Nursing And Paramedical Studies, 19Th Mile Stone, Nh-27, Village - Panwar Gohania, Vill.- Panwar , Tehsil- Karchhana, Distt.- Allahabad, Uttar Pradesh, Pin Code- 212107",Vatsalya Institute Of Medical Sciences,Allahabad,Uttar Pradesh,Private,ANM | GNM,40 (Forty) | 20 (Twenty),60,212107,2025-2026,INC Yearly Report,https://online.indiannursingcouncil.org/Reports/YearlyReportByState.aspx,2026-09-11T11:40:49.044817
Uttar Pradesh|Etawah|FACULTY OF NURSING,Faculty Of Nursing,"Faculty Of Nursing, Up University Of Medical Science, Po - Saifai, Tahsil - Saifai, Vill.- Saifai, Tehsil- Saiphai, Distt.- Etawah, Uttar Pradesh, Pin Code- 206130",Uttar Pradesh,Etawah,Uttar Pradesh,Government,ANM | GNM | B.Sc(N),50 (Fifty) | 60 (Sixty) | 60 (Sixty),170,206130,2025-2026,INC Yearly Report,https://online.indiannursingcouncil.org/Reports/YearlyReportByState.aspx,2026-09-11T11:40:49.044817
Uttar Pradesh|Lucknow|FATIMA COLLEGE OF NURSING,Fatima College Of Nursing,"Fatima College Of Nursing, Fatima Hospital, Lucknow, Distt.- Lucknow, Uttar Pradesh, Pin Code- 226006",The Fatima Hospital,Lucknow,Uttar Pradesh,Private,B.Sc(N) | GNM,40 (Forty) | 40 (Forty),80,226006,2025-2026,INC Yearly Report,https://online.indiannursingcouncil.org/Reports/YearlyReportByState.aspx,2026-09-11T11:40:49.044817
Uttar Pradesh|Gorakhpur|FATIMA COLLEGE OF NURSING,Fatima College Of Nursing,"Fatima College Of Nursing, Fatima Hospital, Mother Teresa Road, Padri Bazar,, Gorakhpur, Distt.- Gorakhpur, Uttar Pradesh, Pin Code- 273014",Purvanchal Gramin Seva Samiti,Gorakhpur,Uttar Pradesh,Private,B.Sc(N) | ANM | GNM,40 (Forty) | 40 (Forty) | 40 (Forty),120,273014,2025-2026,INC Yearly Report,https://online.indiannursingcouncil.org/Reports/YearlyReportByState.aspx,2026-09-11T11:40:49.044817
Uttar Pradesh|Bareilly|FUTURE INSTITUTE OF MEDICAL SCIENCES,Future Institute Of Medical Sciences,"Future Institute Of Medical Sciences, Nh-24 Near Faridpur, Bareilly, Distt.- Bareilly, Uttar Pradesh, Pin Code- 243503",Shri Rajendra Kumar Gupta Memorial Trust,Bareilly,Uttar Pradesh,Private,ANM | B.Sc(N) | GNM,40 (Forty) | 40 (Forty) | 40 (Forty),120,243503,2025-2026,INC Yearly Report,https://online.indiannursingcouncil.org/Reports/YearlyReportByState.aspx,2026-09-11T11:40:49.044817
Uttar Pradesh|Lucknow|G C R G COLLEGE OF NURSING,G C R G College Of Nursing,"G C R G College Of Nursing, Village - Parvatpur, Post - Indaurabagh , Vill.- Parvatpur , Tehsil- Bakshi Ka Talab, Distt.- Lucknow, Uttar Pradesh, Pin Code- 227202",G C R G Memorial Trust,Lucknow,Uttar Pradesh,Private,ANM | GNM | B.Sc(N),40 (Forty) | 50 (Fifty) | 40 (Forty),130,227202,2025-2026,INC Yearly Report,https://online.indiannursingcouncil.org/Reports/YearlyReportByState.aspx,2026-09-11T11:40:49.044817
Uttar Pradesh|Agra|G G SCHOOL OF NURSING PARAMEDICAL,G G School Of Nursing Paramedical,"G G School Of Nursing Paramedical, Agra-Delhi National Highway, Runkata Agra, Uttar Pradesh, Agra, Distt.- Agra, Uttar Pradesh, Pin Code- 282007",G G Educational Trust,Agra,Uttar Pradesh,Private,ANM | GNM | B.Sc(N),50 (Fifty) | 40 (Forty) | 40 (Forty),130,282007,2025-2026,INC Yearly Report,https://online.indiannursingcouncil.org/Reports/YearlyReportByState.aspx,2026-09-11T11:40:55.845203
Uttar Pradesh|Amroha|G M S COLLEGE OF NURSING AND PARAMEDICAL SCIENCES,G M S College Of Nursing And Paramedical Sciences,"G M S College Of Nursing And Paramedical Sciences, Nh-24, Shakarpur, Rajabpur, Amroha, Distt.- Amroha, Uttar Pradesh, Pin Code- 244236",Gms Educational Society,Amroha,Uttar Pradesh,Private,ANM | GNM | B.Sc(N) | P B B.Sc(N),40 (Forty) | 60 (Sixty) | 60 (Sixty) | 40 (Forty),200,244236,2025-2026,INC Yearly Report,https://online.indiannursingcouncil.org/Reports/YearlyReportByState.aspx,2026-09-11T11:40:55.845203
Uttar Pradesh|Lucknow|G S R M MEMORIAL SCHOOL OF NURSING,G S R M Memorial School Of Nursing,"G S R M Memorial School Of Nursing, D-6, Indurstrial Estate, Sarojini Nagar, , Lucknow, Distt.- Lucknow, Uttar Pradesh, Pin Code- 226008",G S R M Memorial Education Society,Lucknow,Uttar Pradesh,Private,ANM | B.Sc(N) | P B B.Sc(N) | GNM,40 (Forty) | 40 (Forty) | 30 (Thirty) | 50 (Fifty),160,226008,2025-2026,INC Yearly Report,https://online.indiannursingcouncil.org/Reports/YearlyReportByState.aspx,2026-09-11T11:40:55.845203
Uttar Pradesh|Hapur|G S SCHOOL OF NURSING,G S School Of Nursing,"G S School Of Nursing, Near Railway Station, Nh-24, Vill.- Peeplabandpur, Tehsil- Hapur, Distt.- Hapur, Uttar Pradesh, Pin Code- 245304",Shri Jaipal Singh Sharma Trust,Hapur,Uttar Pradesh,Private,GNM | B.Sc(N),100 (ONE HUNDRED) | 40 (Forty),140,245304,2025-2026,INC Yearly Report,https://online.indiannursingcouncil.org/Reports/YearlyReportByState.aspx,2026-09-11T11:40:55.845203
Uttar Pradesh|Gautam Budha Nagar|GALGOTIAS SCHOOL OF NURSING,Galgotias School Of Nursing,"Galgotias School Of Nursing, Galgotias University, Plot No 2, Sector 17A, Yamuna Expressway, Greater Noida, Distt.- Gautam Budha Nagar, Uttar Pradesh, Pin Code- 203201",Smt Shakuntla Educational And Welfare Society,Gautam Budha Nagar,Uttar Pradesh,Private,B.Sc(N),60 (Sixty),60,203201,2025-2026,INC Yearly Report,https://online.indiannursingcouncil.org/Reports/YearlyReportByState.aspx,2026-09-11T11:40:55.845203
Uttar Pradesh|Bareilly|GANGA SHEEL SCHOOL OF NURSING,Ganga Sheel School Of Nursing,"Ganga Sheel School Of Nursing, Manpuria Janaki Prasad, Bareilly , Distt.- Bareilly, Uttar Pradesh, Pin Code- 243123",Ganga Sheel Charitable Trust,Bareilly,Uttar Pradesh,Private,ANM | GNM | B.Sc(N) | M. Sc (N) | P B B.Sc(N),40 (Forty) | 50 (Fifty) | 40 (Forty) | 20 (Twenty) 4 In Each Specialty | 30 (Thirty),180,243123,2025-2026,INC Yearly Report,https://online.indiannursingcouncil.org/Reports/YearlyReportByState.aspx,2026-09-11T11:40:55.845203
Uttar Pradesh|Saharanpur|GLOCAL COLLEGE OF NURSING AND RESEARCH CENTRE,Glocal College Of Nursing And Research Centre,"Glocal College Of Nursing And Research Centre, Delhi Yamnoutri Marg,Sh-57, Mirzapur Pole, Saharanpur, Distt.- Saharanpur, Uttar Pradesh, Pin Code- 247121",Abdul Waheed Educational And Charitable Trust,Saharanpur,Uttar Pradesh,Private,Upgraded College of Nursing,60 (Sixty),60,247121,2025-2026,INC Yearly Report,https://online.indiannursingcouncil.org/Reports/YearlyReportByState.aspx,2026-09-11T11:40:55.845203
Uttar Pradesh|Mathura|GM NURSING PARAMEDICAL COLLEGE AND HOSPITAL,Gm Nursing Paramedical College And Hospital,"Gm Nursing Paramedical College And Hospital, Railway Station Goverdhan Mathura(Up), Goverdhan, Distt.- Mathura, Uttar Pradesh, Pin Code- 281502",Shri Anardevi Pyarelal Educational Welfare Society,Mathura,Uttar Pradesh,Private,GNM | ANM,40 (Forty) | 40 (Forty),80,281502,2025-2026,INC Yearly Report,https://online.indiannursingcouncil.org/Reports/YearlyReportByState.aspx,2026-09-11T11:40:55.845203
Uttar Pradesh|Gautam Budha Nagar|GNIOT INSTITUTE OF MEDICAL SCIENCES AND RESEARCH,Gniot Institute Of Medical Sciences And Research,"Gniot Institute Of Medical Sciences And Research, Plot No. 7, Knowledge Park - Ii, Greater Noida, Distt.- Gautam Budha Nagar, Uttar Pradesh, Pin Code- 201310",Shri Ram Educational Trust,Gautam Budha Nagar,Uttar Pradesh,Private,B.Sc(N),40 (Forty),40,201310,2025-2026,INC Yearly Report,https://online.indiannursingcouncil.org/Reports/YearlyReportByState.aspx,2026-09-11T11:40:55.845203
Uttar Pradesh|Ghazipur|GOPINATH NURSING AND PARAMEDICAL COLLEGE,Gopinath Nursing And Paramedical College,"Gopinath Nursing And Paramedical College, Devli , Ghazipur, Distt.- Ghazipur, Uttar Pradesh, Pin Code- 275201",Gopinath Vidya Trust,Ghazipur,Uttar Pradesh,Private,ANM,40 (Forty),40,275201,2025-2026,INC Yearly Report,https://online.indiannursingcouncil.org/Reports/YearlyReportByState.aspx,2026-09-11T11:40:55.845203
Uttar Pradesh|Gorakhpur|GOVERNMENT COLLEGE OF NURSING,Government College Of Nursing,"Government College Of Nursing,B.R.D Medical College Campus,Gorakhpur, Government College Of Nursing,B.R.D Medical College Campus,Gorakhpur, Gorakhpur, Distt.- Gorakhpur, Uttar Pradesh, Pin Code- 2",Uttar Pradesh,Gorakhpur,Uttar Pradesh,Government,B.Sc(N),40 (Forty),40,,2025-2026,INC Yearly Report,https://online.indiannursingcouncil.org/Reports/YearlyReportByState.aspx,2026-09-11T11:40:55.845203
Uttar Pradesh|Gorakhpur|GURU SHRI GORAKSH NATH COLLEGE OF NURSING,Guru Shri Goraksh Nath College Of Nursing,"Guru Shri Goraksh Nath College Of Nursing, Gorakshnath Mandir Parisar, Gorakhnath, Gorakhpur, Distt.- Gorakhpur, Uttar Pradesh, Pin Code- 273015",Guru Shri Goraksh Nath Dharmath Chikitsalaya Samiti,Gorakhpur,Uttar Pradesh,Private,B.Sc(N) | P B B.Sc(N) | GNM | NURSE PRACTITIONER IN CRITICAL CARE(NPCC),100 (One Hundred) | 20 (Twenty) | 100 (One Hundred) | 10 (Ten),230,273015,2025-2026,INC Yearly Report,https://online.indiannursingcouncil.org/Reports/YearlyReportByState.aspx,2026-09-11T11:40:55.845203
Uttar Pradesh|Moradabad|GURUKUL SCHOOL OF NURSING,Gurukul School Of Nursing,"Gurukul School Of Nursing, Vill - Mustafabad, Near Ice Factory, Rampur Road, Vill.- Mustfabad, Tehsil- Moradabad, Distt.- Moradabad, Uttar Pradesh, Pin Code- 244001",Aamna Educational Society,Moradabad,Uttar Pradesh,Private,ANM | GNM,20 (Twenty) | 40 (Forty),60,244001,2025-2026,INC Yearly Report,https://online.indiannursingcouncil.org/Reports/YearlyReportByState.aspx,2026-09-11T11:40:55.845203
Uttar Pradesh|Chandauli|H D NURSING &AMP; PARAMEDICAL INSTITUTE,H D Nursing &Amp; Paramedical Institute,"H D Nursing &Amp; Paramedical Institute, Sarehua Tajpur Road , Vill.- Sarehua, Tehsil- Sakeldiha, Distt.- Chandauli, Uttar Pradesh, Pin Code- 232109",Abhishek Sewa Sanstha,Chandauli,Uttar Pradesh,Private,ANM,20 (Twenty),20,232109,2025-2026,INC Yearly Report,https://online.indiannursingcouncil.org/Reports/YearlyReportByState.aspx,2026-09-11T11:41:02.005868
Uttar Pradesh|Varanasi|H I M S COLLEGE OF NURSING AND PARAMEDICAL SCIENCES,H I M S College Of Nursing And Paramedical Sciences,"H I M S College Of Nursing And Paramedical Sciences, Nh-2 Bypass Road, Bhadwar, Varanasi , Varanasi, Distt.- Varanasi, Uttar Pradesh, Pin Code- 221311",Lal Ji Rai Kusum Rai Foundation,Varanasi,Uttar Pradesh,Private,B.Sc(N),40 (Forty),40,221311,2025-2026,INC Yearly Report,https://online.indiannursingcouncil.org/Reports/YearlyReportByState.aspx,2026-09-11T11:41:02.005868
Uttar Pradesh|Ghaziabad|H L M NURSING COLLEGE,H L M Nursing College,"H L M Nursing College, 11Th Km Stone, N.H. - 58, Duhai, Distt.- Ghaziabad, Uttar Pradesh, Pin Code- 201206",H L M Educational Society,Ghaziabad,Uttar Pradesh,Private,ANM | GNM,20 (Twenty) | 40 (Forty),60,201206,2025-2026,INC Yearly Report,https://online.indiannursingcouncil.org/Reports/YearlyReportByState.aspx,2026-09-11T11:41:02.005868
Uttar Pradesh|Kasganj|HAJI RASHIDAN BEGUM AND HAJI SAHAB JAHAN EDUCATIONAL INSTITUTE AND HOSPITAL,Haji Rashidan Begum And Haji Sahab Jahan Educational Institute And Hospital,"Haji Rashidan Begum And Haji Sahab Jahan Educational Institute And Hospital, Village Ganeshpur Post Ganjdundwara, Ganjdundwara, Distt.- Kasganj, Uttar Pradesh, Pin Code- 207242",Sahab Jahan Alpsankhyak Welfare Trust,Kasganj,Uttar Pradesh,Private,ANM,40 (Forty),40,207242,2025-2026,INC Yearly Report,https://online.indiannursingcouncil.org/Reports/YearlyReportByState.aspx,2026-09-11T11:41:02.005868
Uttar Pradesh|Lucknow|HARBILAS BAL & MAHILA CHIKITSALAYA,Harbilas Bal & Mahila Chikitsalaya,"Harbilas Bal & Mahila Chikitsalaya, Station Road, Charbagh, Lucknow Uttar Pradesh , Lucknow, Distt.- Lucknow, Uttar Pradesh, Pin Code- 226001",Motilal Memorial Society,Lucknow,Uttar Pradesh,Private,GNM,20 (Twenty),20,226001,2025-2026,INC Yearly Report,https://online.indiannursingcouncil.org/Reports/YearlyReportByState.aspx,2026-09-11T11:41:02.005868
Uttar Pradesh|Varanasi|HARI BANDHU NURSING AND PARAMEDICAL INSTITUTE,Hari Bandhu Nursing And Paramedical Institute,"Hari Bandhu Nursing And Paramedical Institute, Madhukar Nagar Colony, Ruppanpur, Natui, Sarnath, Varanasi, Distt.- Varanasi, Uttar Pradesh, Pin Code- 221007",Hari Bandhu Trust,Varanasi,Uttar Pradesh,Private,B.Sc(N) | ANM | GNM,40 (Forty) | 30 (Thirty) | 40 (Forty),110,221007,2025-2026,INC Yearly Report,https://online.indiannursingcouncil.org/Reports/YearlyReportByState.aspx,2026-09-11T11:41:02.005868
Uttar Pradesh|Varanasi|HERITAGE SCHOOL OF NURSING AND PARAMEDICAL INSTITUTE,Heritage School Of Nursing And Paramedical Institute,"Heritage School Of Nursing And Paramedical Institute, Mohansarai, Bhadwar, Distt.- Varanasi, Uttar Pradesh, Pin Code- 221311",Heritage Foundation,Varanasi,Uttar Pradesh,Private,GNM | ANM,60 (Sixty) | 40 (Forty),100,221311,2025-2026,INC Yearly Report,https://online.indiannursingcouncil.org/Reports/YearlyReportByState.aspx,2026-09-11T11:41:02.005868
Uttar Pradesh|Saharanpur|HILLARY CLINTON NURSING SCHOOL,Hillary Clinton Nursing School,"Hillary Clinton Nursing School, Rampur Education Complex, Rampur Maniharan , Distt.- Saharanpur, Uttar Pradesh, Pin Code- 247451",Vinod Gupta Charitable Foundation,Saharanpur,Uttar Pradesh,Private,GNM | ANM,60 (Sixty) | 60 (Sixty),120,247451,2025-2026,INC Yearly Report,https://online.indiannursingcouncil.org/Reports/YearlyReportByState.aspx,2026-09-11T11:41:02.005868
Uttar Pradesh|Barabanki|HIND COLLEGE OF NURSING,Hind College Of Nursing,"Hind College Of Nursing, Hind Institute Of Medical Sciences, Barabanki , Distt.- Barabanki, Uttar Pradesh, Pin Code- 225003",Hind Charitable Trust,Barabanki,Uttar Pradesh,Private,P B B.Sc(N) | ANM | GNM | B.Sc(N) | M. Sc (N),40 (Forty) | 40 (Forty) | 100 (One Hundred) | 50 (Fifty) | 16 (Sixteen) Obg-4 Psy-4 Paed-4 Chn-4,246,225003,2025-2026,INC Yearly Report,https://online.indiannursingcouncil.org/Reports/YearlyReportByState.aspx,2026-09-11T11:41:02.005868
Uttar Pradesh|Sitapur|HIND SCHOOL OF NURSING,Hind School Of Nursing,"Hind School Of Nursing, Hind Institute Of Medical Sciences, Hind Charitable Trust Mau Ataria Sitapur , Vill.- Sitapur, Tehsil- Sidhaoli, Distt.- Sitapur, Uttar Pradesh, Pin Code- 261303",Hind Charitable Trust,Sitapur,Uttar Pradesh,Private,ANM | GNM | B.Sc(N),40 (Forty) | 40 (Forty) | 60 (Sixty),140,261303,2025-2026,INC Yearly Report,https://online.indiannursingcouncil.org/Reports/YearlyReportByState.aspx,2026-09-11T11:41:02.005868
Uttar Pradesh|Jaunpur|I E T SCHOOL OF NURSING,I E T School Of Nursing,"I E T School Of Nursing, 631, Civil Lines, Husenabad, Baksha, Distt.- Jaunpur, Uttar Pradesh, Pin Code- 222132",Indian Educational Trust,Jaunpur,Uttar Pradesh,Private,ANM | GNM,40 (Forty) | 50 (Fifty),90,222132,2025-2026,INC Yearly Report,https://online.indiannursingcouncil.org/Reports/YearlyReportByState.aspx,2026-09-11T11:41:02.005868
Uttar Pradesh|Meerut|I I M T COLLEGE OF MEDICAL SCIENCE,I I M T College Of Medical Science,"I I M T College Of Medical Science, School Of Nursing, 'O' Pocket Ganga Nagar, Mawana Road, Meerut, Distt.- Meerut, Uttar Pradesh, Pin Code- 250001",Association Of Management Studies,Meerut,Uttar Pradesh,Private,GNM | ANM | M. Sc (N) | B.Sc(N) | P B B.Sc(N),60 (Sixty) | 50 (Fifty) | 15 (Fifteen) | 60 (Sixty) | 30 (Thirty),215,250001,2025-2026,INC Yearly Report,https://online.indiannursingcouncil.org/Reports/YearlyReportByState.aspx,2026-09-11T11:41:02.005868
Uttar Pradesh|Agra|I I M T SCHOOL OF NURSING,I I M T School Of Nursing,"I I M T School Of Nursing, Ganesh Nagar, Lawyer's Colony, Bye Pass Road, Agra, Distt.- Agra, Uttar Pradesh, Pin Code- 282005",Shri Balaji Charitable Trust,Agra,Uttar Pradesh,Private,ANM | GNM,60 (Sixty) | 40 (Forty),100,282005,2025-2026,INC Yearly Report,https://online.indiannursingcouncil.org/Reports/YearlyReportByState.aspx,2026-09-11T11:41:02.005868
Uttar Pradesh|Saharanpur|INDIAN INSTITUE OF HEALTH AND TECHNOLOGY,Indian Institue Of Health And Technology,"Indian Institue Of Health And Technology, G.T. Road,Village Nihal Kheri, Deoband, Distt. Saharanpur , Deoband, Distt.- Saharanpur, Uttar Pradesh, Pin Code- 247554",Th. Dharamveer Singh Memorial Charitable Trust,Saharanpur,Uttar Pradesh,Private,ANM | GNM,20 (Twenty) | 30 (Thirty),50,247554,2025-2026,INC Yearly Report,https://online.indiannursingcouncil.org/Reports/YearlyReportByState.aspx,2026-09-11T11:41:08.175954
Uttar Pradesh|Saharanpur|INDIAN INSTITUTE OF NURSING,Indian Institute Of Nursing,"Indian Institute Of Nursing, Sherpur Khanazadpur, District: Saharanpur U.P. , Vill.- Sherpur, Tehsil- Muzaffarabad, Distt.- Saharanpur, Uttar Pradesh, Pin Code- 247662",Indian Society For Human Welfare,Saharanpur,Uttar Pradesh,Private,ANM | GNM,40 (Forty) | 40 (Forty),80,247662,2025-2026,INC Yearly Report,https://online.indiannursingcouncil.org/Reports/YearlyReportByState.aspx,2026-09-11T11:41:08.175954
Uttar Pradesh|Amethi|INDIRA GANDHI SCHOOL OF NURSING,Indira Gandhi School Of Nursing,"Indira Gandhi School Of Nursing, Sanjay Gandhi Hospital Campus, Sultanpur, Munshi Ganj, Vill.- Munshiganj , Tehsil- Amethi, Distt.- Amethi, Uttar Pradesh, Pin Code- 227412",Sanjay Gandhi Memorial Trust,Amethi,Uttar Pradesh,Private,ANM | GNM | B.Sc(N) | M. Sc (N) | P B B.Sc(N),60 (Sixty) | 70 (Seventy) | 60 (Sixty) | 20 (Twenty) 04(Four) In Each Speciality | 30 (Thirty),240,227412,2025-2026,INC Yearly Report,https://online.indiannursingcouncil.org/Reports/YearlyReportByState.aspx,2026-09-11T11:41:08.175954
Uttar Pradesh|Varanasi|INDRA INSTITUTE OF PARAMEDICAL AND NURSING COLLEGE,Indra Institute Of Paramedical And Nursing College,"Indra Institute Of Paramedical And Nursing College, Akhari Bypass, Nh-2 Road, Varanasi, Distt.- Varanasi, Uttar Pradesh, Pin Code- 221011",Indra Welfare Trust,Varanasi,Uttar Pradesh,Private,GNM,40 (Forty),40,221011,2025-2026,INC Yearly Report,https://online.indiannursingcouncil.org/Reports/YearlyReportByState.aspx,2026-09-11T11:41:08.175954
Uttar Pradesh|Kheri|INDRA NURSING COLLEGE,Indra Nursing College,"Indra Nursing College, G G I C Road, Tharwaran Ganj, Vill.- Thawaranganj , Tehsil- Lakhimpur, Distt.- Kheri, Uttar Pradesh, Pin Code- 262701",C L B N Seva Sansthan,Kheri,Uttar Pradesh,Private,ANM,30 (Thirty),30,262701,2025-2026,INC Yearly Report,https://online.indiannursingcouncil.org/Reports/YearlyReportByState.aspx,2026-09-11T11:41:08.175954
Uttar Pradesh|Hapur|INSTITUTE OF INTERNATIONAL EXCELLENCE,Institute Of International Excellence,"Institute Of International Excellence, 281-300 Khilwai/ Dotai, Ghar- Meerut Road, Vill.- Khilwai/Dotai , Tehsil- Garhmukteshwar, Distt.- Hapur, Uttar Pradesh, Pin Code- 245205",Gyan Education Society,Hapur,Uttar Pradesh,Private,ANM,30 (Thirty),30,245205,2025-2026,INC Yearly Report,https://online.indiannursingcouncil.org/Reports/YearlyReportByState.aspx,2026-09-11T11:41:08.175954
Uttar Pradesh|Agra|INSTITUTE OF MENTAL HEALTH AND HOSPITAL,Institute Of Mental Health And Hospital,"Institute Of Mental Health And Hospital, Mathura Road, Agra, Distt.- Agra, Uttar Pradesh, Pin Code- 282002",Institute Of Mental Health And Hospital,Agra,Uttar Pradesh,Government,Post Basic Diploma in Psychiatric nsg.,20 (Twenty),20,282002,2025-2026,INC Yearly Report,https://online.indiannursingcouncil.org/Reports/YearlyReportByState.aspx,2026-09-11T11:41:08.175954
Uttar Pradesh|Aligarh|INSTITUTE OF NURSING PARAMEDICAL SCIENCE,Institute Of Nursing Paramedical Science,"Institute Of Nursing Paramedical Science , Mangalayatan Campus,Aligarh Mathura Highway Beswan ,Aligarh (Up), Beswan,Aligarh, Distt.- Aligarh, Uttar Pradesh, Pin Code- 202146","Mangalayatan University, Aligarh",Aligarh,Uttar Pradesh,Private,GNM,40 (Forty),40,202146,2025-2026,INC Yearly Report,https://online.indiannursingcouncil.org/Reports/YearlyReportByState.aspx,2026-09-11T11:41:08.175954
Uttar Pradesh|Firozabad|INSTITUTE OF NURSING AND PARAMEDICAL SCIENCES,Institute Of Nursing And Paramedical Sciences,"Institute Of Nursing And Paramedical Sciences, 5 K.M. Mile Stonemainpuri Road, Shikohabad, Distt.- Firozabad, Uttar Pradesh, Pin Code- 283135",Shri Jagdish Jan Kalyan Educational Trust,Firozabad,Uttar Pradesh,Private,B.Sc(N),40 (Forty),40,283135,2025-2026,INC Yearly Report,https://online.indiannursingcouncil.org/Reports/YearlyReportByState.aspx,2026-09-11T11:41:08.175954
Uttar Pradesh|Sitapur|INSTITUTE OF PARAMEDICAL SCIENCES,Institute Of Paramedical Sciences,"Institute Of Paramedical Sciences,, Sitapur Shiksha Sansthan Resora-Sitapur, Vill.- Resora, Tehsil- Khairabad, Distt.- Sitapur, Uttar Pradesh, Pin Code- 261001",Sitapur Shiksha Sansthan,Sitapur,Uttar Pradesh,Private,GNM | ANM | B.Sc(N) | P B B.Sc(N),60 (Sixty) | 60 (Sixty) | 40 (Forty) | 20 (Twenty),180,261001,2025-2026,INC Yearly Report,https://online.indiannursingcouncil.org/Reports/YearlyReportByState.aspx,2026-09-11T11:41:08.175954
Uttar Pradesh|Lucknow|INTEGRAL SCHOOL OF NURSING,Integral School Of Nursing,"Integral School Of Nursing, Dasauli, Kursi Road,, Vill.- Dasauli, Tehsil- Bakshi Ka Talab, Distt.- Lucknow, Uttar Pradesh, Pin Code- 226026",Islamic Council For Productive Education,Lucknow,Uttar Pradesh,Private,GNM | M. Sc (N) | B.Sc(N) | P B B.Sc(N) | ANM,100 (One Hundred) | 25 (Twenty Five) | 200 (Two Hundred) | 30 (Thirty) | 30 (Thirty),385,226026,2025-2026,INC Yearly Report,https://online.indiannursingcouncil.org/Reports/YearlyReportByState.aspx,2026-09-11T11:41:08.175954
Uttar Pradesh|Etawah|J K COLLEGE OF GENERAL NURSING,J K College Of General Nursing,"J K College Of General Nursing, Farrukhabad Road, Vill.- Datawali , Tehsil- Etawah, Distt.- Etawah, Uttar Pradesh, Pin Code- 206002",Jabar Singh Kaushalya Devi Hospital,Etawah,Uttar Pradesh,Private,GNM | ANM,40 (Forty) | 30 (Thirty),70,206002,2025-2026,INC Yearly Report,https://online.indiannursingcouncil.org/Reports/YearlyReportByState.aspx,2026-09-11T11:41:08.175954
Uttar Pradesh|Allahabad|J.P. MEMORIAL PARAMEDICAL COLLEGE,J.P. Memorial Paramedical College,"J.P. Memorial Paramedical College, Kohandiya Ganne Nari-Bari Prayagraj, Prayagraj, Distt.- Allahabad, Uttar Pradesh, Pin Code- 212106",J.P. Memorial Charitable Trust,Allahabad,Uttar Pradesh,Private,ANM | GNM,30 (Thirty) | 40 (Forty),70,212106,2025-2026,INC Yearly Report,https://online.indiannursingcouncil.org/Reports/YearlyReportByState.aspx,2026-09-11T11:41:08.175954
Uttar Pradesh|Jaunpur|JAGAT NARAYAN TIWARI INSTITUTE OF NURSING,Jagat Narayan Tiwari Institute Of Nursing,"Jagat Narayan Tiwari Institute Of Nursing, Bansdevpatti, Sheetalganj, Vill.- Madrihau, Tehsil- Madriyahu, Distt.- Jaunpur, Uttar Pradesh, Pin Code- 222161",Jagat Narayan Tiwari Seva Evam Shikshan Sanstha,Jaunpur,Uttar Pradesh,Private,ANM | GNM,20 (Twenty) | 30 (Thirty),50,222161,2025-2026,INC Yearly Report,https://online.indiannursingcouncil.org/Reports/YearlyReportByState.aspx,2026-09-11T11:41:08.175954
Uttar Pradesh|Bijnor|JAGMEET MEMORIAL NURSING COLLEGE,Jagmeet Memorial Nursing College,"Jagmeet Memorial Nursing College, Himmatpur, Bavanpura, Chandpur, Chandpur, Distt.- Bijnor, Uttar Pradesh, Pin Code- 246725",Late Shripokhar Singh Memorial Trust,Bijnor,Uttar Pradesh,Private,ANM | B.Sc(N),40 (Forty) | 40 (Forty),80,246725,2025-2026,INC Yearly Report,https://online.indiannursingcouncil.org/Reports/YearlyReportByState.aspx,2026-09-11T11:41:14.281005
Uttar Pradesh|Lucknow|JAVITRI INSTITUTE OF MEDICAL SCIENCES,Javitri Institute Of Medical Sciences,"Javitri Institute Of Medical Sciences, Kankaha Rae Bareli Road Lucknow, Lucknow, Distt.- Lucknow, Uttar Pradesh, Pin Code- 227305",Javitri Foundation,Lucknow,Uttar Pradesh,Private,B.Sc(N) | ANM | GNM,40 (Forty) | 40 (Forty) | 40 (Forty),120,227305,2025-2026,INC Yearly Report,https://online.indiannursingcouncil.org/Reports/YearlyReportByState.aspx,2026-09-11T11:41:14.281005
Uttar Pradesh|Bhadohi|JEEVAN DEEP INSTITUTE OF NURSING AND PARAMEDICAL SCIENCES,Jeevan Deep Institute Of Nursing And Paramedical Sciences,"Jeevan Deep Institute Of Nursing And Paramedical Sciences, Indira Mill Square, Jaunpur Road, Jamunipur, Bhadohi, Distt.- Bhadohi, Uttar Pradesh, Pin Code- 221409",Jeevan Deep Hospital Private Limited,Bhadohi,Uttar Pradesh,Private,ANM | GNM | B.Sc(N),40 (Forty) | 40 (Forty) | 40 (Forty),120,221409,2025-2026,INC Yearly Report,https://online.indiannursingcouncil.org/Reports/YearlyReportByState.aspx,2026-09-11T11:41:14.281005
Uttar Pradesh|Aligarh|JEEVAN JYOTI INSTITUTE OF NURSING PARAMEDICAL SCIENCES,Jeevan Jyoti Institute Of Nursing Paramedical Sciences,"Jeevan Jyoti Institute Of Nursing Paramedical Sciences, 10Th Km - Mile Stone Khair Road Lodha Aligarh , Vill.- Lodha , Tehsil- Lodha, Distt.- Aligarh, Uttar Pradesh, Pin Code- 202140",Jeevan Jyoti Sansthan,Aligarh,Uttar Pradesh,Private,ANM | B.Sc(N) | GNM,30 (Thirty) | 40 (Forty) | 40 (Forty),110,202140,2025-2026,INC Yearly Report,https://online.indiannursingcouncil.org/Reports/YearlyReportByState.aspx,2026-09-11T11:41:14.281005
Uttar Pradesh|Varanasi|JEEVANDEEP SCHOOL OF NURSING,Jeevandeep School Of Nursing,"Jeevandeep School Of Nursing, Baralapur, Varanasi, Distt.- Varanasi, Uttar Pradesh, Pin Code- 221007",Jeevandeep Charitable Trust,Varanasi,Uttar Pradesh,Private,ANM | GNM,40 (Forty) | 50 (Fifty),90,221007,2025-2026,INC Yearly Report,https://online.indiannursingcouncil.org/Reports/YearlyReportByState.aspx,2026-09-11T11:41:14.281005
Uttar Pradesh|Lucknow|JHANVI SCHOOL OF NURSING,Jhanvi School Of Nursing,"Jhanvi School Of Nursing, Sharwan Nagar Bijnour, , Distt.- Lucknow, Uttar Pradesh, Pin Code- 226002",Jhanvi Sewa Sansthan,Lucknow,Uttar Pradesh,Private,ANM | GNM,30 (Thirty) | 40 (Forty),70,226002,2025-2026,INC Yearly Report,https://online.indiannursingcouncil.org/Reports/YearlyReportByState.aspx,2026-09-11T11:41:14.281005
Uttar Pradesh|Bareilly|JYOTI COLLEGE OF MANAGEMENT SCIENCE &AMP; TECHNOLOGY,Jyoti College Of Management Science &Amp; Technology,"Jyoti College Of Management Science &Amp; Technology, 7Th Km Stone, Bareilly , Pilibhit Highway , Mudiya Ahmed Nagar, Bareilly , Distt.- Bareilly, Uttar Pradesh, Pin Code- 243122",Soceity For Human Education And Development,Bareilly,Uttar Pradesh,Private,P B B.Sc(N) | B.Sc(N) | M. Sc (N) | ANM | GNM,"40 (Forty) | 40 (Forty) | 20 (Twenty) Chn-02, Med-Surg.-06. Pead.-06, Psy-06 | 60 (Sixty) | 50 (Fifty)",210,243122,2025-2026,INC Yearly Report,https://online.indiannursingcouncil.org/Reports/YearlyReportByState.aspx,2026-09-11T11:41:14.281005
Uttar Pradesh|Allahabad|JYOTI HOSPITAL NURSING COLLEGE,Jyoti Hospital Nursing College,"Jyoti Hospital Nursing College, Mauja, Dabhao, Dandi Bazar, Rewa Road, Pargana Areil, Vill.- Dabhao, Tehsil- Karchhana, Distt.- Allahabad, Uttar Pradesh, Pin Code- 211008",Jeevan Jyoti Charitable Trust,Allahabad,Uttar Pradesh,Private,ANM | GNM,50 (Fifty) | 80 (Eighty),130,211008,2025-2026,INC Yearly Report,https://online.indiannursingcouncil.org/Reports/YearlyReportByState.aspx,2026-09-11T11:41:14.281005
Uttar Pradesh|Lucknow|K L SHASTRI SMARAK NURSING SCHOOL,K L Shastri Smarak Nursing School,"K L Shastri Smarak Nursing School, 334, I I M Road, , Lucknow, Distt.- Lucknow, Uttar Pradesh, Pin Code- 226013",Sri K L Shastri Smarak Sansthan,Lucknow,Uttar Pradesh,Private,ANM | GNM | B.Sc(N) | M. Sc (N) | P B B.Sc(N),60 (Sixty) | 40 (Forty) | 40 (Forty) | 20 (Twenty) Med.Surg-4 Chn-4 Paed-4 Psy-4 Obg-4 | 30 (Thirty),190,226013,2025-2026,INC Yearly Report,https://online.indiannursingcouncil.org/Reports/YearlyReportByState.aspx,2026-09-11T11:41:14.281005
Uttar Pradesh|Meerut|K M C COLLEGE OF NURSING,K M C College Of Nursing,"K M C College Of Nursing, 187, Baghpat Road, Meerut, Distt.- Meerut, Uttar Pradesh, Pin Code- 250001",Kamna Medical Centre Pvt Ltd,Meerut,Uttar Pradesh,Private,B.Sc(N) | M. Sc (N) | P B B.Sc(N) | ANM | GNM,60 (Sixty) | 25 (Twenty Five) 5 In Each Speciality | 40 (Forty) | 50 (Fifty) | 60 (Sixty),235,250001,2025-2026,INC Yearly Report,https://online.indiannursingcouncil.org/Reports/YearlyReportByState.aspx,2026-09-11T11:41:14.281005
Uttar Pradesh|Gonda|K R S INSTITUTE OF PARAMEDICAL SCIENCES AND NURSING,K R S Institute Of Paramedical Sciences And Nursing,"K R S Institute Of Paramedical Sciences And Nursing, Ballipur, Nawabganj, Nawabganj, Distt.- Gonda, Uttar Pradesh, Pin Code- 271303",Bairam Singh Smarak Balika Inter College Samiti,Gonda,Uttar Pradesh,Private,ANM | GNM,30 (Thirty) | 40 (Forty),70,271303,2025-2026,INC Yearly Report,https://online.indiannursingcouncil.org/Reports/YearlyReportByState.aspx,2026-09-11T11:41:20.365547
Uttar Pradesh|Ghazipur|K S V COLLEGE OF NURSING MEDICAL,K S V College Of Nursing Medical,"K S V College Of Nursing Medical, Mardapur Sadat, Vill.- Mardapur, Tehsil- Sadat, Distt.- Ghazipur, Uttar Pradesh, Pin Code- 275204",K V S Educational Society,Ghazipur,Uttar Pradesh,Private,GNM,20 (Twenty),20,275204,2025-2026,INC Yearly Report,https://online.indiannursingcouncil.org/Reports/YearlyReportByState.aspx,2026-09-11T11:41:20.365547
Uttar Pradesh|Gautam Budha Nagar|KAILASH INSTITUTE OF NURSING AND PARAMEDICAL SCIENCES,Kailash Institute Of Nursing And Paramedical Sciences,"Kailash Institute Of Nursing And Paramedical Sciences, 46-A/1, Knowledge Park - 3, Greater Noida, Greater Noida, Distt.- Gautam Budha Nagar, Uttar Pradesh, Pin Code- 201308",Sanjeev Memorial Foundation,Gautam Budha Nagar,Uttar Pradesh,Private,GNM | ANM | B.Sc(N) | M. Sc (N) | P B B.Sc(N),60 (Sixty) | 40 (Forty) | 80 (Eighty) | 20 (Twenty) | 40 (Forty),240,201308,2025-2026,INC Yearly Report,https://online.indiannursingcouncil.org/Reports/YearlyReportByState.aspx,2026-09-11T11:41:20.365547
Uttar Pradesh|Kasganj|KALAWATI NURSING AND PARAMEDICAL INSTITUTE,Kalawati Nursing And Paramedical Institute,"Kalawati Nursing And Paramedical Institute, Near Petrol Pump, Village Gorha Kasganj Pin-207123 , Vill.- Gorha , Tehsil- Kasganj, Distt.- Kasganj, Uttar Pradesh, Pin Code- 207123",Kalawati Smrati Charitable Society,Kasganj,Uttar Pradesh,Private,ANM | GNM | B.Sc(N),50 (Fifty) | 50 (Fifty) | 40 (Forty),140,207123,2025-2026,INC Yearly Report,https://online.indiannursingcouncil.org/Reports/YearlyReportByState.aspx,2026-09-11T11:41:20.365547
Uttar Pradesh|Meerut|KALKA INSTITUTE FOR RESEARCH ADVANCED STUDIES,Kalka Institute For Research Advanced Studies,"Kalka Institute For Research Advanced Studies, Partapur By Pass Road, Vill.- Baral, Meerut , Tehsil- Meerut, Distt.- Meerut, Uttar Pradesh, Pin Code- 250103",Kalka Educational Society,Meerut,Uttar Pradesh,Private,ANM | B.Sc(N) | GNM,40 (Forty) | 40 (Forty) | 40 (Forty),120,250103,2025-2026,INC Yearly Report,https://online.indiannursingcouncil.org/Reports/YearlyReportByState.aspx,2026-09-11T11:41:20.365547
Uttar Pradesh|Jhansi|KAMLA MODERN NURSING INSTITUTE,Kamla Modern Nursing Institute,"Kamla Modern Nursing Institute, Kamla Hospital Opp. Gate No. 1, Mlb Medical College, Kanpur Road, Jhansi, Distt.- Jhansi, Uttar Pradesh, Pin Code- 284128",Kamla Modern Society,Jhansi,Uttar Pradesh,Private,ANM | GNM | B.Sc(N),30 (Thirty) | 40 (Forty) | 40 (Forty),110,284128,2025-2026,INC Yearly Report,https://online.indiannursingcouncil.org/Reports/YearlyReportByState.aspx,2026-09-11T11:41:20.365547
Uttar Pradesh|Sultanpur|KAMLA NEHRU INSTITUTE OF MANAGEMENT & TECHNOLOGY,Kamla Nehru Institute Of Management & Technology,"Kamla Nehru Institute Of Management & Technology, Post - K.N.I., Vill.- Faridipur,, Tehsil- Jaisinghpur, Distt.- Sultanpur, Uttar Pradesh, Pin Code- 228119",Kamla Nehru Memorial Trust,Sultanpur,Uttar Pradesh,Private,ANM | GNM,30 (Thirty) | 60 (Sixty),90,228119,2025-2026,INC Yearly Report,https://online.indiannursingcouncil.org/Reports/YearlyReportByState.aspx,2026-09-11T11:41:20.365547
Uttar Pradesh|Allahabad|KAMLA NEHRU MEMORIAL HOSPITAL,Kamla Nehru Memorial Hospital,"Kamla Nehru Memorial Hospital,, Hashimpur Road,, Allahabad, Distt.- Allahabad, Uttar Pradesh, Pin Code- 211002",The Kamala Nehru Memorial Hospital,Allahabad,Uttar Pradesh,Private,ANM | B.Sc(N) | GNM,20 (Twenty) | 40 (Forty) | 60 (Sixty),120,211002,2025-2026,INC Yearly Report,https://online.indiannursingcouncil.org/Reports/YearlyReportByState.aspx,2026-09-11T11:41:20.365547
Uttar Pradesh|Mathura|KANTI DEVI COLLEGE OF NURSING PARAMEDICAL SCIENCES,Kanti Devi College Of Nursing Paramedical Sciences,"Kanti Devi College Of Nursing Paramedical Sciences, 24 Km Milestone, Mathura Delhi Road, Nh-2, Akbarpur, Mathura, Distt.- Mathura, Uttar Pradesh, Pin Code- 281406",Rajiv Memorial Academic Welfare Society,Mathura,Uttar Pradesh,Private,GNM | B.Sc(N),40 (Forty) | 40 (Forty),80,281406,2025-2026,INC Yearly Report,https://online.indiannursingcouncil.org/Reports/YearlyReportByState.aspx,2026-09-11T11:41:20.365547
Uttar Pradesh|Allahabad|KARMA NURSING PARAMEDICAL COLLEGE,Karma Nursing Paramedical College,"Karma Nursing Paramedical College, Sarangapur, Dandupur, Vill.- Dandupur , Tehsil- Karchhana, Distt.- Allahabad, Uttar Pradesh, Pin Code- 212111",J B Jan Kalyan Samiti,Allahabad,Uttar Pradesh,Private,GNM | ANM,40 (Forty) | 30 (Thirty),70,212111,2025-2026,INC Yearly Report,https://online.indiannursingcouncil.org/Reports/YearlyReportByState.aspx,2026-09-11T11:41:20.365547
Uttar Pradesh|Ghazipur|KASHI NATH NURSING PARAMEDICAL COLLEGE,Kashi Nath Nursing Paramedical College,"Kashi Nath Nursing Paramedical College, Rambhajanpur, Post Banki Khurd, , Distt.- Ghazipur, Uttar Pradesh, Pin Code- 233229",Maa Bhagirathi Shodh Evam Prashishan Sansthan,Ghazipur,Uttar Pradesh,Private,GNM,40 (Forty),40,233229,2025-2026,INC Yearly Report,https://online.indiannursingcouncil.org/Reports/YearlyReportByState.aspx,2026-09-11T11:41:20.365547
Uttar Pradesh|Bareilly|KESHLATA SCHOOL OF NURSING,Keshlata School Of Nursing,"Keshlata School Of Nursing, Keshlata Hospital, Delapeer Stadium Road, Bareilly, Distt.- Bareilly, Uttar Pradesh, Pin Code- 243122",Keshlata Educational Society,Bareilly,Uttar Pradesh,Private,ANM | GNM | B.Sc(N) | P B B.Sc(N),40 (Forty) | 60 (Sixty) | 40 (Forty) | 30 (Thirty),170,243122,2025-2026,INC Yearly Report,https://online.indiannursingcouncil.org/Reports/YearlyReportByState.aspx,2026-09-11T11:41:27.239284
Uttar Pradesh|Lucknow|KING GEORGES MEDICAL UNIVERSITY,King Georges Medical University,"King Georges Medical University, College Of Nursing, Kalam Centre Building , Kind George's Medical University, Shahmeena Road, Lucknow , Vill.- Lucknow , Tehsil- Lucknow, Distt.- Lucknow, Uttar Pr",King George's Medical University,Lucknow,Uttar Pradesh,Government,M. Sc (N) | B.Sc(N),50 (Fifty) Med. Surg-15 Chn-10 Paed-10 Psy-5 Obg-10 | 100 (One Hundred),150,,2025-2026,INC Yearly Report,https://online.indiannursingcouncil.org/Reports/YearlyReportByState.aspx,2026-09-11T11:41:27.239284
Uttar Pradesh|Sonbhadra|KIRTI INSTITUTE OF NURSING & PARAMEDICAL SCIENCES,Kirti Institute Of Nursing & Paramedical Sciences,"Kirti Institute Of Nursing & Paramedical Sciences, Pipari Road , Robertsganj, Distt.- Sonbhadra, Uttar Pradesh, Pin Code- 231216",Kirti Foundation Of Nursing And Paramedical Sciences,Sonbhadra,Uttar Pradesh,Private,ANM | GNM | B.Sc(N),30 (Thirty) | 30 (Thirty) | 40 (Forty),100,231216,2025-2026,INC Yearly Report,https://online.indiannursingcouncil.org/Reports/YearlyReportByState.aspx,2026-09-11T11:41:27.239284
Uttar Pradesh|Raebareli|KRIPALU INSTITUTE OF BIOMEDICAL SCIENCES,Kripalu Institute Of Biomedical Sciences,"Kripalu Institute Of Biomedical Sciences, Lucknow Allahabad Highway, Vill.- Dariyapur,, Tehsil- Rahi, Distt.- Raebareli, Uttar Pradesh, Pin Code- 229001",Padma Jan Kalyan Sansthan,Raebareli,Uttar Pradesh,Private,ANM | GNM,50 (Fifty) | 50 (Fifty),100,229001,2025-2026,INC Yearly Report,https://online.indiannursingcouncil.org/Reports/YearlyReportByState.aspx,2026-09-11T11:41:27.239284
Uttar Pradesh|Lucknow|KRISHNA NURSING PARAMEDICAL INSTITUTE,Krishna Nursing Paramedical Institute,"Krishna Nursing Paramedical Institute, Uttar Gaon Mourawa Road, Near Ambalika Institute Of Management , Lucknow, Distt.- Lucknow, Uttar Pradesh, Pin Code- 226001",Krishna Educational Foundation,Lucknow,Uttar Pradesh,Private,GNM | ANM | B.Sc(N) | P B B.Sc(N),50 (Fifty) | 40 (Forty) | 40 (Forty) | 30 (Thirty),160,226001,2025-2026,INC Yearly Report,https://online.indiannursingcouncil.org/Reports/YearlyReportByState.aspx,2026-09-11T11:41:27.239284
Uttar Pradesh|Jaunpur|KRISHNA SCHOOL OF NURSING,Krishna School Of Nursing,"Krishna School Of Nursing, Husenabad, Krishna Colony, Vill.- Hussenabad, Tehsil- Dharma Pur, Distt.- Jaunpur, Uttar Pradesh, Pin Code- 222002",Krishna Sewa Shanti Evam Vikas Samiti,Jaunpur,Uttar Pradesh,Private,ANM | GNM,30 (Thirty) | 40 (Forty),70,222002,2025-2026,INC Yearly Report,https://online.indiannursingcouncil.org/Reports/YearlyReportByState.aspx,2026-09-11T11:41:27.239284
Uttar Pradesh|Bijnor|KRISHNA SCHOOL OF NURSING,Krishna School Of Nursing,"Krishna School Of Nursing, Village Hashampur Noorpur Road, Bijnor, Distt.- Bijnor, Uttar Pradesh, Pin Code- 246728",Krishna Educational And Social Development Trust,Bijnor,Uttar Pradesh,Private,B.Sc(N),40 (Forty),40,246728,2025-2026,INC Yearly Report,https://online.indiannursingcouncil.org/Reports/YearlyReportByState.aspx,2026-09-11T11:41:27.239284
Uttar Pradesh|Bareilly|KRITIKA NURSING COLLEGE,Kritika Nursing College,"Kritika Nursing College, Khai Kheda Near Kandu Ka Pul Pilibhit Road Rithora, Bareilly, Distt.- Bareilly, Uttar Pradesh, Pin Code- 243122",Kritika Charitable Trust,Bareilly,Uttar Pradesh,Private,ANM | B.Sc(N),40 (Forty) | 40 (Forty),80,243122,2025-2026,INC Yearly Report,https://online.indiannursingcouncil.org/Reports/YearlyReportByState.aspx,2026-09-11T11:41:27.239284
Uttar Pradesh|Jaunpur|KUNWAR HARIBANSH SINGH INSTITUTE OF NURSING PARAMEDICALS,Kunwar Haribansh Singh Institute Of Nursing Paramedicals,"Kunwar Haribansh Singh Institute Of Nursing Paramedicals, Jagarnathpatti, Jagdishpur (Railway Crossing), Jaunpur , Distt.- Jaunpur, Uttar Pradesh, Pin Code- 222002",Smt. Sonpatti Devi Memorial Medical Trust,Jaunpur,Uttar Pradesh,Private,ANM | GNM,50 (Fifty) | 50 (Fifty),100,222002,2025-2026,INC Yearly Report,https://online.indiannursingcouncil.org/Reports/YearlyReportByState.aspx,2026-09-11T11:41:27.239284
Uttar Pradesh|Lucknow|KUNWARS COLLEGE OF NURSING,Kunwars College Of Nursing,"Kunwars College Of Nursing, Vill - Ganeshpur,Rahmanpur, Dayal Farms, Lucknow, Distt.- Lucknow, Uttar Pradesh, Pin Code- 226028",Kunwars Wellness Foundation,Lucknow,Uttar Pradesh,Private,GNM,40 (Forty),40,226028,2025-2026,INC Yearly Report,https://online.indiannursingcouncil.org/Reports/YearlyReportByState.aspx,2026-09-11T11:41:27.239284
Uttar Pradesh|Kanpur Nagar|L L R HOSPITAL,L L R Hospital,"L L R Hospital, Darshan Purwa, Sarvodaya Nagar, Uttar Pradesh 208002, Kanpur, Distt.- Kanpur Nagar, Uttar Pradesh, Pin Code- 208005",,Kanpur Nagar,Uttar Pradesh,Government,GNM,40 (Forty),40,208002,2025-2026,INC Yearly Report,https://online.indiannursingcouncil.org/Reports/YearlyReportByState.aspx,2026-09-11T11:41:27.239284
Uttar Pradesh|Varanasi|LAXMI NURSING TRAINING INSTITUTE,Laxmi Nursing Training Institute,"Laxmi Nursing Training Institute, Sarai Kazi Harhua, Vill.- Bhatauli , Tehsil- Harahuaa, Distt.- Varanasi, Uttar Pradesh, Pin Code- 221105",Smt Ishrawati Devi Chartable Trust,Varanasi,Uttar Pradesh,Private,GNM | ANM,30 (Thirty) | 30 (Thirty),60,221105,2025-2026,INC Yearly Report,https://online.indiannursingcouncil.org/Reports/YearlyReportByState.aspx,2026-09-11T11:41:27.239284
Uttar Pradesh|Azamgarh|LIFE LINE EDUCATIONAL INSTITUTE,Life Line Educational Institute,"Life Line Educational Institute, Sameda, Azamgarh, Distt.- Azamgarh, Uttar Pradesh, Pin Code- 276128",Life Line Foundation,Azamgarh,Uttar Pradesh,Private,ANM,40 (Forty),40,276128,2025-2026,INC Yearly Report,https://online.indiannursingcouncil.org/Reports/YearlyReportByState.aspx,2026-09-11T11:41:27.239284
Uttar Pradesh|Aligarh|LORD KRISHNA NURSING AND PARAMEDICAL INSTITUTE,Lord Krishna Nursing And Paramedical Institute,"Lord Krishna Nursing And Paramedical Institute, Nagar Palika Atrauli , Aligarh , Distt.- Aligarh, Uttar Pradesh, Pin Code- 202280",Shri Rajveer Singh Samajutthan Shiksha Vikas Avem Sanskritik Samit,Aligarh,Uttar Pradesh,Private,GNM | B.Sc(N),40 (Forty) | 40 (Forty),80,202280,2025-2026,INC Yearly Report,https://online.indiannursingcouncil.org/Reports/YearlyReportByState.aspx,2026-09-11T11:41:27.239284
Uttar Pradesh|Lucknow|LUCKNOW INSTITUTE OF NURSING AND PARAMEDICAL SCIENCES,Lucknow Institute Of Nursing And Paramedical Sciences,"Lucknow Institute Of Nursing And Paramedical Sciences, 560/60 - A, Krishna Nagar, Kanpur Road, Vill.- Krishna Nagar , Tehsil- Sarojninagar, Distt.- Lucknow, Uttar Pradesh, Pin Code- 226023",Shri Siddhabali Trust,Lucknow,Uttar Pradesh,Private,B.Sc(N) | P B B.Sc(N) | ANM | GNM,40 (Forty) | 30 (Thirty) | 30 (Thirty) | 40 (Forty),140,226023,2025-2026,INC Yearly Report,https://online.indiannursingcouncil.org/Reports/YearlyReportByState.aspx,2026-09-11T11:41:27.239284
Uttar Pradesh|Lucknow|M S INSTITUTE OF NURSING,M S Institute Of Nursing,"M S Institute Of Nursing, 421, Bakhamau, Post - Basaha, Kurshi Road, Vill.- Bhakhamau , Tehsil- Bakshi Ka Talab, Distt.- Lucknow, Uttar Pradesh, Pin Code- 226026",Mohan Shyam Foundation,Lucknow,Uttar Pradesh,Private,ANM | B.Sc(N) | P B B.Sc(N),40 (Forty) | 60 (SIXTY) | 40 (FORTY),140,226026,2025-2026,INC Yearly Report,https://online.indiannursingcouncil.org/Reports/YearlyReportByState.aspx,2026-09-11T11:41:34.467041
Uttar Pradesh|Chandauli|M. D. NURSING AND PARAMEDICAL COLLEGE,M. D. Nursing And Paramedical College,"M. D. Nursing And Paramedical College, Ward No 5 Lok Manya Tilak Nagar Sakaldiha Road Chandauli, Chandauli, Distt.- Chandauli, Uttar Pradesh, Pin Code- 232104",Manav Vikas Evam Kalyan Sanstha,Chandauli,Uttar Pradesh,Private,ANM | GNM,40 (Forty) | 40 (Forty),80,232104,2025-2026,INC Yearly Report,https://online.indiannursingcouncil.org/Reports/YearlyReportByState.aspx,2026-09-11T11:41:34.467041
Uttar Pradesh|Ballia|MAA ASARFI NURSING SCHOOL,Maa Asarfi Nursing School,"Maa Asarfi Nursing School, Asarfi Hospital, Tikhampur Polytechnic Road , Vill.- Parikhara , Tehsil- Hanumanganj, Distt.- Ballia, Uttar Pradesh, Pin Code- 277001",Asap Impact Private Limited,Ballia,Uttar Pradesh,Private,GNM,40 (Forty),40,277001,2025-2026,INC Yearly Report,https://online.indiannursingcouncil.org/Reports/YearlyReportByState.aspx,2026-09-11T11:41:34.467041
Uttar Pradesh|Lucknow|MAA CHANDRIKA DEVI INSTITUTE OF PARAMEDICAL SCIENCES,Maa Chandrika Devi Institute Of Paramedical Sciences,"Maa Chandrika Devi Institute Of Paramedical Sciences, Sitapur Road, Near Bakshi Ka Talab Bus Stop, Vill.- Bhauli , Tehsil- Bakshi Ka Talab, Distt.- Lucknow, Uttar Pradesh, Pin Code- 226201",Maa Chandrika Devi Educational Society,Lucknow,Uttar Pradesh,Private,ANM | GNM | B.Sc(N),40 (Forty) | 60 (Sixty) | 40 (Forty),140,226201,2025-2026,INC Yearly Report,https://online.indiannursingcouncil.org/Reports/YearlyReportByState.aspx,2026-09-11T11:41:34.467041
Uttar Pradesh|Azamgarh|MAA KAUSHILYA SCHOOL OF NURSING,Maa Kaushilya School Of Nursing,"Maa Kaushilya School Of Nursing, P. O. Heerapatti, Vill.- Lachhirampur, Tehsil- Palhani, Distt.- Azamgarh, Uttar Pradesh, Pin Code- 276001",Rahul Sankrityayan Jan Peeth,Azamgarh,Uttar Pradesh,Private,ANM | GNM | B.Sc(N) | P B B.Sc(N),50 (Fifty) | 50 (Fifty) | 40 (Forty) | 20 (Twenty),160,276001,2025-2026,INC Yearly Report,https://online.indiannursingcouncil.org/Reports/YearlyReportByState.aspx,2026-09-11T11:41:34.467041
Uttar Pradesh|Ballia|MAA MATURNI DEVI MAHAVIDYALAY NURSING TRAINING CENTRE,Maa Maturni Devi Mahavidyalay Nursing Training Centre,"Maa Maturni Devi Mahavidyalay Nursing Training Centre, Village & Post - Chandadih, Vill.- Belthara Road , Tehsil- Sear, Distt.- Ballia, Uttar Pradesh, Pin Code- 221715",Maa Maturni Devi Shikshan Seva Sansthan,Ballia,Uttar Pradesh,Private,ANM | GNM,30 (Thirty) | 30 (Thirty),60,221715,2025-2026,INC Yearly Report,https://online.indiannursingcouncil.org/Reports/YearlyReportByState.aspx,2026-09-11T11:41:34.467041
Uttar Pradesh|Azamgarh|MAA SHAHZADI DEVI MEMORIAL NURSING COLLEGE,Maa Shahzadi Devi Memorial Nursing College,"Maa Shahzadi Devi Memorial Nursing College, Vill- Bijarwa, Post- Bankat, , Distt.- Azamgarh, Uttar Pradesh, Pin Code- 276125",Shivalik Seva Trust,Azamgarh,Uttar Pradesh,Private,ANM | GNM | B.Sc(N),30 (Thirty) | 30 (Thirty) | 40 (Forty),100,276125,2025-2026,INC Yearly Report,https://online.indiannursingcouncil.org/Reports/YearlyReportByState.aspx,2026-09-11T11:41:34.467041
Uttar Pradesh|Allahabad|MAA SHARDA COLLEGE OF NURSING,Maa Sharda College Of Nursing,"Maa Sharda College Of Nursing, Village Panwari, Post - Panwar, Karchana, Distt.- Allahabad, Uttar Pradesh, Pin Code- 212107",Maa Sharda Charitable Trust,Allahabad,Uttar Pradesh,Private,ANM | GNM,20 (Twenty) | 20 (Twenty),40,212107,2025-2026,INC Yearly Report,https://online.indiannursingcouncil.org/Reports/YearlyReportByState.aspx,2026-09-11T11:41:34.467041
Uttar Pradesh|Kaushambi|MADHU VACHASPATI INSTITUTE OF NURSING,Madhu Vachaspati Institute Of Nursing,"Madhu Vachaspati Institute Of Nursing, Rasoolabad Urf Koilaha Puramufti G T Road, Kaushambi, Distt.- Kaushambi, Uttar Pradesh, Pin Code- 212213",Wachaspati Madhupati Prani Sewa Sansthan,Kaushambi,Uttar Pradesh,Private,GNM,40 (Forty),40,212213,2025-2026,INC Yearly Report,https://online.indiannursingcouncil.org/Reports/YearlyReportByState.aspx,2026-09-11T11:41:34.467041
Uttar Pradesh|Kanpur Nagar|MAHARANA PRATAP COLLEGE OF NURSING AND PARAMEDICAL SCIENCES,Maharana Pratap College Of Nursing And Paramedical Sciences,"Maharana Pratap College Of Nursing And Paramedical Sciences, Kothi, Mandhana, Kanpur, Distt.- Kanpur Nagar, Uttar Pradesh, Pin Code- 208017",Maharana Pratap Education Centre,Kanpur Nagar,Uttar Pradesh,Private,B.Sc(N),40 (Forty),40,208017,2025-2026,INC Yearly Report,https://online.indiannursingcouncil.org/Reports/YearlyReportByState.aspx,2026-09-11T11:41:34.467041
Uttar Pradesh|Jhansi|MAHARANI LAXMI BAI GOVT. PARAMEDICAL TRAINING COLLEGE,Maharani Laxmi Bai Govt. Paramedical Training College,"Maharani Laxmi Bai Govt. Paramedical Training College, Kanpur Bye Pass Road Near Mlb Medical College , Jhansi, Distt.- Jhansi, Uttar Pradesh, Pin Code- 284128",Uttar Pradesh State Govt,Jhansi,Uttar Pradesh,Government,B.Sc(N),60 (Sixty),60,284128,2025-2026,INC Yearly Report,https://online.indiannursingcouncil.org/Reports/YearlyReportByState.aspx,2026-09-11T11:41:34.467041
Uttar Pradesh|Meerut|MAHAVEER NURSING &AMP; PARAMEDICAL COLLEGE,Mahaveer Nursing &Amp; Paramedical College,"Mahaveer Nursing &Amp; Paramedical College, Vill Pohalli, Post Dabthwa, Teh Sardhana, , Distt.- Meerut, Uttar Pradesh, Pin Code- 250341",New Tuples Educational Society,Meerut,Uttar Pradesh,Private,GNM | ANM,40 (Forty) | 30 (Thirty),70,250341,2025-2026,INC Yearly Report,https://online.indiannursingcouncil.org/Reports/YearlyReportByState.aspx,2026-09-11T11:41:34.467041
Uttar Pradesh|Bareilly|MAHENDRA GAYATRI SCHOOL OF NURSING,Mahendra Gayatri School Of Nursing,"Mahendra Gayatri School Of Nursing, Village Chitauli, Post - Fatehganj, Vill.- Chitauli , Tehsil- Fatehganj (W), Distt.- Bareilly, Uttar Pradesh, Pin Code- 243501",Mahendra Gayatri Foundation,Bareilly,Uttar Pradesh,Private,ANM | GNM | B.Sc(N),50 (Fifty) | 50 (Fifty) | 40 (Forty),140,243501,2025-2026,INC Yearly Report,https://online.indiannursingcouncil.org/Reports/YearlyReportByState.aspx,2026-09-11T11:41:34.467041
Uttar Pradesh|Aligarh|MAHESHWARI NURSING AND PARAMEDICAL INSTITUTE,Maheshwari Nursing And Paramedical Institute,"Maheshwari Nursing And Paramedical Institute, Hathras Adda, Aligarh, Distt.- Aligarh, Uttar Pradesh, Pin Code- 202001",Maheshwari Educational Centre,Aligarh,Uttar Pradesh,Private,B.Sc(N) | ANM | GNM,40 (Forty) | 50 (Fifty) | 50 (Fifty),140,202001,2025-2026,INC Yearly Report,https://online.indiannursingcouncil.org/Reports/YearlyReportByState.aspx,2026-09-11T11:41:40.493004
Uttar Pradesh|Farrukhabad|MAJOR S D SINGH NURSING AND PARAMEDICAL COLLGE,Major S D Singh Nursing And Paramedical Collge,"Major S D Singh Nursing And Paramedical Collge , Mohammadabad,Farrukhabad , Farrukhabad , Distt.- Farrukhabad, Uttar Pradesh, Pin Code- 209651",Major Shiv Dayal Singh Mahavidyalaya,Farrukhabad,Uttar Pradesh,Private,ANM,40 (Forty),40,209651,2025-2026,INC Yearly Report,https://online.indiannursingcouncil.org/Reports/YearlyReportByState.aspx,2026-09-11T11:41:40.493004
Uttar Pradesh|Kanpur Nagar|MARIAMPUR COLLEGE OF NURSING,Mariampur College Of Nursing,"Mariampur College Of Nursing, Mariampur Hospital, Shastri Nagar P.O., Kanpur Nagar, Distt.- Kanpur Nagar, Uttar Pradesh, Pin Code- 208005",Mariampur Hospital Society,Kanpur Nagar,Uttar Pradesh,Private,B.Sc(N) | GNM,20 (Twenty) | 40 (Forty),60,208005,2025-2026,INC Yearly Report,https://online.indiannursingcouncil.org/Reports/YearlyReportByState.aspx,2026-09-11T11:41:40.493004
Uttar Pradesh|Bareilly|MARY V GORDEN SCHOOL OF NURSING,Mary V Gorden School Of Nursing,"Mary V Gorden School Of Nursing, Clara Swain Hospital, Methodist Mission, Bareilly, Distt.- Bareilly, Uttar Pradesh, Pin Code- 243001",M C I,Bareilly,Uttar Pradesh,Private,GNM,40 (Forty),40,243001,2025-2026,INC Yearly Report,https://online.indiannursingcouncil.org/Reports/YearlyReportByState.aspx,2026-09-11T11:41:40.493004
Uttar Pradesh|Bijnor|MATA GAYATRI DEVI NURSING SCHOOL,Mata Gayatri Devi Nursing School,"Mata Gayatri Devi Nursing School, Village - Ganj Dara Nagar, Bijnor, Distt.- Bijnor, Uttar Pradesh, Pin Code- 246701",Kevla Nand Nigam Asharam,Bijnor,Uttar Pradesh,Private,ANM | GNM,30 (Thirty) | 50 (Firty),80,246701,2025-2026,INC Yearly Report,https://online.indiannursingcouncil.org/Reports/YearlyReportByState.aspx,2026-09-11T11:41:40.493004
Uttar Pradesh|Chandauli|MAXWELL INSTITUTE OF MEDICAL SCIENCES,Maxwell Institute Of Medical Sciences,"Maxwell Institute Of Medical Sciences, Nh-2 Hinauta Jagdisarai, Chandauli, Distt.- Chandauli, Uttar Pradesh, Pin Code- 232104",Mother Nirmala Charitable Trust,Chandauli,Uttar Pradesh,Private,ANM | GNM | B.Sc(N) | P B B.Sc(N),40 (Forty) | 60 (Sixty) | 60 (Sixty) | 20 (Twenty),180,232104,2025-2026,INC Yearly Report,https://online.indiannursingcouncil.org/Reports/YearlyReportByState.aspx,2026-09-11T11:41:40.493004
Uttar Pradesh|Meerut|MEERUT NURSING COLLEGE,Meerut Nursing College,"Meerut Nursing College, (Mulayam Singh Yadav Medical College & Hospital Campus), 21-Km, Nh-235,, Vill.- Lalpur (Nalpur), Tehsil- Kharkhoda, Distt.- Meerut, Uttar Pradesh, Pin Code- 245206",K S D Charitable Trust,Meerut,Uttar Pradesh,Private,ANM | GNM | B.Sc(N),40 (Forty) | 40 (Forty) | 40 (Forty),120,245206,2025-2026,INC Yearly Report,https://online.indiannursingcouncil.org/Reports/YearlyReportByState.aspx,2026-09-11T11:41:40.493004
Uttar Pradesh|Varanasi|MERIDIAN NURSING AND PARAMEDICAL COLLEGE,Meridian Nursing And Paramedical College,"Meridian Nursing And Paramedical College, Ghazipur Road Ledhupur Ashapur , Varanasi, Distt.- Varanasi, Uttar Pradesh, Pin Code- 221007",Meridian Welfare Trust,Varanasi,Uttar Pradesh,Private,M. Sc (N) | ANM | GNM | B.Sc(N),"20 (Twenty) Med-Surg-5, Obg-5, Chn-5, Paed-5 | 60 (Sixty) | 60 (Sixty) | 40 (Forty)",180,221007,2025-2026,INC Yearly Report,https://online.indiannursingcouncil.org/Reports/YearlyReportByState.aspx,2026-09-11T11:41:40.493004
Uttar Pradesh|Gautam Budha Nagar|METRO COLLEGE OF NURSING,Metro College Of Nursing,"Metro College Of Nursing, Plot No. 41, Knowledge Park - Iii, Greater Noida , Distt.- Gautam Budha Nagar, Uttar Pradesh, Pin Code- 201308",Society Of Metro Group For Education Medical Research,Gautam Budha Nagar,Uttar Pradesh,Private,ANM | GNM | B.Sc(N) | M. Sc (N) | P B B.Sc(N) | NURSE PRACTITIONER IN CRITICAL CARE(NPCC),"30 (Thirty) | 80 (Eighty) | 60 (Sixty) | 15 (Fifteen) : MED-SURG-10, CHN-05 | 30 (Thirty) | 20 (Twenty)",235,201308,2025-2026,INC Yearly Report,https://online.indiannursingcouncil.org/Reports/YearlyReportByState.aspx,2026-09-11T11:41:40.493004
Uttar Pradesh|Varanasi|MISSION COLLEGE OF NURSING,Mission College Of Nursing,"Mission College Of Nursing, Siristi, Amauli, Vill.- Bhagatua, Tehsil- Chirai Goan, Distt.- Varanasi, Uttar Pradesh, Pin Code- 221104",N S P Enterprises,Varanasi,Uttar Pradesh,Private,B.Sc(N) | ANM,40 (Forty) | 40 (Forty),80,221104,2025-2026,INC Yearly Report,https://online.indiannursingcouncil.org/Reports/YearlyReportByState.aspx,2026-09-11T11:41:40.493004
Uttar Pradesh|Azamgarh|MISSION SCHOOL OF A N M,Mission School Of A N M,"Mission School Of A N M, Christian Hospital Seva Sansthan, Azamgarh, Distt.- Azamgarh, Uttar Pradesh, Pin Code- 276001",Christian Hospital Seva Sansthan,Azamgarh,Uttar Pradesh,Private,ANM | GNM,60 (Sixty) | 60 (Sixty),120,276001,2025-2026,INC Yearly Report,https://online.indiannursingcouncil.org/Reports/YearlyReportByState.aspx,2026-09-11T11:41:46.567997
Uttar Pradesh|Saharanpur|MOTHER TERESA COLLEGE OF NURSING,Mother Teresa College Of Nursing,"Mother Teresa College Of Nursing, Opp. Vikas Bhawan, Near Manani Railway Station, Saharanpur, Distt.- Saharanpur, Uttar Pradesh, Pin Code- 247001",Mother Teresa Education Welfare Society,Saharanpur,Uttar Pradesh,Private,B.Sc(N) | P B B.Sc(N) | ANM | GNM,40 (Forty) | 30 (Thirty) | 40 (Forty) | 50 (Fifty),160,247001,2025-2026,INC Yearly Report,https://online.indiannursingcouncil.org/Reports/YearlyReportByState.aspx,2026-09-11T11:41:46.567997
Uttar Pradesh|Rampur|MOTHER TERESSA INSTITUTE OF PARAMEDICAL SCIENCES,Mother Teressa Institute Of Paramedical Sciences,"Mother Teressa Institute Of Paramedical Sciences, C/O Mohammad Ali Jauhar University , , Distt.- Rampur, Uttar Pradesh, Pin Code- 244927",Maulana Mohammad Ali Jauhar Trust,Rampur,Uttar Pradesh,Private,ANM,30 (Thirty),30,244927,2025-2026,INC Yearly Report,https://online.indiannursingcouncil.org/Reports/YearlyReportByState.aspx,2026-09-11T11:41:46.567997
Uttar Pradesh|Muzzafarnagar|MUZAFFARNAGAR NURSING INSTITUTE,Muzaffarnagar Nursing Institute,"Muzaffarnagar Nursing Institute, Begrajpur Industrial Area, 115 Km Stone, Nh 58, Ghasipura Village, Distt.- Muzzafarnagar, Uttar Pradesh, Pin Code- 251203",Fateh Chand Charitable Trust,Muzzafarnagar,Uttar Pradesh,Private,GNM | B.Sc(N),100 (One Hundred) | 100 (One Hundred),200,251203,2025-2026,INC Yearly Report,https://online.indiannursingcouncil.org/Reports/YearlyReportByState.aspx,2026-09-11T11:41:46.567997
Uttar Pradesh|Gautam Budha Nagar|N I M T INSTITUTE OF MEDICAL &AMP; PARAMEDICAL SCIENCES,N I M T Institute Of Medical &Amp; Paramedical Sciences,"N I M T Institute Of Medical &Amp; Paramedical Sciences, Knowledge Park- 1, Plot No. 41, Kasna Road, Greater Noida , Distt.- Gautam Budha Nagar, Uttar Pradesh, Pin Code- 201310",United Educational Society,Gautam Budha Nagar,Uttar Pradesh,Private,B.Sc(N) | GNM,40 (Forty) | 30 (Thirty),70,201310,2025-2026,INC Yearly Report,https://online.indiannursingcouncil.org/Reports/YearlyReportByState.aspx,2026-09-11T11:41:46.567997
Uttar Pradesh|Kanpur Nagar|NARAINA NURSING COLLEGE,Naraina Nursing College,"Naraina Nursing College, Gangaganj, Panki, Vill.- Kanpur , Tehsil- Kalyanpur, Distt.- Kanpur Nagar, Uttar Pradesh, Pin Code- 208020",Shri Durga Maa Shiksha Seva Samiti,Kanpur Nagar,Uttar Pradesh,Private,B.Sc(N) | M. Sc (N) | P B B.Sc(N) | ANM | GNM,50 (Fifty) | 20 (Twenty) | 20 (Twenty) | 30 (Thirty) | 50 (Fifty),170,208020,2025-2026,INC Yearly Report,https://online.indiannursingcouncil.org/Reports/YearlyReportByState.aspx,2026-09-11T11:41:46.567997
Uttar Pradesh|Allahabad|NAZARETH HOSPITAL SCHOOL OF NURSING,Nazareth Hospital School Of Nursing,"Nazareth Hospital School Of Nursing,, 13/A, Kamla Nehru Road, Allahabad , Distt.- Allahabad, Uttar Pradesh, Pin Code- 211001",Nazareth Hospital,Allahabad,Uttar Pradesh,Private,GNM,40 (Forty),40,211001,2025-2026,INC Yearly Report,https://online.indiannursingcouncil.org/Reports/YearlyReportByState.aspx,2026-09-11T11:41:46.567997
Uttar Pradesh|Rampur|NEELAVENI KRISHNA SCHOOL OF NURSING,Neelaveni Krishna School Of Nursing,"Neelaveni Krishna School Of Nursing, Ramleela Gr0und, Kosi Road, Rampur, Distt.- Rampur, Uttar Pradesh, Pin Code- 244901",Jaya Prada Charitable Trust,Rampur,Uttar Pradesh,Private,GNM | ANM,60 (Sixty) | 60 (Sixty),120,244901,2025-2026,INC Yearly Report,https://online.indiannursingcouncil.org/Reports/YearlyReportByState.aspx,2026-09-11T11:41:46.567997
Uttar Pradesh|Gautam Budha Nagar|NIGHTINGALE INSTITUTE OF NURSING,Nightingale Institute Of Nursing,"Nightingale Institute Of Nursing,, C-23, Institutional Area, Sector-62, Noida, Noida, Distt.- Gautam Budha Nagar, Uttar Pradesh, Pin Code- 201307",Nightingale Education Society,Gautam Budha Nagar,Uttar Pradesh,Private,B.Sc(N) | M. Sc (N) | P B B.Sc(N),60 (Sixty) | 25 (Twenty Five) | 40 (Forty),125,201307,2025-2026,INC Yearly Report,https://online.indiannursingcouncil.org/Reports/YearlyReportByState.aspx,2026-09-11T11:41:46.567997
Uttar Pradesh|Hardoi|NIRMALA INSTITUTE OF NURSING AND PARAMEDICAL SCIENCES,Nirmala Institute Of Nursing And Paramedical Sciences,"Nirmala Institute Of Nursing And Paramedical Sciences, Pokhri Pihant Road, , Distt.- Hardoi, Uttar Pradesh, Pin Code- 241001",Nirmala Foundation,Hardoi,Uttar Pradesh,Private,ANM,40 (Forty),40,241001,2025-2026,INC Yearly Report,https://online.indiannursingcouncil.org/Reports/YearlyReportByState.aspx,2026-09-11T11:41:46.567997
Uttar Pradesh|Barabanki|NISHAT HOSPITALS AND INSTITUTE OF PARAMEDICAL SCIENCES AND COLLEGE OF NURSING,Nishat Hospitals And Institute Of Paramedical Sciences And College Of Nursing,"Nishat Hospitals And Institute Of Paramedical Sciences And College Of Nursing, Plot No. 407, Sandauli Umarpur, Near Mohammadpur Police Chowki, Lucknow Faizabad Road, Hn-28, Vill.- Sanauli Umarpur,",Nishat Educational Society,Barabanki,Uttar Pradesh,Private,B.Sc(N) | GNM | ANM,20 (Twenty) | 50 (Fifty) | 30 (Thirty),100,,2025-2026,INC Yearly Report,https://online.indiannursingcouncil.org/Reports/YearlyReportByState.aspx,2026-09-11T11:41:46.567997
Uttar Pradesh|Lucknow|NOVA INSTITUTE OF NURSING & PARAMEDICAL SCIENCE,Nova Institute Of Nursing & Paramedical Science,"Nova Institute Of Nursing & Paramedical Science, Nova Hospital (Ford Hospital), Plot - 2,Vikas Khand-1, Patrakarpuram, Gomti Nagar, Distt.- Lucknow, Uttar Pradesh, Pin Code- 226010",Nova Hospital,Lucknow,Uttar Pradesh,Private,ANM | GNM | B.Sc(N),40 (Forty) | 60 (Sixty) | 40 (Forty),140,226010,2025-2026,INC Yearly Report,https://online.indiannursingcouncil.org/Reports/YearlyReportByState.aspx,2026-09-11T11:41:46.567997
Uttar Pradesh|Barabanki|P P S COLLEGE OF NURSING,P P S College Of Nursing,"P P S College Of Nursing, Village- Sursanda Post- Rasauli , Vill.- Sursanda , Tehsil- Masauli, Distt.- Barabanki, Uttar Pradesh, Pin Code- 225001",Parth Hospital And Research Centre Pvt Ltd,Barabanki,Uttar Pradesh,Private,ANM | GNM,30 (Thirty) | 40 (Forty),70,225001,2025-2026,INC Yearly Report,https://online.indiannursingcouncil.org/Reports/YearlyReportByState.aspx,2026-09-11T11:41:52.527507
Uttar Pradesh|Meerut|PANNA DHAI MAA SUBHARTI NURSING COLLEGE,Panna Dhai Maa Subharti Nursing College,"Panna Dhai Maa Subharti Nursing College, Swami Vivekanand Subharti University, Subhartipuram, Nh - 58, Meerut, Distt.- Meerut, Uttar Pradesh, Pin Code- 250005",Subharti K K B Charitable Trust,Meerut,Uttar Pradesh,Private,ANM | B.Sc(N) | NURSE PRACTITIONER IN CRITICAL CARE(NPCC) | GNM,40 (Forty) | 80 (Eighty) | 20 (Twenty) | 100 (Hundred),240,250005,2025-2026,INC Yearly Report,https://online.indiannursingcouncil.org/Reports/YearlyReportByState.aspx,2026-09-11T11:41:52.527507
Uttar Pradesh|Varanasi|POPULAR NURSING SCHOOL,Popular Nursing School,"Popular Nursing School, N-10/60-A-2, Near Kakarmatta Over Bridge, Kakarmatta, Varanasi, Varanasi, Distt.- Varanasi, Uttar Pradesh, Pin Code- 221004",Popular Medicare Limited,Varanasi,Uttar Pradesh,Private,ANM | GNM | B.Sc(N),30 (Thirty) | 40 (Forty) | 40 (Forty),110,221004,2025-2026,INC Yearly Report,https://online.indiannursingcouncil.org/Reports/YearlyReportByState.aspx,2026-09-11T11:41:52.527507
Uttar Pradesh|Mirzapur|POPULAR NURSING SCHOOL,Popular Nursing School,"Popular Nursing School, Natwan, Jangi Road, Mirzapur, Uttar Pradesh Pin 231001 , Vill.- Mirzapur, Tehsil- City, Distt.- Mirzapur, Uttar Pradesh, Pin Code- 231001","Popular Institute Of Medical Foundation, Old Name Is Popular Paramedicals Foundation",Mirzapur,Uttar Pradesh,Private,ANM | GNM,40 (Forty) | 40 (Forty),80,231001,2025-2026,INC Yearly Report,https://online.indiannursingcouncil.org/Reports/YearlyReportByState.aspx,2026-09-11T11:41:52.527507
Uttar Pradesh|Basti|PRADUMAN SINGH SIKSHAN PRASIKSHAN SANSTHAN SCHOOL OF NURSING,Praduman Singh Sikshan Prasikshan Sansthan School Of Nursing,"Praduman Singh Sikshan Prasikshan Sansthan School Of Nursing, Vill- Sansarpur Post- Gandhi Nagar Dist- Basti, Basti, Distt.- Basti, Uttar Pradesh, Pin Code- 272001",Gautam Budh Educational Social And Environmental Charitable Development Trust,Basti,Uttar Pradesh,Private,GNM | ANM,40 (Forty) | 40 (Forty),80,272001,2025-2026,INC Yearly Report,https://online.indiannursingcouncil.org/Reports/YearlyReportByState.aspx,2026-09-11T11:41:52.527507
Uttar Pradesh|Gautam Budha Nagar|PRAKASH INSTITUTE OF PHYSIOTHERAPY,Prakash Institute Of Physiotherapy,"Prakash Institute Of Physiotherapy, Rehabilitation , Allied Paramedical Sciences, Plot No 9 A, , Greater Nodia,, Distt.- Gautam Budha Nagar, Uttar Pradesh, Pin Code- 201308",Gautam Buddha Health Care Foundation,Gautam Budha Nagar,Uttar Pradesh,Private,ANM | GNM | B.Sc(N) | M. Sc (N) | P B B.Sc(N),50 (Fifty) | 60 (Sixty) | 50 (Fifty) | 30 (Thirty) Med-Surg-10 Chn-5 Obg-5 Psy-5 Paed-5 | 30 (Thirty),220,201308,2025-2026,INC Yearly Report,https://online.indiannursingcouncil.org/Reports/YearlyReportByState.aspx,2026-09-11T11:41:52.527507
Uttar Pradesh|Mau|PRAKASH NURSING SCHOOL,Prakash Nursing School,"Prakash Nursing School, Nh-29, Brahamsthan, Sahadatpura, Mau, Distt.- Mau, Uttar Pradesh, Pin Code- 275101",Rajeev Samazic Shikshan Seve Sansthan,Mau,Uttar Pradesh,Private,ANM | GNM | B.Sc(N) | M. Sc (N) | P B B.Sc(N),"50 (Fifty) | 40 (Forty) | 40 (Forty) | 10 (Ten) Chn-05, Med-Surg.-05 | 30 (Thirty)",170,275101,2025-2026,INC Yearly Report,https://online.indiannursingcouncil.org/Reports/YearlyReportByState.aspx,2026-09-11T11:41:52.527507
Uttar Pradesh|Sant Ravi Das Nagar|PRATIMA NURSING COLLEGE,Pratima Nursing College,"Pratima Nursing College, Indiramil Chauraha Jaunpur Road,Bhadohi , Bhadohi, Distt.- Sant Ravi Das Nagar, Uttar Pradesh, Pin Code- 221401",Ram Chandra Dubey Foundation Trust,Sant Ravi Das Nagar,Uttar Pradesh,Private,ANM | GNM,40 (Forty) | 40 (Forty),80,221401,2025-2026,INC Yearly Report,https://online.indiannursingcouncil.org/Reports/YearlyReportByState.aspx,2026-09-11T11:41:52.527507
Uttar Pradesh|Hathras|PREM RAGHU HOSPITAL AND PARAMEDICAL INSTITUTE,Prem Raghu Hospital And Paramedical Institute,"Prem Raghu Hospital And Paramedical Institute, Near M G Poly Technic Agra Road, Hathras, Distt.- Hathras, Uttar Pradesh, Pin Code- 204101",Prem Raghu Dharmarth Chikitsa Sewa Samiti,Hathras,Uttar Pradesh,Private,ANM | GNM | B.Sc(N),30 (Thirty) | 40 (Forty) | 20 (Twenty),90,204101,2025-2026,INC Yearly Report,https://online.indiannursingcouncil.org/Reports/YearlyReportByState.aspx,2026-09-11T11:41:52.527507
Uttar Pradesh|Bijnor|PRIYANKA COLLEGE OF MEDICAL SCIENCE AND RESEARCH CENTER,Priyanka College Of Medical Science And Research Center,"Priyanka College Of Medical Science And Research Center, Vill. Mohda, Moradabad Road, , Dhampur, Distt.- Bijnor, Uttar Pradesh, Pin Code- 246761",Priyanka Modern School Naurangabad,Bijnor,Uttar Pradesh,Private,ANM | GNM,20 (Twenty) | 20 (Twenty),40,246761,2025-2026,INC Yearly Report,https://online.indiannursingcouncil.org/Reports/YearlyReportByState.aspx,2026-09-11T11:41:52.527507
Uttar Pradesh|Agra|PUSHPANJALI INSTITUTE OF NURSING,Pushpanjali Institute Of Nursing,"Pushpanjali Institute Of Nursing, 100, Feet Road, Budhi Ka Nagla, Dayal Bagh, Vill.- Agra , Tehsil- Fatehpur Sikri, Distt.- Agra, Uttar Pradesh, Pin Code- 282005",Pushpanjali Hospital Research Centre,Agra,Uttar Pradesh,Private,GNM | B.Sc(N) | M. Sc (N),100 (One Hundred) | 40 (Forty) | 20 (Twenty),160,282005,2025-2026,INC Yearly Report,https://online.indiannursingcouncil.org/Reports/YearlyReportByState.aspx,2026-09-11T11:41:58.653271
Uttar Pradesh|Bareilly|R K INSTITUTE OF MEDICAL SCIENCES,R K Institute Of Medical Sciences,"R K Institute Of Medical Sciences, 173 Deorania Faridpur Bareilly, Bareilly, Distt.- Bareilly, Uttar Pradesh, Pin Code- 243503",Shambhu Narain Foundation - Charitable Trust,Bareilly,Uttar Pradesh,Private,B.Sc(N) | ANM,40 (Forty) | 40 (Forty),80,243503,2025-2026,INC Yearly Report,https://online.indiannursingcouncil.org/Reports/YearlyReportByState.aspx,2026-09-11T11:41:58.653271
Uttar Pradesh|Azamgarh|R K INSTITUTE OF NURSING AND PARAMEDICAL,R K Institute Of Nursing And Paramedical,"R K Institute Of Nursing And Paramedical , Kashipur, Surais Sathiaon Azamgarh , Vill.- Kashipur , Tehsil- Santhiyanua, Distt.- Azamgarh, Uttar Pradesh, Pin Code- 276001",R K Institute Of Nursing And Paramedical Samiti,Azamgarh,Uttar Pradesh,Private,ANM | GNM,30 (Thirty) | 50 (Fifty),80,276001,2025-2026,INC Yearly Report,https://online.indiannursingcouncil.org/Reports/YearlyReportByState.aspx,2026-09-11T11:41:58.653271
Uttar Pradesh|Allahabad|R K SCHOOL OF NURSING,R K School Of Nursing,"R K School Of Nursing, Maviya, Post Tsl - Naini, Vill.- Mavaiya, Tehsil- Karchhana, Distt.- Allahabad, Uttar Pradesh, Pin Code- 211010",Sunahara Bhavishya Vikas Samiti,Allahabad,Uttar Pradesh,Private,GNM | ANM,40 (Forty) | 40 (Forty),80,211010,2025-2026,INC Yearly Report,https://online.indiannursingcouncil.org/Reports/YearlyReportByState.aspx,2026-09-11T11:41:58.653271
Uttar Pradesh|Chitrakoot|R K SINGH HOSPITAL AND INSTITUTE OF MEDICAL SCIENCES,R K Singh Hospital And Institute Of Medical Sciences,"R K Singh Hospital And Institute Of Medical Sciences, Vpo-Ragauli, Post-Karvi, Chitrakoot, Distt.- Chitrakoot, Uttar Pradesh, Pin Code- 210205",Chhatrapati Shahu Ji Maharaj Seva Sansthan,Chitrakoot,Uttar Pradesh,Private,B.Sc(N) | ANM | GNM,40 (Forty) | 40 (Forty) | 40 (Forty),120,210205,2025-2026,INC Yearly Report,https://online.indiannursingcouncil.org/Reports/YearlyReportByState.aspx,2026-09-11T11:41:58.653271
Uttar Pradesh|Shahjahanpur|R M L INSTITUTE OF MEDICAL SCIENCES,R M L Institute Of Medical Sciences,"R M L Institute Of Medical Sciences, Badagaon, Powayan, Shahjahanpur, Distt.- Shahjahanpur, Uttar Pradesh, Pin Code- 242401",Dr. Ram Manohar Lohiya Welfare Society,Shahjahanpur,Uttar Pradesh,Private,GNM | B.Sc(N),40 (Forty) | 40 (Forty),80,242401,2025-2026,INC Yearly Report,https://online.indiannursingcouncil.org/Reports/YearlyReportByState.aspx,2026-09-11T11:41:58.653271
Uttar Pradesh|Moradabad|R S D ACADEMY INSTITUTE OF MEDICAL SCIENCES,R S D Academy Institute Of Medical Sciences,"R S D Academy Institute Of Medical Sciences, R S D Campus, Ram Ganga Vihar, Phase Ii,, Moradabad, Distt.- Moradabad, Uttar Pradesh, Pin Code- 244001",S V G Charitable Trust,Moradabad,Uttar Pradesh,Private,B.Sc(N),40 (Forty),40,244001,2025-2026,INC Yearly Report,https://online.indiannursingcouncil.org/Reports/YearlyReportByState.aspx,2026-09-11T11:41:58.653271
Uttar Pradesh|Jaunpur|R.A.S. COLLEGE OF NURSING,R.A.S. College Of Nursing,"R.A.S. College Of Nursing , 7Th Km Mile Stone Kulhanamau,Lucknow Road, Jaunpur, Jaunpur, Distt.- Jaunpur, Uttar Pradesh, Pin Code- 222001",Harshit Foundation,Jaunpur,Uttar Pradesh,Private,P B B.Sc(N) | ANM | GNM | B.Sc(N),30 (Thirty) | 40 (Forty) | 40 (Forty) | 40 (Forty),150,222001,2025-2026,INC Yearly Report,https://online.indiannursingcouncil.org/Reports/YearlyReportByState.aspx,2026-09-11T11:41:58.653271
Uttar Pradesh|Azamgarh|RAINBOW NURSING COLLEGE,Rainbow Nursing College,"Rainbow Nursing College, 521, Mahuwa Murarapur Sathiyaon Azamgarh, Azamgarh, Distt.- Azamgarh, Uttar Pradesh, Pin Code- 276406",Rainbow Charitable Trust,Azamgarh,Uttar Pradesh,Private,ANM,40 (Forty),40,276406,2025-2026,INC Yearly Report,https://online.indiannursingcouncil.org/Reports/YearlyReportByState.aspx,2026-09-11T11:41:58.653271
Uttar Pradesh|Lucknow|RAJENDRA COLLEGE OF NURSING,Rajendra College Of Nursing,"Rajendra College Of Nursing, Post- Arjunpur, Sitapur Road , Vill.- Devori Rukhara, Tehsil- Bakshi Ka Talab, Distt.- Lucknow, Uttar Pradesh, Pin Code- 227205",Deepak Life Sciences Village Foundation,Lucknow,Uttar Pradesh,Private,ANM | B.Sc(N) | GNM,40 (Forty) | 40 (Forty) | 40 (Forty),120,227205,2025-2026,INC Yearly Report,https://online.indiannursingcouncil.org/Reports/YearlyReportByState.aspx,2026-09-11T11:41:58.653271
Uttar Pradesh|Bareilly|RAJSHREE COLLEGE OF NURSING AND PARAMEDICAL,Rajshree College Of Nursing And Paramedical,"Rajshree College Of Nursing And Paramedical, 16Th Km Nh 30 , Village - Labhera Urf Buland Nagar, Tehsil - Nawabganj, Post - Rithora, District &#8211; Bareilly, Bareilly, Distt.- Bareilly, Uttar Pradesh,",Rajshree Educational Trust,Bareilly,Uttar Pradesh,Private,B.Sc(N) | GNM,40 (Forty) | 60 (Sixty),100,,2025-2026,INC Yearly Report,https://online.indiannursingcouncil.org/Reports/YearlyReportByState.aspx,2026-09-11T11:41:58.653271
Uttar Pradesh|Bareilly|RAJSHREE NURSING INSTITUTE,Rajshree Nursing Institute,"Rajshree Nursing Institute, 21 Km, Nh- 24, Near Toll Plaza, Rampur Road, Meerganj, Vill.- Satuia Khas, Tehsil- Mirganj, Distt.- Bareilly, Uttar Pradesh, Pin Code- 243501",Rajshree Educational Trust,Bareilly,Uttar Pradesh,Private,ANM | GNM | B.Sc(N) | M. Sc (N),"40 (Forty) | 40 (Forty) | 100 (One Hundred) | 20 (Twenty) Chn-3, Med-Surg-8,Obg-3, Psy-3, Pead-3",200,243501,2025-2026,INC Yearly Report,https://online.indiannursingcouncil.org/Reports/YearlyReportByState.aspx,2026-09-11T11:41:58.653271
Uttar Pradesh|Bareilly|RAKSHPAL BAHADUR COLLEGE OF NURSING,Rakshpal Bahadur College Of Nursing,"Rakshpal Bahadur College Of Nursing, Near Itbp, Bukhara Turn, Budaun Road, Bareilly, Bareilly, Distt.- Bareilly, Uttar Pradesh, Pin Code- 243001",Harrow Educational Society,Bareilly,Uttar Pradesh,Private,B.Sc(N),40 (Forty),40,243001,2025-2026,INC Yearly Report,https://online.indiannursingcouncil.org/Reports/YearlyReportByState.aspx,2026-09-11T11:41:58.653271
Uttar Pradesh|Ambedakar Nagar|RAM ADHAR NURSING COLLEGE,Ram Adhar Nursing College,"Ram Adhar Nursing College, Badagaon, Ibrahimpur Tanda, Po - Kedar Nagar, Tanda, Distt.- Ambedakar Nagar, Uttar Pradesh, Pin Code- 224230",Ambedkar Nagar Shiksha Samiti,Ambedakar Nagar,Uttar Pradesh,Private,ANM | GNM,40 (Forty) | 60 (Sixty),100,224230,2025-2026,INC Yearly Report,https://online.indiannursingcouncil.org/Reports/YearlyReportByState.aspx,2026-09-11T11:42:04.732790
Uttar Pradesh|Kanpur Nagar|RAMA COLLEGE OF NURSING,Rama College Of Nursing,"Rama College Of Nursing, Rama City, Near Mandhana Railway Station, Kanpur Nagar , Distt.- Kanpur Nagar, Uttar Pradesh, Pin Code- 209217",Rama Educational Society,Kanpur Nagar,Uttar Pradesh,Private,ANM | GNM | B.Sc(N) | M. Sc (N) | P B B.Sc(N),40 (Forty) | 100 (One Hundred) | 120 (One Hundred Twenty) | 25 (Twenty Five) | 20 (Twenty),305,209217,2025-2026,INC Yearly Report,https://online.indiannursingcouncil.org/Reports/YearlyReportByState.aspx,2026-09-11T11:42:04.732790
Uttar Pradesh|Allahabad|RAMNIHORA INSTITUTE OF NURSING AND PARAMEDICAL,Ramnihora Institute Of Nursing And Paramedical,"Ramnihora Institute Of Nursing And Paramedical,, 10-3 B, By Pass Road, Phaphamau,, Allahabad, Distt.- Allahabad, Uttar Pradesh, Pin Code- 211013",Vineeta Hospital Pvt Ltd,Allahabad,Uttar Pradesh,Private,GNM | ANM,60 (Sixty) | 50 (Fifty),110,211013,2025-2026,INC Yearly Report,https://online.indiannursingcouncil.org/Reports/YearlyReportByState.aspx,2026-09-11T11:42:04.732790
Uttar Pradesh|Banda|RANI DURGAWATI NURSING COLLEGE,Rani Durgawati Nursing College,"Rani Durgawati Nursing College, Banda, Rani Durgawati Medical College Campus, Naraini Road, Tindwara, Banda, Banda, Distt.- Banda, Uttar Pradesh, Pin Code- 210001",Uttar Pradesh Govt.,Banda,Uttar Pradesh,Government,B.Sc(N),60 (Sixty),60,210001,2025-2026,INC Yearly Report,https://online.indiannursingcouncil.org/Reports/YearlyReportByState.aspx,2026-09-11T11:42:04.732790
Uttar Pradesh|Agra|RAVI SCHOOL OF NURSING,Ravi School Of Nursing,"Ravi School Of Nursing, Eh-2 Block-D Near Epip Center Shastripuram Sikandra Agra, Agra, Distt.- Agra, Uttar Pradesh, Pin Code- 282007",Smt Basanti Devi And Chakhan Lal Garg Education Trust,Agra,Uttar Pradesh,Private,GNM | ANM | B.Sc(N),40 (Forty) | 40 (Forty) | 40 (Forty),120,282007,2025-2026,INC Yearly Report,https://online.indiannursingcouncil.org/Reports/YearlyReportByState.aspx,2026-09-11T11:42:04.732790
Uttar Pradesh|Gonda|RAVINDRA SINGH SMARAK PARAMEDICAL SC & NSG INSTT,Ravindra Singh Smarak Paramedical Sc & Nsg Instt,"Ravindra Singh Smarak Paramedical Sc & Nsg Instt, Wazirganj, Vill.- Sahibapur, Tehsil- Tarabganj, Distt.- Gonda, Uttar Pradesh, Pin Code- 271310",Late Ravindra Singh Mahavidayalaya Samiti,Gonda,Uttar Pradesh,Private,ANM | GNM,30 (Thirty) | 50 (Fifty),80,271310,2025-2026,INC Yearly Report,https://online.indiannursingcouncil.org/Reports/YearlyReportByState.aspx,2026-09-11T11:42:04.732790
Uttar Pradesh|Kanpur Nagar|REGENCY INSTITUTE OF NURSING,Regency Institute Of Nursing,"Regency Institute Of Nursing, 1/Ps/Ambedkar Puram-3, Kalyanpur, Kanpur , Kanpur, Distt.- Kanpur Nagar, Uttar Pradesh, Pin Code- 208017",Regency Institute Of Nursing,Kanpur Nagar,Uttar Pradesh,Private,GNM | B.Sc(N) | P B B.Sc(N) | ANM,40 (Forty) | 40 (Forty) | 30 (Thirty) | 40 (Forty),150,208017,2025-2026,INC Yearly Report,https://online.indiannursingcouncil.org/Reports/YearlyReportByState.aspx,2026-09-11T11:42:04.732790
Uttar Pradesh|Aligarh|RJ NURSING AND PARAMEDICAL INSTITUTE,Rj Nursing And Paramedical Institute,"Rj Nursing And Paramedical Institute , Village Raipur Post Gharbara , Aligarh, Distt.- Aligarh, Uttar Pradesh, Pin Code- 202165",Khadar Bal Vidhyalaya Trust,Aligarh,Uttar Pradesh,Private,GNM | B.Sc(N),40 (Forty) | 40 (Forty),80,202165,2025-2026,INC Yearly Report,https://online.indiannursingcouncil.org/Reports/YearlyReportByState.aspx,2026-09-11T11:42:04.732790
Uttar Pradesh|Bareilly|ROHILKHAND SCHOOL OF NURSING,Rohilkhand School Of Nursing,"Rohilkhand School Of Nursing, Rohilkhand Medical College Campus Building, Bareilly, Distt.- Bareilly, Uttar Pradesh, Pin Code- 243006",Rohilkhand Educational Charitable Trust,Bareilly,Uttar Pradesh,Private,ANM | GNM | B.Sc(N) | M. Sc (N) | P B B.Sc(N) | NURSE PRACTITIONER IN CRITICAL CARE(NPCC),50 (Fifty) | 100 (One Hundred) | 100 (One Hundred) | 20 (Twenty) 04 (Four) In Each Specialty | 30 (Thirty) | 10 (Ten),310,243006,2025-2026,INC Yearly Report,https://online.indiannursingcouncil.org/Reports/YearlyReportByState.aspx,2026-09-11T11:42:04.732790
Uttar Pradesh|Bareilly|S G INSTITUTE OF NURSING,S G Institute Of Nursing,"S G Institute Of Nursing, 13Km,Rajau,Shahjahanpur Road Bareilly , Vill.- Bareilly , Tehsil- Faridpur, Distt.- Bareilly, Uttar Pradesh, Pin Code- 243001",Hind Educational Society,Bareilly,Uttar Pradesh,Private,GNM,40 (Forty),40,243001,2025-2026,INC Yearly Report,https://online.indiannursingcouncil.org/Reports/YearlyReportByState.aspx,2026-09-11T11:42:04.732790
Uttar Pradesh|Mathura|S R C NURSING PARAMEDICAL INSTITUTE,S R C Nursing Paramedical Institute,"S R C Nursing Paramedical Institute, Village - Rasoolpur, Post- Magorra , Vill.- Rasoolpur, Tehsil- Mathura, Distt.- Mathura, Uttar Pradesh, Pin Code- 281001",Gayatri Devi Ramesh Chand Charitable Trust,Mathura,Uttar Pradesh,Private,ANM | B.Sc(N) | GNM,40 (Forty) | 40 (Forty) | 60 (Sixty),140,281001,2025-2026,INC Yearly Report,https://online.indiannursingcouncil.org/Reports/YearlyReportByState.aspx,2026-09-11T11:42:04.732790
Uttar Pradesh|Basti|S R HOSPITAL AND MEDICAL INSTITUTE,S R Hospital And Medical Institute,"S R Hospital And Medical Institute, Village - Sehmo, Dasiya, Basti, Distt.- Basti, Uttar Pradesh, Pin Code- 272150",Chhatrapati Sahuji Maharaj Samarak Traust,Basti,Uttar Pradesh,Private,B.Sc(N) | ANM | GNM,40 (Forty) | 40 (Forty) | 40 (Forty),120,272150,2025-2026,INC Yearly Report,https://online.indiannursingcouncil.org/Reports/YearlyReportByState.aspx,2026-09-11T11:42:11.486222
Uttar Pradesh|Agra|S S G HEALTH WORKER (FEMALE) TRAINING CENTRE,S S G Health Worker (Female) Training Centre,"S S G Health Worker (Female) Training Centre, Sec. 3B/Ps-1, Avas Vikas Colony, Bodla Road, Sikandra, Agra , Agra, Distt.- Agra, Uttar Pradesh, Pin Code- 282003",Shanti Swaroop Gupta Edu Charitable Societry,Agra,Uttar Pradesh,Private,ANM | GNM,30 (Thirty) | 30 (Thirty),60,282003,2025-2026,INC Yearly Report,https://online.indiannursingcouncil.org/Reports/YearlyReportByState.aspx,2026-09-11T11:42:11.486222
Uttar Pradesh|Hardoi|S S INSTITUTE OF NURSING,S S Institute Of Nursing,"S S Institute Of Nursing, Mannapurwa, Lucknow Road, Vill.- Mannapurwa, Tehsil- Sursa, Distt.- Hardoi, Uttar Pradesh, Pin Code- 241001",Shahjade Singh Memorial Society,Hardoi,Uttar Pradesh,Private,GNM | B.Sc(N),40 (Forty) | 40 (Forty),80,241001,2025-2026,INC Yearly Report,https://online.indiannursingcouncil.org/Reports/YearlyReportByState.aspx,2026-09-11T11:42:11.486222
Uttar Pradesh|Kushinagar|S T N T NURSING INSTITUTE,S T N T Nursing Institute,"S T N T Nursing Institute, Village Po - Bhathahi Khurd, Vill.- Bhathahi Khurd Kushinagar , Tehsil- Kasaya, Distt.- Kushinagar, Uttar Pradesh, Pin Code- 274401",Shri Shukdev Prasad Tripathi Smarak Sanskrit Vidyapith,Kushinagar,Uttar Pradesh,Private,ANM | GNM,40 (Forty) | 30 (Thirty),70,274401,2025-2026,INC Yearly Report,https://online.indiannursingcouncil.org/Reports/YearlyReportByState.aspx,2026-09-11T11:42:11.486222
Uttar Pradesh|Bareilly|S.R. PARAMEDICAL INSTITUTE,S.R. Paramedical Institute,"S.R. Paramedical Institute, Maikpur, Bhuta-Faridpur Road, Bhuta, Bareilly, Distt.- Bareilly, Uttar Pradesh, Pin Code- 243503",S.R. Educational Trust,Bareilly,Uttar Pradesh,Private,B.Sc(N) | GNM,40 (Forty) | 40 (Forty),80,243503,2025-2026,INC Yearly Report,https://online.indiannursingcouncil.org/Reports/YearlyReportByState.aspx,2026-09-11T11:42:11.486222
Uttar Pradesh|Kanpur Nagar|SAAII COLLEGE OF MEDICAL SCIENCE &AMP; TECHNOLOGY,Saaii College Of Medical Science &Amp; Technology,"Saaii College Of Medical Science &Amp; Technology, Po - Chaubepur, Vill.- Bhinduri , Tehsil- Bilhaur, Distt.- Kanpur Nagar, Uttar Pradesh, Pin Code- 209203",Saaii Education And Research Foundation,Kanpur Nagar,Uttar Pradesh,Private,B.Sc(N) | M. Sc (N) | P B B.Sc(N) | ANM | GNM,40 (Forty) | 20 (Twenty) 4 (Four) In Each Specialty | 30 (Thirty) | 30 (Thirty) | 40 (Forty),160,209203,2025-2026,INC Yearly Report,https://online.indiannursingcouncil.org/Reports/YearlyReportByState.aspx,2026-09-11T11:42:11.486222
Uttar Pradesh|Rampur|SAHARA NURSING COLLEGE,Sahara Nursing College,"Sahara Nursing College, Vill: Janunagar, Rampur-Kemri Road, Post:Kemri, Tehsil: Milak, Distt: Rampur, Janunagar, Rampur-Kemri Road, Distt.- Rampur, Uttar Pradesh, Pin Code- 243701",S.T.A. Memorial Trust,Rampur,Uttar Pradesh,Private,ANM,30 (Thirty),30,243701,2025-2026,INC Yearly Report,https://online.indiannursingcouncil.org/Reports/YearlyReportByState.aspx,2026-09-11T11:42:11.486222
Uttar Pradesh|Sonbhadra|SAI HOSPITAL SCHOOL OF NURSING,Sai Hospital School Of Nursing,"Sai Hospital School Of Nursing, Shajour Robertsganj Sonebhadra , Vill.- Robertsganj , Tehsil- Rabertsganj, Distt.- Sonbhadra, Uttar Pradesh, Pin Code- 231216",Sai Welfare Society,Sonbhadra,Uttar Pradesh,Private,ANM | B.Sc(N) | P B B.Sc(N) | GNM,20 (Twenty) | 40 (Forty) | 30 (Thirty) | 40 (Forty),130,231216,2025-2026,INC Yearly Report,https://online.indiannursingcouncil.org/Reports/YearlyReportByState.aspx,2026-09-11T11:42:11.486222
Uttar Pradesh|Sonbhadra|SAINATH INSTITUTE OF PARAMEDICAL AND NURSING SCIENCES,Sainath Institute Of Paramedical And Nursing Sciences,"Sainath Institute Of Paramedical And Nursing Sciences, Hinduwari Robertsganj Sonebhadra, Robertsganj, Distt.- Sonbhadra, Uttar Pradesh, Pin Code- 231216",Sainath Charitable Trust,Sonbhadra,Uttar Pradesh,Private,B.Sc(N),40 (Forty),40,231216,2025-2026,INC Yearly Report,https://online.indiannursingcouncil.org/Reports/YearlyReportByState.aspx,2026-09-11T11:42:11.486222
Uttar Pradesh|Mau|SAINIK COLLEGE OF NURSING,Sainik College Of Nursing,"Sainik College Of Nursing, Vill+Post- Tajopur, Dist- Mau, Mau, Distt.- Mau, Uttar Pradesh, Pin Code- 275101",Shivnand Smarak Shikshan Sewa Sansthan,Mau,Uttar Pradesh,Private,P B B.Sc(N) | ANM | GNM | B.Sc(N),30 (Thirty) | 40 (Forty) | 40 (Forty) | 40 (Forty),150,275101,2025-2026,INC Yearly Report,https://online.indiannursingcouncil.org/Reports/YearlyReportByState.aspx,2026-09-11T11:42:11.486222
Uttar Pradesh|Allahabad|SAKET INSTITUTE OF RESEARCH PARAMEDICAL SCIENCE,Saket Institute Of Research Paramedical Science,"Saket Institute Of Research Paramedical Science, 54, B H S, Allahapur, Allahabad, Distt.- Allahabad, Uttar Pradesh, Pin Code- 211006",Saket Maternity Nursing Home Pvt. Ltd.,Allahabad,Uttar Pradesh,Private,GNM,50 (Fifty),50,211006,2025-2026,INC Yearly Report,https://online.indiannursingcouncil.org/Reports/YearlyReportByState.aspx,2026-09-11T11:42:11.486222
Uttar Pradesh|Lucknow|SAMARPAN INSTITUTE OF NURSING & PARAMEDICAL SCIENCES,Samarpan Institute Of Nursing & Paramedical Sciences,"Samarpan Institute Of Nursing & Paramedical Sciences, 1056, Jainabad Goyala Chinhat Dewa Road, Lucknow, Distt.- Lucknow, Uttar Pradesh, Pin Code- 226028",Akshay Sewa Sansthan,Lucknow,Uttar Pradesh,Private,ANM | GNM | B.Sc(N) | M. Sc (N) | P B B.Sc(N),40 (Forty) | 60 (Sixty) | 60 (Sixty) | 20 (TWENTY) :04 IN EACH SPECIALITY | 40 (Forty),220,226028,2025-2026,INC Yearly Report,https://online.indiannursingcouncil.org/Reports/YearlyReportByState.aspx,2026-09-11T11:42:11.486222
Uttar Pradesh|Lucknow|SANJAY GANDHI POSTGRADUATE INSTITUTE OF MEDICAL SCIENCES,Sanjay Gandhi Postgraduate Institute Of Medical Sciences,"Sanjay Gandhi Postgraduate Institute Of Medical Sciences, Sanjay Gandhi Postgraduate Institute Of Medical Sciences Raibareli Road Lucknow Up 226014 , , Distt.- Lucknow, Uttar Pradesh, Pin Code- 22",Central Autonomous Body,Lucknow,Uttar Pradesh,Government,B.Sc(N) | M. Sc (N),60 (Sixty) | 10 (Ten) Med Surg-06 Paed-04,70,226014,2025-2026,INC Yearly Report,https://online.indiannursingcouncil.org/Reports/YearlyReportByState.aspx,2026-09-11T11:42:17.550833
Uttar Pradesh|Pilibhit|SANJAY GANDHI SCHOOL OF NURSING,Sanjay Gandhi School Of Nursing,"Sanjay Gandhi School Of Nursing , Nabadia Sultanpur Post Udaikaranpur Puranpur Pilibhit 262122, Puranpur, Distt.- Pilibhit, Uttar Pradesh, Pin Code- 262122",Gandhi Rural Welfare Trust,Pilibhit,Uttar Pradesh,Private,ANM | GNM,40 (Forty) | 40 (Forty),80,262122,2025-2026,INC Yearly Report,https://online.indiannursingcouncil.org/Reports/YearlyReportByState.aspx,2026-09-11T11:42:17.550833
Uttar Pradesh|Ghaziabad|SANTOSH SCHOOL OF NURSING,Santosh School Of Nursing,"Santosh School Of Nursing, Santosh Hospitals, No 1, Santosh Nagar, Ghaziabad, Distt.- Ghaziabad, Uttar Pradesh, Pin Code- 201009",Maharaji Educational Trust,Ghaziabad,Uttar Pradesh,Private,GNM | M. Sc (N) | B.Sc(N),70 (Seventy) | 25 (Twenty Five) Med Surg-5 Chn-5 Obg-5 Psy-5 Paed-5 | 50 (Fifty),145,201009,2025-2026,INC Yearly Report,https://online.indiannursingcouncil.org/Reports/YearlyReportByState.aspx,2026-09-11T11:42:17.550833
Uttar Pradesh|Mirzapur|SANTUSHTI COLLEGE OF NURSING,Santushti College Of Nursing,"Santushti College Of Nursing, Hinauti, Dagmagpur, Mirzapur, Mirzapur, Distt.- Mirzapur, Uttar Pradesh, Pin Code- 231304",Santushti Human Development Educational &Amp; Welfare Society,Mirzapur,Uttar Pradesh,Private,B.Sc(N),40 (Forty),40,231304,2025-2026,INC Yearly Report,https://online.indiannursingcouncil.org/Reports/YearlyReportByState.aspx,2026-09-11T11:42:17.550833
Uttar Pradesh|Varanasi|SANTUSHTI INSTITUTE OF NURSING PARAMEDICAL SCIENCES,Santushti Institute Of Nursing Paramedical Sciences,"Santushti Institute Of Nursing Paramedical Sciences, N-8/180/K-1-G, Newada , Sunderpur, Varanasi, Distt.- Varanasi, Uttar Pradesh, Pin Code- 221005",Nafwada Society For Public Welfare,Varanasi,Uttar Pradesh,Private,ANM | GNM,40 (Forty) | 50 (Fifty),90,221005,2025-2026,INC Yearly Report,https://online.indiannursingcouncil.org/Reports/YearlyReportByState.aspx,2026-09-11T11:42:17.550833
Uttar Pradesh|Hapur|SARASWATHI COLLEGE OF NURSING,Saraswathi College Of Nursing,"Saraswathi College Of Nursing, Nh-24, Anwarpur (Delhi Lucknow Road), Vill.- Anwarpur, Tehsil- Hapur, Distt.- Hapur, Uttar Pradesh, Pin Code- 245304",Saraswathi Ammal Educational And Charitable Trust,Hapur,Uttar Pradesh,Private,ANM | B.Sc(N) | P B B.Sc(N) | GNM,30 (Thirty) | 60 (Sixty) | 40 (Forty) | 60 (Sixty),190,245304,2025-2026,INC Yearly Report,https://online.indiannursingcouncil.org/Reports/YearlyReportByState.aspx,2026-09-11T11:42:17.550833
Uttar Pradesh|Varanasi|SARASWATI HIGHER EDUCATION AND TECHNICAL COLLEGE OF PARAMEDICAL,Saraswati Higher Education And Technical College Of Paramedical,"Saraswati Higher Education And Technical College Of Paramedical, Bhojubir Sindhora Road Gahani Ayer, Varanasi, Distt.- Varanasi, Uttar Pradesh, Pin Code- 221210",Saraswati Trust,Varanasi,Uttar Pradesh,Private,GNM,40 (Forty),40,221210,2025-2026,INC Yearly Report,https://online.indiannursingcouncil.org/Reports/YearlyReportByState.aspx,2026-09-11T11:42:17.550833
Uttar Pradesh|Pratapgarh|SARASWATI VIDYA MANDIR SCIENCE AND TECHNOLOGY NURSING DEGREE COLLEGE,Saraswati Vidya Mandir Science And Technology Nursing Degree College,"Saraswati Vidya Mandir Science And Technology Nursing Degree College , Lalganj Ajhara, , Distt.- Pratapgarh, Uttar Pradesh, Pin Code- 230132",Saraswati Vidya Mandir,Pratapgarh,Uttar Pradesh,Private,B.Sc(N) | ANM | GNM,40 (Forty) | 40 (Forty) | 40 (Forty),120,230132,2025-2026,INC Yearly Report,https://online.indiannursingcouncil.org/Reports/YearlyReportByState.aspx,2026-09-11T11:42:17.550833
Uttar Pradesh|Lucknow|SARDAR PATEL SCHOOL OF NURSING,Sardar Patel School Of Nursing,"Sardar Patel School Of Nursing, Chaudhary Vihar, Rai Bareilly Road, Lucknow, Lucknow, Distt.- Lucknow, Uttar Pradesh, Pin Code- 226025",Sardar Patel Shikshan Samiti,Lucknow,Uttar Pradesh,Private,ANM | GNM | B.Sc(N) | P B B.Sc(N),30 (Thirty) | 60 (Sixty) | 40 (Forty) | 30 (Thirty),160,226025,2025-2026,INC Yearly Report,https://online.indiannursingcouncil.org/Reports/YearlyReportByState.aspx,2026-09-11T11:42:17.550833
Uttar Pradesh|Baghpat|SARVODAYA HOSPITAL AND COLLEGE OF NURSING,Sarvodaya Hospital And College Of Nursing,"Sarvodaya Hospital And College Of Nursing, Aggarwal Mandi Tatiri Baghpat, Baghpat, Distt.- Baghpat, Uttar Pradesh, Pin Code- 250601",Tatiri Sarvodaya Siksha Prasar Samiti,Baghpat,Uttar Pradesh,Private,B.Sc(N),40 (Forty),40,250601,2025-2026,INC Yearly Report,https://online.indiannursingcouncil.org/Reports/YearlyReportByState.aspx,2026-09-11T11:42:17.550833
Uttar Pradesh|Varanasi|SAS COLLEGE OF NURSING,Sas College Of Nursing,"Sas College Of Nursing, D61/38-E-11, Siddhgiribagh (Sigra) , , Distt.- Varanasi, Uttar Pradesh, Pin Code- 221105",Society Of Advance Studies,Varanasi,Uttar Pradesh,Private,B.Sc(N) | ANM | GNM,40 (Forty) | 30 (Thirty) | 40 (Forty),110,221105,2025-2026,INC Yearly Report,https://online.indiannursingcouncil.org/Reports/YearlyReportByState.aspx,2026-09-11T11:42:17.550833
Uttar Pradesh|Gonda|SATISH CHANDRA PANDEY MEMORIAL COLLEGE OF NURSING PARAMEDICAL SCIENCES,Satish Chandra Pandey Memorial College Of Nursing Paramedical Sciences,"Satish Chandra Pandey Memorial College Of Nursing Paramedical Sciences, Lucknow Road, Near - Dukhharannath Temple, Gonda, Distt.- Gonda, Uttar Pradesh, Pin Code- 271003",Satish Chandra Pandey Memorial Sewa Sansthan,Gonda,Uttar Pradesh,Private,ANM | GNM | B.Sc(N) | M. Sc (N) | P B B.Sc(N) | NURSE PRACTITIONER IN CRITICAL CARE(NPCC),50 (Fifty) | 60 (Sixty) | 40 (Forty) | 20 (Twenty) 4 In Each Specialty | 30 (Thirty) | 20 (Twenty),220,271003,2025-2026,INC Yearly Report,https://online.indiannursingcouncil.org/Reports/YearlyReportByState.aspx,2026-09-11T11:42:23.632735
Uttar Pradesh|Gorakhpur|SAVITRI HOSPITAL AND PARAMEDICAL INSTITUTE,Savitri Hospital And Paramedical Institute,"Savitri Hospital And Paramedical Institute, Dilezakpur, Gorakhpur, Gorakhpur, Distt.- Gorakhpur, Uttar Pradesh, Pin Code- 273001",Savitri Devi Health Care Pvt. Ltd.,Gorakhpur,Uttar Pradesh,Private,B.Sc(N) | ANM | GNM,40 (Forty) | 40 (Forty) | 50 (Fifty),130,273001,2025-2026,INC Yearly Report,https://online.indiannursingcouncil.org/Reports/YearlyReportByState.aspx,2026-09-11T11:42:23.632735
Uttar Pradesh|Mau|SCHOOL OF NURSING FATIMA HOSPITAL,School Of Nursing Fatima Hospital,"School Of Nursing Fatima Hospital, P.O.-Maunath Bhanjan, Mau , Distt.- Mau, Uttar Pradesh, Pin Code- 275101",The Fatima Hospital,Mau,Uttar Pradesh,Private,B.Sc(N) | GNM,40 (Forty) | 60 (Sixty),100,275101,2025-2026,INC Yearly Report,https://online.indiannursingcouncil.org/Reports/YearlyReportByState.aspx,2026-09-11T11:42:23.632735
Uttar Pradesh|Farrukhabad|SCHOOL OF NURSING MEMORIAL HOSPITAL,School Of Nursing Memorial Hospital,"School Of Nursing Memorial Hospital, Barhpur , Vill.- Barhpur Fatehgarh, Tehsil- Barhpur, Distt.- Farrukhabad, Uttar Pradesh, Pin Code- 209601",Memorial Hospital Society,Farrukhabad,Uttar Pradesh,Private,GNM | ANM,20 (Twenty) | 30 (Thirty),50,209601,2025-2026,INC Yearly Report,https://online.indiannursingcouncil.org/Reports/YearlyReportByState.aspx,2026-09-11T11:42:23.632735
Uttar Pradesh|Lucknow|SCHOOL OF NURSING,School Of Nursing,"School Of Nursing, Institute Of Paramedical, 56, Matiyari, Chinhat Dewa Road, Lucknow, Distt.- Lucknow, Uttar Pradesh, Pin Code- 226028",Baba Educational Society,Lucknow,Uttar Pradesh,Private,ANM | B.Sc(N) | M. Sc (N),40 (Forty) | 80 (Eighty) | 20 (Twenty) 4 In Each Specialty,140,226028,2025-2026,INC Yearly Report,https://online.indiannursingcouncil.org/Reports/YearlyReportByState.aspx,2026-09-11T11:42:23.632735
Uttar Pradesh|Gautam Budha Nagar|SCHOOL OF NURSING,School Of Nursing,"School Of Nursing, Noida International University, Plot No-01, Sector-17A, Yamuna Expressway, Greater Noida , Distt.- Gautam Budha Nagar, Uttar Pradesh, Pin Code- 201308",Maruti Educational Trust,Gautam Budha Nagar,Uttar Pradesh,Private,ANM | GNM | B.Sc(N),40 (Forty) | 40 (Forty) | 40 (Forty),120,201308,2025-2026,INC Yearly Report,https://online.indiannursingcouncil.org/Reports/YearlyReportByState.aspx,2026-09-11T11:42:23.632735
Uttar Pradesh|Ballia|SCHOOL OF NURSING,School Of Nursing,"School Of Nursing, Sri. Sahdev Paudhariya Ambedkar Sewa Sansthan, Manda Rasra Ballia , Vill.- Manda,, Tehsil- Rasra, Distt.- Ballia, Uttar Pradesh, Pin Code- 221712",Sri. Sahdev Paudhariya Ambedkar Sewa Sansthan,Ballia,Uttar Pradesh,Private,ANM | GNM,40 (Forty) | 40 (Forty),80,221712,2025-2026,INC Yearly Report,https://online.indiannursingcouncil.org/Reports/YearlyReportByState.aspx,2026-09-11T11:42:23.632735
Uttar Pradesh|Lucknow|SHAIL INSTITUTE OF NURSING,Shail Institute Of Nursing,"Shail Institute Of Nursing, Swatika City, Ahamamau, Sultanpur Road, Lucknow , Distt.- Lucknow, Uttar Pradesh, Pin Code- 226002",Shail Hospital Edu Centre Pvt Ltd,Lucknow,Uttar Pradesh,Private,ANM | GNM,40 (Forty) | 40 (Forty),80,226002,2025-2026,INC Yearly Report,https://online.indiannursingcouncil.org/Reports/YearlyReportByState.aspx,2026-09-11T11:42:23.632735
Uttar Pradesh|Allahabad|SHAMBHUNATH RESEARCH INSTITUTE OF MEDICAL SCIENCES AND HOSPITAL,Shambhunath Research Institute Of Medical Sciences And Hospital,"Shambhunath Research Institute Of Medical Sciences And Hospital, Mubarakpur Kotwa, Jhalwa, Allahabad, Distt.- Allahabad, Uttar Pradesh, Pin Code- 211015",Utthan Centre For Sustainable Development And Poverty Alleviation,Allahabad,Uttar Pradesh,Private,ANM | GNM | B.Sc(N),40 (Forty) | 40 (Forty) | 40 (Forty),120,211015,2025-2026,INC Yearly Report,https://online.indiannursingcouncil.org/Reports/YearlyReportByState.aspx,2026-09-11T11:42:23.632735
Uttar Pradesh|Gorakhpur|SHANKAR NURSING AND PARAMEDICAL COLLEGE,Shankar Nursing And Paramedical College,"Shankar Nursing And Paramedical College, Nh - 28, Kasia Road, Kusumhi, Distt.- Gorakhpur, Uttar Pradesh, Pin Code- 273002",R N Memorial Sewa Sansthan Society,Gorakhpur,Uttar Pradesh,Private,ANM | GNM,40 (Forty) | 60 (Sixty),100,273002,2025-2026,INC Yearly Report,https://online.indiannursingcouncil.org/Reports/YearlyReportByState.aspx,2026-09-11T11:42:23.632735
Uttar Pradesh|Ballia|SHANTI INSTITUTE OF NURSING AND PARAMEDICAL COLLEGE,Shanti Institute Of Nursing And Paramedical College,"Shanti Institute Of Nursing And Paramedical College, Vill Po - Majhauli, Vill.- Ballia , Tehsil- Dubhar, Distt.- Ballia, Uttar Pradesh, Pin Code- 277001",Shanti Charitable Trust,Ballia,Uttar Pradesh,Private,ANM | GNM,30 (Thiryt) | 40 (Forty),70,277001,2025-2026,INC Yearly Report,https://online.indiannursingcouncil.org/Reports/YearlyReportByState.aspx,2026-09-11T11:42:23.632735
Uttar Pradesh|Agra|SHANTI MANGALICK SCHOOL OF NURSING & PARAMEDICAL,Shanti Mangalick School Of Nursing & Paramedical,"Shanti Mangalick School Of Nursing & Paramedical, Shanti Mangalick Hospital Campus, Fatehabad Road, Agra, Distt.- Agra, Uttar Pradesh, Pin Code- 282004",P C Mangalick Public Cheritabel Trust,Agra,Uttar Pradesh,Private,ANM | GNM | B.Sc(N),30 (Thirty) | 50 (Fifty) | 40 (Forty),120,282004,2025-2026,INC Yearly Report,https://online.indiannursingcouncil.org/Reports/YearlyReportByState.aspx,2026-09-11T11:42:29.813698
Uttar Pradesh|Meerut|SHANTI NIKETAN COLLEGE OF NURSING AND PARAMEDICAL SCIENCES,Shanti Niketan College Of Nursing And Paramedical Sciences,"Shanti Niketan College Of Nursing And Paramedical Sciences, Village Kayasth Gavdi Goon-Gejha Road Mohiuddinpur Meerut, Meerut, Distt.- Meerut, Uttar Pradesh, Pin Code- 250205",Shanti Niketan Trust,Meerut,Uttar Pradesh,Private,ANM,30 (Thirty),30,250205,2025-2026,INC Yearly Report,https://online.indiannursingcouncil.org/Reports/YearlyReportByState.aspx,2026-09-11T11:42:29.813698
Uttar Pradesh|Ballia|SHANTI SINGH MEMORIAL INSTITUTE RESEARCH CENTRE,Shanti Singh Memorial Institute Research Centre,"Shanti Singh Memorial Institute Research Centre, Nawanagar, , Distt.- Ballia, Uttar Pradesh, Pin Code- 221717",G D Memorial Development Foundation Trust,Ballia,Uttar Pradesh,Private,ANM | GNM | B.Sc(N),40 (Forty) | 40 (Forty) | 40 (Forty),120,221717,2025-2026,INC Yearly Report,https://online.indiannursingcouncil.org/Reports/YearlyReportByState.aspx,2026-09-11T11:42:29.813698
Uttar Pradesh|Gautam Budha Nagar|SHARDA SCHOOL OF NURSING SCIENCE AND RESEARCH,Sharda School Of Nursing Science And Research,"Sharda School Of Nursing Science And Research, Sharda University, Plot No. 32, 34, Knowledge Park-Iii, Greater Noida, Distt.- Gautam Budha Nagar, Uttar Pradesh, Pin Code- 201306",Sharda Education Trust,Gautam Budha Nagar,Uttar Pradesh,Private,P B B.Sc(N) | B.Sc(N) | M. Sc (N),"20 (Twenty) | 150 (ONE HUNDRED FIFTY) | 30 (Thirty) Paed-6, Med-Surg-8, Obg-7,Chn-6, Psy-3",200,201306,2025-2026,INC Yearly Report,https://online.indiannursingcouncil.org/Reports/YearlyReportByState.aspx,2026-09-11T11:42:29.813698
Uttar Pradesh|Lucknow|SHASHWAT-THE-INSTITUTE OF PARAMEDICAL AND NURSING,Shashwat-The-Institute Of Paramedical And Nursing,"Shashwat-The-Institute Of Paramedical And Nursing, 309, Aurangabad Jageer On Raiberelly Kanpur Shaheed Path, Vill.- Aurangabad, Tehsil- Sarojninagar, Distt.- Lucknow, Uttar Pradesh, Pin Code- 226",Shashwat Vikash Samiti,Lucknow,Uttar Pradesh,Private,GNM,40 (Forty),40,,2025-2026,INC Yearly Report,https://online.indiannursingcouncil.org/Reports/YearlyReportByState.aspx,2026-09-11T11:42:29.813698
Uttar Pradesh|Lucknow|SHEKHAR SCHOOL OF NURSING,Shekhar School Of Nursing,"Shekhar School Of Nursing, Shekhar Hospital Pvt Ltd Church Road Indira Nagar , Vill.- Lucknow, Tehsil- Lucknow, Distt.- Lucknow, Uttar Pradesh, Pin Code- 226016",Sri Balaji Charitable Trust,Lucknow,Uttar Pradesh,Private,ANM | GNM,40 (Forty) | 40 (Forty),80,226016,2025-2026,INC Yearly Report,https://online.indiannursingcouncil.org/Reports/YearlyReportByState.aspx,2026-09-11T11:42:29.813698
Uttar Pradesh|Aligarh|SHIV SHAKTI PARAMEDICAL AND NURSING COLLEGE,Shiv Shakti Paramedical And Nursing College,"Shiv Shakti Paramedical And Nursing College, Aligarh Anoopshahar Road, Tejpur Jawan, Aligarh, Vill.- Tejpur Jawan , Tehsil- Jawa, Distt.- Aligarh, Uttar Pradesh, Pin Code- 202126",Shiv Shakti Educational Trust,Aligarh,Uttar Pradesh,Private,ANM,30 (Thirty),30,202126,2025-2026,INC Yearly Report,https://online.indiannursingcouncil.org/Reports/YearlyReportByState.aspx,2026-09-11T11:42:29.813698
Uttar Pradesh|Varanasi|SHIV SURGICAL NURSING SCHOOL,Shiv Surgical Nursing School,"Shiv Surgical Nursing School, Akatha Tiraha, Ghazipur Road,, Varanasi, Distt.- Varanasi, Uttar Pradesh, Pin Code- 221007",Shiv Surgical Nursing Home Pvt. Ltd.,Varanasi,Uttar Pradesh,Private,ANM | GNM,30 (Thirty) | 60 (Sixty),90,221007,2025-2026,INC Yearly Report,https://online.indiannursingcouncil.org/Reports/YearlyReportByState.aspx,2026-09-11T11:42:29.813698
Uttar Pradesh|Meerut|SHREE RAM NURSING COLLEGE,Shree Ram Nursing College,"Shree Ram Nursing College, Meerut By- Pass Road, Partapur, Meerut, Distt.- Meerut, Uttar Pradesh, Pin Code- 250103",Chitragupt Social Welfare &Amp; Educational Society,Meerut,Uttar Pradesh,Private,ANM | GNM,20 (Twenty) | 30 (Thirty),50,250103,2025-2026,INC Yearly Report,https://online.indiannursingcouncil.org/Reports/YearlyReportByState.aspx,2026-09-11T11:42:29.813698
Uttar Pradesh|Moradabad|SHREE SATYA COLLEGE OF MEDICAL SCIENCES,Shree Satya College Of Medical Sciences,"Shree Satya College Of Medical Sciences, Lodhipur Rajpoot, Po - Pakbara, Vill.- Lodhipur Rajput , Tehsil- Moradabad, Distt.- Moradabad, Uttar Pradesh, Pin Code- 244102",Shree Satya Educational Trust,Moradabad,Uttar Pradesh,Private,GNM | ANM,40 (Forty) | 30 (Thirty),70,244102,2025-2026,INC Yearly Report,https://online.indiannursingcouncil.org/Reports/YearlyReportByState.aspx,2026-09-11T11:42:29.813698
Uttar Pradesh|Azamgarh|SHRI BABA SADHAV RAM PARAMEDICAL NURSING COLLEGE,Shri Baba Sadhav Ram Paramedical Nursing College,"Shri Baba Sadhav Ram Paramedical Nursing College, Koinha Barsara Khalsa, Azamgarh, Azamgarh, Distt.- Azamgarh, Uttar Pradesh, Pin Code- 276141",Shri Baba Sadhav Ram Shiksha Vikas Sansthan,Azamgarh,Uttar Pradesh,Private,GNM | ANM,40 (Forty) | 30 (Thirty),70,276141,2025-2026,INC Yearly Report,https://online.indiannursingcouncil.org/Reports/YearlyReportByState.aspx,2026-09-11T11:42:29.813698
Uttar Pradesh|Farrukhabad|SHRI BABU SINGH DADDU JI NURSING AND PARAMEDICAL COLLEGE,Shri Babu Singh Daddu Ji Nursing And Paramedical College,"Shri Babu Singh Daddu Ji Nursing And Paramedical College, Krishna Nagar, Bhojpur, Kanpur Road, Fatehgarh, Vill.- Bhulanpur Chirpura , Tehsil- Kamalganj, Distt.- Farrukhabad, Uttar Pradesh, Pin Cod",Shri Babu Singh Daddu Ji Educational Trust,Farrukhabad,Uttar Pradesh,Private,ANM | GNM | B.Sc(N) | M. Sc (N) | P B B.Sc(N),40 (Forty) | 60 (Sixty) | 60 (Sixty) | 05 (Five) Med-Surg-05 | 20 (Twenty),185,,2025-2026,INC Yearly Report,https://online.indiannursingcouncil.org/Reports/YearlyReportByState.aspx,2026-09-11T11:42:29.813698
Uttar Pradesh|Farrukhabad|SHRI BABU SINGH JAY SINGH NURSING AND PARAMEDICAL COLLEGE,Shri Babu Singh Jay Singh Nursing And Paramedical College,"Shri Babu Singh Jay Singh Nursing And Paramedical College , Bhaupur Bewar Road Fatehgarh Farrukhabad, Farrukhabad, Distt.- Farrukhabad, Uttar Pradesh, Pin Code- 209602",Shri Jay Singh Shikshan Sansthan,Farrukhabad,Uttar Pradesh,Private,ANM | B.Sc(N) | P B B.Sc(N) | GNM,40 (Forty) | 60 (Sixty) | 30 (Thirty) | 40 (Forty),170,209602,2025-2026,INC Yearly Report,https://online.indiannursingcouncil.org/Reports/YearlyReportByState.aspx,2026-09-11T11:42:36.110099
Uttar Pradesh|Azamgarh|SHRI DURGA JI NURSING SCHOOL,Shri Durga Ji Nursing School,"Shri Durga Ji Nursing School, Vill - Sehoa, Post - Mahrajpur, Vill.- Azamgarh, Tehsil- Palhani, Distt.- Azamgarh, Uttar Pradesh, Pin Code- 276135",Shri Durga Ji Hospital Sewa Sansthan,Azamgarh,Uttar Pradesh,Private,GNM,40 (Forty),40,276135,2025-2026,INC Yearly Report,https://online.indiannursingcouncil.org/Reports/YearlyReportByState.aspx,2026-09-11T11:42:36.110099
Uttar Pradesh|Auraiya|SHRI GULAB SINGH COLLEGE OF NURSING AND PARAMEDICAL,Shri Gulab Singh College Of Nursing And Paramedical,"Shri Gulab Singh College Of Nursing And Paramedical, Village- Faridpur Phaphund Road Auraiya, Auraiya, Distt.- Auraiya, Uttar Pradesh, Pin Code- 206122",Late Gulab Singh Siksha Prasar Samiti,Auraiya,Uttar Pradesh,Private,ANM | B.Sc(N),40 (Forty) | 40 (Forty),80,206122,2025-2026,INC Yearly Report,https://online.indiannursingcouncil.org/Reports/YearlyReportByState.aspx,2026-09-11T11:42:36.110099
Uttar Pradesh|Bareilly|SHRI MUKESH KUMAR JOHRI NURSING AND PARAMEDICAL COLLEGE,Shri Mukesh Kumar Johri Nursing And Paramedical College,"Shri Mukesh Kumar Johri Nursing And Paramedical College, Vill.Angoori Near Maheshpura Crossing, Bareilly, Distt.- Bareilly, Uttar Pradesh, Pin Code- 243001",Mrinal Jauhari Memorial Trust,Bareilly,Uttar Pradesh,Private,B.Sc(N),40 (Forty),40,243001,2025-2026,INC Yearly Report,https://online.indiannursingcouncil.org/Reports/YearlyReportByState.aspx,2026-09-11T11:42:36.110099
Uttar Pradesh|Ballia|SHRI NATH BABA NURSING AND PARAMEDICAL COLLEGE,Shri Nath Baba Nursing And Paramedical College,"Shri Nath Baba Nursing And Paramedical College, Village- Uraini , Post- Kodai Nagra, Nagra, Distt.- Ballia, Uttar Pradesh, Pin Code- 221711",Shri Nath Baba Sikshan Seva Sansthan,Ballia,Uttar Pradesh,Private,GNM | ANM,40 (Forty) | 40 (Forty),80,221711,2025-2026,INC Yearly Report,https://online.indiannursingcouncil.org/Reports/YearlyReportByState.aspx,2026-09-11T11:42:36.110099
Uttar Pradesh|Unnao|SHRI RAM MURTI SMARAK COLLEGE OF NURSING PARAMEDICAL SCIENCES,Shri Ram Murti Smarak College Of Nursing Paramedical Sciences,"Shri Ram Murti Smarak College Of Nursing Paramedical Sciences, 35 Km. Lucknow- Kanpur Highway, Village Kushari, Post- Asha Khera, Unnao, Distt.- Unnao, Uttar Pradesh, Pin Code- 209859",Smt Ramrakhi Murti Smarak Trust,Unnao,Uttar Pradesh,Private,ANM | GNM,20 (Twenty) | 20 (Twenty),40,209859,2025-2026,INC Yearly Report,https://online.indiannursingcouncil.org/Reports/YearlyReportByState.aspx,2026-09-11T11:42:36.110099
Uttar Pradesh|Bareilly|SHRI RAM MURTI SMARAK COLLEGE OF NURSING,Shri Ram Murti Smarak College Of Nursing,"Shri Ram Murti Smarak College Of Nursing, 13 Km, Ram Murti Puram Village, Prahaladpur, Abhaypur Post, Bareilly, Distt.- Bareilly, Uttar Pradesh, Pin Code- 243001",Srms Trust,Bareilly,Uttar Pradesh,Private,P B B.Sc(N) | GNM | B.Sc(N) | M. Sc (N),30 (Thirty) | 70 (Seventy) | 60 (Sixty) | 20 (Twenty) 4 In Each Specialty,180,243001,2025-2026,INC Yearly Report,https://online.indiannursingcouncil.org/Reports/YearlyReportByState.aspx,2026-09-11T11:42:36.110099
Uttar Pradesh|Hathras|SHRI RAM SCHOOL OF NURSING,Shri Ram School Of Nursing,"Shri Ram School Of Nursing, Jalesar Road,Near Railway Station,Sahpau,Sadabad,Hathras, Sadabad, Distt.- Hathras, Uttar Pradesh, Pin Code- 281307",Gayatri Devi Educational Society,Hathras,Uttar Pradesh,Private,ANM,40 (Forty),40,281307,2025-2026,INC Yearly Report,https://online.indiannursingcouncil.org/Reports/YearlyReportByState.aspx,2026-09-11T11:42:36.110099
Uttar Pradesh|Agra|SHRI SAHAB SINGH NURSING AND PARAMEDICAL COLLEGE,Shri Sahab Singh Nursing And Paramedical College,"Shri Sahab Singh Nursing And Paramedical College, Bakalpur Shamsabad Agra, Shamsabad , Distt.- Agra, Uttar Pradesh, Pin Code- 283125",Shri Ramcharan Singh Educational Society,Agra,Uttar Pradesh,Private,GNM,40 (Forty),40,283125,2025-2026,INC Yearly Report,https://online.indiannursingcouncil.org/Reports/YearlyReportByState.aspx,2026-09-11T11:42:36.110099
Uttar Pradesh|Bareilly|SHRI SIDDHI VINAYAK SCHOOL OF NURSING,Shri Siddhi Vinayak School Of Nursing,"Shri Siddhi Vinayak School Of Nursing, 10 Km Stone, Nainital Road, Near Dohna Railway Station, Bareilly , Vill.- Dohna Peetam Rai , Tehsil- Bhojipura, Distt.- Bareilly, Uttar Pradesh, Pin Code-",Shri Siddhi Vinayak Trust,Bareilly,Uttar Pradesh,Private,GNM | ANM,40 (Forty) | 40 (Forty),80,,2025-2026,INC Yearly Report,https://online.indiannursingcouncil.org/Reports/YearlyReportByState.aspx,2026-09-11T11:42:36.110099
Uttar Pradesh|Amroha|SHRI VENKATESHWARA SCHOOL OF NURSING,Shri Venkateshwara School Of Nursing,"Shri Venkateshwara School Of Nursing, Nh-24, Rajabpur, Gajraula, Vill.- Rajabpur , Tehsil- Dhanaura, Distt.- Amroha, Uttar Pradesh, Pin Code- 244236",Shri Venkateshwara University,Amroha,Uttar Pradesh,Private,GNM | ANM | M. Sc (N) | B.Sc(N) | P B B.Sc(N),"60 (sixty) | 40 (Forty) | 25 (Twenty Five) Med-Surg.-09, Chn-03, Obg-05, Paed-05, Psy-03 | 100 (One Hundred) | 20 (Twenty)",245,244236,2025-2026,INC Yearly Report,https://online.indiannursingcouncil.org/Reports/YearlyReportByState.aspx,2026-09-11T11:42:36.110099
Uttar Pradesh|Ghazipur|SINGH LIFE CARE NURSING AND PARAMEDICAL SCHOOL,Singh Life Care Nursing And Paramedical School,"Singh Life Care Nursing And Paramedical School, Ganga Bridge Road, Razdepur Sadar, Ghazipur, Distt.- Ghazipur, Uttar Pradesh, Pin Code- 233001",Jagar Narain Memorial Charitable Trust,Ghazipur,Uttar Pradesh,Private,GNM | ANM,40 (Forty) | 30 (Thirty),70,233001,2025-2026,INC Yearly Report,https://online.indiannursingcouncil.org/Reports/YearlyReportByState.aspx,2026-09-11T11:42:36.110099
Uttar Pradesh|Etawah|SIR MADANLAL INSTITUTE OF NURSING AND PARAMEDICAL,Sir Madanlal Institute Of Nursing And Paramedical,"Sir Madanlal Institute Of Nursing And Paramedical, Kandhani,Agra Road, Etawah, Distt.- Etawah, Uttar Pradesh, Pin Code- 206001",Deshraj Jan Kalyan Samiti,Etawah,Uttar Pradesh,Private,B.Sc(N) | ANM | GNM,40 (Forty) | 40 (Forty) | 40 (Forty),120,206001,2025-2026,INC Yearly Report,https://online.indiannursingcouncil.org/Reports/YearlyReportByState.aspx,2026-09-11T11:42:36.110099
Uttar Pradesh|Jhansi|SMT VIDYAWATI SCHOOL OF NURSING,Smt Vidyawati School Of Nursing,"Smt Vidyawati School Of Nursing, Gora Machhiya, Post Bara Gaon, Kanpur Road, Jhansi , Distt.- Jhansi, Uttar Pradesh, Pin Code- 284121",Smt Vidyawati Educational Society,Jhansi,Uttar Pradesh,Private,ANM | GNM | B.Sc(N),50 (Fifty) | 60 (Sixty) | 40 (Forty),150,284121,2025-2026,INC Yearly Report,https://online.indiannursingcouncil.org/Reports/YearlyReportByState.aspx,2026-09-11T11:42:42.289295
Uttar Pradesh|Farrukhabad|SMT. SHAKUNTALA DEVI NURSING AND PARAMEDICAL COLLEGE,Smt. Shakuntala Devi Nursing And Paramedical College,"Smt. Shakuntala Devi Nursing And Paramedical College, Dehliya, Bewar Road, Fatehgrh, Farrukhabad, Distt.- Farrukhabad, Uttar Pradesh, Pin Code- 209602",Shrimati Shakuntala Devi Shikshan Samiti,Farrukhabad,Uttar Pradesh,Private,ANM | GNM,20 (Twenty) | 40 (Forty),60,209602,2025-2026,INC Yearly Report,https://online.indiannursingcouncil.org/Reports/YearlyReportByState.aspx,2026-09-11T11:42:42.289295
Uttar Pradesh|Kheri|SRAJAN INSTITUTE OF NURSING AND PARAMEDICAL SCIENCES,Srajan Institute Of Nursing And Paramedical Sciences,"Srajan Institute Of Nursing And Paramedical Sciences, Vill-Dhakhwa Post-Oel-Lakhimpur Kheri, Oel, Distt.- Kheri, Uttar Pradesh, Pin Code- 262725",Srajan Foundation,Kheri,Uttar Pradesh,Private,ANM | B.Sc(N),40 (Forty) | 40 (Forty),80,262725,2025-2026,INC Yearly Report,https://online.indiannursingcouncil.org/Reports/YearlyReportByState.aspx,2026-09-11T11:42:42.289295
Uttar Pradesh|Mathura|SRI RAMAKRISHNA MISSION SEVASHRAMA SCHOOL OF NURSING,Sri Ramakrishna Mission Sevashrama School Of Nursing,"Sri Ramakrishna Mission Sevashrama School Of Nursing, Swami Vivekananda Marg, P.O. Vrindaban, Vrindavan , Distt.- Mathura, Uttar Pradesh, Pin Code- 281121",Ramakrishana Mission Sevashrama,Mathura,Uttar Pradesh,Private,GNM,30 (Thirty),30,281121,2025-2026,INC Yearly Report,https://online.indiannursingcouncil.org/Reports/YearlyReportByState.aspx,2026-09-11T11:42:42.289295
Uttar Pradesh|Aligarh|SRI SAI COLLEGE OF NURSING,Sri Sai College Of Nursing,"Sri Sai College Of Nursing, Opp Phal Mandi, Sarsol, G T Road, Aligarh, Distt.- Aligarh, Uttar Pradesh, Pin Code- 202001",Om Sri Sai Shiksha Samiti,Aligarh,Uttar Pradesh,Private,ANM | B.Sc(N) | GNM,40 (Forty) | 40 (Forty) | 40 (Forty),120,202001,2025-2026,INC Yearly Report,https://online.indiannursingcouncil.org/Reports/YearlyReportByState.aspx,2026-09-11T11:42:42.289295
Uttar Pradesh|Allahabad|SRIJAN INSTITUTE OF PARAMEDICAL SCIENCE,Srijan Institute Of Paramedical Science,"Srijan Institute Of Paramedical Science, Sadwa Khurd, In Front Of J.P. Cement Blending Unit, Before Jari Bazar, Reewa Road, , Distt.- Allahabad, Uttar Pradesh, Pin Code- 212107",Srijan Jan Sewa Samiti,Allahabad,Uttar Pradesh,Private,ANM,40 (Forty),40,212107,2025-2026,INC Yearly Report,https://online.indiannursingcouncil.org/Reports/YearlyReportByState.aspx,2026-09-11T11:42:42.289295
Uttar Pradesh|Kanpur Nagar|ST CATHERINE HOSPITAL,St Catherine Hospital,"St Catherine Hospital, School Of Nursing, Kanpur, Distt.- Kanpur Nagar, Uttar Pradesh, Pin Code- 208001",St Catherines Hospital Society,Kanpur Nagar,Uttar Pradesh,Private,ANM,40 (Forty),40,208001,2025-2026,INC Yearly Report,https://online.indiannursingcouncil.org/Reports/YearlyReportByState.aspx,2026-09-11T11:42:42.289295
Uttar Pradesh|Jhansi|ST JUDE'S HOSPITAL,St Jude's Hospital,"St Jude's Hospital, School Of Nursing, Sipri P O, Jhansi, Distt.- Jhansi, Uttar Pradesh, Pin Code- 284003",St. Jude's Hospital Society,Jhansi,Uttar Pradesh,Private,GNM | B.Sc(N),20 (Twenty) | 40 (Forty),60,284003,2025-2026,INC Yearly Report,https://online.indiannursingcouncil.org/Reports/YearlyReportByState.aspx,2026-09-11T11:42:42.289295
Uttar Pradesh|Lucknow|ST MARY'S SCHOOL OF NURSING PARAMEDICAL INSTITUTE,St Mary's School Of Nursing Paramedical Institute,"St Mary's School Of Nursing Paramedical Institute, Gaurabagh, Gudamba P O, Lucknow, Distt.- Lucknow, Uttar Pradesh, Pin Code- 226026",St Mary's Polyclinic,Lucknow,Uttar Pradesh,Private,P B B.Sc(N) | ANM | GNM | B.Sc(N) | M. Sc (N),30 (Thirty) | 40 (Forty) | 40 (Forty) | 60 (SIXTY) | 20 (Twenty) 04 In Each Speciality,190,226026,2025-2026,INC Yearly Report,https://online.indiannursingcouncil.org/Reports/YearlyReportByState.aspx,2026-09-11T11:42:42.289295
Uttar Pradesh|Varanasi|ST MARY'S SCHOOL OF NURSING,St Mary's School Of Nursing,"St Mary's School Of Nursing, Korauta-Lohata , Varanasi , Distt.- Varanasi, Uttar Pradesh, Pin Code- 221107",Varanasi Medical Society,Varanasi,Uttar Pradesh,Private,GNM,40 (Forty),40,221107,2025-2026,INC Yearly Report,https://online.indiannursingcouncil.org/Reports/YearlyReportByState.aspx,2026-09-11T11:42:42.289295
Uttar Pradesh|Allahabad|ST MOTHER TERESA SCHOOL OF NURSING,St Mother Teresa School Of Nursing,"St Mother Teresa School Of Nursing, 220 K, Meera Patti, Dhoomanganj, Vill.- Meerapatti , Tehsil- Kaurihar, Distt.- Allahabad, Uttar Pradesh, Pin Code- 211011",Chitravansham Society,Allahabad,Uttar Pradesh,Private,ANM | GNM,40 (Forty) | 50 (Fifty),90,211011,2025-2026,INC Yearly Report,https://online.indiannursingcouncil.org/Reports/YearlyReportByState.aspx,2026-09-11T11:42:42.289295
Uttar Pradesh|Mainpuri|SUGREEV SINGH MEMORIAL INSTITUTE OF NURSING AND HOSPITAL,Sugreev Singh Memorial Institute Of Nursing And Hospital,"Sugreev Singh Memorial Institute Of Nursing And Hospital, Nagala Devi, G. T. Road, Near Naviganj, Bewar, Distt.- Mainpuri, Uttar Pradesh, Pin Code- 205301",Sugreev Singh Memorial Medical Education Trust,Mainpuri,Uttar Pradesh,Private,ANM,40 (Forty),40,205301,2025-2026,INC Yearly Report,https://online.indiannursingcouncil.org/Reports/YearlyReportByState.aspx,2026-09-11T11:42:42.289295
Uttar Pradesh|Moradabad|SUKHDEI SMARAK INSTITUTE OF NURSING &AMP; PARAMEDICAL SCIENCE,Sukhdei Smarak Institute Of Nursing &Amp; Paramedical Science,"Sukhdei Smarak Institute Of Nursing &Amp; Paramedical Science, P.O. Ratupura, Vill.- V&Amp;Po Ratupura,, Tehsil- Thakurdwara, Distt.- Moradabad, Uttar Pradesh, Pin Code- 244601",Sukhdei Smarak Shiksha Prasaran And Jankalyan Samiti,Moradabad,Uttar Pradesh,Private,ANM | GNM,40 (Forty) | 40 (Forty),80,244601,2025-2026,INC Yearly Report,https://online.indiannursingcouncil.org/Reports/YearlyReportByState.aspx,2026-09-11T11:42:42.289295
Uttar Pradesh|Sultanpur|SULTANPUR INSTITUTE OF NURSING AND PARAMEDICAL SCIENCES,Sultanpur Institute Of Nursing And Paramedical Sciences,"Sultanpur Institute Of Nursing And Paramedical Sciences, Tantiya Nagar Jaisinghpur, Sultanpur, Distt.- Sultanpur, Uttar Pradesh, Pin Code- 228119",Sultanpur Society Of Healthcare And Education,Sultanpur,Uttar Pradesh,Private,ANM | GNM | B.Sc(N) | P B B.Sc(N),40 (Forty) | 30 (Thirty) | 20 (Twenty) | 20 (Twenty),110,228119,2025-2026,INC Yearly Report,https://online.indiannursingcouncil.org/Reports/YearlyReportByState.aspx,2026-09-11T11:42:42.289295
Uttar Pradesh|Gautam Budha Nagar|SUMITRA INSTITUTE OF NURSING AND PARAMEDICAL SCIENCES,Sumitra Institute Of Nursing And Paramedical Sciences,"Sumitra Institute Of Nursing And Paramedical Sciences, Plot No. 55 C, Knowledge Park-V, Greater Noida, Distt.- Gautam Budha Nagar, Uttar Pradesh, Pin Code- 201306",Lord Budha Healthcare Foundation,Gautam Budha Nagar,Uttar Pradesh,Private,ANM | GNM | B.Sc(N) | P B B.Sc(N),40 (Forty) | 40 (Forty) | 40 (Forty) | 30 (Thirty),150,201306,2025-2026,INC Yearly Report,https://online.indiannursingcouncil.org/Reports/YearlyReportByState.aspx,2026-09-11T11:42:48.918465
Uttar Pradesh|Jaunpur|SUNITA NURSING AND PARAMEDICAL COLLEGE,Sunita Nursing And Paramedical College,"Sunita Nursing And Paramedical College, Belapar (Hayatganj) Buxa Jaunpur , Vill.- Belapar , Tehsil- Baksha, Distt.- Jaunpur, Uttar Pradesh, Pin Code- 222109",Dharma Devi Sewa Samiti Evam Sikshan Sansthan,Jaunpur,Uttar Pradesh,Private,GNM,40 (Forty),40,222109,2025-2026,INC Yearly Report,https://online.indiannursingcouncil.org/Reports/YearlyReportByState.aspx,2026-09-11T11:42:48.918465
Uttar Pradesh|Lucknow|SURUCHI INSTITUTE OF NURSING,Suruchi Institute Of Nursing,"Suruchi Institute Of Nursing, Maura, Iim-Sitapur By Pass Road, Lucknow, Distt.- Lucknow, Uttar Pradesh, Pin Code- 227107",Charak Health Care And Rural Developement Society,Lucknow,Uttar Pradesh,Private,ANM | GNM,40 (Forty) | 60 (Sixty),100,227107,2025-2026,INC Yearly Report,https://online.indiannursingcouncil.org/Reports/YearlyReportByState.aspx,2026-09-11T11:42:48.918465
Uttar Pradesh|Lucknow|SUSHRUT INSTITUTE OF PLASTIC SURGERY PVT LTD,Sushrut Institute Of Plastic Surgery Pvt Ltd,"Sushrut Institute Of Plastic Surgery Pvt Ltd, 29, Shahmeena Road (From Buddha Parkto Medical College), Lucknow, Distt.- Lucknow, Uttar Pradesh, Pin Code- 226003",Sushrut Institute Of Plastic Surgery Pvt Ltd,Lucknow,Uttar Pradesh,Private,B.Sc(N) | ANM | GNM,40 (Forty) | 40 (Forty) | 50 (Fifty),130,226003,2025-2026,INC Yearly Report,https://online.indiannursingcouncil.org/Reports/YearlyReportByState.aspx,2026-09-11T11:42:48.918465
Uttar Pradesh|Baghpat|SYADWAD INSTITUTE OF HIGHER EDUCATION & RESEARCH,Syadwad Institute Of Higher Education & Research,"Syadwad Institute Of Higher Education & Research, River Park, Baghpat, Baghpat, Distt.- Baghpat, Uttar Pradesh, Pin Code- 250609",Syadwad Jain Educational Society Trust,Baghpat,Uttar Pradesh,Private,ANM | GNM | B.Sc(N) | P B B.Sc(N),40 (Forty) | 40 (Forty) | 30 (Thirty) | 20 (Twenty),130,250609,2025-2026,INC Yearly Report,https://online.indiannursingcouncil.org/Reports/YearlyReportByState.aspx,2026-09-11T11:42:48.918465
Uttar Pradesh|Lucknow|T S MISRA COLLEGE OF NURSING,T S Misra College Of Nursing,"T S Misra College Of Nursing, Near Amausi Railway Station, Lucknow, Distt.- Lucknow, Uttar Pradesh, Pin Code- 226008",Vedic And Futuristic Edutech,Lucknow,Uttar Pradesh,Private,ANM | GNM | B.Sc(N) | P B B.Sc(N) | M. Sc (N),40 (Forty) | 60 (Sixty) | 80 (Eighty) | 30 (Thirty) | 20 (Twenty),230,226008,2025-2026,INC Yearly Report,https://online.indiannursingcouncil.org/Reports/YearlyReportByState.aspx,2026-09-11T11:42:48.918465
Uttar Pradesh|Allahabad|TAMANNA INSTITUTE OF ALLIED HEALTH SCIENCES,Tamanna Institute Of Allied Health Sciences,"Tamanna Institute Of Allied Health Sciences, 27-B, Hashimpur Road, Allahabad, Distt.- Allahabad, Uttar Pradesh, Pin Code- 211002",Society For Awareness Education And Research Activities,Allahabad,Uttar Pradesh,Private,ANM | GNM,40 (Forty) | 60 (Sixty),100,211002,2025-2026,INC Yearly Report,https://online.indiannursingcouncil.org/Reports/YearlyReportByState.aspx,2026-09-11T11:42:48.918465
Uttar Pradesh|Moradabad|TEERTHANKER MAHAVEER COLLEGE OF NURSING,Teerthanker Mahaveer College Of Nursing,"Teerthanker Mahaveer College Of Nursing, Nh-24, Delhi Road, Moradabad, Distt.- Moradabad, Uttar Pradesh, Pin Code- 244001",Teerthanker Mahaveer Institute Of Management And Technology,Moradabad,Uttar Pradesh,Private,Ph. D | ANM | B.Sc(N) | P B B.Sc(N) | M. Sc (N),4 (Four) | 60 (Sixty) | 100 (One Hundred) | 50 (Fifty) | 50 (Fifty) Med Surg-10 Obg-10 Paed-10 Psy-10 Chn-10,264,244001,2025-2026,INC Yearly Report,https://online.indiannursingcouncil.org/Reports/YearlyReportByState.aspx,2026-09-11T11:42:48.918465
Uttar Pradesh|Amroha|TEERTHANKER PARSHVNATH COLLEGE OF NURSING,Teerthanker Parshvnath College Of Nursing,"Teerthanker Parshvnath College Of Nursing, Plot No-3581 3583,Village-Chungi More, Kailsa Road, Amroha, Distt.- Amroha, Uttar Pradesh, Pin Code- 244221",Teerthanker Mahaveer Institute Of Management And Technology,Amroha,Uttar Pradesh,Private,Upgraded College of Nursing | ANM | B.Sc(N),100 | 50 (Fifty) | 50 (Fifty),200,244221,2025-2026,INC Yearly Report,https://online.indiannursingcouncil.org/Reports/YearlyReportByState.aspx,2026-09-11T11:42:48.918465
Uttar Pradesh|Fatehpur|THAKUR YUGRAJ SINGH COLLEGE OF MEDICAL AND SCIENCE,Thakur Yugraj Singh College Of Medical And Science,"Thakur Yugraj Singh College Of Medical And Science, Shanti Nagar Fatehpur, Fatehpur, Distt.- Fatehpur, Uttar Pradesh, Pin Code- 212601",Manager Anglo Sanskrit College Fatehpur,Fatehpur,Uttar Pradesh,Private,B.Sc(N),40 (Forty),40,212601,2025-2026,INC Yearly Report,https://online.indiannursingcouncil.org/Reports/YearlyReportByState.aspx,2026-09-11T11:42:55.892989
Uttar Pradesh|Meerut|UMALOK HEALTH WORKER TRAINING CENTRE,Umalok Health Worker Training Centre,"Umalok Health Worker Training Centre, Bhatipura, Garh Road, Meerut, Distt.- Meerut, Uttar Pradesh, Pin Code- 250001",Umalok Charitable Trust,Meerut,Uttar Pradesh,Private,ANM | GNM | B.Sc(N),40 (Forty) | 60 (Sixty) | 40 (Forty),140,250001,2025-2026,INC Yearly Report,https://online.indiannursingcouncil.org/Reports/YearlyReportByState.aspx,2026-09-11T11:42:55.892989
Uttar Pradesh|Allahabad|UNITED INSTITUTE OF NURSING AND PARAMEDICAL SCIENCES PRAYAGRAJ,United Institute Of Nursing And Paramedical Sciences Prayagraj,"United Institute Of Nursing And Paramedical Sciences Prayagraj, Rawatpur Near Iiit Jhalwa, Allahabad, Distt.- Allahabad, Uttar Pradesh, Pin Code- 211012",Shiv Ram Das Gulati Memorial Society,Allahabad,Uttar Pradesh,Private,B.Sc(N) | GNM,40 (Forty) | 40 (Forty),80,211012,2025-2026,INC Yearly Report,https://online.indiannursingcouncil.org/Reports/YearlyReportByState.aspx,2026-09-11T11:42:55.892989
Uttar Pradesh|Varanasi|UPKAR INSTITUTE OF NURSING AND PARAMEDICAL SCIENCES,Upkar Institute Of Nursing And Paramedical Sciences,"Upkar Institute Of Nursing And Paramedical Sciences, Araji No. 21/10, Patia, Sundarpur, Varanasi, Vill.- Varanasi, Tehsil- Kashi Vidyapeeth, Distt.- Varanasi, Uttar Pradesh, Pin Code- 221005",Upkar Foundation,Varanasi,Uttar Pradesh,Private,GNM,20 (Twenty),20,221005,2025-2026,INC Yearly Report,https://online.indiannursingcouncil.org/Reports/YearlyReportByState.aspx,2026-09-11T11:42:55.892989
Uttar Pradesh|Hapur|UPKAR SCHOOL OF NURSING,Upkar School Of Nursing,"Upkar School Of Nursing, Nh - 24, Near Kucheser Chopla, Vill.- Shapur Jatt, Tehsil- Hapur, Distt.- Hapur, Uttar Pradesh, Pin Code- 245201",Shree Balaji Educational Health Social Welfare Society,Hapur,Uttar Pradesh,Private,ANM,20 (Twenty),20,245201,2025-2026,INC Yearly Report,https://online.indiannursingcouncil.org/Reports/YearlyReportByState.aspx,2026-09-11T11:42:55.892989
Uttar Pradesh|Kanpur Nagar|UTKARSH NURSING COLLEGE,Utkarsh Nursing College,"Utkarsh Nursing College, 156 Parsauli Kanpur, Kanpur, Distt.- Kanpur Nagar, Uttar Pradesh, Pin Code- 208008",Shri Mahaveer Prasad Trivedi Charitable Society,Kanpur Nagar,Uttar Pradesh,Private,B.Sc(N) | GNM,40 (Forty) | 40 (Forty),80,208008,2025-2026,INC Yearly Report,https://online.indiannursingcouncil.org/Reports/YearlyReportByState.aspx,2026-09-11T11:42:55.892989
Uttar Pradesh|Buland Sahar|V I I T NURSING COLLEGE AND HOSPITAL,V I I T Nursing College And Hospital,"V I I T Nursing College And Hospital, Viit Campus, Khurja Road, Bulandshahr, Bulandshahr, Distt.- Buland Sahar, Uttar Pradesh, Pin Code- 203001",Divya Bharti Shikshan Samity,Buland Sahar,Uttar Pradesh,Private,ANM,30 (Thirty),30,203001,2025-2026,INC Yearly Report,https://online.indiannursingcouncil.org/Reports/YearlyReportByState.aspx,2026-09-11T11:42:55.892989
Uttar Pradesh|Allahabad|V L M COLLEGE OF NURSING & ALLIED HEALTH SCIENCES,V L M College Of Nursing & Allied Health Sciences,"V L M College Of Nursing & Allied Health Sciences, 9/13, P C Banerjee Road, Allenganj, Allahabad, Distt.- Allahabad, Uttar Pradesh, Pin Code- 211002",V L M Educational And Social Welfare Trust,Allahabad,Uttar Pradesh,Private,ANM | GNM,40 (Forty) | 60 (Sixty),100,211002,2025-2026,INC Yearly Report,https://online.indiannursingcouncil.org/Reports/YearlyReportByState.aspx,2026-09-11T11:42:55.892989
Uttar Pradesh|Varanasi|VARANASI COLLEGE OF NURSING,Varanasi College Of Nursing,"Varanasi College Of Nursing, Vill- Sarai Takki, Po Ramai Patti, Varanasi, Distt.- Varanasi, Uttar Pradesh, Pin Code- 221105",Bhartiya Vigyan Peeth,Varanasi,Uttar Pradesh,Private,ANM,40 (Forty),40,221105,2025-2026,INC Yearly Report,https://online.indiannursingcouncil.org/Reports/YearlyReportByState.aspx,2026-09-11T11:42:55.892989
Uttar Pradesh|Bareilly|VARDAN COLLEGE OF NURSING,Vardan College Of Nursing,"Vardan College Of Nursing, Village Kaimua, Tehsil Aonla, , Bareilly, Distt.- Bareilly, Uttar Pradesh, Pin Code- 243402",Vardan Charitable Trust,Bareilly,Uttar Pradesh,Private,ANM | GNM,40 (Forty) | 40 (Forty),80,243402,2025-2026,INC Yearly Report,https://online.indiannursingcouncil.org/Reports/YearlyReportByState.aspx,2026-09-11T11:42:55.892989
Uttar Pradesh|Shahjahanpur|VARUN ARJUN COLLEGE OF NURSING,Varun Arjun College Of Nursing,"Varun Arjun College Of Nursing , Varun Arjun Medical College Rohilkhand Hospital Campus Nh-30, Banthra, Shahjahanpur Uttar Pradesh, Shahjahanpur, Distt.- Shahjahanpur, Uttar Pradesh, Pin Code- 2",Varun Arjun Trust,Shahjahanpur,Uttar Pradesh,Private,M. Sc (N) | ANM | GNM | B.Sc(N) | P B B.Sc(N),25 (Twenty Five) 05 In Each Subject | 60 (Sixty) | 100 (One Hundred) | 100 (One Hundred) | 30 (Thirty),315,,2025-2026,INC Yearly Report,https://online.indiannursingcouncil.org/Reports/YearlyReportByState.aspx,2026-09-11T11:42:55.892989
Uttar Pradesh|Allahabad|VATSALYA INSTITUTE OF NURSING PARAMEDICAL SCIENCES,Vatsalya Institute Of Nursing Paramedical Sciences,"Vatsalya Institute Of Nursing Paramedical Sciences, House No. 5/24 (Vatsalya Hospital Camps), Civil Station At Lal Bahadur Shastri Marg (Elgin Road) Prayagraj , Vill.- Prayagraj, Tehsil- Sadar,",Vatsalya Sewa Samiti,Allahabad,Uttar Pradesh,Private,GNM | ANM,60 (Sixty) | 30 (Thirty),90,,2025-2026,INC Yearly Report,https://online.indiannursingcouncil.org/Reports/YearlyReportByState.aspx,2026-09-11T11:42:55.892989
Uttar Pradesh|Lucknow|VATSALYA NURSING COLLEGE,Vatsalya Nursing College,"Vatsalya Nursing College, 2/11 Vinay Khand Gomti Nagar, Gomti Nagar Lucknow, Distt.- Lucknow, Uttar Pradesh, Pin Code- 226010",Mrityunjay Charitable Trust,Lucknow,Uttar Pradesh,Private,ANM | GNM | B.Sc(N),40 (Forty) | 40 (Forty) | 40 (Forty),120,226010,2025-2026,INC Yearly Report,https://online.indiannursingcouncil.org/Reports/YearlyReportByState.aspx,2026-09-11T11:42:55.892989
Uttar Pradesh|Azamgarh|VEDANTA SCHOOL OF NURSING,Vedanta School Of Nursing,"Vedanta School Of Nursing, Billariyaganj Marg, Lachhirampur, Azamgarh, Distt.- Azamgarh, Uttar Pradesh, Pin Code- 276001",Vedanta Charitable And Private Trust,Azamgarh,Uttar Pradesh,Private,ANM | GNM | B.Sc(N),40 (Forty) | 40 (Forty) | 40 (Forty),120,276001,2025-2026,INC Yearly Report,https://online.indiannursingcouncil.org/Reports/YearlyReportByState.aspx,2026-09-11T11:42:55.892989
Uttar Pradesh|Bareilly|VIDYA COLLEGE OF NURSING,Vidya College Of Nursing,"Vidya College Of Nursing, Village- Uchasiya, Near Fateh Ganj East, Vill.- Bareilly , Tehsil- Faridpur, Distt.- Bareilly, Uttar Pradesh, Pin Code- 243506",Vidya Educational Welfare Trust,Bareilly,Uttar Pradesh,Private,ANM | GNM,30 (Thirty) | 40 (Forty),70,243506,2025-2026,INC Yearly Report,https://online.indiannursingcouncil.org/Reports/YearlyReportByState.aspx,2026-09-11T11:42:55.892989
Uttar Pradesh|Lucknow|VIKAT INSTITUTE SCHOOL OF NURSING,Vikat Institute School Of Nursing,"Vikat Institute School Of Nursing, Village - Sikrori, Post - Kakori, Vill.- Sikrori , Tehsil- Lucknow, Distt.- Lucknow, Uttar Pradesh, Pin Code- 227107",Vikat Educational Trust,Lucknow,Uttar Pradesh,Private,ANM | GNM | B.Sc(N),20 (Twenty) | 20 (Twenty) | 40 (Forty),80,227107,2025-2026,INC Yearly Report,https://online.indiannursingcouncil.org/Reports/YearlyReportByState.aspx,2026-09-11T11:43:01.761916
Uttar Pradesh|Kanpur Nagar|VIMLA NURSING COLLEGE,Vimla Nursing College,"Vimla Nursing College, Vimla Campus, Vill Post - Hardauli, Vill.- Hardauli , Tehsil- Vidhunu, Distt.- Kanpur Nagar, Uttar Pradesh, Pin Code- 209214",Vimla Devi Jankalyan Seva Samiti,Kanpur Nagar,Uttar Pradesh,Private,ANM | B.Sc(N) | GNM,40 (Forty) | 40 (Forty) | 40 (Forty),120,209214,2025-2026,INC Yearly Report,https://online.indiannursingcouncil.org/Reports/YearlyReportByState.aspx,2026-09-11T11:43:01.761916
Uttar Pradesh|Bijnor|VIVEK COLLEGE OF HEALTH AND MEDICAL SCIENCES,Vivek College Of Health And Medical Sciences,"Vivek College Of Health And Medical Sciences, Garhwala, Moradabad Road, Post-Agri, Bijnor, Distt.- Bijnor, Uttar Pradesh, Pin Code- 246701",Shivika Educational Society,Bijnor,Uttar Pradesh,Private,ANM | GNM | B.Sc(N) | P B B.Sc(N),30 (Thirty) | 40 (Forty) | 40 (Forty) | 40 (Forty),150,246701,2025-2026,INC Yearly Report,https://online.indiannursingcouncil.org/Reports/YearlyReportByState.aspx,2026-09-11T11:43:01.761916
Uttar Pradesh|Lucknow|VIVEKANAND POLYCLINIC,Vivekanand Polyclinic,"Vivekanand Polyclinic, School Of Nursing, Ramakrishna Mission Sewashram, Lucknow, Distt.- Lucknow, Uttar Pradesh, Pin Code- 226007",Ramakrishna Mission Sevashram,Lucknow,Uttar Pradesh,Private,GNM | B.Sc(N) | M. Sc (N),60 (Sixty) | 50 (Fifty) | 16 (Sixteen) Obg-4 Paed-4 Med-Surg-4 Chn-4,126,226007,2025-2026,INC Yearly Report,https://online.indiannursingcouncil.org/Reports/YearlyReportByState.aspx,2026-09-11T11:43:01.761916
Uttar Pradesh|Moradabad|VIVEKANAND SCHOOL OF NURSING,Vivekanand School Of Nursing,"Vivekanand School Of Nursing, Asian Vivekanand Super Speciality Hospital, Kanth Road, Moradabad, Distt.- Moradabad, Uttar Pradesh, Pin Code- 244001",Moradabad Charitable Trust Health Research Centre,Moradabad,Uttar Pradesh,Private,ANM | B.Sc(N) | GNM | M. Sc (N) | P B B.Sc(N),50 (Fifty) | 60 (Sixty) | 50 (Fifty) | 20 (Twenty) | 30 (Thirty),210,244001,2025-2026,INC Yearly Report,https://online.indiannursingcouncil.org/Reports/YearlyReportByState.aspx,2026-09-11T11:43:01.761916
Uttar Pradesh|Kanpur Nagar|YASHRAJ INSTITUTE OF PROFESSIONAL STUDIES,Yashraj Institute Of Professional Studies,"Yashraj Institute Of Professional Studies, Post Tatiyagang, Vill.- Gram- Jindapurwa,, Tehsil- Bilhaur, Distt.- Kanpur Nagar, Uttar Pradesh, Pin Code- 209217",Sushma Educational Society,Kanpur Nagar,Uttar Pradesh,Private,ANM | GNM | B.Sc(N),30 (Thirty) | 50 (Fifty) | 40 (Forty),120,209217,2025-2026,INC Yearly Report,https://online.indiannursingcouncil.org/Reports/YearlyReportByState.aspx,2026-09-11T11:43:01.761916
Uttar Pradesh|Chandauli|YATHARTH NURSING COLLEGE PARAMEDICAL INSTITUTE,Yatharth Nursing College Paramedical Institute,"Yatharth Nursing College Paramedical Institute, G T Road Jhansi, Near Chaupal Sagar, Vill.- Jhansi , Tehsil- Sakeldiha, Distt.- Chandauli, Uttar Pradesh, Pin Code- 232104",Dr R D Memorial Charitable Trust,Chandauli,Uttar Pradesh,Private,ANM | GNM,40 (Forty) | 40 (Forty),80,232104,2025-2026,INC Yearly Report,https://online.indiannursingcouncil.org/Reports/YearlyReportByState.aspx,2026-09-11T11:43:01.761916
