sl_no,institution_name_raw,institution_address_raw,trust_name,district_name,state,sector,programme,annual_intake,academic_year,page_number,source_url,extraction_timestamp
1,A.S. School Of Nursing,"A.S. School Of Nursing , Behind Audi Motors, Chahal Chowk, Naya Chak, Sri Ganganagar , Sri Ganganagar, Distt.- Ganganagar, Rajasthan, Pin Code- 335001",Aggarwal Charitable Institute,Ganganagar,Rajasthan,Private,GNM,40 (Forty),2025-2026,1,https://online.indiannursingcouncil.org/Reports/YearlyReportByState.aspx,2026-09-11T11:35:08.193115
2,Aayushman Institute Of Medical Science And College Of Nursing,"Aayushman Institute Of Medical Science And College Of Nursing , 576, Baniya Wali (Charanwala, Main Diggi- Malpura Road, Sanganer, Distt.- Jaipur, Rajasthan, Pin Code- 302029",Shri Gopinath Gulab Devi Pradhan Memorial Charitable Trust,Jaipur,Rajasthan,Private,B.Sc(N),60 (Sixty),2025-2026,1,https://online.indiannursingcouncil.org/Reports/YearlyReportByState.aspx,2026-09-11T11:35:08.193115
3,Adarsh Pilani Nursing School,"Adarsh Pilani Nursing School,, F-72,Industrial Area, Rajgarh Road,, Pilani, Distt.- Jhunjhunu, Rajasthan, Pin Code- 333031",Adarsh Pilani Education Trust,Jhunjhunu,Rajasthan,Private,GNM,50 (Fifty),2025-2026,1,https://online.indiannursingcouncil.org/Reports/YearlyReportByState.aspx,2026-09-11T11:35:08.193115
4,Akhil Bharati Vidyapeeth College Of Nursing,"Akhil Bharati Vidyapeeth College Of Nursing , Jaipur Road, Sikar, Rajasthan , Sikar , Distt.- Sikar, Rajasthan, Pin Code- 332001",Shri Amrit Educational And Health Sciences Samiti,Sikar,Rajasthan,Private,GNM,30 (Thirty),2025-2026,1,https://online.indiannursingcouncil.org/Reports/YearlyReportByState.aspx,2026-09-11T11:35:08.193115
4,Akhil Bharati Vidyapeeth College Of Nursing,"Akhil Bharati Vidyapeeth College Of Nursing , Jaipur Road, Sikar, Rajasthan , Sikar , Distt.- Sikar, Rajasthan, Pin Code- 332001",Shri Amrit Educational And Health Sciences Samiti,Sikar,Rajasthan,Private,B.Sc(N),40 (Forty),2025-2026,1,https://online.indiannursingcouncil.org/Reports/YearlyReportByState.aspx,2026-09-11T11:35:08.193115
5,All India Institute Of Medical Sciences College Of Nursing,"All India Institute Of Medical Sciences College Of Nursing, Hi Area Phase Ii, Basni, Jodhpur, Distt.- Jodhpur, Rajasthan, Pin Code- 342005",Govt Of Rajasthan,Jodhpur,Rajasthan,Government,B.Sc(N),100 (One Hundred),2025-2026,1,https://online.indiannursingcouncil.org/Reports/YearlyReportByState.aspx,2026-09-11T11:35:08.193115
5,All India Institute Of Medical Sciences College Of Nursing,"All India Institute Of Medical Sciences College Of Nursing, Hi Area Phase Ii, Basni, Jodhpur, Distt.- Jodhpur, Rajasthan, Pin Code- 342005",Govt Of Rajasthan,Jodhpur,Rajasthan,Government,M. Sc (N),33 (Thirty Three),2025-2026,1,https://online.indiannursingcouncil.org/Reports/YearlyReportByState.aspx,2026-09-11T11:35:08.193115
6,Alwar College Of Nursing,"Alwar College Of Nursing , Behind Aps, Kesarpur Ki Dhani, Rajgarh Road, Post - Burja, Alwar - 301001 , Alwar , Distt.- Alwar, Rajasthan, Pin Code- 301001",Shri Krishna Education Society,Alwar,Rajasthan,Private,B.Sc(N),40 (Forty),2025-2026,1,https://online.indiannursingcouncil.org/Reports/YearlyReportByState.aspx,2026-09-11T11:35:08.193115
7,Alwar Nursing College,"Alwar Nursing College , Sai Mandir Tijara Road Alwar (Raj.) 301001 , Alwar, Distt.- Alwar, Rajasthan, Pin Code- 301001",Public Rose Shiksha Samiti,Alwar,Rajasthan,Private,B.Sc(N),50 (Fifty),2025-2026,1,https://online.indiannursingcouncil.org/Reports/YearlyReportByState.aspx,2026-09-11T11:35:08.193115
8,Ambassy School Of Nursing,"Ambassy School Of Nursing, Am Nagar Extension, New Sanganer Road, Sodala, Jaipur, Distt.- Jaipur, Rajasthan, Pin Code- 302019",Mahatma Jyoti Rao Phule Shiksha Sansthan,Jaipur,Rajasthan,Private,GNM,40 (Forty),2025-2026,1,https://online.indiannursingcouncil.org/Reports/YearlyReportByState.aspx,2026-09-11T11:35:08.193115
9,Ananta College Of Nursing,"Ananta College Of Nursing, National Highway 08 Village Kaliwas, Kaliwas, Distt.- Rajsamand, Rajasthan, Pin Code- 0",Ananta Charitable Educational Society,Rajsamand,Rajasthan,Private,GNM,70 (Seventy),2025-2026,1,https://online.indiannursingcouncil.org/Reports/YearlyReportByState.aspx,2026-09-11T11:35:08.193115
9,Ananta College Of Nursing,"Ananta College Of Nursing, National Highway 08 Village Kaliwas, Kaliwas, Distt.- Rajsamand, Rajasthan, Pin Code- 0",Ananta Charitable Educational Society,Rajsamand,Rajasthan,Private,B.Sc(N),60 (Sixty),2025-2026,1,https://online.indiannursingcouncil.org/Reports/YearlyReportByState.aspx,2026-09-11T11:35:08.193115
10,Anm Training Centre,"Anm Training Centre, Govt General Hospital Sawai Madhopur, Sawai Madhopur, Distt.- Sawai Madhopur, Rajasthan, Pin Code- 322001",Govt Of Rajasthan,Sawai Madhopur,Rajasthan,Government,ANM,20 (Twenty),2025-2026,1,https://online.indiannursingcouncil.org/Reports/YearlyReportByState.aspx,2026-09-11T11:35:08.193115
11,Annpurna Medical Training Institute,"Annpurna Medical Training Institute, Jaipur Road, Sikar , Sikar , Distt.- Sikar, Rajasthan, Pin Code- 332001",Annpurna Medical Prashikshan Sansthan,Sikar,Rajasthan,Private,GNM,60 (Sixty),2025-2026,1,https://online.indiannursingcouncil.org/Reports/YearlyReportByState.aspx,2026-09-11T11:35:08.193115
11,Annpurna Medical Training Institute,"Annpurna Medical Training Institute, Jaipur Road, Sikar , Sikar , Distt.- Sikar, Rajasthan, Pin Code- 332001",Annpurna Medical Prashikshan Sansthan,Sikar,Rajasthan,Private,M. Sc (N),6 Psy-6,2025-2026,1,https://online.indiannursingcouncil.org/Reports/YearlyReportByState.aspx,2026-09-11T11:35:08.193115
11,Annpurna Medical Training Institute,"Annpurna Medical Training Institute, Jaipur Road, Sikar , Sikar , Distt.- Sikar, Rajasthan, Pin Code- 332001",Annpurna Medical Prashikshan Sansthan,Sikar,Rajasthan,Private,B.Sc(N),50 (Fifty),2025-2026,1,https://online.indiannursingcouncil.org/Reports/YearlyReportByState.aspx,2026-09-11T11:35:08.193115
11,Annpurna Medical Training Institute,"Annpurna Medical Training Institute, Jaipur Road, Sikar , Sikar , Distt.- Sikar, Rajasthan, Pin Code- 332001",Annpurna Medical Prashikshan Sansthan,Sikar,Rajasthan,Private,P B B.Sc(N),30 (Thirty),2025-2026,1,https://online.indiannursingcouncil.org/Reports/YearlyReportByState.aspx,2026-09-11T11:35:08.193115
12,Anupama Medical Training Institute College Of Nursing,"Anupama Medical Training Institute College Of Nursing, Jeevan Nagar, Sikar, Distt.- Sikar, Rajasthan, Pin Code- 332021",Anupama Medical Training Institute,Sikar,Rajasthan,Private,B.Sc(N),60 (SIXTY),2025-2026,1,https://online.indiannursingcouncil.org/Reports/YearlyReportByState.aspx,2026-09-11T11:35:08.193115
12,Anupama Medical Training Institute College Of Nursing,"Anupama Medical Training Institute College Of Nursing, Jeevan Nagar, Sikar, Distt.- Sikar, Rajasthan, Pin Code- 332021",Anupama Medical Training Institute,Sikar,Rajasthan,Private,GNM,60 (Sixty),2025-2026,1,https://online.indiannursingcouncil.org/Reports/YearlyReportByState.aspx,2026-09-11T11:35:08.193115
13,Apex School Of Nursing,"Apex School Of Nursing, Apex University, Achrol, Jaipur, Distt.- Jaipur, Rajasthan, Pin Code- 303002","Apex University, Jaipur",Jaipur,Rajasthan,Private,B.Sc(N),60 (Sixty),2025-2026,1,https://online.indiannursingcouncil.org/Reports/YearlyReportByState.aspx,2026-09-11T11:35:08.193115
14,Aravali College Of Nursing,"Aravali College Of Nursing, Riddhi Siddhi Complex, Sector 5, Main Road, Hiran Magri, , Distt.- Udaipur, Rajasthan, Pin Code- 313002",Shri Krishna Parth Sodh Avam Shikshan Sansthan,Udaipur,Rajasthan,Private,B.Sc(N),30 (Thirty),2025-2026,1,https://online.indiannursingcouncil.org/Reports/YearlyReportByState.aspx,2026-09-11T11:35:08.193115
15,Aravali Institute Of Nursing,"Aravali Institute Of Nursing, 17-A Kartikey Society, Paneriyon Ki Madri, Udaipur, Distt.- Udaipur, Rajasthan, Pin Code- 313002",Chand Bai Gupta Memorial Trust,Udaipur,Rajasthan,Private,GNM,40 (Forty),2025-2026,1,https://online.indiannursingcouncil.org/Reports/YearlyReportByState.aspx,2026-09-11T11:35:08.193115
16,Arawali College Of Nursing,"Arawali College Of Nursing,, N H 11, Bijore, Jaipur Road, Sikar , Distt.- Sikar, Rajasthan, Pin Code- 332001",Astha Society,Sikar,Rajasthan,Private,B.Sc(N),40 (Forty),2025-2026,1,https://online.indiannursingcouncil.org/Reports/YearlyReportByState.aspx,2026-09-11T11:35:08.193115
17,Arihant College Of Nursing,"Arihant College Of Nursing, Arihant Campus, Ujjwal Vihar, Borkhera, Baran Road, Kota, Distt.- Kota, Rajasthan, Pin Code- 324001",Arihant Educational And Charitable Trust,Kota,Rajasthan,Private,P B B.Sc(N),30 (Thirty),2025-2026,1,https://online.indiannursingcouncil.org/Reports/YearlyReportByState.aspx,2026-09-11T11:35:08.193115
17,Arihant College Of Nursing,"Arihant College Of Nursing, Arihant Campus, Ujjwal Vihar, Borkhera, Baran Road, Kota, Distt.- Kota, Rajasthan, Pin Code- 324001",Arihant Educational And Charitable Trust,Kota,Rajasthan,Private,GNM,60 (Sixty),2025-2026,1,https://online.indiannursingcouncil.org/Reports/YearlyReportByState.aspx,2026-09-11T11:35:08.193115
17,Arihant College Of Nursing,"Arihant College Of Nursing, Arihant Campus, Ujjwal Vihar, Borkhera, Baran Road, Kota, Distt.- Kota, Rajasthan, Pin Code- 324001",Arihant Educational And Charitable Trust,Kota,Rajasthan,Private,B.Sc(N),60 (Sixty),2025-2026,1,https://online.indiannursingcouncil.org/Reports/YearlyReportByState.aspx,2026-09-11T11:35:08.193115
18,Asha Devi Institute Of Nursing,"Asha Devi Institute Of Nursing, Ward No. 9- &Quot; Shri Ram Kunj&Quot;, Bus Stand,, Sadulpur , Distt.- Churu, Rajasthan, Pin Code- 331023",Bhai Nitin Kumar Education And Social Welfare Trust,Churu,Rajasthan,Private,GNM,30 (Thirty),2025-2026,1,https://online.indiannursingcouncil.org/Reports/YearlyReportByState.aspx,2026-09-11T11:35:08.193115
19,Associated Group Of Hospital,"Associated Group Of Hospital, School Of Nursing, Mahatma Gandhi Hospital , Associated Group Of Hospital, School Of Nursing, Mahatma Gandhi Hospital, Jodhpur, Jodhpur, Distt.- Jodhpur, Rajasthan, Pi","Medical And Health Department, Rajasthan",Jodhpur,Rajasthan,Government,GNM,60 (Sixty),2025-2026,1,https://online.indiannursingcouncil.org/Reports/YearlyReportByState.aspx,2026-09-11T11:35:08.193115
20,Athina Nursing College,"Athina Nursing College, Alwar By Pass Road, Bhiwadi , Distt.- Alwar, Rajasthan, Pin Code- 31019",Subedar Hariram Trust,Alwar,Rajasthan,Private,B.Sc(N),40 (Forty),2025-2026,1,https://online.indiannursingcouncil.org/Reports/YearlyReportByState.aspx,2026-09-11T11:35:08.193115
1,B L M College Of Nursing,"B L M College Of Nursing, E-5-6, Riico Industrial Area, Tonk Road, Sitapura, Distt.- Jaipur, Rajasthan, Pin Code- 302022",B L M Medical Educational And Development Society,Jaipur,Rajasthan,Private,B.Sc(N),40 (Forty),2025-2026,2,https://online.indiannursingcouncil.org/Reports/YearlyReportByState.aspx,2026-09-11T11:35:14.931175
1,B L M College Of Nursing,"B L M College Of Nursing, E-5-6, Riico Industrial Area, Tonk Road, Sitapura, Distt.- Jaipur, Rajasthan, Pin Code- 302022",B L M Medical Educational And Development Society,Jaipur,Rajasthan,Private,GNM,40 (Forty),2025-2026,2,https://online.indiannursingcouncil.org/Reports/YearlyReportByState.aspx,2026-09-11T11:35:14.931175
2,Balaji College Of Nursing,"Balaji College Of Nursing, A-24-27, Panchwati, Harni Mahadev Road, Bhilwara, Distt.- Bhilwara, Rajasthan, Pin Code- 311001",Himalaya Education And Health Society,Bhilwara,Rajasthan,Private,B.Sc(N),40 (Forty),2025-2026,2,https://online.indiannursingcouncil.org/Reports/YearlyReportByState.aspx,2026-09-11T11:35:14.931175
2,Balaji College Of Nursing,"Balaji College Of Nursing, A-24-27, Panchwati, Harni Mahadev Road, Bhilwara, Distt.- Bhilwara, Rajasthan, Pin Code- 311001",Himalaya Education And Health Society,Bhilwara,Rajasthan,Private,P B B.Sc(N),30 (Thirty),2025-2026,2,https://online.indiannursingcouncil.org/Reports/YearlyReportByState.aspx,2026-09-11T11:35:14.931175
3,Bansal College Of Nursing,"Bansal College Of Nursing, Bansal School Of Nursing , Bansal College Of Nursing Manaksar, Hanumangarh , Hanumangarh, Distt.- Hanumangarh, Rajasthan, Pin Code- 335065",Bansal Nursing Charitable Trust,Hanumangarh,Rajasthan,Private,GNM,60 (Sixty),2025-2026,2,https://online.indiannursingcouncil.org/Reports/YearlyReportByState.aspx,2026-09-11T11:35:14.931175
3,Bansal College Of Nursing,"Bansal College Of Nursing, Bansal School Of Nursing , Bansal College Of Nursing Manaksar, Hanumangarh , Hanumangarh, Distt.- Hanumangarh, Rajasthan, Pin Code- 335065",Bansal Nursing Charitable Trust,Hanumangarh,Rajasthan,Private,B.Sc(N),50 (Fifty),2025-2026,2,https://online.indiannursingcouncil.org/Reports/YearlyReportByState.aspx,2026-09-11T11:35:14.931175
4,Bansur Nursing College,"Bansur Nursing College, Bye Pass Road, Bansur, Alwar, Rajasthan, Alwar, Distt.- Alwar, Rajasthan, Pin Code- 301402",Marudhara Academy,Alwar,Rajasthan,Private,B.Sc(N),40 (Forty),2025-2026,2,https://online.indiannursingcouncil.org/Reports/YearlyReportByState.aspx,2026-09-11T11:35:14.931175
4,Bansur Nursing College,"Bansur Nursing College, Bye Pass Road, Bansur, Alwar, Rajasthan, Alwar, Distt.- Alwar, Rajasthan, Pin Code- 301402",Marudhara Academy,Alwar,Rajasthan,Private,P B B.Sc(N),30 (Thirty),2025-2026,2,https://online.indiannursingcouncil.org/Reports/YearlyReportByState.aspx,2026-09-11T11:35:14.931175
5,Barala Nursing College,"Barala Nursing College, Nh- 11, Jaipur Road, Radha Swami Bagh, Chomu, Distt.- Jaipur, Rajasthan, Pin Code- 303702",Barala Hospital And Research Centre,Jaipur,Rajasthan,Private,B.Sc(N),40 (Forty),2025-2026,2,https://online.indiannursingcouncil.org/Reports/YearlyReportByState.aspx,2026-09-11T11:35:14.931175
6,Bikaner College Of Nursing,"Bikaner College Of Nursing, Nh-11, Jaipur Road, Raisar, Bikaner, Distt.- Bikaner, Rajasthan, Pin Code- 334001",Bikaner Nursing Home And Education Society,Bikaner,Rajasthan,Private,B.Sc(N),30 (Thirty),2025-2026,2,https://online.indiannursingcouncil.org/Reports/YearlyReportByState.aspx,2026-09-11T11:35:14.931175
7,Birla College Of Nursing,"Birla College Of Nursing, C/O Birla Sarvajanik Hospital Near Bhagat Singh Circle , Pilani, Distt.- Jhunjhunu, Rajasthan, Pin Code- 333031",Matri Seva Sadan Charity Trust,Jhunjhunu,Rajasthan,Private,P B B.Sc(N),25 (Twenty Five),2025-2026,2,https://online.indiannursingcouncil.org/Reports/YearlyReportByState.aspx,2026-09-11T11:35:14.931175
7,Birla College Of Nursing,"Birla College Of Nursing, C/O Birla Sarvajanik Hospital Near Bhagat Singh Circle , Pilani, Distt.- Jhunjhunu, Rajasthan, Pin Code- 333031",Matri Seva Sadan Charity Trust,Jhunjhunu,Rajasthan,Private,GNM,40 (Forty),2025-2026,2,https://online.indiannursingcouncil.org/Reports/YearlyReportByState.aspx,2026-09-11T11:35:14.931175
7,Birla College Of Nursing,"Birla College Of Nursing, C/O Birla Sarvajanik Hospital Near Bhagat Singh Circle , Pilani, Distt.- Jhunjhunu, Rajasthan, Pin Code- 333031",Matri Seva Sadan Charity Trust,Jhunjhunu,Rajasthan,Private,B.Sc(N),60 (Sixty),2025-2026,2,https://online.indiannursingcouncil.org/Reports/YearlyReportByState.aspx,2026-09-11T11:35:14.931175
8,Chambal School Of Nursing / Nightingale College Of Nursing,"Chambal School Of Nursing / Nightingale College Of Nursing, Raghuveer Pura, Chittor Road, Hatti Pura Distt. Bundi, Rajasthan- 323001, Bundi, Distt.- Bundi, Rajasthan, Pin Code- 323001",Chambal Education Society,Bundi,Rajasthan,Private,B.Sc(N),40 (Forty),2025-2026,2,https://online.indiannursingcouncil.org/Reports/YearlyReportByState.aspx,2026-09-11T11:35:14.931175
8,Chambal School Of Nursing / Nightingale College Of Nursing,"Chambal School Of Nursing / Nightingale College Of Nursing, Raghuveer Pura, Chittor Road, Hatti Pura Distt. Bundi, Rajasthan- 323001, Bundi, Distt.- Bundi, Rajasthan, Pin Code- 323001",Chambal Education Society,Bundi,Rajasthan,Private,GNM,60 (Sixty),2025-2026,2,https://online.indiannursingcouncil.org/Reports/YearlyReportByState.aspx,2026-09-11T11:35:14.931175
9,Choudhary Kana Ram Dhaka Memorial Nursing College,"Choudhary Kana Ram Dhaka Memorial Nursing College, Vpo- Dhigal, Jhunjhunu - Jaipur Highway, Jhunjhunu , Distt.- Jhunjhunu, Rajasthan, Pin Code- 333041",Choudhary Kanaram Dhaka Memorial Sansthan,Jhunjhunu,Rajasthan,Private,B.Sc(N),60 (Sixty),2025-2026,2,https://online.indiannursingcouncil.org/Reports/YearlyReportByState.aspx,2026-09-11T11:35:14.931175
9,Choudhary Kana Ram Dhaka Memorial Nursing College,"Choudhary Kana Ram Dhaka Memorial Nursing College, Vpo- Dhigal, Jhunjhunu - Jaipur Highway, Jhunjhunu , Distt.- Jhunjhunu, Rajasthan, Pin Code- 333041",Choudhary Kanaram Dhaka Memorial Sansthan,Jhunjhunu,Rajasthan,Private,P B B.Sc(N),30 (Thirty),2025-2026,2,https://online.indiannursingcouncil.org/Reports/YearlyReportByState.aspx,2026-09-11T11:35:14.931175
10,College Of Nursing,"College Of Nursing, Near M.B.S. Hospital, Nayapura , Kota, Distt.- Kota, Rajasthan, Pin Code- 324001",Rajasthan,Kota,Rajasthan,Government,B.Sc(N),100 (One Hundred),2025-2026,2,https://online.indiannursingcouncil.org/Reports/YearlyReportByState.aspx,2026-09-11T11:35:14.931175
10,College Of Nursing,"College Of Nursing, Near M.B.S. Hospital, Nayapura , Kota, Distt.- Kota, Rajasthan, Pin Code- 324001",Rajasthan,Kota,Rajasthan,Government,M. Sc (N),20 (Twenty) Med-Surg-4 Paed-8 Obg-4 Chn-4,2025-2026,2,https://online.indiannursingcouncil.org/Reports/YearlyReportByState.aspx,2026-09-11T11:35:14.931175
11,D H College Of Nursing,"D H College Of Nursing, Luniyawas, Jaipur, Distt.- Jaipur, Rajasthan, Pin Code- 30203",Dhyawan Vikash Sanstha,Jaipur,Rajasthan,Private,B.Sc(N),40 (Forty),2025-2026,2,https://online.indiannursingcouncil.org/Reports/YearlyReportByState.aspx,2026-09-11T11:35:14.931175
12,D.P. Tiwari Medical And Nursing Educational Institute,"D.P. Tiwari Medical And Nursing Educational Institute , Balaji Bazar, Newta Road, Muhana, Sanganer, Jaipur , Jaipur, Distt.- Jaipur, Rajasthan, Pin Code- 302029",Indian Student Culture Soceity,Jaipur,Rajasthan,Private,B.Sc(N),60 (Sixty),2025-2026,2,https://online.indiannursingcouncil.org/Reports/YearlyReportByState.aspx,2026-09-11T11:35:14.931175
12,D.P. Tiwari Medical And Nursing Educational Institute,"D.P. Tiwari Medical And Nursing Educational Institute , Balaji Bazar, Newta Road, Muhana, Sanganer, Jaipur , Jaipur, Distt.- Jaipur, Rajasthan, Pin Code- 302029",Indian Student Culture Soceity,Jaipur,Rajasthan,Private,GNM,30 (Thirty),2025-2026,2,https://online.indiannursingcouncil.org/Reports/YearlyReportByState.aspx,2026-09-11T11:35:14.931175
13,Daswani Nursing College,"Daswani Nursing College, 19 - Ipb, Institutional Area, Ricco, Ranpur , Distt.- Kota, Rajasthan, Pin Code- 325003",Aadarsh Pragya Vidhya Mandir Samiti,Kota,Rajasthan,Private,B.Sc(N),40 (Forty),2025-2026,2,https://online.indiannursingcouncil.org/Reports/YearlyReportByState.aspx,2026-09-11T11:35:14.931175
14,Devi Institute Of Nursing College,"Devi Institute Of Nursing College, S-35 B Radhamarg, Behind Raj Mandir Cinema, C- Scheme, Jaipur, Distt.- Jaipur, Rajasthan, Pin Code- 302001",Devi Institute,Jaipur,Rajasthan,Private,B.Sc(N),40 (Forty),2025-2026,2,https://online.indiannursingcouncil.org/Reports/YearlyReportByState.aspx,2026-09-11T11:35:14.931175
15,Dr. Chaudhary College Of Nursing,"Dr. Chaudhary College Of Nursing , 472, Sector-4, Hiran Magri, Tehsil- Girwa, District- Udaipur , Udaipur, Distt.- Udaipur, Rajasthan, Pin Code- 313001",Dr. Chaudhary Charitable Foundation Udaipur,Udaipur,Rajasthan,Private,B.Sc(N),30 (Thirty),2025-2026,2,https://online.indiannursingcouncil.org/Reports/YearlyReportByState.aspx,2026-09-11T11:35:14.931175
16,Dr. Tanveer Malawat Nursing College,"Dr. Tanveer Malawat Nursing College, Ridmalsar Purohitan Jaipur Jodhpur Bypass, National Highway 89, Bikaner, Distt.- Bikaner, Rajasthan, Pin Code- 334001",Dr. Tanveer Malawat Public Charitable Trust,Bikaner,Rajasthan,Private,B.Sc(N),40 (Forty),2025-2026,2,https://online.indiannursingcouncil.org/Reports/YearlyReportByState.aspx,2026-09-11T11:35:14.931175
17,Faculty Of Nursing,"Faculty Of Nursing, Banasthali Vidyapith, Banasthali, Distt.- Tonk, Rajasthan, Pin Code- 304022",Banasthali Vidyapith,Tonk,Rajasthan,Private,B.Sc(N),60 (Sixty),2025-2026,2,https://online.indiannursingcouncil.org/Reports/YearlyReportByState.aspx,2026-09-11T11:35:14.931175
18,Florence Nursing College,"Florence Nursing College,, Ipd-11, Riico Institutional Area, Ranpur, Vill.- Kota, Tehsil- Ladpura, Distt.- Kota, Rajasthan, Pin Code- 324005",Anupam Bal Vidhya Mandir Samiti,Kota,Rajasthan,Private,B.Sc(N),60 (Sixty),2025-2026,2,https://online.indiannursingcouncil.org/Reports/YearlyReportByState.aspx,2026-09-11T11:35:14.931175
19,G N M Training Center,"G N M Training Center , Bangar Hospital,Pali , Pali, Distt.- Pali, Rajasthan, Pin Code- 306401",Govt. Of Rajasthan,Pali,Rajasthan,Government,GNM,60 (Sixty),2025-2026,2,https://online.indiannursingcouncil.org/Reports/YearlyReportByState.aspx,2026-09-11T11:35:14.931175
20,G N M Training Centre,"G N M Training Centre, In Front Of S.K.Medical College, (Shri Kalyan Hospital) Gokulpura, Sikar, Distt.- Sikar, Rajasthan, Pin Code- 332021",Govt Of Rajasthan,Sikar,Rajasthan,Government,GNM,60 (Sixty),2025-2026,2,https://online.indiannursingcouncil.org/Reports/YearlyReportByState.aspx,2026-09-11T11:35:14.931175
1,Ganadhipati Purushottam Shekhawati College Of Nursing,"Ganadhipati Purushottam Shekhawati College Of Nursing, A/2, Opp.Time Square, Central Spine, Vidhyadhar Nagar, Jaipur , Jaipur, Distt.- Jaipur, Rajasthan, Pin Code- 302039",Ganadhipati Purushottam Shekhawati Education Foundation,Jaipur,Rajasthan,Private,B.Sc(N),40 (Forty),2025-2026,3,https://online.indiannursingcouncil.org/Reports/YearlyReportByState.aspx,2026-09-11T11:35:22.502833
2,Gangapur Institute Of Nursing And Paramedical Sciences,"Gangapur Institute Of Nursing And Paramedical Sciences, Jaipur Road, Gangapur City, Sawai Madhopur- 322201, Gangapur City, Distt.- Sawai Madhopur, Rajasthan, Pin Code- 322201",Cipika Welfare Society,Sawai Madhopur,Rajasthan,Private,GNM,60 (Sixty),2025-2026,3,https://online.indiannursingcouncil.org/Reports/YearlyReportByState.aspx,2026-09-11T11:35:22.502833
2,Gangapur Institute Of Nursing And Paramedical Sciences,"Gangapur Institute Of Nursing And Paramedical Sciences, Jaipur Road, Gangapur City, Sawai Madhopur- 322201, Gangapur City, Distt.- Sawai Madhopur, Rajasthan, Pin Code- 322201",Cipika Welfare Society,Sawai Madhopur,Rajasthan,Private,B.Sc(N),60 (Sixty),2025-2026,3,https://online.indiannursingcouncil.org/Reports/YearlyReportByState.aspx,2026-09-11T11:35:22.502833
3,Ganpati Keshorai College Of Nursing,"Ganpati Keshorai College Of Nursing, 40, Officers Enclave, Opp. Ricco Kanta, Kalyanpura, Mansarover , Jaipur, Distt.- Jaipur, Rajasthan, Pin Code- 302020",Ganpati Keshorai Education And Development Society,Jaipur,Rajasthan,Private,B.Sc(N),60 (Sixty),2025-2026,3,https://online.indiannursingcouncil.org/Reports/YearlyReportByState.aspx,2026-09-11T11:35:22.502833
4,Gaurav Nursing School,"Gaurav Nursing School,, , Chomu, Distt.- Jaipur, Rajasthan, Pin Code- 303702",Jyotiba Fule Social Welfare Society,Jaipur,Rajasthan,Private,GNM,60 (Sixty),2025-2026,3,https://online.indiannursingcouncil.org/Reports/YearlyReportByState.aspx,2026-09-11T11:35:22.502833
5,Gayatri College Of Nursing,"Gayatri College Of Nursing , 46 - Gayatri Tower -1, Shree Hanuman Nagar, Manvakhera, Udaipur , Udaipur, Distt.- Udaipur, Rajasthan, Pin Code- 313002",Gayatri Education Nursing Institute And Unique Society,Udaipur,Rajasthan,Private,B.Sc(N),40 (Forty),2025-2026,3,https://online.indiannursingcouncil.org/Reports/YearlyReportByState.aspx,2026-09-11T11:35:22.502833
5,Gayatri College Of Nursing,"Gayatri College Of Nursing , 46 - Gayatri Tower -1, Shree Hanuman Nagar, Manvakhera, Udaipur , Udaipur, Distt.- Udaipur, Rajasthan, Pin Code- 313002",Gayatri Education Nursing Institute And Unique Society,Udaipur,Rajasthan,Private,GNM,60 (Sixty),2025-2026,3,https://online.indiannursingcouncil.org/Reports/YearlyReportByState.aspx,2026-09-11T11:35:22.502833
6,Geetanjali College Of Nursing,"Geetanjali College Of Nursing , Geetanjali Medicity, Hiran Magri, Manwakheda, Near Eklingpura Chouraha, Udaipur , Udaipur, Distt.- Udaipur, Rajasthan, Pin Code- 313002",Geetanjali University Trust,Udaipur,Rajasthan,Private,GNM,100 (One Hundred),2025-2026,3,https://online.indiannursingcouncil.org/Reports/YearlyReportByState.aspx,2026-09-11T11:35:22.502833
6,Geetanjali College Of Nursing,"Geetanjali College Of Nursing , Geetanjali Medicity, Hiran Magri, Manwakheda, Near Eklingpura Chouraha, Udaipur , Udaipur, Distt.- Udaipur, Rajasthan, Pin Code- 313002",Geetanjali University Trust,Udaipur,Rajasthan,Private,B.Sc(N),200 (Two Hundred),2025-2026,3,https://online.indiannursingcouncil.org/Reports/YearlyReportByState.aspx,2026-09-11T11:35:22.502833
6,Geetanjali College Of Nursing,"Geetanjali College Of Nursing , Geetanjali Medicity, Hiran Magri, Manwakheda, Near Eklingpura Chouraha, Udaipur , Udaipur, Distt.- Udaipur, Rajasthan, Pin Code- 313002",Geetanjali University Trust,Udaipur,Rajasthan,Private,M. Sc (N),15 (Fifteen),2025-2026,3,https://online.indiannursingcouncil.org/Reports/YearlyReportByState.aspx,2026-09-11T11:35:22.502833
6,Geetanjali College Of Nursing,"Geetanjali College Of Nursing , Geetanjali Medicity, Hiran Magri, Manwakheda, Near Eklingpura Chouraha, Udaipur , Udaipur, Distt.- Udaipur, Rajasthan, Pin Code- 313002",Geetanjali University Trust,Udaipur,Rajasthan,Private,P B B.Sc(N),20 (Twenty),2025-2026,3,https://online.indiannursingcouncil.org/Reports/YearlyReportByState.aspx,2026-09-11T11:35:22.502833
7,Genius Health And Nursing Shikshan Sansthan,"Genius Health And Nursing Shikshan Sansthan, Genius College Of Nursing , Sarswati Nagar Opp Saras Dairy,Ajmer Road , Bhilwara, Distt.- Bhilwara, Rajasthan, Pin Code- 311001",Gayatri Education Nursing Institute And Unique Society,Bhilwara,Rajasthan,Private,B.Sc(N),40 (Forty),2025-2026,3,https://online.indiannursingcouncil.org/Reports/YearlyReportByState.aspx,2026-09-11T11:35:22.502833
7,Genius Health And Nursing Shikshan Sansthan,"Genius Health And Nursing Shikshan Sansthan, Genius College Of Nursing , Sarswati Nagar Opp Saras Dairy,Ajmer Road , Bhilwara, Distt.- Bhilwara, Rajasthan, Pin Code- 311001",Gayatri Education Nursing Institute And Unique Society,Bhilwara,Rajasthan,Private,GNM,40 (Forty),2025-2026,3,https://online.indiannursingcouncil.org/Reports/YearlyReportByState.aspx,2026-09-11T11:35:22.502833
8,Global Hospital School Of Nursing,"Global Hospital School Of Nursing , Talhati, Abu Road, Distt.- Sirohi, Rajasthan, Pin Code- 307510",Global Hospital And Research Centre,Sirohi,Rajasthan,Private,GNM,30 (Thirty),2025-2026,3,https://online.indiannursingcouncil.org/Reports/YearlyReportByState.aspx,2026-09-11T11:35:22.502833
9,Global Nursing School,"Global Nursing School, Near Essar Petrol Pump, Karmoda Bypass, Sawai Madhopur, Sawai Madhopur , Distt.- Sawai Madhopur, Rajasthan, Pin Code- 322027",Global Education And Medical Health Welfare Society,Sawai Madhopur,Rajasthan,Private,GNM,40 (Forty),2025-2026,3,https://online.indiannursingcouncil.org/Reports/YearlyReportByState.aspx,2026-09-11T11:35:22.502833
10,Goverment College Of Nursing Tijara Alwar,"Goverment College Of Nursing Tijara Alwar, Bhiwadi By Pas Road Tijara Alwar. Currently Run At- Gcon Govt. General Hospital Alwar, Tijara(Alwar), Distt.- Alwar, Rajasthan, Pin Code- 301411",Govt. Of Rajasthan,Alwar,Rajasthan,Government,B.Sc(N),60 (Sixty),2025-2026,3,https://online.indiannursingcouncil.org/Reports/YearlyReportByState.aspx,2026-09-11T11:35:22.502833
11,Government College Of Nursing,"Government College Of Nursing, Janana Hospital Campus, Ajmer, Distt.- Ajmer, Rajasthan, Pin Code- 305001",Rajasthan,Ajmer,Rajasthan,Government,B.Sc(N),60 (Sixty),2025-2026,3,https://online.indiannursingcouncil.org/Reports/YearlyReportByState.aspx,2026-09-11T11:35:22.502833
11,Government College Of Nursing,"Government College Of Nursing, Janana Hospital Campus, Ajmer, Distt.- Ajmer, Rajasthan, Pin Code- 305001",Rajasthan,Ajmer,Rajasthan,Government,M. Sc (N),25 (Twenty Five) Med. Surg-10 Paed-5 Obg-5 Chn-5,2025-2026,3,https://online.indiannursingcouncil.org/Reports/YearlyReportByState.aspx,2026-09-11T11:35:22.502833
12,Government College Of Nursing Alwar,"Government College Of Nursing Alwar , General Hospital Campus, Raghu Marg, Alwar , Alwar, Distt.- Alwar, Rajasthan, Pin Code- 301001",Rajasthan Government,Alwar,Rajasthan,Government,B.Sc(N),60 (Sixty),2025-2026,3,https://online.indiannursingcouncil.org/Reports/YearlyReportByState.aspx,2026-09-11T11:35:22.502833
13,Government College Of Nursing Banswara,"Government College Of Nursing Banswara, Mahatma Gandhi Hospital , Banswara, Distt.- Banswara, Rajasthan, Pin Code- 327001",Govt. Of Rajasthan,Banswara,Rajasthan,Government,B.Sc(N),60 (Sixty),2025-2026,3,https://online.indiannursingcouncil.org/Reports/YearlyReportByState.aspx,2026-09-11T11:35:22.502833
14,Government College Of Nursing Barmer,"Government College Of Nursing Barmer, Govt. Hospital Campus, Barmer, Distt.- Barmer, Rajasthan, Pin Code- 344001",Govt. Of Rajasthan,Barmer,Rajasthan,Government,B.Sc(N),60 (Sixty),2025-2026,3,https://online.indiannursingcouncil.org/Reports/YearlyReportByState.aspx,2026-09-11T11:35:22.502833
15,Government College Of Nursing Bundi,"Government College Of Nursing Bundi, Govt. Hospital Bundi 1St Floor Mch Wing , Bundi, Distt.- Bundi, Rajasthan, Pin Code- 323001",Govt. Of Rajasthan,Bundi,Rajasthan,Government,B.Sc(N),60 (Sixty),2025-2026,3,https://online.indiannursingcouncil.org/Reports/YearlyReportByState.aspx,2026-09-11T11:35:22.502833
16,Government College Of Nursing Dungarpur,"Government College Of Nursing Dungarpur, Anmtc Building Cmho Office Campus, Dungarpur, Distt.- Dungarpur, Rajasthan, Pin Code- 314001",Rajasthan Medical Education Society,Dungarpur,Rajasthan,Government,B.Sc(N),60 (Sixty),2025-2026,3,https://online.indiannursingcouncil.org/Reports/YearlyReportByState.aspx,2026-09-11T11:35:22.502833
17,Government College Of Nursing Pali,"Government College Of Nursing Pali, Nh-62 Sumerpur Road, Vllage-Ramasiya, Pali, Distt.- Pali, Rajasthan, Pin Code- 306401",Govt. Of Rajasthan,Pali,Rajasthan,Government,B.Sc(N),60 (Sixty),2025-2026,3,https://online.indiannursingcouncil.org/Reports/YearlyReportByState.aspx,2026-09-11T11:35:22.502833
18,Government College Of Nursing Sawai Madhopur,"Government College Of Nursing Sawai Madhopur, General Hospital Campus , Sawai Madhopur, Distt.- Sawai Madhopur, Rajasthan, Pin Code- 322001",Rajmes,Sawai Madhopur,Rajasthan,Government,B.Sc(N),60 (Sixty),2025-2026,3,https://online.indiannursingcouncil.org/Reports/YearlyReportByState.aspx,2026-09-11T11:35:22.502833
19,Government College Of Nursing,"Government College Of Nursing, Anmtraining Cenrtre, District Hospital, Pratapgarh, Distt.- Pratapgarh, Rajasthan, Pin Code- 312605",Rajasthan Medical Education Society Jaipur,Pratapgarh,Rajasthan,Government,B.Sc(N),60 (Sixty),2025-2026,3,https://online.indiannursingcouncil.org/Reports/YearlyReportByState.aspx,2026-09-11T11:35:22.502833
20,Government College Of Nursing,"Government College Of Nursing, Behind Old Government Hospital Campus, Nagaur, Distt.- Nagaur, Rajasthan, Pin Code- 341001","Rajmes, Government Of Rajasthan",Nagaur,Rajasthan,Government,B.Sc(N),60 (Sixty),2025-2026,3,https://online.indiannursingcouncil.org/Reports/YearlyReportByState.aspx,2026-09-11T11:35:22.502833
21,Government College Of Nursing,"Government College Of Nursing, Government College Of Nursing, Mdm Hospital Campus, Shastri Nagar, Jodhpur , Jodhpur, Distt.- Jodhpur, Rajasthan, Pin Code- 342005",Govt. Of Rajasthan,Jodhpur,Rajasthan,Government,B.Sc(N),100 (One Hundred),2025-2026,3,https://online.indiannursingcouncil.org/Reports/YearlyReportByState.aspx,2026-09-11T11:35:22.502833
21,Government College Of Nursing,"Government College Of Nursing, Government College Of Nursing, Mdm Hospital Campus, Shastri Nagar, Jodhpur , Jodhpur, Distt.- Jodhpur, Rajasthan, Pin Code- 342005",Govt. Of Rajasthan,Jodhpur,Rajasthan,Government,M. Sc (N),"25 (Twenty Five) Med- Surg-07, Chn-4, Paed-4, Obg-5, Psy-5",2025-2026,3,https://online.indiannursingcouncil.org/Reports/YearlyReportByState.aspx,2026-09-11T11:35:22.502833
21,Government College Of Nursing,"Government College Of Nursing, Government College Of Nursing, Mdm Hospital Campus, Shastri Nagar, Jodhpur , Jodhpur, Distt.- Jodhpur, Rajasthan, Pin Code- 342005",Govt. Of Rajasthan,Jodhpur,Rajasthan,Government,P B B.Sc(N),20 (Twenty),2025-2026,3,https://online.indiannursingcouncil.org/Reports/YearlyReportByState.aspx,2026-09-11T11:35:22.502833
1,Government College Of Nursing,"Government College Of Nursing, Medical College Campus, Churu, Distt.- Churu, Rajasthan, Pin Code- 331001",Govt- Of Rajasthan,Churu,Rajasthan,Government,B.Sc(N),60 (Sixty),2025-2026,4,https://online.indiannursingcouncil.org/Reports/YearlyReportByState.aspx,2026-09-11T11:35:29.202830
2,Government College Of Nursing,"Government College Of Nursing, Old Tehsil Bhavan, Lalsot, Distt.- Dausa, Rajasthan, Pin Code- 303503",Rajasthan Medical Education Society,Dausa,Rajasthan,Government,B.Sc(N),60 (Sixty),2025-2026,4,https://online.indiannursingcouncil.org/Reports/YearlyReportByState.aspx,2026-09-11T11:35:29.202830
3,Government College Of Nursing,"Government College Of Nursing,S.K.Govt.Medical College,Sikar., In Front Of S.K.Medical College, Gokulpura, Sikar, Distt.- Sikar, Rajasthan, Pin Code- 332021",Government Of Rajasthan,Sikar,Rajasthan,Government,B.Sc(N),60 (Sixty),2025-2026,4,https://online.indiannursingcouncil.org/Reports/YearlyReportByState.aspx,2026-09-11T11:35:29.202830
4,Government Colllege Of Nursing Bhilwara,"Government Colllege Of Nursing Bhilwara , Existing Mg Hospital Campus Bhilwara (Propsed Paldi Bhilwara ), Bhilwara, Distt.- Bhilwara, Rajasthan, Pin Code- 311001",Rajasthan Government,Bhilwara,Rajasthan,Government,B.Sc(N),60 (Sixty),2025-2026,4,https://online.indiannursingcouncil.org/Reports/YearlyReportByState.aspx,2026-09-11T11:35:29.202830
5,Govt .College Of Nursing Baran,"Govt .College Of Nursing Baran, Govt College Of Nursing Baran Kota Road Baran Rajasthan Highway Gajanpura, Baran, Distt.- Baran, Rajasthan, Pin Code- 325205",Rajasthan,Baran,Rajasthan,Government,B.Sc(N),60 (Sixty),2025-2026,4,https://online.indiannursingcouncil.org/Reports/YearlyReportByState.aspx,2026-09-11T11:35:29.202830
6,Govt College Of Nursing Jalore,"Govt College Of Nursing Jalore, Govt. College Of Nursing Jalore, Leta (District Hospital Jalore), Jalore, Distt.- Jalore, Rajasthan, Pin Code- 343001",Govt Of Rajasthan,Jalore,Rajasthan,Government,B.Sc(N),60 (Sixty),2025-2026,4,https://online.indiannursingcouncil.org/Reports/YearlyReportByState.aspx,2026-09-11T11:35:29.202830
6,Govt College Of Nursing Jalore,"Govt College Of Nursing Jalore, Govt. College Of Nursing Jalore, Leta (District Hospital Jalore), Jalore, Distt.- Jalore, Rajasthan, Pin Code- 343001",Govt Of Rajasthan,Jalore,Rajasthan,Government,GNM,60 (Sixty),2025-2026,4,https://online.indiannursingcouncil.org/Reports/YearlyReportByState.aspx,2026-09-11T11:35:29.202830
7,Govt College Of Nursing Karauli,"Govt College Of Nursing Karauli, Mandrayal Road , Karauli, Distt.- Karoli, Rajasthan, Pin Code- 322241",Govt. Of Rajasthan,Karoli,Rajasthan,Government,B.Sc(N),60 (Sixty),2025-2026,4,https://online.indiannursingcouncil.org/Reports/YearlyReportByState.aspx,2026-09-11T11:35:29.202830
8,Govt College Of Nursing Nathdwara Rajsamand,"Govt College Of Nursing Nathdwara Rajsamand , Anmtc Campus Dhoinda Near Krishi Vigyan Kendra , Kankroli , Distt.- Rajsamand, Rajasthan, Pin Code- 313342",Govt Of Rajasthan,Rajsamand,Rajasthan,Government,B.Sc(N),60 (Sixty),2025-2026,4,https://online.indiannursingcouncil.org/Reports/YearlyReportByState.aspx,2026-09-11T11:35:29.202830
9,Govt College Of Nursing Sirohi,"Govt College Of Nursing Sirohi , Gmc Campus Kolar, Sirohi, Distt.- Sirohi, Rajasthan, Pin Code- 307001",Rajmes,Sirohi,Rajasthan,Government,B.Sc(N),60 (Sixty),2025-2026,4,https://online.indiannursingcouncil.org/Reports/YearlyReportByState.aspx,2026-09-11T11:35:29.202830
10,Govt College Of Nursing Sriganganagar,"Govt College Of Nursing Sriganganagar, Govt District Hospital Capmus, Sriganganagar, Distt.- Sriganganagar, Rajasthan, Pin Code- 335001",Govt Of Rajasthan,Sriganganagar,Rajasthan,Government,B.Sc(N),60 (Sixty),2025-2026,4,https://online.indiannursingcouncil.org/Reports/YearlyReportByState.aspx,2026-09-11T11:35:29.202830
11,Govt College Of Nursing,"Govt College Of Nursing, Hanumangarh , H-Block, Civil Line, Campus Of Anmtc, Hanumangarh Junction, Hanumangarh , Distt.- Hanumangarh, Rajasthan, Pin Code- 335512",Rajasthan,Hanumangarh,Rajasthan,Government,B.Sc(N),60 (Sixty),2025-2026,4,https://online.indiannursingcouncil.org/Reports/YearlyReportByState.aspx,2026-09-11T11:35:29.202830
12,Govt College Of Nursing,"Govt College Of Nursing, Sardar Patel Medical College Ground , Bikaner, Distt.- Bikaner, Rajasthan, Pin Code- 334001",Government Of Rajasthan,Bikaner,Rajasthan,Government,B.Sc(N),100 (One Hundred),2025-2026,4,https://online.indiannursingcouncil.org/Reports/YearlyReportByState.aspx,2026-09-11T11:35:29.202830
12,Govt College Of Nursing,"Govt College Of Nursing, Sardar Patel Medical College Ground , Bikaner, Distt.- Bikaner, Rajasthan, Pin Code- 334001",Government Of Rajasthan,Bikaner,Rajasthan,Government,M. Sc (N),25 (Twenty Five) Med Surg-5 Obg-5 Psy-5 Paed-5 Chn-5,2025-2026,4,https://online.indiannursingcouncil.org/Reports/YearlyReportByState.aspx,2026-09-11T11:35:29.202830
13,Govt. College Of Nursing / Gnm Training Center,"Govt. College Of Nursing / Gnm Training Center, Shri Sanwaliyaji Govt. Gen. Hospital, Chittorgarh , Distt.- Chittorgarh, Rajasthan, Pin Code- 312001",Govt. Of Rajasthan,Chittorgarh,Rajasthan,Private,GNM,60 (Sixty),2025-2026,4,https://online.indiannursingcouncil.org/Reports/YearlyReportByState.aspx,2026-09-11T11:35:29.202830
14,Govt. College Of Nursing / Gnm Training Center,"Govt. College Of Nursing / Gnm Training Center, Shri Sanwaliyaji Govt. Gen. Hospital, Chittorgarh, Distt.- Chittorgarh, Rajasthan, Pin Code- 312001",Govt. Of Rajasthan,Chittorgarh,Rajasthan,Government,B.Sc(N),60 (Sixty),2025-2026,4,https://online.indiannursingcouncil.org/Reports/YearlyReportByState.aspx,2026-09-11T11:35:29.202830
15,Govt. College Of Nursing Bharatpur,"Govt. College Of Nursing Bharatpur, Near Swasthya Bhawan Rbm Hospital Campus Bharatpur, Bharatpur, Distt.- Bharatpur, Rajasthan, Pin Code- 321001",Rajasthan Goverment,Bharatpur,Rajasthan,Government,B.Sc(N),60 (Sixty),2025-2026,4,https://online.indiannursingcouncil.org/Reports/YearlyReportByState.aspx,2026-09-11T11:35:29.202830
16,Govt. College Of Nursing Dholpur Raj.,"Govt. College Of Nursing Dholpur Raj., Narapura Dholpur Raj., Dholpur, Distt.- Dholpur, Rajasthan, Pin Code- 328001",Rajasthan,Dholpur,Rajasthan,Government,B.Sc(N),60 (Sixty),2025-2026,4,https://online.indiannursingcouncil.org/Reports/YearlyReportByState.aspx,2026-09-11T11:35:29.202830
17,Govt. College Of Nursing,"Govt. College Of Nursing, Maharana Bhupal Govt. Hospital Udaipur , Govt. College Of Nursing, Mbgh, Udaipur , Udaipur , Distt.- Udaipur, Rajasthan, Pin Code- 313001",Rajasthan,Udaipur,Rajasthan,Government,B.Sc(N),50 (Fifty),2025-2026,4,https://online.indiannursingcouncil.org/Reports/YearlyReportByState.aspx,2026-09-11T11:35:29.202830
17,Govt. College Of Nursing,"Govt. College Of Nursing, Maharana Bhupal Govt. Hospital Udaipur , Govt. College Of Nursing, Mbgh, Udaipur , Udaipur , Distt.- Udaipur, Rajasthan, Pin Code- 313001",Rajasthan,Udaipur,Rajasthan,Government,M. Sc (N),"25 (Twenty Five) Med-Surg- 10, Chn- 08, Paed- 07",2025-2026,4,https://online.indiannursingcouncil.org/Reports/YearlyReportByState.aspx,2026-09-11T11:35:29.202830
18,Govt. College Of Nursing,"Govt. College Of Nursing, Sms Hospital Campus,Jln Marg,Jaipur , Jaipur , Distt.- Jaipur, Rajasthan, Pin Code- 302004",Govt. Of Rajasthan,Jaipur,Rajasthan,Government,B.Sc(N),100 (One Hundred),2025-2026,4,https://online.indiannursingcouncil.org/Reports/YearlyReportByState.aspx,2026-09-11T11:35:29.202830
18,Govt. College Of Nursing,"Govt. College Of Nursing, Sms Hospital Campus,Jln Marg,Jaipur , Jaipur , Distt.- Jaipur, Rajasthan, Pin Code- 302004",Govt. Of Rajasthan,Jaipur,Rajasthan,Government,M. Sc (N),25 (Twenty Five) 5 In Each Speciality,2025-2026,4,https://online.indiannursingcouncil.org/Reports/YearlyReportByState.aspx,2026-09-11T11:35:29.202830
18,Govt. College Of Nursing,"Govt. College Of Nursing, Sms Hospital Campus,Jln Marg,Jaipur , Jaipur , Distt.- Jaipur, Rajasthan, Pin Code- 302004",Govt. Of Rajasthan,Jaipur,Rajasthan,Government,P B B.Sc(N),25 (Twenty Five),2025-2026,4,https://online.indiannursingcouncil.org/Reports/YearlyReportByState.aspx,2026-09-11T11:35:29.202830
19,Govt. College Of Nursing,"Govt. College Of Nursing,Jhunjhunu, Govt. College Of Nursing,Jhunjhunu, Jhunjhunu, Distt.- Jhunjhunu, Rajasthan, Pin Code- 333001",Rajasthan State Govt.,Jhunjhunu,Rajasthan,Government,B.Sc(N),60 (Sixty),2025-2026,4,https://online.indiannursingcouncil.org/Reports/YearlyReportByState.aspx,2026-09-11T11:35:29.202830
20,Govt. School Of Nursing,"Govt. School Of Nursing, Agh, Bikaner, Govt. School Of Nursing, Agh, Bikaner, Bikaner, Distt.- Bikaner, Rajasthan, Pin Code- 334001",Rajasthan,Bikaner,Rajasthan,Government,GNM,60 (Sixty),2025-2026,4,https://online.indiannursingcouncil.org/Reports/YearlyReportByState.aspx,2026-09-11T11:35:29.202830
21,Gulshan College Of Nursing Sawai Madhopur,"Gulshan College Of Nursing Sawai Madhopur, Azad Bhawan, Opp. Old Esi Hospital, Station Bazaria, Sawai Madhopur , Distt.- Sawai Madhopur, Rajasthan, Pin Code- 322001",Alim Azad Memorial Society,Sawai Madhopur,Rajasthan,Private,B.Sc(N),40 (Forty),2025-2026,4,https://online.indiannursingcouncil.org/Reports/YearlyReportByState.aspx,2026-09-11T11:35:29.202830
22,Hct School Of Nursing,"Hct School Of Nursing , Plot No. Spl-2, Riico Industrial Area, Behind In Evergreen Motors, Kota Raod, Baran , Baran , Distt.- Baran, Rajasthan, Pin Code- 325205",Harish Chandra Charitable Trust,Baran,Rajasthan,Private,GNM,40 (Forty),2025-2026,4,https://online.indiannursingcouncil.org/Reports/YearlyReportByState.aspx,2026-09-11T11:35:29.202830
23,Health Hygiene Nursing Education Institute,"Health Hygiene Nursing Education Institute, Sai Mandir Tijara Road, Alwar (Raj.) , Alwar, Distt.- Alwar, Rajasthan, Pin Code- 301001",Public Rose Shiksha Samiti,Alwar,Rajasthan,Private,GNM,50 (Fifty),2025-2026,4,https://online.indiannursingcouncil.org/Reports/YearlyReportByState.aspx,2026-09-11T11:35:29.202830
24,Imperial College Of Nursing,"Imperial College Of Nursing , 71,71-A,Ganesh Vihar, Nagal Purohithan (Rajawas), Sikar Road,Jaipur, Jaipur , Distt.- Jaipur, Rajasthan, Pin Code- 302013",India Health Trust,Jaipur,Rajasthan,Private,B.Sc(N),40 (Forty),2025-2026,4,https://online.indiannursingcouncil.org/Reports/YearlyReportByState.aspx,2026-09-11T11:35:29.202830
25,Indian College Of Nursing Science,"Indian College Of Nursing Science , Baniyana Road, Hingotiya, Dausa , Hingotiya , Distt.- Dausa, Rajasthan, Pin Code- 303303",Shiksha Sanchalan And Chikitsha Prasar Samitee,Dausa,Rajasthan,Private,B.Sc(N),40 (Forty),2025-2026,4,https://online.indiannursingcouncil.org/Reports/YearlyReportByState.aspx,2026-09-11T11:35:29.202830
1,Indira Education Institute Of Nursing,"Indira Education Institute Of Nursing, Campus - Umarda , Udaipur, Distt.- Udaipur, Rajasthan, Pin Code- 313015",Indira Education Institute And Health Society,Udaipur,Rajasthan,Private,GNM,50 (Fifty),2025-2026,5,https://online.indiannursingcouncil.org/Reports/YearlyReportByState.aspx,2026-09-11T11:35:35.535381
2,Indra Gandhi Education Institute Of Nursing,"Indra Gandhi Education Institute Of Nursing , Nh 76 Udaipur Road ,Devri Chittorgarh , Chittorgarh, Distt.- Chittorgarh, Rajasthan, Pin Code- 312001",Indira Gandhi Education Instt And Health Soc,Chittorgarh,Rajasthan,Private,GNM,30 (Thirty),2025-2026,5,https://online.indiannursingcouncil.org/Reports/YearlyReportByState.aspx,2026-09-11T11:35:35.535381
3,Institute Of Medical Technology And Nursing Education,"Institute Of Medical Technology And Nursing Education , 10-A Swasthya Kalyan Bhawan ,Sitapura Institutional Area ,Tonk Road Sangner Jaipur2, Sitapura, Distt.- Jaipur, Rajasthan, Pin Code- 302022",Puran Mal Phoola Devi Memorial Trust,Jaipur,Rajasthan,Private,M. Sc (N),20 (Twenty) Psy-5 Med-Surg-5 Paed-5 Chn-5,2025-2026,5,https://online.indiannursingcouncil.org/Reports/YearlyReportByState.aspx,2026-09-11T11:35:35.535381
3,Institute Of Medical Technology And Nursing Education,"Institute Of Medical Technology And Nursing Education , 10-A Swasthya Kalyan Bhawan ,Sitapura Institutional Area ,Tonk Road Sangner Jaipur2, Sitapura, Distt.- Jaipur, Rajasthan, Pin Code- 302022",Puran Mal Phoola Devi Memorial Trust,Jaipur,Rajasthan,Private,P B B.Sc(N),30 (Thirty),2025-2026,5,https://online.indiannursingcouncil.org/Reports/YearlyReportByState.aspx,2026-09-11T11:35:35.535381
3,Institute Of Medical Technology And Nursing Education,"Institute Of Medical Technology And Nursing Education , 10-A Swasthya Kalyan Bhawan ,Sitapura Institutional Area ,Tonk Road Sangner Jaipur2, Sitapura, Distt.- Jaipur, Rajasthan, Pin Code- 302022",Puran Mal Phoola Devi Memorial Trust,Jaipur,Rajasthan,Private,GNM,60 (Sixty),2025-2026,5,https://online.indiannursingcouncil.org/Reports/YearlyReportByState.aspx,2026-09-11T11:35:35.535381
3,Institute Of Medical Technology And Nursing Education,"Institute Of Medical Technology And Nursing Education , 10-A Swasthya Kalyan Bhawan ,Sitapura Institutional Area ,Tonk Road Sangner Jaipur2, Sitapura, Distt.- Jaipur, Rajasthan, Pin Code- 302022",Puran Mal Phoola Devi Memorial Trust,Jaipur,Rajasthan,Private,B.Sc(N),50 (Fifty),2025-2026,5,https://online.indiannursingcouncil.org/Reports/YearlyReportByState.aspx,2026-09-11T11:35:35.535381
4,J I E T College Of Nursing,"J I E T College Of Nursing, J I E T Universe, Nh 65, Pali Road Mogra , Jodhpur , Distt.- Jodhpur, Rajasthan, Pin Code- 342802",Arun Shanti Education Trust,Jodhpur,Rajasthan,Private,B.Sc(N),60 (Sixty),2025-2026,5,https://online.indiannursingcouncil.org/Reports/YearlyReportByState.aspx,2026-09-11T11:35:35.535381
5,J R Institute Of Nursing,"J R Institute Of Nursing, Near Gowari, Dungarpur Road, Sagwara, Distt.- Dungarpur, Rajasthan, Pin Code- 314025",Rajasthan Bal Kalyan Samiti,Dungarpur,Rajasthan,Private,GNM,60 (Sixty),2025-2026,5,https://online.indiannursingcouncil.org/Reports/YearlyReportByState.aspx,2026-09-11T11:35:35.535381
6,Jai Durga College Of Nursing,"Jai Durga College Of Nursing, Khasra No. 432/1, Tara Nagar-D, Khirni Phatak, 80 Ft. Road, Jaipur, Distt.- Jaipur, Rajasthan, Pin Code- 302012",Medical Health Care And Rural Development Sansthan,Jaipur,Rajasthan,Private,P B B.Sc(N),20 (Twenty),2025-2026,5,https://online.indiannursingcouncil.org/Reports/YearlyReportByState.aspx,2026-09-11T11:35:35.535381
6,Jai Durga College Of Nursing,"Jai Durga College Of Nursing, Khasra No. 432/1, Tara Nagar-D, Khirni Phatak, 80 Ft. Road, Jaipur, Distt.- Jaipur, Rajasthan, Pin Code- 302012",Medical Health Care And Rural Development Sansthan,Jaipur,Rajasthan,Private,GNM,60 (Sixty),2025-2026,5,https://online.indiannursingcouncil.org/Reports/YearlyReportByState.aspx,2026-09-11T11:35:35.535381
6,Jai Durga College Of Nursing,"Jai Durga College Of Nursing, Khasra No. 432/1, Tara Nagar-D, Khirni Phatak, 80 Ft. Road, Jaipur, Distt.- Jaipur, Rajasthan, Pin Code- 302012",Medical Health Care And Rural Development Sansthan,Jaipur,Rajasthan,Private,B.Sc(N),50 (Fifty),2025-2026,5,https://online.indiannursingcouncil.org/Reports/YearlyReportByState.aspx,2026-09-11T11:35:35.535381
7,Jaipur Hospital College Of Nursing,"Jaipur Hospital College Of Nursing , Adjoining To Technology Park, Shipra Path, Mansarovar, Jaipur , Distt.- Jaipur, Rajasthan, Pin Code- 302020",Sharma Memorial Hospital And Research Institute,Jaipur,Rajasthan,Private,B.Sc(N),75 (Seventy Five),2025-2026,5,https://online.indiannursingcouncil.org/Reports/YearlyReportByState.aspx,2026-09-11T11:35:35.535381
7,Jaipur Hospital College Of Nursing,"Jaipur Hospital College Of Nursing , Adjoining To Technology Park, Shipra Path, Mansarovar, Jaipur , Distt.- Jaipur, Rajasthan, Pin Code- 302020",Sharma Memorial Hospital And Research Institute,Jaipur,Rajasthan,Private,M. Sc (N),20 (Twenty) Med-Surg-4 Chn-4 Obg-4 Paed-4 Psy-4,2025-2026,5,https://online.indiannursingcouncil.org/Reports/YearlyReportByState.aspx,2026-09-11T11:35:35.535381
7,Jaipur Hospital College Of Nursing,"Jaipur Hospital College Of Nursing , Adjoining To Technology Park, Shipra Path, Mansarovar, Jaipur , Distt.- Jaipur, Rajasthan, Pin Code- 302020",Sharma Memorial Hospital And Research Institute,Jaipur,Rajasthan,Private,P B B.Sc(N),30 (Thirty),2025-2026,5,https://online.indiannursingcouncil.org/Reports/YearlyReportByState.aspx,2026-09-11T11:35:35.535381
7,Jaipur Hospital College Of Nursing,"Jaipur Hospital College Of Nursing , Adjoining To Technology Park, Shipra Path, Mansarovar, Jaipur , Distt.- Jaipur, Rajasthan, Pin Code- 302020",Sharma Memorial Hospital And Research Institute,Jaipur,Rajasthan,Private,GNM,60 (Sixty),2025-2026,5,https://online.indiannursingcouncil.org/Reports/YearlyReportByState.aspx,2026-09-11T11:35:35.535381
8,Jaipur Nursing College,"Jaipur Nursing College, Dhand, Tehsil-Amer, District - Jaipur (Rajasthan), Jaipur, Distt.- Jaipur, Rajasthan, Pin Code- 302028",Maharaj Vinayak Society,Jaipur,Rajasthan,Private,GNM,50 (Fifty),2025-2026,5,https://online.indiannursingcouncil.org/Reports/YearlyReportByState.aspx,2026-09-11T11:35:35.535381
8,Jaipur Nursing College,"Jaipur Nursing College, Dhand, Tehsil-Amer, District - Jaipur (Rajasthan), Jaipur, Distt.- Jaipur, Rajasthan, Pin Code- 302028",Maharaj Vinayak Society,Jaipur,Rajasthan,Private,B.Sc(N),60 (Sixty),2025-2026,5,https://online.indiannursingcouncil.org/Reports/YearlyReportByState.aspx,2026-09-11T11:35:35.535381
8,Jaipur Nursing College,"Jaipur Nursing College, Dhand, Tehsil-Amer, District - Jaipur (Rajasthan), Jaipur, Distt.- Jaipur, Rajasthan, Pin Code- 302028",Maharaj Vinayak Society,Jaipur,Rajasthan,Private,M. Sc (N),20 (Twenty),2025-2026,5,https://online.indiannursingcouncil.org/Reports/YearlyReportByState.aspx,2026-09-11T11:35:35.535381
8,Jaipur Nursing College,"Jaipur Nursing College, Dhand, Tehsil-Amer, District - Jaipur (Rajasthan), Jaipur, Distt.- Jaipur, Rajasthan, Pin Code- 302028",Maharaj Vinayak Society,Jaipur,Rajasthan,Private,P B B.Sc(N),30 (Thirty),2025-2026,5,https://online.indiannursingcouncil.org/Reports/YearlyReportByState.aspx,2026-09-11T11:35:35.535381
9,Jaiswal College Of B.Sc. Nursing,"Jaiswal College Of B.Sc. Nursing, 1 Ka 28 Vigyan Nagar Jhalawar Road Kota Rajasthan , Kota, Distt.- Kota, Rajasthan, Pin Code- 324005",Shree Giriraj Shikshan Avam Jankayan Samiti Kota,Kota,Rajasthan,Private,B.Sc(N),60 (Sixty),2025-2026,5,https://online.indiannursingcouncil.org/Reports/YearlyReportByState.aspx,2026-09-11T11:35:35.535381
9,Jaiswal College Of B.Sc. Nursing,"Jaiswal College Of B.Sc. Nursing, 1 Ka 28 Vigyan Nagar Jhalawar Road Kota Rajasthan , Kota, Distt.- Kota, Rajasthan, Pin Code- 324005",Shree Giriraj Shikshan Avam Jankayan Samiti Kota,Kota,Rajasthan,Private,M. Sc (N),10 (Ten) Paed-3 Psy-3 Med-Surg-4,2025-2026,5,https://online.indiannursingcouncil.org/Reports/YearlyReportByState.aspx,2026-09-11T11:35:35.535381
9,Jaiswal College Of B.Sc. Nursing,"Jaiswal College Of B.Sc. Nursing, 1 Ka 28 Vigyan Nagar Jhalawar Road Kota Rajasthan , Kota, Distt.- Kota, Rajasthan, Pin Code- 324005",Shree Giriraj Shikshan Avam Jankayan Samiti Kota,Kota,Rajasthan,Private,P B B.Sc(N),30 (Thirty),2025-2026,5,https://online.indiannursingcouncil.org/Reports/YearlyReportByState.aspx,2026-09-11T11:35:35.535381
10,Jaju School Of Nursing,"Jaju School Of Nursing,, Near Janana Hospital, Lohagal Road,, Ajmer, Distt.- Ajmer, Rajasthan, Pin Code- 305009",Vimlesh Foundation,Ajmer,Rajasthan,Private,GNM,60 (Sixty),2025-2026,5,https://online.indiannursingcouncil.org/Reports/YearlyReportByState.aspx,2026-09-11T11:35:35.535381
11,Jee School Of Nursing,"Jee School Of Nursing, 4, Vishwa Nagar, New Sanganer Road, Sodala, Jaipur, Tonk, Distt.- Jaipur, Rajasthan, Pin Code- 302019",Vishwakarma Education And Welfare Society,Jaipur,Rajasthan,Private,GNM,30 (Thirty),2025-2026,5,https://online.indiannursingcouncil.org/Reports/YearlyReportByState.aspx,2026-09-11T11:35:35.535381
12,Jeevan Shree Nursing College,"Jeevan Shree Nursing College, Jms Nagar, Niwaru Road, Jhotwara, Jaipur , Distt.- Jaipur, Rajasthan, Pin Code- 302012",B D Memorial Kalyan Sansthan,Jaipur,Rajasthan,Private,B.Sc(N),40 (Forty),2025-2026,5,https://online.indiannursingcouncil.org/Reports/YearlyReportByState.aspx,2026-09-11T11:35:35.535381
13,Jhalawar Nursing College,"Jhalawar Nursing College , Nh12 Kota Road , Jhalawar , Jhalawar, Distt.- Jhalawar, Rajasthan, Pin Code- 326001",Govt. Of Rajasthan,Jhalawar,Rajasthan,Private,B.Sc(N),100 (One Hundred),2025-2026,5,https://online.indiannursingcouncil.org/Reports/YearlyReportByState.aspx,2026-09-11T11:35:35.535381
13,Jhalawar Nursing College,"Jhalawar Nursing College , Nh12 Kota Road , Jhalawar , Jhalawar, Distt.- Jhalawar, Rajasthan, Pin Code- 326001",Govt. Of Rajasthan,Jhalawar,Rajasthan,Private,P B B.Sc(N),60 (Sixty),2025-2026,5,https://online.indiannursingcouncil.org/Reports/YearlyReportByState.aspx,2026-09-11T11:35:35.535381
13,Jhalawar Nursing College,"Jhalawar Nursing College , Nh12 Kota Road , Jhalawar , Jhalawar, Distt.- Jhalawar, Rajasthan, Pin Code- 326001",Govt. Of Rajasthan,Jhalawar,Rajasthan,Private,M. Sc (N),25 (Twenty Five) 5 In Each Specialty,2025-2026,5,https://online.indiannursingcouncil.org/Reports/YearlyReportByState.aspx,2026-09-11T11:35:35.535381
14,K.S.Memorial College Of Nursing,"K.S.Memorial College Of Nursing , Sewar House Old Baggi Khanna Road Ratanada Jodhpur, Jodhpur, Distt.- Jodhpur, Rajasthan, Pin Code- 342001",K.S.Memorial Education Trust Jodhpur,Jodhpur,Rajasthan,Private,GNM,50 (Fifty),2025-2026,5,https://online.indiannursingcouncil.org/Reports/YearlyReportByState.aspx,2026-09-11T11:35:35.535381
14,K.S.Memorial College Of Nursing,"K.S.Memorial College Of Nursing , Sewar House Old Baggi Khanna Road Ratanada Jodhpur, Jodhpur, Distt.- Jodhpur, Rajasthan, Pin Code- 342001",K.S.Memorial Education Trust Jodhpur,Jodhpur,Rajasthan,Private,B.Sc(N),40 (Forty),2025-2026,5,https://online.indiannursingcouncil.org/Reports/YearlyReportByState.aspx,2026-09-11T11:35:35.535381
1,Kalptaru College Of B Sc Nursing,"Kalptaru College Of B Sc Nursing, Opp Patel Petrol Pump, Jamar Khotra Road, Eklingpura, Udaipur, Distt.- Udaipur, Rajasthan, Pin Code- 313002",Shri Jagdish Prashad Charitable Trust,Udaipur,Rajasthan,Private,B.Sc(N),40 (Forty),2025-2026,6,https://online.indiannursingcouncil.org/Reports/YearlyReportByState.aspx,2026-09-11T11:35:42.058719
2,Karuna College Of Nursing,"Karuna College Of Nursing , 2Nwn, By Pass Road Near Nawan Railway Crossing, Hanumangarh Junction , Hanumangarh Junction, Distt.- Hanumangarh, Rajasthan, Pin Code- 335512",Chandigarh Manav Vikas Cheritable Trust,Hanumangarh,Rajasthan,Private,B.Sc(N),30 (Thirty),2025-2026,6,https://online.indiannursingcouncil.org/Reports/YearlyReportByState.aspx,2026-09-11T11:35:42.058719
2,Karuna College Of Nursing,"Karuna College Of Nursing , 2Nwn, By Pass Road Near Nawan Railway Crossing, Hanumangarh Junction , Hanumangarh Junction, Distt.- Hanumangarh, Rajasthan, Pin Code- 335512",Chandigarh Manav Vikas Cheritable Trust,Hanumangarh,Rajasthan,Private,GNM,60 (Sixty),2025-2026,6,https://online.indiannursingcouncil.org/Reports/YearlyReportByState.aspx,2026-09-11T11:35:42.058719
3,Keshav Nursing School,"Keshav Nursing School , 151/21, Shipra Path, Mansarover, Jaipur, Jaipur, Distt.- Jaipur, Rajasthan, Pin Code- 302020",Medical Health Education And Research Society,Jaipur,Rajasthan,Private,GNM,30 (Thirty),2025-2026,6,https://online.indiannursingcouncil.org/Reports/YearlyReportByState.aspx,2026-09-11T11:35:42.058719
4,Khawaja Garib Nawaz College Of Nursing,"Khawaja Garib Nawaz College Of Nursing,, Near Sabalpura, Fatehpur Road, N.H. 11,, Sikar, Distt.- Sikar, Rajasthan, Pin Code- 332001",Bhartiya Educational Cultural And Welfare,Sikar,Rajasthan,Private,B.Sc(N),60 (Sixty),2025-2026,6,https://online.indiannursingcouncil.org/Reports/YearlyReportByState.aspx,2026-09-11T11:35:42.058719
4,Khawaja Garib Nawaz College Of Nursing,"Khawaja Garib Nawaz College Of Nursing,, Near Sabalpura, Fatehpur Road, N.H. 11,, Sikar, Distt.- Sikar, Rajasthan, Pin Code- 332001",Bhartiya Educational Cultural And Welfare,Sikar,Rajasthan,Private,P B B.Sc(N),30 (Thirty),2025-2026,6,https://online.indiannursingcouncil.org/Reports/YearlyReportByState.aspx,2026-09-11T11:35:42.058719
5,Krishna College Of Nursing,"Krishna College Of Nursing , Jodhpur-Jaipur Main Highway, Bawarla, Jodhpur, Distt.- Jodhpur, Rajasthan, Pin Code- 342010",R N Vikas And Shikshan Sansthan,Jodhpur,Rajasthan,Private,B.Sc(N),40 (Forty),2025-2026,6,https://online.indiannursingcouncil.org/Reports/YearlyReportByState.aspx,2026-09-11T11:35:42.058719
6,Krishna Institute Of Nursing,"Krishna Institute Of Nursing , Krishna Hospital, Devriya Balaji Road, Near Pvt. Bus Stand, Bhilwara, Bhilwara, Distt.- Bhilwara, Rajasthan, Pin Code- 311001",Manav Dharm Viklang Seva Santha,Bhilwara,Rajasthan,Private,GNM,60 (Sixty),2025-2026,6,https://online.indiannursingcouncil.org/Reports/YearlyReportByState.aspx,2026-09-11T11:35:42.058719
7,Laganshah Memorial Nursing College,"Laganshah Memorial Nursing College , Near Water Tank, Jusari Road Makrana Dist Nagaur Rajasthan, Makrana, Distt.- Nagaur, Rajasthan, Pin Code- 341505",Laganshah Charitable Nusing Home Society,Nagaur,Rajasthan,Private,B.Sc(N),40 (Forty),2025-2026,6,https://online.indiannursingcouncil.org/Reports/YearlyReportByState.aspx,2026-09-11T11:35:42.058719
8,Lord Shiva School Of Nursing Jodhpur,"Lord Shiva School Of Nursing Jodhpur , Near Central Academy School, Saran Nagar Jodhpur , Jodhpur, Distt.- Jodhpur, Rajasthan, Pin Code- 342015",Shiva Education Trust,Jodhpur,Rajasthan,Private,GNM,30 (Thirty),2025-2026,6,https://online.indiannursingcouncil.org/Reports/YearlyReportByState.aspx,2026-09-11T11:35:42.058719
9,M B College Of Nursing And M B Health And Hygiene Nursing Institute,"M B College Of Nursing And M B Health And Hygiene Nursing Institute , Near Railway Station,Dungarpur , Dungarpu, Distt.- Dungarpur, Rajasthan, Pin Code- 314001",M B Health And Hygiene Nursing Shikshan Sansthan,Dungarpur,Rajasthan,Private,GNM,60 (Sixty),2025-2026,6,https://online.indiannursingcouncil.org/Reports/YearlyReportByState.aspx,2026-09-11T11:35:42.058719
9,M B College Of Nursing And M B Health And Hygiene Nursing Institute,"M B College Of Nursing And M B Health And Hygiene Nursing Institute , Near Railway Station,Dungarpur , Dungarpu, Distt.- Dungarpur, Rajasthan, Pin Code- 314001",M B Health And Hygiene Nursing Shikshan Sansthan,Dungarpur,Rajasthan,Private,B.Sc(N),40 (Forty),2025-2026,6,https://online.indiannursingcouncil.org/Reports/YearlyReportByState.aspx,2026-09-11T11:35:42.058719
10,M D Mission Institute Of Paramedical And Nursing Education M.D. Mission College Of Nursing,"M D Mission Institute Of Paramedical And Nursing Education M.D. Mission College Of Nursing , M.D. Mission Campus, Keshavpura, Kota (Raj.), Kota , Distt.- Kota, Rajasthan, Pin Code- 324005",Shri Maharishi Dadhich Euducation Society,Kota,Rajasthan,Private,GNM,60 (Sixty),2025-2026,6,https://online.indiannursingcouncil.org/Reports/YearlyReportByState.aspx,2026-09-11T11:35:42.058719
10,M D Mission Institute Of Paramedical And Nursing Education M.D. Mission College Of Nursing,"M D Mission Institute Of Paramedical And Nursing Education M.D. Mission College Of Nursing , M.D. Mission Campus, Keshavpura, Kota (Raj.), Kota , Distt.- Kota, Rajasthan, Pin Code- 324005",Shri Maharishi Dadhich Euducation Society,Kota,Rajasthan,Private,B.Sc(N),60 (Sixty),2025-2026,6,https://online.indiannursingcouncil.org/Reports/YearlyReportByState.aspx,2026-09-11T11:35:42.058719
11,M.B. College Of Paramedical And Nursing Education,"M.B. College Of Paramedical And Nursing Education , Sector - 8, S B B J Bank, Mahaveer Nagar, I I I,, Kota, Distt.- Kota, Rajasthan, Pin Code- 324005",Sunit Bal Vidyalaya Sikha Vikas Samiti,Kota,Rajasthan,Private,B.Sc(N),40 (Forty),2025-2026,6,https://online.indiannursingcouncil.org/Reports/YearlyReportByState.aspx,2026-09-11T11:35:42.058719
12,M.N College Of Nursing Bikaner,"M.N College Of Nursing Bikaner , M N College Of Nursing Village Naino Ka Bass On Jaipur Jodhpur Bye Pass Road Dist. Bikaner, Rajasthan , Bikaner, Distt.- Bikaner, Rajasthan, Pin Code- 334001",M.N.S Medical And Education Society Bikaner,Bikaner,Rajasthan,Private,B.Sc(N),40 (Forty),2025-2026,6,https://online.indiannursingcouncil.org/Reports/YearlyReportByState.aspx,2026-09-11T11:35:42.058719
12,M.N College Of Nursing Bikaner,"M.N College Of Nursing Bikaner , M N College Of Nursing Village Naino Ka Bass On Jaipur Jodhpur Bye Pass Road Dist. Bikaner, Rajasthan , Bikaner, Distt.- Bikaner, Rajasthan, Pin Code- 334001",M.N.S Medical And Education Society Bikaner,Bikaner,Rajasthan,Private,GNM,50 (Fifty),2025-2026,6,https://online.indiannursingcouncil.org/Reports/YearlyReportByState.aspx,2026-09-11T11:35:42.058719
13,Maa Gayatri School Of Nursing,"Maa Gayatri School Of Nursing,, Plot No. 7-8, Transport Nagar, , Udaipur, Distt.- Udaipur, Rajasthan, Pin Code- 313001",Swasthya A V M Shikshan Sansthan,Udaipur,Rajasthan,Private,GNM,50 (Fifty),2025-2026,6,https://online.indiannursingcouncil.org/Reports/YearlyReportByState.aspx,2026-09-11T11:35:42.058719
13,Maa Gayatri School Of Nursing,"Maa Gayatri School Of Nursing,, Plot No. 7-8, Transport Nagar, , Udaipur, Distt.- Udaipur, Rajasthan, Pin Code- 313001",Swasthya A V M Shikshan Sansthan,Udaipur,Rajasthan,Private,B.Sc(N),50 (Fifty),2025-2026,6,https://online.indiannursingcouncil.org/Reports/YearlyReportByState.aspx,2026-09-11T11:35:42.058719
13,Maa Gayatri School Of Nursing,"Maa Gayatri School Of Nursing,, Plot No. 7-8, Transport Nagar, , Udaipur, Distt.- Udaipur, Rajasthan, Pin Code- 313001",Swasthya A V M Shikshan Sansthan,Udaipur,Rajasthan,Private,P B B.Sc(N),25 (Twenty Five),2025-2026,6,https://online.indiannursingcouncil.org/Reports/YearlyReportByState.aspx,2026-09-11T11:35:42.058719
14,Madhav Nursing School,"Madhav Nursing School, Opp. Kota Club, Kaithoon Road, Kota, Distt.- Kota, Rajasthan, Pin Code- 325001",Bharat Vikas Parishad Seva Sansthan,Kota,Rajasthan,Private,GNM,50 (Fifty),2025-2026,6,https://online.indiannursingcouncil.org/Reports/YearlyReportByState.aspx,2026-09-11T11:35:42.058719
14,Madhav Nursing School,"Madhav Nursing School, Opp. Kota Club, Kaithoon Road, Kota, Distt.- Kota, Rajasthan, Pin Code- 325001",Bharat Vikas Parishad Seva Sansthan,Kota,Rajasthan,Private,B.Sc(N),40 (Forty),2025-2026,6,https://online.indiannursingcouncil.org/Reports/YearlyReportByState.aspx,2026-09-11T11:35:42.058719
15,Maharana Pratap National Institute Of Nursing Education And Research,"Maharana Pratap National Institute Of Nursing Education And Research , 1-4, Shiv Nagar Iii, Ramnagariya, Near Skit Campus, Jagatpura,Jaipur, Jaipur, Distt.- Jaipur, Rajasthan, Pin Code- 302017",Enochy Children Relief Society,Jaipur,Rajasthan,Private,B.Sc(N),40 (Forty),2025-2026,6,https://online.indiannursingcouncil.org/Reports/YearlyReportByState.aspx,2026-09-11T11:35:42.058719
15,Maharana Pratap National Institute Of Nursing Education And Research,"Maharana Pratap National Institute Of Nursing Education And Research , 1-4, Shiv Nagar Iii, Ramnagariya, Near Skit Campus, Jagatpura,Jaipur, Jaipur, Distt.- Jaipur, Rajasthan, Pin Code- 302017",Enochy Children Relief Society,Jaipur,Rajasthan,Private,GNM,60 (Sixty),2025-2026,6,https://online.indiannursingcouncil.org/Reports/YearlyReportByState.aspx,2026-09-11T11:35:42.058719
16,Mahatma Gandhi College Of Nursing / Nirogdham School Of Nursing,"Mahatma Gandhi College Of Nursing / Nirogdham School Of Nursing,, Vpo- Tharol, Nh-52, Jhalawar Road,, Aklera, Distt.- Jhalawar, Rajasthan, Pin Code- 326033",Nirogdham Jankalyan Seva Sansthan,Jhalawar,Rajasthan,Private,B.Sc(N),40 (Forty),2025-2026,6,https://online.indiannursingcouncil.org/Reports/YearlyReportByState.aspx,2026-09-11T11:35:42.058719
16,Mahatma Gandhi College Of Nursing / Nirogdham School Of Nursing,"Mahatma Gandhi College Of Nursing / Nirogdham School Of Nursing,, Vpo- Tharol, Nh-52, Jhalawar Road,, Aklera, Distt.- Jhalawar, Rajasthan, Pin Code- 326033",Nirogdham Jankalyan Seva Sansthan,Jhalawar,Rajasthan,Private,GNM,60 (Sixty),2025-2026,6,https://online.indiannursingcouncil.org/Reports/YearlyReportByState.aspx,2026-09-11T11:35:42.058719
16,Mahatma Gandhi College Of Nursing / Nirogdham School Of Nursing,"Mahatma Gandhi College Of Nursing / Nirogdham School Of Nursing,, Vpo- Tharol, Nh-52, Jhalawar Road,, Aklera, Distt.- Jhalawar, Rajasthan, Pin Code- 326033",Nirogdham Jankalyan Seva Sansthan,Jhalawar,Rajasthan,Private,P B B.Sc(N),30 (Thirty),2025-2026,6,https://online.indiannursingcouncil.org/Reports/YearlyReportByState.aspx,2026-09-11T11:35:42.058719
17,Mahatma Gandhi General Nursing School,"Mahatma Gandhi General Nursing School,, N H 11, Pura Ki Dhani, Post Sabalpura,, Sikar, Distt.- Sikar, Rajasthan, Pin Code- 332001",Shekhawati Medical Training Instt.,Sikar,Rajasthan,Private,GNM,50 (Fifty),2025-2026,6,https://online.indiannursingcouncil.org/Reports/YearlyReportByState.aspx,2026-09-11T11:35:42.058719
17,Mahatma Gandhi General Nursing School,"Mahatma Gandhi General Nursing School,, N H 11, Pura Ki Dhani, Post Sabalpura,, Sikar, Distt.- Sikar, Rajasthan, Pin Code- 332001",Shekhawati Medical Training Instt.,Sikar,Rajasthan,Private,B.Sc(N),60 (Sixty),2025-2026,6,https://online.indiannursingcouncil.org/Reports/YearlyReportByState.aspx,2026-09-11T11:35:42.058719
18,Mahatma Gandhi Nursing College,"Mahatma Gandhi Nursing College, Riico Institutional Area Sitapura Jaipur, Jaipur, Distt.- Jaipur, Rajasthan, Pin Code- 302022",Mahatma Gandhi University Of Medical Sciences And Technology,Jaipur,Rajasthan,Private,Ph. D,04 (Four),2025-2026,6,https://online.indiannursingcouncil.org/Reports/YearlyReportByState.aspx,2026-09-11T11:35:42.058719
1,Mahatma Gandhi Nursing College,"Mahatma Gandhi Nursing College, Riico Institutional Area Sitapura Jaipur, Jaipur, Distt.- Jaipur, Rajasthan, Pin Code- 302022",Mahatma Gandhi University Of Medical Sciences And Technology,Jaipur,Rajasthan,Private,GNM,100 (One Hundred),2025-2026,7,https://online.indiannursingcouncil.org/Reports/YearlyReportByState.aspx,2026-09-11T11:35:48.217974
1,Mahatma Gandhi Nursing College,"Mahatma Gandhi Nursing College, Riico Institutional Area Sitapura Jaipur, Jaipur, Distt.- Jaipur, Rajasthan, Pin Code- 302022",Mahatma Gandhi University Of Medical Sciences And Technology,Jaipur,Rajasthan,Private,B.Sc(N),75 (Seventy Five),2025-2026,7,https://online.indiannursingcouncil.org/Reports/YearlyReportByState.aspx,2026-09-11T11:35:48.217974
1,Mahatma Gandhi Nursing College,"Mahatma Gandhi Nursing College, Riico Institutional Area Sitapura Jaipur, Jaipur, Distt.- Jaipur, Rajasthan, Pin Code- 302022",Mahatma Gandhi University Of Medical Sciences And Technology,Jaipur,Rajasthan,Private,P B B.Sc(N),30 (Thirty),2025-2026,7,https://online.indiannursingcouncil.org/Reports/YearlyReportByState.aspx,2026-09-11T11:35:48.217974
1,Mahatma Gandhi Nursing College,"Mahatma Gandhi Nursing College, Riico Institutional Area Sitapura Jaipur, Jaipur, Distt.- Jaipur, Rajasthan, Pin Code- 302022",Mahatma Gandhi University Of Medical Sciences And Technology,Jaipur,Rajasthan,Private,M. Sc (N),20 (Twenty) Med-Surg-5 Paed5 Obg-5 Psy-05,2025-2026,7,https://online.indiannursingcouncil.org/Reports/YearlyReportByState.aspx,2026-09-11T11:35:48.217974
2,Mahatma Jyotiba Fule Institute Of Nursing,"Mahatma Jyotiba Fule Institute Of Nursing,, Ringus Road, Chomu,, Chomu, Distt.- Jaipur, Rajasthan, Pin Code- 303702",Mahatma Jyotiba Fule Vidyapeeth,Jaipur,Rajasthan,Private,GNM,60 (Sixty),2025-2026,7,https://online.indiannursingcouncil.org/Reports/YearlyReportByState.aspx,2026-09-11T11:35:48.217974
2,Mahatma Jyotiba Fule Institute Of Nursing,"Mahatma Jyotiba Fule Institute Of Nursing,, Ringus Road, Chomu,, Chomu, Distt.- Jaipur, Rajasthan, Pin Code- 303702",Mahatma Jyotiba Fule Vidyapeeth,Jaipur,Rajasthan,Private,B.Sc(N),50 (Fifty),2025-2026,7,https://online.indiannursingcouncil.org/Reports/YearlyReportByState.aspx,2026-09-11T11:35:48.217974
2,Mahatma Jyotiba Fule Institute Of Nursing,"Mahatma Jyotiba Fule Institute Of Nursing,, Ringus Road, Chomu,, Chomu, Distt.- Jaipur, Rajasthan, Pin Code- 303702",Mahatma Jyotiba Fule Vidyapeeth,Jaipur,Rajasthan,Private,P B B.Sc(N),30 (Thirty),2025-2026,7,https://online.indiannursingcouncil.org/Reports/YearlyReportByState.aspx,2026-09-11T11:35:48.217974
3,Mai Khadija Institute Of Nursing Sciences,"Mai Khadija Institute Of Nursing Sciences, , Jodhpur , Distt.- Jodhpur, Rajasthan, Pin Code- 342008",Marwar Muslim Education And Welfare Society,Jodhpur,Rajasthan,Private,B.Sc(N),50 (Fifty),2025-2026,7,https://online.indiannursingcouncil.org/Reports/YearlyReportByState.aspx,2026-09-11T11:35:48.217974
3,Mai Khadija Institute Of Nursing Sciences,"Mai Khadija Institute Of Nursing Sciences, , Jodhpur , Distt.- Jodhpur, Rajasthan, Pin Code- 342008",Marwar Muslim Education And Welfare Society,Jodhpur,Rajasthan,Private,GNM,60 (Sixty),2025-2026,7,https://online.indiannursingcouncil.org/Reports/YearlyReportByState.aspx,2026-09-11T11:35:48.217974
3,Mai Khadija Institute Of Nursing Sciences,"Mai Khadija Institute Of Nursing Sciences, , Jodhpur , Distt.- Jodhpur, Rajasthan, Pin Code- 342008",Marwar Muslim Education And Welfare Society,Jodhpur,Rajasthan,Private,M. Sc (N),"10 (Ten) Med Surg -3, Paed-3, Chn-2, Obg -2",2025-2026,7,https://online.indiannursingcouncil.org/Reports/YearlyReportByState.aspx,2026-09-11T11:35:48.217974
3,Mai Khadija Institute Of Nursing Sciences,"Mai Khadija Institute Of Nursing Sciences, , Jodhpur , Distt.- Jodhpur, Rajasthan, Pin Code- 342008",Marwar Muslim Education And Welfare Society,Jodhpur,Rajasthan,Private,P B B.Sc(N),30 (Thirty),2025-2026,7,https://online.indiannursingcouncil.org/Reports/YearlyReportByState.aspx,2026-09-11T11:35:48.217974
4,Marudhar College Of Nursing,"Marudhar College Of Nursing, Karwa Ka Basda, Deedwana Mega Highway Bypass, Kuchaman City, Distt.- Nagaur, Rajasthan, Pin Code- 341508",Marutthan Social And Institutional Society,Nagaur,Rajasthan,Private,B.Sc(N),40 (Forty),2025-2026,7,https://online.indiannursingcouncil.org/Reports/YearlyReportByState.aspx,2026-09-11T11:35:48.217974
4,Marudhar College Of Nursing,"Marudhar College Of Nursing, Karwa Ka Basda, Deedwana Mega Highway Bypass, Kuchaman City, Distt.- Nagaur, Rajasthan, Pin Code- 341508",Marutthan Social And Institutional Society,Nagaur,Rajasthan,Private,GNM,50 (Fifty),2025-2026,7,https://online.indiannursingcouncil.org/Reports/YearlyReportByState.aspx,2026-09-11T11:35:48.217974
5,Maruti Anukampa Institute Of Nursing,"Maruti Anukampa Institute Of Nursing , 45-46 Riico Industrial Area, Sujangarh, Distt - Churu (Raj) , Sujangarh, Distt.- Churu, Rajasthan, Pin Code- 331507",Maruti Anukampa Edu. Institute And Health Society,Churu,Rajasthan,Private,GNM,30 (Thirty),2025-2026,7,https://online.indiannursingcouncil.org/Reports/YearlyReportByState.aspx,2026-09-11T11:35:48.217974
6,Marwar School Of Nursing Jodhpur,"Marwar School Of Nursing Jodhpur, Plot No.37 Marg No.16 Triputi Nagar Banad Road ,Jodhpur ,Rajasthan , Jodhpur, Distt.- Jodhpur, Rajasthan, Pin Code- 302015",Rajasthan Educational Trust,Jodhpur,Rajasthan,Private,GNM,60 (Sixty),2025-2026,7,https://online.indiannursingcouncil.org/Reports/YearlyReportByState.aspx,2026-09-11T11:35:48.217974
7,Mass College Of Nursing,"Mass College Of Nursing, Jamar Kotra Road,Behind Ss College Of Engineering,Umarda, Udaipur, Distt.- Udaipur, Rajasthan, Pin Code- 313003",Maa Aswara Shikshan Sansthan,Udaipur,Rajasthan,Private,B.Sc(N),40 (Forty),2025-2026,7,https://online.indiannursingcouncil.org/Reports/YearlyReportByState.aspx,2026-09-11T11:35:48.217974
7,Mass College Of Nursing,"Mass College Of Nursing, Jamar Kotra Road,Behind Ss College Of Engineering,Umarda, Udaipur, Distt.- Udaipur, Rajasthan, Pin Code- 313003",Maa Aswara Shikshan Sansthan,Udaipur,Rajasthan,Private,GNM,60 (Sixty),2025-2026,7,https://online.indiannursingcouncil.org/Reports/YearlyReportByState.aspx,2026-09-11T11:35:48.217974
7,Mass College Of Nursing,"Mass College Of Nursing, Jamar Kotra Road,Behind Ss College Of Engineering,Umarda, Udaipur, Distt.- Udaipur, Rajasthan, Pin Code- 313003",Maa Aswara Shikshan Sansthan,Udaipur,Rajasthan,Private,P B B.Sc(N),20 (Twenty),2025-2026,7,https://online.indiannursingcouncil.org/Reports/YearlyReportByState.aspx,2026-09-11T11:35:48.217974
8,Matsya Nursing School,"Matsya Nursing School, Rajgarh Road Behind Aps Kesarpur Ki Dhani Alwar Rajasthan , Alwar, Distt.- Alwar, Rajasthan, Pin Code- 301001",Indain National Academy Of Education,Alwar,Rajasthan,Private,GNM,60 (Sixty),2025-2026,7,https://online.indiannursingcouncil.org/Reports/YearlyReportByState.aspx,2026-09-11T11:35:48.217974
9,Mayurakshi College Of Nursing Jodhpur,"Mayurakshi College Of Nursing Jodhpur, Mandalnath Chouraha Main Mathania Road , Jodhpur , Jodhpur , Distt.- Jodhpur, Rajasthan, Pin Code- 342304",Mayurakshi Shiksha Aur Vikas Sansthan,Jodhpur,Rajasthan,Private,GNM,50 (Fifty),2025-2026,7,https://online.indiannursingcouncil.org/Reports/YearlyReportByState.aspx,2026-09-11T11:35:48.217974
9,Mayurakshi College Of Nursing Jodhpur,"Mayurakshi College Of Nursing Jodhpur, Mandalnath Chouraha Main Mathania Road , Jodhpur , Jodhpur , Distt.- Jodhpur, Rajasthan, Pin Code- 342304",Mayurakshi Shiksha Aur Vikas Sansthan,Jodhpur,Rajasthan,Private,B.Sc(N),40 (Forty),2025-2026,7,https://online.indiannursingcouncil.org/Reports/YearlyReportByState.aspx,2026-09-11T11:35:48.217974
9,Mayurakshi College Of Nursing Jodhpur,"Mayurakshi College Of Nursing Jodhpur, Mandalnath Chouraha Main Mathania Road , Jodhpur , Jodhpur , Distt.- Jodhpur, Rajasthan, Pin Code- 342304",Mayurakshi Shiksha Aur Vikas Sansthan,Jodhpur,Rajasthan,Private,P B B.Sc(N),20 (Twenty),2025-2026,7,https://online.indiannursingcouncil.org/Reports/YearlyReportByState.aspx,2026-09-11T11:35:48.217974
10,Medical And Technological Institute Of Nursing,"Medical And Technological Institute Of Nursing, Plot No 2, Lavkush Nagar 1St, Tonk Phatak, Jaipur, Distt.- Jaipur, Rajasthan, Pin Code- 302015",Ridhima Medical Education And Research Society,Jaipur,Rajasthan,Private,B.Sc(N),40 (Forty),2025-2026,7,https://online.indiannursingcouncil.org/Reports/YearlyReportByState.aspx,2026-09-11T11:35:48.217974
11,Mewar B.Sc. Nursing College,"Mewar B.Sc. Nursing College, Udaipur , Surya Nagar, Titardi Road, Savina, Udaipur , Distt.- Udaipur, Rajasthan, Pin Code- 313001",Kalyan Samaj Seva Sansthan,Udaipur,Rajasthan,Private,B.Sc(N),40 (Forty),2025-2026,7,https://online.indiannursingcouncil.org/Reports/YearlyReportByState.aspx,2026-09-11T11:35:48.217974
12,Mewar Girls Institute Of Nursing,"Mewar Girls Institute Of Nursing, Sector - 5, Gandhi Nagar, Chittorgarh , Distt.- Chittorgarh, Rajasthan, Pin Code- 312001",Mewar Education Society,Chittorgarh,Rajasthan,Private,B.Sc(N),40 (Forty),2025-2026,7,https://online.indiannursingcouncil.org/Reports/YearlyReportByState.aspx,2026-09-11T11:35:48.217974
13,Mittal College Of Nursing,"Mittal College Of Nursing , Maharana Pratap Nagar Scheme, Ajmer, Distt.- Ajmer, Rajasthan, Pin Code- 305004",Mittal Hospitals Limited,Ajmer,Rajasthan,Private,B.Sc(N),75 (Seventy Five),2025-2026,7,https://online.indiannursingcouncil.org/Reports/YearlyReportByState.aspx,2026-09-11T11:35:48.217974
14,Nims Nursing College,"Nims Nursing College, Nims University, Shobha Nagar, Delhi-Jaipur Highway, Nh-11C, Jaipur , Distt.- Jaipur, Rajasthan, Pin Code- 303121","Nims University Rajasthan, Jaipur",Jaipur,Rajasthan,Private,GNM,60 (Sixty),2025-2026,7,https://online.indiannursingcouncil.org/Reports/YearlyReportByState.aspx,2026-09-11T11:35:48.217974
14,Nims Nursing College,"Nims Nursing College, Nims University, Shobha Nagar, Delhi-Jaipur Highway, Nh-11C, Jaipur , Distt.- Jaipur, Rajasthan, Pin Code- 303121","Nims University Rajasthan, Jaipur",Jaipur,Rajasthan,Private,B.Sc(N),100 (One Hundred),2025-2026,7,https://online.indiannursingcouncil.org/Reports/YearlyReportByState.aspx,2026-09-11T11:35:48.217974
14,Nims Nursing College,"Nims Nursing College, Nims University, Shobha Nagar, Delhi-Jaipur Highway, Nh-11C, Jaipur , Distt.- Jaipur, Rajasthan, Pin Code- 303121","Nims University Rajasthan, Jaipur",Jaipur,Rajasthan,Private,NURSE PRACTITIONER IN CRITICAL CARE(NPCC),20 (Twenty),2025-2026,7,https://online.indiannursingcouncil.org/Reports/YearlyReportByState.aspx,2026-09-11T11:35:48.217974
15,Nimt College Of Nursing,"Nimt College Of Nursing , 1-4 Indira Gandhi Nagar Bagrana Post Kanota Agra Road Jaipur , Jaipur , Distt.- Jaipur, Rajasthan, Pin Code- 303012",Gayatri Vidyapeeth,Jaipur,Rajasthan,Private,GNM,40 (Forty),2025-2026,7,https://online.indiannursingcouncil.org/Reports/YearlyReportByState.aspx,2026-09-11T11:35:48.217974
1,Nimt College Of Nursing,"Nimt College Of Nursing , 1-4 Indira Gandhi Nagar Bagrana Post Kanota Agra Road Jaipur , Jaipur , Distt.- Jaipur, Rajasthan, Pin Code- 303012",Gayatri Vidyapeeth,Jaipur,Rajasthan,Private,B.Sc(N),50 (Fifty),2025-2026,8,https://online.indiannursingcouncil.org/Reports/YearlyReportByState.aspx,2026-09-11T11:35:55.103140
1,Nimt College Of Nursing,"Nimt College Of Nursing , 1-4 Indira Gandhi Nagar Bagrana Post Kanota Agra Road Jaipur , Jaipur , Distt.- Jaipur, Rajasthan, Pin Code- 303012",Gayatri Vidyapeeth,Jaipur,Rajasthan,Private,P B B.Sc(N),30 (Thirty),2025-2026,8,https://online.indiannursingcouncil.org/Reports/YearlyReportByState.aspx,2026-09-11T11:35:55.103140
2,Norangram Dayanand Dhukia Nursing College,"Norangram Dayanand Dhukia Nursing College, R D D Campus, Malsisar Road, Jhunjhunu, Distt.- Jhunjhunu, Rajasthan, Pin Code- 333001",Norang Ram Dayanand Dhukia Shikshan Sansthan,Jhunjhunu,Rajasthan,Private,B.Sc(N),50 (Fifty),2025-2026,8,https://online.indiannursingcouncil.org/Reports/YearlyReportByState.aspx,2026-09-11T11:35:55.103140
2,Norangram Dayanand Dhukia Nursing College,"Norangram Dayanand Dhukia Nursing College, R D D Campus, Malsisar Road, Jhunjhunu, Distt.- Jhunjhunu, Rajasthan, Pin Code- 333001",Norang Ram Dayanand Dhukia Shikshan Sansthan,Jhunjhunu,Rajasthan,Private,GNM,30 (Thirty),2025-2026,8,https://online.indiannursingcouncil.org/Reports/YearlyReportByState.aspx,2026-09-11T11:35:55.103140
2,Norangram Dayanand Dhukia Nursing College,"Norangram Dayanand Dhukia Nursing College, R D D Campus, Malsisar Road, Jhunjhunu, Distt.- Jhunjhunu, Rajasthan, Pin Code- 333001",Norang Ram Dayanand Dhukia Shikshan Sansthan,Jhunjhunu,Rajasthan,Private,P B B.Sc(N),20 (Twenty),2025-2026,8,https://online.indiannursingcouncil.org/Reports/YearlyReportByState.aspx,2026-09-11T11:35:55.103140
3,Padam Shree Nursing Institute,"Padam Shree Nursing Institute , Falna, Dist. Pali Rajasthan , Falna, Distt.- Udaipur, Rajasthan, Pin Code- 306116",Padam Shree Seva Sansthan,Udaipur,Rajasthan,Private,GNM,50 (Fifty),2025-2026,8,https://online.indiannursingcouncil.org/Reports/YearlyReportByState.aspx,2026-09-11T11:35:55.103140
4,Pink City College Of Nursing,"Pink City College Of Nursing , Near Pal Wale Balaji, Dhaka Nagar, Sirsi Road, Jaipur, Distt.- Jaipur, Rajasthan, Pin Code- 302041",Ramayan Shikshan Sansthan,Jaipur,Rajasthan,Private,GNM,60 (Sixty),2025-2026,8,https://online.indiannursingcouncil.org/Reports/YearlyReportByState.aspx,2026-09-11T11:35:55.103140
4,Pink City College Of Nursing,"Pink City College Of Nursing , Near Pal Wale Balaji, Dhaka Nagar, Sirsi Road, Jaipur, Distt.- Jaipur, Rajasthan, Pin Code- 302041",Ramayan Shikshan Sansthan,Jaipur,Rajasthan,Private,B.Sc(N),50 (Fifty),2025-2026,8,https://online.indiannursingcouncil.org/Reports/YearlyReportByState.aspx,2026-09-11T11:35:55.103140
4,Pink City College Of Nursing,"Pink City College Of Nursing , Near Pal Wale Balaji, Dhaka Nagar, Sirsi Road, Jaipur, Distt.- Jaipur, Rajasthan, Pin Code- 302041",Ramayan Shikshan Sansthan,Jaipur,Rajasthan,Private,P B B.Sc(N),30 (Thirty),2025-2026,8,https://online.indiannursingcouncil.org/Reports/YearlyReportByState.aspx,2026-09-11T11:35:55.103140
5,Pooja Institute Of Nursing,"Pooja Institute Of Nursing, 44-49, Shree Nath Nagar Vihar Colony, Near Gda School, Vijaynagar Road, Malpura, Beawar , Beawar, Distt.- Ajmer, Rajasthan, Pin Code- 305901",Shree Vaibhav Laxmi Educational And Health Society,Ajmer,Rajasthan,Private,GNM,50 (Fifty),2025-2026,8,https://online.indiannursingcouncil.org/Reports/YearlyReportByState.aspx,2026-09-11T11:35:55.103140
6,Prabha Shankar Pandya College Of Nursing,"Prabha Shankar Pandya College Of Nursing, B/H Housing Board Colony, Lordha Road, Partap, Partapur, Distt.- Banswara, Rajasthan, Pin Code- 327024",Prabha Shankar Pandya Seva Sansthan,Banswara,Rajasthan,Private,B.Sc(N),40 (Forty),2025-2026,8,https://online.indiannursingcouncil.org/Reports/YearlyReportByState.aspx,2026-09-11T11:35:55.103140
7,R R College Of Nursing,"R R College Of Nursing, 141-142, Shri Hanuman City,Near Sitapura Puliya,Tonk Road, Jaipur , Distt.- Jaipur, Rajasthan, Pin Code- 302033",Durga Devi Memorial Educational Trust,Jaipur,Rajasthan,Private,B.Sc(N),60 (Sixty),2025-2026,8,https://online.indiannursingcouncil.org/Reports/YearlyReportByState.aspx,2026-09-11T11:35:55.103140
7,R R College Of Nursing,"R R College Of Nursing, 141-142, Shri Hanuman City,Near Sitapura Puliya,Tonk Road, Jaipur , Distt.- Jaipur, Rajasthan, Pin Code- 302033",Durga Devi Memorial Educational Trust,Jaipur,Rajasthan,Private,P B B.Sc(N),40 (Forty),2025-2026,8,https://online.indiannursingcouncil.org/Reports/YearlyReportByState.aspx,2026-09-11T11:35:55.103140
7,R R College Of Nursing,"R R College Of Nursing, 141-142, Shri Hanuman City,Near Sitapura Puliya,Tonk Road, Jaipur , Distt.- Jaipur, Rajasthan, Pin Code- 302033",Durga Devi Memorial Educational Trust,Jaipur,Rajasthan,Private,GNM,60 (Sixty),2025-2026,8,https://online.indiannursingcouncil.org/Reports/YearlyReportByState.aspx,2026-09-11T11:35:55.103140
8,R R College Of Nursing,"R R College Of Nursing,Ajmer, Pushkar Bypass Road, Opp.-Power Grid Station, Ghoogra, Ajmer , Ajmer, Distt.- Ajmer, Rajasthan, Pin Code- 305023","Swami Shyamlanand Shiksha Samiti,Jaipur",Ajmer,Rajasthan,Private,GNM,50 (Fifty),2025-2026,8,https://online.indiannursingcouncil.org/Reports/YearlyReportByState.aspx,2026-09-11T11:35:55.103140
8,R R College Of Nursing,"R R College Of Nursing,Ajmer, Pushkar Bypass Road, Opp.-Power Grid Station, Ghoogra, Ajmer , Ajmer, Distt.- Ajmer, Rajasthan, Pin Code- 305023","Swami Shyamlanand Shiksha Samiti,Jaipur",Ajmer,Rajasthan,Private,B.Sc(N),60 (Sixty),2025-2026,8,https://online.indiannursingcouncil.org/Reports/YearlyReportByState.aspx,2026-09-11T11:35:55.103140
9,Raghukul Research And Technical Institute Raghukul School Of Nursing,"Raghukul Research And Technical Institute Raghukul School Of Nursing , Raghukul School Of Nursing,, Jaipur , Distt.- Jaipur, Rajasthan, Pin Code- 302017",Raghukul Research And Technical Institute,Jaipur,Rajasthan,Private,GNM,50 (Fifty),2025-2026,8,https://online.indiannursingcouncil.org/Reports/YearlyReportByState.aspx,2026-09-11T11:35:55.103140
10,Rajasthan College Of Nursing Jaipur,"Rajasthan College Of Nursing Jaipur, Nh-08, Bagru Khurd, Ajmer Road Jaipur, Rajasthan , Jaipur, Distt.- Jaipur, Rajasthan, Pin Code- 302042",Nirwan Charitable Trust,Jaipur,Rajasthan,Private,B.Sc(N),40 (Forty),2025-2026,8,https://online.indiannursingcouncil.org/Reports/YearlyReportByState.aspx,2026-09-11T11:35:55.103140
11,Rajasthan College Of Nursing,"Rajasthan College Of Nursing, Kissan Colony, Nawalgarh Road, Sikar, Distt.- Sikar, Rajasthan, Pin Code- 332001",Shekhawati Shiksha And Samazik Vikas Sansthan,Sikar,Rajasthan,Private,B.Sc(N),40 (Forty),2025-2026,8,https://online.indiannursingcouncil.org/Reports/YearlyReportByState.aspx,2026-09-11T11:35:55.103140
11,Rajasthan College Of Nursing,"Rajasthan College Of Nursing, Kissan Colony, Nawalgarh Road, Sikar, Distt.- Sikar, Rajasthan, Pin Code- 332001",Shekhawati Shiksha And Samazik Vikas Sansthan,Sikar,Rajasthan,Private,GNM,40 (Forty),2025-2026,8,https://online.indiannursingcouncil.org/Reports/YearlyReportByState.aspx,2026-09-11T11:35:55.103140
12,Rajasthan College Of Nursing,"Rajasthan College Of Nursing, Near Bus Stand, Gudha Gorji, Distt.- Jhunjhunu, Rajasthan, Pin Code- 333022",Rajasthan Public School Shiksha Samiti,Jhunjhunu,Rajasthan,Private,B.Sc(N),40 (Forty),2025-2026,8,https://online.indiannursingcouncil.org/Reports/YearlyReportByState.aspx,2026-09-11T11:35:55.103140
13,Rajasthan Education Institute Of Nursing,"Rajasthan Education Institute Of Nursing, Somnath Nagar,Ganeshpura Road, Dausa 303303, Dausa , Distt.- Dausa, Rajasthan, Pin Code- 303303",Rajasthan Education Institute And Health Society Dausa,Dausa,Rajasthan,Private,GNM,60 (Sixty),2025-2026,8,https://online.indiannursingcouncil.org/Reports/YearlyReportByState.aspx,2026-09-11T11:35:55.103140
13,Rajasthan Education Institute Of Nursing,"Rajasthan Education Institute Of Nursing, Somnath Nagar,Ganeshpura Road, Dausa 303303, Dausa , Distt.- Dausa, Rajasthan, Pin Code- 303303",Rajasthan Education Institute And Health Society Dausa,Dausa,Rajasthan,Private,B.Sc(N),50 (Fifty),2025-2026,8,https://online.indiannursingcouncil.org/Reports/YearlyReportByState.aspx,2026-09-11T11:35:55.103140
14,Rajasthan Institute Of Nursing,"Rajasthan Institute Of Nursing, Old I T I, Near Gandhi Nagar, Govt School, Abu Road, Distt.- Sirohi, Rajasthan, Pin Code- 307026",World Care Society,Sirohi,Rajasthan,Private,GNM,30 (Thirty),2025-2026,8,https://online.indiannursingcouncil.org/Reports/YearlyReportByState.aspx,2026-09-11T11:35:55.103140
15,Rajasthan Nursing School,"Rajasthan Nursing School, Jhunjhunu, Jhunjhunu, Distt.- Jhunjhunu, Rajasthan, Pin Code- 333001",Rajasthan Public School Samiti,Jhunjhunu,Rajasthan,Private,GNM,50 (Fifty),2025-2026,8,https://online.indiannursingcouncil.org/Reports/YearlyReportByState.aspx,2026-09-11T11:35:55.103140
16,Rajasthan University Of Health Sciences College Of Nursing,"Rajasthan University Of Health Sciences College Of Nursing, Sector-18, Kumbha Marg, Pratap Naga, Jaipur, Jaipur, Distt.- Jaipur, Rajasthan, Pin Code- 302033",Rajasthan Govt,Jaipur,Rajasthan,Government,B.Sc(N),100 (One Hundred),2025-2026,8,https://online.indiannursingcouncil.org/Reports/YearlyReportByState.aspx,2026-09-11T11:35:55.103140
16,Rajasthan University Of Health Sciences College Of Nursing,"Rajasthan University Of Health Sciences College Of Nursing, Sector-18, Kumbha Marg, Pratap Naga, Jaipur, Jaipur, Distt.- Jaipur, Rajasthan, Pin Code- 302033",Rajasthan Govt,Jaipur,Rajasthan,Government,M. Sc (N),25 (Twenty Five) 5 In Each Speciality,2025-2026,8,https://online.indiannursingcouncil.org/Reports/YearlyReportByState.aspx,2026-09-11T11:35:55.103140
17,Rajiv Gandhi Nursing School,"Rajiv Gandhi Nursing School,, Y-151-152 Sudershana Nagar, Ballabh Garden, Bikaner, Distt.- Bikaner, Rajasthan, Pin Code- 334003",Rajiv Nursing School Society,Bikaner,Rajasthan,Private,GNM,50 (Fifty),2025-2026,8,https://online.indiannursingcouncil.org/Reports/YearlyReportByState.aspx,2026-09-11T11:35:55.103140
18,Rajshree College Of Nursing,"Rajshree College Of Nursing, Ajitgarh Road, Amarpura, , Distt.- Jaipur, Rajasthan, Pin Code- 303103",Dadarwal Gramin Vikash Shikshan Sansthan,Jaipur,Rajasthan,Private,B.Sc(N),50 (Fifty),2025-2026,8,https://online.indiannursingcouncil.org/Reports/YearlyReportByState.aspx,2026-09-11T11:35:55.103140
19,Rami Devi College Of Nursing,"Rami Devi College Of Nursing, Medi City Nh-12, Jaipur Road, Post Box No.-20, Deoli, Distt.- Tonk, Rajasthan, Pin Code- 304804",Rural Development For Health And Agriculture,Tonk,Rajasthan,Private,P B B.Sc(N),25 (Twenty Five),2025-2026,8,https://online.indiannursingcouncil.org/Reports/YearlyReportByState.aspx,2026-09-11T11:35:55.103140
1,Rami Devi College Of Nursing,"Rami Devi College Of Nursing, Medi City Nh-12, Jaipur Road, Post Box No.-20, Deoli, Distt.- Tonk, Rajasthan, Pin Code- 304804",Rural Development For Health And Agriculture,Tonk,Rajasthan,Private,GNM,60 (Sixty),2025-2026,9,https://online.indiannursingcouncil.org/Reports/YearlyReportByState.aspx,2026-09-11T11:36:01.471171
1,Rami Devi College Of Nursing,"Rami Devi College Of Nursing, Medi City Nh-12, Jaipur Road, Post Box No.-20, Deoli, Distt.- Tonk, Rajasthan, Pin Code- 304804",Rural Development For Health And Agriculture,Tonk,Rajasthan,Private,B.Sc(N),60 (Sixty),2025-2026,9,https://online.indiannursingcouncil.org/Reports/YearlyReportByState.aspx,2026-09-11T11:36:01.471171
2,Ramsnehi College Of Nursing,"Ramsnehi College Of Nursing, Bhilwara , Ramsnehi Hospital & Research Centre, Nehru Road, Bhilwara (Raj.) 311001, Bhilwara , Distt.- Bhilwara, Rajasthan, Pin Code- 311001","Shree Ramniwas Dham Trust, Shahpura, Bhilwara",Bhilwara,Rajasthan,Private,P B B.Sc(N),30 (Thirty),2025-2026,9,https://online.indiannursingcouncil.org/Reports/YearlyReportByState.aspx,2026-09-11T11:36:01.471171
2,Ramsnehi College Of Nursing,"Ramsnehi College Of Nursing, Bhilwara , Ramsnehi Hospital & Research Centre, Nehru Road, Bhilwara (Raj.) 311001, Bhilwara , Distt.- Bhilwara, Rajasthan, Pin Code- 311001","Shree Ramniwas Dham Trust, Shahpura, Bhilwara",Bhilwara,Rajasthan,Private,GNM,60 (Sixty),2025-2026,9,https://online.indiannursingcouncil.org/Reports/YearlyReportByState.aspx,2026-09-11T11:36:01.471171
2,Ramsnehi College Of Nursing,"Ramsnehi College Of Nursing, Bhilwara , Ramsnehi Hospital & Research Centre, Nehru Road, Bhilwara (Raj.) 311001, Bhilwara , Distt.- Bhilwara, Rajasthan, Pin Code- 311001","Shree Ramniwas Dham Trust, Shahpura, Bhilwara",Bhilwara,Rajasthan,Private,B.Sc(N),50 (Fifty),2025-2026,9,https://online.indiannursingcouncil.org/Reports/YearlyReportByState.aspx,2026-09-11T11:36:01.471171
3,Ranthambhore College Of Nursing,"Ranthambhore College Of Nursing, Near Income Tax Office Housing Board Road , Sawaimadhopur, Distt.- Sawai Madhopur, Rajasthan, Pin Code- 322001",Grameen Jan Vikas Sameeti,Sawai Madhopur,Rajasthan,Private,B.Sc(N),40 (Forty),2025-2026,9,https://online.indiannursingcouncil.org/Reports/YearlyReportByState.aspx,2026-09-11T11:36:01.471171
4,Rawat College Of Nursing,"Rawat College Of Nursing, Karni Vihar, Heerapura, Ajmer Road, Jaipur, Distt.- Jaipur, Rajasthan, Pin Code- 302021",Rawat Bal Vidhya Niketan Samiti,Jaipur,Rajasthan,Private,P B B.Sc(N),30 (Thirty),2025-2026,9,https://online.indiannursingcouncil.org/Reports/YearlyReportByState.aspx,2026-09-11T11:36:01.471171
4,Rawat College Of Nursing,"Rawat College Of Nursing, Karni Vihar, Heerapura, Ajmer Road, Jaipur, Distt.- Jaipur, Rajasthan, Pin Code- 302021",Rawat Bal Vidhya Niketan Samiti,Jaipur,Rajasthan,Private,B.Sc(N),40 (Forty),2025-2026,9,https://online.indiannursingcouncil.org/Reports/YearlyReportByState.aspx,2026-09-11T11:36:01.471171
5,Roop Rajat School Of Nursing,"Roop Rajat School Of Nursing , H.S.S. Campus, Sendra Road, Badiya Shyama, Nh-14 , Beawar, Distt.- Ajmer, Rajasthan, Pin Code- 305901",Hardeen Seva Sansthan,Ajmer,Rajasthan,Private,GNM,60 (Sixty),2025-2026,9,https://online.indiannursingcouncil.org/Reports/YearlyReportByState.aspx,2026-09-11T11:36:01.471171
6,Ruhi Nursing College Of Nursing,"Ruhi Nursing College Of Nursing, C/O Kashav Hospital, Kota By Pass Road, R C Vyas Colony , Bhilwara, Distt.- Bhilwara, Rajasthan, Pin Code- 311001",Manav Dhram Viklage Seva Sanstha,Bhilwara,Rajasthan,Private,GNM,60 (Sixty),2025-2026,9,https://online.indiannursingcouncil.org/Reports/YearlyReportByState.aspx,2026-09-11T11:36:01.471171
7,Rungta Nursing College,"Rungta Nursing College , Village Ghata, Post Benada, Tehsil Bassi, Agra Road, Jaipur , Jaipur, Distt.- Jaipur, Rajasthan, Pin Code- 303301",Rashleela Papers Pvt. Ltd.,Jaipur,Rajasthan,Private,B.Sc(N),60 (Sixty),2025-2026,9,https://online.indiannursingcouncil.org/Reports/YearlyReportByState.aspx,2026-09-11T11:36:01.471171
8,S K G Memorial Nursing Institute,"S K G Memorial Nursing Institute, Jhalamand, Jodhpur , Jodhpur , Distt.- Jodhpur, Rajasthan, Pin Code- 342001",Shubh Education And Welfare Society,Jodhpur,Rajasthan,Private,B.Sc(N),50 (Fifty),2025-2026,9,https://online.indiannursingcouncil.org/Reports/YearlyReportByState.aspx,2026-09-11T11:36:01.471171
8,S K G Memorial Nursing Institute,"S K G Memorial Nursing Institute, Jhalamand, Jodhpur , Jodhpur , Distt.- Jodhpur, Rajasthan, Pin Code- 342001",Shubh Education And Welfare Society,Jodhpur,Rajasthan,Private,P B B.Sc(N),20 (Twenty),2025-2026,9,https://online.indiannursingcouncil.org/Reports/YearlyReportByState.aspx,2026-09-11T11:36:01.471171
9,S M S B Sc Nursing College,"S M S B Sc Nursing College, Shivnathpura, Jodhpur Bypass, Beawar, Distt.- Ajmer, Rajasthan, Pin Code- 305901",Sharda Manohar Mahila Vikash Samiti,Ajmer,Rajasthan,Private,B.Sc(N),40 (Forty),2025-2026,9,https://online.indiannursingcouncil.org/Reports/YearlyReportByState.aspx,2026-09-11T11:36:01.471171
10,S M S College Of Nursing Jhalawar,"S M S College Of Nursing Jhalawar , Semli Patpadiya,Munderi, Khanpur Road, Jhalawar , Distt.- Jhalawar, Rajasthan, Pin Code- 326001",Sharda Manohar Jila Jhalawar Mahila Vikas Samiti Jhalawar,Jhalawar,Rajasthan,Private,B.Sc(N),30 (Thirty),2025-2026,9,https://online.indiannursingcouncil.org/Reports/YearlyReportByState.aspx,2026-09-11T11:36:01.471171
11,S N College Of Nursing,"S N College Of Nursing , Near Home Land City, 4 Ml, Suratgarh Road, Sri Ganganagar , Sri Ganganagar, Distt.- Ganganagar, Rajasthan, Pin Code- 335001",Nirwan Charitable Trust,Ganganagar,Rajasthan,Private,M. Sc (N),20 (Twenty) Med-Surg-5 Obg-5 Paed-5 Psy-3 Chn-2,2025-2026,9,https://online.indiannursingcouncil.org/Reports/YearlyReportByState.aspx,2026-09-11T11:36:01.471171
11,S N College Of Nursing,"S N College Of Nursing , Near Home Land City, 4 Ml, Suratgarh Road, Sri Ganganagar , Sri Ganganagar, Distt.- Ganganagar, Rajasthan, Pin Code- 335001",Nirwan Charitable Trust,Ganganagar,Rajasthan,Private,B.Sc(N),60 (Sixty),2025-2026,9,https://online.indiannursingcouncil.org/Reports/YearlyReportByState.aspx,2026-09-11T11:36:01.471171
11,S N College Of Nursing,"S N College Of Nursing , Near Home Land City, 4 Ml, Suratgarh Road, Sri Ganganagar , Sri Ganganagar, Distt.- Ganganagar, Rajasthan, Pin Code- 335001",Nirwan Charitable Trust,Ganganagar,Rajasthan,Private,P B B.Sc(N),20 (Twenty),2025-2026,9,https://online.indiannursingcouncil.org/Reports/YearlyReportByState.aspx,2026-09-11T11:36:01.471171
12,S N College Of Nursing,"S N College Of Nursing , Near Home Land City, 4 Ml, Suratgarh Road, Sri Ganganagar, Sri Ganganagar, Distt.- Ganganagar, Rajasthan, Pin Code- 335001",Nirwan Charitable Trust,Ganganagar,Rajasthan,Private,GNM,50 (Fifty),2025-2026,9,https://online.indiannursingcouncil.org/Reports/YearlyReportByState.aspx,2026-09-11T11:36:01.471171
13,S Tech College Of Nursing,"S Tech College Of Nursing, Patel Nagar,Near By Devnarayan Circle, Bhilwara, Distt.- Bhilwara, Rajasthan, Pin Code- 311001",S.Tech Siksha Simiti,Bhilwara,Rajasthan,Private,B.Sc(N),50 (Fifty),2025-2026,9,https://online.indiannursingcouncil.org/Reports/YearlyReportByState.aspx,2026-09-11T11:36:01.471171
14,S.N. Institute Of Nursing Sciences,"S.N. Institute Of Nursing Sciences , Nirwan University, N.H. 21, Village Jhar, Near Bassi, Agra Road Jaipur, Jaipur, Distt.- Jaipur, Rajasthan, Pin Code- 303305",Nirwan University,Jaipur,Rajasthan,Private,B.Sc(N),60 (Sixty),2025-2026,9,https://online.indiannursingcouncil.org/Reports/YearlyReportByState.aspx,2026-09-11T11:36:01.471171
15,Sagar College Of B.Sc Nursing,"Sagar College Of B.Sc Nursing,, Main Road, Sector No. 4, Hiran Magri,, Udaipur, Distt.- Udaipur, Rajasthan, Pin Code- 313015",Indira Gandhi Education Institute And Health Society,Udaipur,Rajasthan,Private,B.Sc(N),40 (Forty),2025-2026,9,https://online.indiannursingcouncil.org/Reports/YearlyReportByState.aspx,2026-09-11T11:36:01.471171
16,Saint Florence College Of Nursing,"Saint Florence College Of Nursing , Isi-15, Ricco Institutional Area, Sitapura, Tonk Road Jaipur 302022 , Jaipur, Distt.- Jaipur, Rajasthan, Pin Code- 302022",Modern Society For Education And Research,Jaipur,Rajasthan,Private,B.Sc(N),40 (Forty),2025-2026,9,https://online.indiannursingcouncil.org/Reports/YearlyReportByState.aspx,2026-09-11T11:36:01.471171
17,Saket Nursing College,"Saket Nursing College,, Plot No.1, Jhule Lal Marg, Shipra Path Sector-11, Mansarovar, Jaipur, Distt.- Jaipur, Rajasthan, Pin Code- 302021",Saket Medicare And Research Centre Pvt Ltd,Jaipur,Rajasthan,Private,B.Sc(N),50 (Fifty),2025-2026,9,https://online.indiannursingcouncil.org/Reports/YearlyReportByState.aspx,2026-09-11T11:36:01.471171
17,Saket Nursing College,"Saket Nursing College,, Plot No.1, Jhule Lal Marg, Shipra Path Sector-11, Mansarovar, Jaipur, Distt.- Jaipur, Rajasthan, Pin Code- 302021",Saket Medicare And Research Centre Pvt Ltd,Jaipur,Rajasthan,Private,P B B.Sc(N),30 (Thirty),2025-2026,9,https://online.indiannursingcouncil.org/Reports/YearlyReportByState.aspx,2026-09-11T11:36:01.471171
18,Saloni Institute Of Medical Sciences College Of Nursing,"Saloni Institute Of Medical Sciences College Of Nursing, 69, Keedwai Nagar, Near Bus Stand, Nagar Palika Colony, Chittorgarh, Distt.- Chittorgarh, Rajasthan, Pin Code- 312001",Saloni Sanstha Chittorgarh,Chittorgarh,Rajasthan,Private,B.Sc(N),40 (Forty),2025-2026,9,https://online.indiannursingcouncil.org/Reports/YearlyReportByState.aspx,2026-09-11T11:36:01.471171
19,Sanjeevan Institute Of Paramedical Science And Nursing,"Sanjeevan Institute Of Paramedical Science And Nursing , 1/110, Vidhyadhar Nagar, Jaipur, Jaipur, Distt.- Jaipur, Rajasthan, Pin Code- 302023",Pandit Hari Sahay Smiriti Shodh Sansthan,Jaipur,Rajasthan,Private,GNM,30 (Thirty),2025-2026,9,https://online.indiannursingcouncil.org/Reports/YearlyReportByState.aspx,2026-09-11T11:36:01.471171
20,Sanjeevan Paramedical And Nursing Training Centre,"Sanjeevan Paramedical And Nursing Training Centre, (Saraswati Complex) Behind Kala Petrol Pump, Jaipur Road , Dausa, Distt.- Dausa, Rajasthan, Pin Code- 303303",Pandit Hari Sahay Smiriti Shodh Sansthan,Dausa,Rajasthan,Private,GNM,40 (Forty),2025-2026,9,https://online.indiannursingcouncil.org/Reports/YearlyReportByState.aspx,2026-09-11T11:36:01.471171
21,Sanjeevani College Of Nursing,"Sanjeevani College Of Nursing , Manwa Kheda, Jamar Kotra Road, Hiran Magri, Udaipur, Distt.- Udaipur, Rajasthan, Pin Code- 313002",Gautam Budh Educational Society,Udaipur,Rajasthan,Private,B.Sc(N),40 (Forty),2025-2026,9,https://online.indiannursingcouncil.org/Reports/YearlyReportByState.aspx,2026-09-11T11:36:01.471171
22,Sanskar College Of Nursing,"Sanskar College Of Nursing, Dayal Nagar,Jobner Road, Phulera, Distt.- Jaipur, Rajasthan, Pin Code- 303338",Sanskar Shikshan Sanstha,Jaipur,Rajasthan,Private,B.Sc(N),40 (Forty),2025-2026,9,https://online.indiannursingcouncil.org/Reports/YearlyReportByState.aspx,2026-09-11T11:36:01.471171
1,Sanskar International B.Sc. Nursing College,"Sanskar International B.Sc. Nursing College, Saras Dairy Road, Hanumangarh Jn., Rajasthan-335512, Hanumangarh Jn., Distt.- Hanumangarh, Rajasthan, Pin Code- 335512",Smt. Dhankori Devi Charitable Trust,Hanumangarh,Rajasthan,Private,B.Sc(N),40 (Forty),2025-2026,10,https://online.indiannursingcouncil.org/Reports/YearlyReportByState.aspx,2026-09-11T11:36:07.701406
2,Sanskar Nursing School,"Sanskar Nursing School,, 638, Haribhau Updhya Nagar, Pushkar Road,Opp Labour Court, Ajmer, Distt.- Ajmer, Rajasthan, Pin Code- 305004",Manav Kalyan And Vikas Sansthan,Ajmer,Rajasthan,Private,GNM,30 (Thirty),2025-2026,10,https://online.indiannursingcouncil.org/Reports/YearlyReportByState.aspx,2026-09-11T11:36:07.701406
3,Sant Sukhdev Shah School Of Nursing,"Sant Sukhdev Shah School Of Nursing,, 6, Manu Marg, Alwar, Distt.- Alwar, Rajasthan, Pin Code- 301001",Sant Sukhdev Shah Siksha Sansthan,Alwar,Rajasthan,Private,GNM,30 (Thirty),2025-2026,10,https://online.indiannursingcouncil.org/Reports/YearlyReportByState.aspx,2026-09-11T11:36:07.701406
4,Santokba Durlabhji School Of Nursing,"Santokba Durlabhji School Of Nursing, Plo No. Is 2288A, Industrial Area, Ramchandrapura, Near Jecrc University, Vidhani, Goner Road, Jaipur, Jaipur, Distt.- Jaipur, Rajasthan, Pin Code- 302022",Santokba Durlabhji Trust,Jaipur,Rajasthan,Private,GNM,60 (Sixty),2025-2026,10,https://online.indiannursingcouncil.org/Reports/YearlyReportByState.aspx,2026-09-11T11:36:07.701406
4,Santokba Durlabhji School Of Nursing,"Santokba Durlabhji School Of Nursing, Plo No. Is 2288A, Industrial Area, Ramchandrapura, Near Jecrc University, Vidhani, Goner Road, Jaipur, Jaipur, Distt.- Jaipur, Rajasthan, Pin Code- 302022",Santokba Durlabhji Trust,Jaipur,Rajasthan,Private,B.Sc(N),100 (One Hundred),2025-2026,10,https://online.indiannursingcouncil.org/Reports/YearlyReportByState.aspx,2026-09-11T11:36:07.701406
5,Saraswati College Of Nursing,"Saraswati College Of Nursing, E-453 Riico Industrial Area Bhamashah Kaladwas Udaipur , Udaipur, Distt.- Udaipur, Rajasthan, Pin Code- 313002",Saraswati Education And Health Society,Udaipur,Rajasthan,Private,B.Sc(N),60 (Sixty),2025-2026,10,https://online.indiannursingcouncil.org/Reports/YearlyReportByState.aspx,2026-09-11T11:36:07.701406
5,Saraswati College Of Nursing,"Saraswati College Of Nursing, E-453 Riico Industrial Area Bhamashah Kaladwas Udaipur , Udaipur, Distt.- Udaipur, Rajasthan, Pin Code- 313002",Saraswati Education And Health Society,Udaipur,Rajasthan,Private,M. Sc (N),20 (Twenty) Med-Surg-5 Paed-5 Psy-5 Obg-5,2025-2026,10,https://online.indiannursingcouncil.org/Reports/YearlyReportByState.aspx,2026-09-11T11:36:07.701406
5,Saraswati College Of Nursing,"Saraswati College Of Nursing, E-453 Riico Industrial Area Bhamashah Kaladwas Udaipur , Udaipur, Distt.- Udaipur, Rajasthan, Pin Code- 313002",Saraswati Education And Health Society,Udaipur,Rajasthan,Private,P B B.Sc(N),30 (Thirty),2025-2026,10,https://online.indiannursingcouncil.org/Reports/YearlyReportByState.aspx,2026-09-11T11:36:07.701406
6,Saraswati School Of Nursing,"Saraswati School Of Nursing, Agra By Pass Road Dausa , Dausa, Distt.- Dausa, Rajasthan, Pin Code- 303303","Saraswati Memorial Trust, Dausa",Dausa,Rajasthan,Private,GNM,60 (Sixty),2025-2026,10,https://online.indiannursingcouncil.org/Reports/YearlyReportByState.aspx,2026-09-11T11:36:07.701406
6,Saraswati School Of Nursing,"Saraswati School Of Nursing, Agra By Pass Road Dausa , Dausa, Distt.- Dausa, Rajasthan, Pin Code- 303303","Saraswati Memorial Trust, Dausa",Dausa,Rajasthan,Private,B.Sc(N),40 (Forty),2025-2026,10,https://online.indiannursingcouncil.org/Reports/YearlyReportByState.aspx,2026-09-11T11:36:07.701406
6,Saraswati School Of Nursing,"Saraswati School Of Nursing, Agra By Pass Road Dausa , Dausa, Distt.- Dausa, Rajasthan, Pin Code- 303303","Saraswati Memorial Trust, Dausa",Dausa,Rajasthan,Private,P B B.Sc(N),40 (Forty),2025-2026,10,https://online.indiannursingcouncil.org/Reports/YearlyReportByState.aspx,2026-09-11T11:36:07.701406
7,Saroj Lalji Mehrotra Global Nursing College,"Saroj Lalji Mehrotra Global Nursing College, Kh No:1032, Amthala, Talheti, Abu Road , Distt.- Sirohi, Rajasthan, Pin Code- 307510",Global Hospital And Research Center,Sirohi,Rajasthan,Private,B.Sc(N),30 (Thirty),2025-2026,10,https://online.indiannursingcouncil.org/Reports/YearlyReportByState.aspx,2026-09-11T11:36:07.701406
8,Sarvodaya College Of Nursing,"Sarvodaya College Of Nursing, Didwana Road, Nagaur, Distt.- Nagaur, Rajasthan, Pin Code- 341001",Sarvodaya Shikshan Sansthan,Nagaur,Rajasthan,Private,GNM,60 (Sixty),2025-2026,10,https://online.indiannursingcouncil.org/Reports/YearlyReportByState.aspx,2026-09-11T11:36:07.701406
8,Sarvodaya College Of Nursing,"Sarvodaya College Of Nursing, Didwana Road, Nagaur, Distt.- Nagaur, Rajasthan, Pin Code- 341001",Sarvodaya Shikshan Sansthan,Nagaur,Rajasthan,Private,B.Sc(N),40 (Forty),2025-2026,10,https://online.indiannursingcouncil.org/Reports/YearlyReportByState.aspx,2026-09-11T11:36:07.701406
9,Sarvodaya College Of Paramedical Nursing Education,"Sarvodaya College Of Paramedical Nursing Education, Plot No. 20 Special, Vigyan Nagar , Kota, Distt.- Kota, Rajasthan, Pin Code- 324005",Suhit Jankalyan Samiti,Kota,Rajasthan,Private,B.Sc(N),40 (Forty),2025-2026,10,https://online.indiannursingcouncil.org/Reports/YearlyReportByState.aspx,2026-09-11T11:36:07.701406
9,Sarvodaya College Of Paramedical Nursing Education,"Sarvodaya College Of Paramedical Nursing Education, Plot No. 20 Special, Vigyan Nagar , Kota, Distt.- Kota, Rajasthan, Pin Code- 324005",Suhit Jankalyan Samiti,Kota,Rajasthan,Private,GNM,60 (Sixty),2025-2026,10,https://online.indiannursingcouncil.org/Reports/YearlyReportByState.aspx,2026-09-11T11:36:07.701406
10,School Of Nursing,"School Of Nursing, Maharana Bhupal Govt. Hospital, Udaipur, Distt.- Udaipur, Rajasthan, Pin Code- 313001",Govt Of Rajasthan,Udaipur,Rajasthan,Government,GNM,50 (Fifty),2025-2026,10,https://online.indiannursingcouncil.org/Reports/YearlyReportByState.aspx,2026-09-11T11:36:07.701406
11,School Of Nursingsms Medical College Jaipur,"School Of Nursingsms Medical College Jaipur , School Of Nursing Sms Medical College Jln Marg,Jaipur-04 , Jaipur, Distt.- Jaipur, Rajasthan, Pin Code- 302004",Govt. Of Rajasthan,Jaipur,Rajasthan,Government,GNM,100 (One Hundred),2025-2026,10,https://online.indiannursingcouncil.org/Reports/YearlyReportByState.aspx,2026-09-11T11:36:07.701406
12,Seedling School Of Nursing,"Seedling School Of Nursing , Siilas Campus Kho-Rebariayan,Delhi-Agra By Pass, Jagatpura, Distt.- Jaipur, Rajasthan, Pin Code- 302017","Jaipur National University, Jaipur",Jaipur,Rajasthan,Private,B.Sc(N),100 (One Hundred),2025-2026,10,https://online.indiannursingcouncil.org/Reports/YearlyReportByState.aspx,2026-09-11T11:36:07.701406
12,Seedling School Of Nursing,"Seedling School Of Nursing , Siilas Campus Kho-Rebariayan,Delhi-Agra By Pass, Jagatpura, Distt.- Jaipur, Rajasthan, Pin Code- 302017","Jaipur National University, Jaipur",Jaipur,Rajasthan,Private,P B B.Sc(N),30 (Thirty),2025-2026,10,https://online.indiannursingcouncil.org/Reports/YearlyReportByState.aspx,2026-09-11T11:36:07.701406
13,Sh.Karni Kripa School Of Nursing,"Sh.Karni Kripa School Of Nursing , 588-589,Rajendra Nagar,Rtai Ko Ki Dhani Pali Marwar , Pali, Distt.- Pali, Rajasthan, Pin Code- 306401",Shri Paarth Education And Social Welfare Trust Jodhpur,Pali,Rajasthan,Private,GNM,60 (Sixty),2025-2026,10,https://online.indiannursingcouncil.org/Reports/YearlyReportByState.aspx,2026-09-11T11:36:07.701406
14,Shahid Bhagat Singh College Of Nursing,"Shahid Bhagat Singh College Of Nursing, Sikar Road, Nawa Shahar, Nawa City, Distt.- Nagaur, Rajasthan, Pin Code- 341509",Jagdamba Shiksha Samiti,Nagaur,Rajasthan,Private,B.Sc(N),40 (Forty),2025-2026,10,https://online.indiannursingcouncil.org/Reports/YearlyReportByState.aspx,2026-09-11T11:36:07.701406
15,Shahnaj Institute Of Nursing,"Shahnaj Institute Of Nursing, Kalyansar Mahla Ajmer Road, Jaipur, Distt.- Jaipur, Rajasthan, Pin Code- 303007",Braj Mewat Shikshan Sansthan,Jaipur,Rajasthan,Private,GNM,50 (Fifty),2025-2026,10,https://online.indiannursingcouncil.org/Reports/YearlyReportByState.aspx,2026-09-11T11:36:07.701406
15,Shahnaj Institute Of Nursing,"Shahnaj Institute Of Nursing, Kalyansar Mahla Ajmer Road, Jaipur, Distt.- Jaipur, Rajasthan, Pin Code- 303007",Braj Mewat Shikshan Sansthan,Jaipur,Rajasthan,Private,B.Sc(N),40 (Forty),2025-2026,10,https://online.indiannursingcouncil.org/Reports/YearlyReportByState.aspx,2026-09-11T11:36:07.701406
16,Sharda College Of Nursing,"Sharda College Of Nursing, Sodawas, Sodawas, Distt.- Alwar, Rajasthan, Pin Code- 301427",Sharda Economic And Educational Developmnet Society,Alwar,Rajasthan,Private,B.Sc(N),40 (Forty),2025-2026,10,https://online.indiannursingcouncil.org/Reports/YearlyReportByState.aspx,2026-09-11T11:36:07.701406
17,Shekhawati Medical Training Institute College Of Nursing,"Shekhawati Medical Training Institute College Of Nursing, N H -11, Narayan Ka Bass, Vill.- Post-Khuri Bari, , Tehsil- Laxman Garh, Distt.- Sikar, Rajasthan, Pin Code- 332315",Shekhawati Shiksan Sansthan,Sikar,Rajasthan,Private,B.Sc(N),50 (Fifty),2025-2026,10,https://online.indiannursingcouncil.org/Reports/YearlyReportByState.aspx,2026-09-11T11:36:07.701406
18,Shivaji College Of Nursing,"Shivaji College Of Nursing , Khadi Bagh Road Chomu , Chomu, Distt.- Jaipur, Rajasthan, Pin Code- 303702",Shivaji Gramin Vikas Shiksha Sansthan,Jaipur,Rajasthan,Private,B.Sc(N),40 (Forty),2025-2026,10,https://online.indiannursingcouncil.org/Reports/YearlyReportByState.aspx,2026-09-11T11:36:07.701406
19,Shree Balaji Collage Of Nursing,"Shree Balaji Collage Of Nursing , Salasar Road, Sujangarh, Sujangarh , Distt.- Churu, Rajasthan, Pin Code- 331507",Shree Balaji Shikshan Samiti,Churu,Rajasthan,Private,B.Sc(N),40 (Forty),2025-2026,10,https://online.indiannursingcouncil.org/Reports/YearlyReportByState.aspx,2026-09-11T11:36:07.701406
19,Shree Balaji Collage Of Nursing,"Shree Balaji Collage Of Nursing , Salasar Road, Sujangarh, Sujangarh , Distt.- Churu, Rajasthan, Pin Code- 331507",Shree Balaji Shikshan Samiti,Churu,Rajasthan,Private,GNM,50 (FIFTY) ,2025-2026,10,https://online.indiannursingcouncil.org/Reports/YearlyReportByState.aspx,2026-09-11T11:36:07.701406
20,Shree Dadu Dayal School Of Nursing Jodhpur,"Shree Dadu Dayal School Of Nursing Jodhpur, 87-88, Parshvnath Colony, Kayalana Circle, Soorsagar Road, Jodhpur, Jodhpur, Distt.- Jodhpur, Rajasthan, Pin Code- 342001",Shree Dadu Dayal Jan Kalyan Shikshan Sansthan Jodhpur,Jodhpur,Rajasthan,Private,GNM,50 (Fifty),2025-2026,10,https://online.indiannursingcouncil.org/Reports/YearlyReportByState.aspx,2026-09-11T11:36:07.701406
1,Shree Digamber Degree College Of Nursing Bharatpur,"Shree Digamber Degree College Of Nursing Bharatpur , Nh-11, Near Ludhawai Toll Plaza, Jaipur Road, Bharatpur , Bharatpur, Distt.- Bharatpur, Rajasthan, Pin Code- 321001",Shree Digamber Prashikshan Avum Anusandhan Sansthan Bharatpur,Bharatpur,Rajasthan,Private,GNM,60 (Sixy),2025-2026,11,https://online.indiannursingcouncil.org/Reports/YearlyReportByState.aspx,2026-09-11T11:36:13.984083
1,Shree Digamber Degree College Of Nursing Bharatpur,"Shree Digamber Degree College Of Nursing Bharatpur , Nh-11, Near Ludhawai Toll Plaza, Jaipur Road, Bharatpur , Bharatpur, Distt.- Bharatpur, Rajasthan, Pin Code- 321001",Shree Digamber Prashikshan Avum Anusandhan Sansthan Bharatpur,Bharatpur,Rajasthan,Private,B.Sc(N),60 (Sixty),2025-2026,11,https://online.indiannursingcouncil.org/Reports/YearlyReportByState.aspx,2026-09-11T11:36:13.984083
1,Shree Digamber Degree College Of Nursing Bharatpur,"Shree Digamber Degree College Of Nursing Bharatpur , Nh-11, Near Ludhawai Toll Plaza, Jaipur Road, Bharatpur , Bharatpur, Distt.- Bharatpur, Rajasthan, Pin Code- 321001",Shree Digamber Prashikshan Avum Anusandhan Sansthan Bharatpur,Bharatpur,Rajasthan,Private,P B B.Sc(N),20 (Twenty),2025-2026,11,https://online.indiannursingcouncil.org/Reports/YearlyReportByState.aspx,2026-09-11T11:36:13.984083
1,Shree Digamber Degree College Of Nursing Bharatpur,"Shree Digamber Degree College Of Nursing Bharatpur , Nh-11, Near Ludhawai Toll Plaza, Jaipur Road, Bharatpur , Bharatpur, Distt.- Bharatpur, Rajasthan, Pin Code- 321001",Shree Digamber Prashikshan Avum Anusandhan Sansthan Bharatpur,Bharatpur,Rajasthan,Private,M. Sc (N),20 Med-Surg-5 Obg-5 Psy-5 Paed-5,2025-2026,11,https://online.indiannursingcouncil.org/Reports/YearlyReportByState.aspx,2026-09-11T11:36:13.984083
2,Shree Kalyan Arogya Sadan School Of Nursing,"Shree Kalyan Arogya Sadan School Of Nursing , Shree Kalyan Arogya Sadan Bajaj Gram Sanwali Sikar Rajasthan, Sikar, Distt.- Sikar, Rajasthan, Pin Code- 332001",Shree Kalyan Arogya Sadan,Sikar,Rajasthan,Private,GNM,40 (Forty),2025-2026,11,https://online.indiannursingcouncil.org/Reports/YearlyReportByState.aspx,2026-09-11T11:36:13.984083
3,Shree Nrasingh College Of Nursing And G.N.M. Training Institute,"Shree Nrasingh College Of Nursing And G.N.M. Training Institute, Village Post- Bidyari, Tehsil- Bayana, Dist.- Bharatpur, Rajasthan, Bayana, Distt.- Bharatpur, Rajasthan, Pin Code- 321401",Shree Nrasingh Gnm Training Institute Bidyari Bayana Bharatpur Rajasthan,Bharatpur,Rajasthan,Private,GNM,60 (Sixty),2025-2026,11,https://online.indiannursingcouncil.org/Reports/YearlyReportByState.aspx,2026-09-11T11:36:13.984083
3,Shree Nrasingh College Of Nursing And G.N.M. Training Institute,"Shree Nrasingh College Of Nursing And G.N.M. Training Institute, Village Post- Bidyari, Tehsil- Bayana, Dist.- Bharatpur, Rajasthan, Bayana, Distt.- Bharatpur, Rajasthan, Pin Code- 321401",Shree Nrasingh Gnm Training Institute Bidyari Bayana Bharatpur Rajasthan,Bharatpur,Rajasthan,Private,B.Sc(N),50 (Fifty),2025-2026,11,https://online.indiannursingcouncil.org/Reports/YearlyReportByState.aspx,2026-09-11T11:36:13.984083
4,Shree Radha Raman Nursing College,"Shree Radha Raman Nursing College, Ips-2 Sitapura Industrial Area Phase-Iii Opp.Fire Bridge Office, Sitapura, Distt.- Jaipur, Rajasthan, Pin Code- 302022",Manav Chetna Jagriti Trust,Jaipur,Rajasthan,Private,B.Sc(N),30 (Thirty),2025-2026,11,https://online.indiannursingcouncil.org/Reports/YearlyReportByState.aspx,2026-09-11T11:36:13.984083
5,Shree Ram College Of Nursing,"Shree Ram College Of Nursing, 45-48, Vivek Vihar, Post Kanota, Jaipur , Distt.- Jaipur, Rajasthan, Pin Code- 303012",Gayatri Vidyapeeth,Jaipur,Rajasthan,Private,B.Sc(N),40 (Forty),2025-2026,11,https://online.indiannursingcouncil.org/Reports/YearlyReportByState.aspx,2026-09-11T11:36:13.984083
6,Shri Balaji College Of Nursing,"Shri Balaji College Of Nursing, Udaipur , Hiran Magri Sector. No. 5, Gayatri Nagar, Udaipur, Distt.- Udaipur, Rajasthan, Pin Code- 313002",Samriddhi Education And Health Society,Udaipur,Rajasthan,Private,B.Sc(N),40 (Forty),2025-2026,11,https://online.indiannursingcouncil.org/Reports/YearlyReportByState.aspx,2026-09-11T11:36:13.984083
7,Shri Bapuji College Of Nursing,"Shri Bapuji College Of Nursing, N.H.-65, Sujangarh Bye Pass Road, Ladnun, Nagaur , Ladnun, Distt.- Nagaur, Rajasthan, Pin Code- 341306",Shri Baba Ramdev Medical Education Society,Nagaur,Rajasthan,Private,B.Sc(N),40 (Forty),2025-2026,11,https://online.indiannursingcouncil.org/Reports/YearlyReportByState.aspx,2026-09-11T11:36:13.984083
8,Shri Ganganagar College Of Nursing,"Shri Ganganagar College Of Nursing, Near Riico Bus Stand, Hanumangarh Road, Sri Ganganagar, Distt.- Ganganagar, Rajasthan, Pin Code- 335000",J.R. Tantia Charitable Trust,Ganganagar,Rajasthan,Private,B.Sc(N),100 (One Hundred),2025-2026,11,https://online.indiannursingcouncil.org/Reports/YearlyReportByState.aspx,2026-09-11T11:36:13.984083
8,Shri Ganganagar College Of Nursing,"Shri Ganganagar College Of Nursing, Near Riico Bus Stand, Hanumangarh Road, Sri Ganganagar, Distt.- Ganganagar, Rajasthan, Pin Code- 335000",J.R. Tantia Charitable Trust,Ganganagar,Rajasthan,Private,M. Sc (N),10 (Ten) 02 In Each Speciality,2025-2026,11,https://online.indiannursingcouncil.org/Reports/YearlyReportByState.aspx,2026-09-11T11:36:13.984083
8,Shri Ganganagar College Of Nursing,"Shri Ganganagar College Of Nursing, Near Riico Bus Stand, Hanumangarh Road, Sri Ganganagar, Distt.- Ganganagar, Rajasthan, Pin Code- 335000",J.R. Tantia Charitable Trust,Ganganagar,Rajasthan,Private,P B B.Sc(N),50 (Fifty),2025-2026,11,https://online.indiannursingcouncil.org/Reports/YearlyReportByState.aspx,2026-09-11T11:36:13.984083
8,Shri Ganganagar College Of Nursing,"Shri Ganganagar College Of Nursing, Near Riico Bus Stand, Hanumangarh Road, Sri Ganganagar, Distt.- Ganganagar, Rajasthan, Pin Code- 335000",J.R. Tantia Charitable Trust,Ganganagar,Rajasthan,Private,GNM,100 (One Hundred),2025-2026,11,https://online.indiannursingcouncil.org/Reports/YearlyReportByState.aspx,2026-09-11T11:36:13.984083
9,Shri Onkar Lal Nursing Mahavidhyalya,"Shri Onkar Lal Nursing Mahavidhyalya , Shri Onkar Lal Nursing Mahavidhyalya, Sangod Road, Gajanpura, Baran, Rajasthan Pin-325205 , Baran, Distt.- Baran, Rajasthan, Pin Code- 325205",Harish Jan Kalyan Sewa Sansthan,Baran,Rajasthan,Private,B.Sc(N),40 (Forty),2025-2026,11,https://online.indiannursingcouncil.org/Reports/YearlyReportByState.aspx,2026-09-11T11:36:13.984083
10,Shri Paarth School Of Nursing,"Shri Paarth School Of Nursing, H.No 3, Nahru Colony Def Lab Road Panch Batti Ratanada Jodhpur , Jodhpur , Distt.- Jodhpur, Rajasthan, Pin Code- 342001",Shri Paarth Education And Social Welfare Trus,Jodhpur,Rajasthan,Private,GNM,30 (Thirty),2025-2026,11,https://online.indiannursingcouncil.org/Reports/YearlyReportByState.aspx,2026-09-11T11:36:13.984083
11,Shri R. S. Vishnoi Memorial B. Sc. Nursing College,"Shri R. S. Vishnoi Memorial B. Sc. Nursing College , Sec-B Saraswati Nagar, Basni 1 St Phase Jodhpur, Rajasthan. 342005 , Jodhpur, Distt.- Jodhpur, Rajasthan, Pin Code- 342005",Ridhi Sidhi Education And Research Society,Jodhpur,Rajasthan,Private,B.Sc(N),40 (Forty),2025-2026,11,https://online.indiannursingcouncil.org/Reports/YearlyReportByState.aspx,2026-09-11T11:36:13.984083
12,Shri Ratanlal Kanwarlal Patni Girls' Nursing School &College,"Shri Ratanlal Kanwarlal Patni Girls' Nursing School &College, Ajmer Road, Kishangarh, Distt.- Ajmer, Rajasthan, Pin Code- 305801",Sh. Ratanlal Kanwarlal Patni Foundation,Ajmer,Rajasthan,Private,GNM,60 (Sixty),2025-2026,11,https://online.indiannursingcouncil.org/Reports/YearlyReportByState.aspx,2026-09-11T11:36:13.984083
12,Shri Ratanlal Kanwarlal Patni Girls' Nursing School &College,"Shri Ratanlal Kanwarlal Patni Girls' Nursing School &College, Ajmer Road, Kishangarh, Distt.- Ajmer, Rajasthan, Pin Code- 305801",Sh. Ratanlal Kanwarlal Patni Foundation,Ajmer,Rajasthan,Private,B.Sc(N),60 (Sixty),2025-2026,11,https://online.indiannursingcouncil.org/Reports/YearlyReportByState.aspx,2026-09-11T11:36:13.984083
13,Shri Sai Baba School Of Nursing,"Shri Sai Baba School Of Nursing , 156, Patel Nagar, Kalwar Road Jhotwara Jaipur , Jaipur, Distt.- Jaipur, Rajasthan, Pin Code- 302012",Shri Sai Shiksha Samiti,Jaipur,Rajasthan,Private,GNM,60 (Sxity),2025-2026,11,https://online.indiannursingcouncil.org/Reports/YearlyReportByState.aspx,2026-09-11T11:36:13.984083
14,Shri U S B College Of Nursing,"Shri U S B College Of Nursing, Abu-Ambaji Highway , Aburoad Teh- Aburoad, Vill.- Siyava, Tehsil- Aburoad, Distt.- Sirohi, Rajasthan, Pin Code- 307026",Shri U S B Shiksha Samiti,Sirohi,Rajasthan,Private,B.Sc(N),40 (Forty),2025-2026,11,https://online.indiannursingcouncil.org/Reports/YearlyReportByState.aspx,2026-09-11T11:36:13.984083
15,Shrinath B. Sc. College Of Nursing,"Shrinath B. Sc. College Of Nursing,, Shakshi Plaza , Bilwara Road,Near Kishan Bhavan, Kankroli, Distt.- Rajsamand, Rajasthan, Pin Code- 313324",Shreenath Eduction Institute And Health Society,Rajsamand,Rajasthan,Private,B.Sc(N),40 (Forty),2025-2026,11,https://online.indiannursingcouncil.org/Reports/YearlyReportByState.aspx,2026-09-11T11:36:13.984083
15,Shrinath B. Sc. College Of Nursing,"Shrinath B. Sc. College Of Nursing,, Shakshi Plaza , Bilwara Road,Near Kishan Bhavan, Kankroli, Distt.- Rajsamand, Rajasthan, Pin Code- 313324",Shreenath Eduction Institute And Health Society,Rajsamand,Rajasthan,Private,GNM,50 (Fifty),2025-2026,11,https://online.indiannursingcouncil.org/Reports/YearlyReportByState.aspx,2026-09-11T11:36:13.984083
16,Shrinath Institute Of Nursing Udaipur,"Shrinath Institute Of Nursing Udaipur, 421,Dholi Magri Panerion Ki Madri Udaipur , Udaipur, Distt.- Udaipur, Rajasthan, Pin Code- 313002",Maheshwari Shikshan Sansthan,Udaipur,Rajasthan,Private,GNM,40 (Forty),2025-2026,11,https://online.indiannursingcouncil.org/Reports/YearlyReportByState.aspx,2026-09-11T11:36:13.984083
17,Siddharth College Of Nursing,"Siddharth College Of Nursing, 268, Sector-26, Near Nri Colony, Jaipur, Distt.- Jaipur, Rajasthan, Pin Code- 302033",Shree Birbal Medical Education Society,Jaipur,Rajasthan,Private,P B B.Sc(N),30 (Thirty),2025-2026,11,https://online.indiannursingcouncil.org/Reports/YearlyReportByState.aspx,2026-09-11T11:36:13.984083
17,Siddharth College Of Nursing,"Siddharth College Of Nursing, 268, Sector-26, Near Nri Colony, Jaipur, Distt.- Jaipur, Rajasthan, Pin Code- 302033",Shree Birbal Medical Education Society,Jaipur,Rajasthan,Private,B.Sc(N),40 (Forty),2025-2026,11,https://online.indiannursingcouncil.org/Reports/YearlyReportByState.aspx,2026-09-11T11:36:13.984083
17,Siddharth College Of Nursing,"Siddharth College Of Nursing, 268, Sector-26, Near Nri Colony, Jaipur, Distt.- Jaipur, Rajasthan, Pin Code- 302033",Shree Birbal Medical Education Society,Jaipur,Rajasthan,Private,GNM,60 (Sixty),2025-2026,11,https://online.indiannursingcouncil.org/Reports/YearlyReportByState.aspx,2026-09-11T11:36:13.984083
18,Sidhi Vinayak Nursing School,"Sidhi Vinayak Nursing School, Main Kalwar Road,Machwa,Jaipur, Jaipur , Distt.- Jaipur, Rajasthan, Pin Code- 302012",Dalit Bal Vikas And Shishkan Shanstha,Jaipur,Rajasthan,Private,GNM,30 (Thirty),2025-2026,11,https://online.indiannursingcouncil.org/Reports/YearlyReportByState.aspx,2026-09-11T11:36:13.984083
19,Sikar Nursing Training And Research Institute Sikar,"Sikar Nursing Training And Research Institute Sikar, Sikar Nursing College Sikar, C/O Sikar Hospital, Opp. District Court, Near Kalyan Circle, Sikar, Rajasthan Pin Code :- 332001 , Sikar, Distt.- S","Sikar Vikas And Shikhashan Anudsandhan Sansthan, Sikar",Sikar,Rajasthan,Private,GNM,60 (Sixty),2025-2026,11,https://online.indiannursingcouncil.org/Reports/YearlyReportByState.aspx,2026-09-11T11:36:13.984083
1,Smt Dakuben Saremalji Sancheti Nursing Institute,"Smt Dakuben Saremalji Sancheti Nursing Institute, Mahavir Nagar, Jawai Bandh Road, Sumerpur, Distt.- Pali, Rajasthan, Pin Code- 306902",The Rajasthan Medical Soc And Res Centre,Pali,Rajasthan,Private,B.Sc(N),40 (Forty),2025-2026,12,https://online.indiannursingcouncil.org/Reports/YearlyReportByState.aspx,2026-09-11T11:36:20.993749
2,Smt Phoola Devi Memorial Institute Of Med. Nursing Education,"Smt Phoola Devi Memorial Institute Of Med. Nursing Education, Pl No. 19-20, Kailash Nagar, Jhotwara, Distt.- Jaipur, Rajasthan, Pin Code- 302012",Smt. Phoola Devi Momorial Shikshan Sansthan,Jaipur,Rajasthan,Private,GNM,50 (Fifty),2025-2026,12,https://online.indiannursingcouncil.org/Reports/YearlyReportByState.aspx,2026-09-11T11:36:20.993749
3,Soni Nursing College And School,"Soni Nursing College And School , Spl - 229, Riico Industrial Area, Phase - Ii (Extension), Bagru, Jaipur (Rajasthan) 303007 , Jaipur, Distt.- Jaipur, Rajasthan, Pin Code- 303007",Soni Hospitals Pvt. Ltd. Jaipur,Jaipur,Rajasthan,Private,B.Sc(N),100 (One Hundred),2025-2026,12,https://online.indiannursingcouncil.org/Reports/YearlyReportByState.aspx,2026-09-11T11:36:20.993749
3,Soni Nursing College And School,"Soni Nursing College And School , Spl - 229, Riico Industrial Area, Phase - Ii (Extension), Bagru, Jaipur (Rajasthan) 303007 , Jaipur, Distt.- Jaipur, Rajasthan, Pin Code- 303007",Soni Hospitals Pvt. Ltd. Jaipur,Jaipur,Rajasthan,Private,GNM,60 (Sixty),2025-2026,12,https://online.indiannursingcouncil.org/Reports/YearlyReportByState.aspx,2026-09-11T11:36:20.993749
3,Soni Nursing College And School,"Soni Nursing College And School , Spl - 229, Riico Industrial Area, Phase - Ii (Extension), Bagru, Jaipur (Rajasthan) 303007 , Jaipur, Distt.- Jaipur, Rajasthan, Pin Code- 303007",Soni Hospitals Pvt. Ltd. Jaipur,Jaipur,Rajasthan,Private,M. Sc (N),"14; Med-Surg-5,Obg-5,Paed-2, Chn-2",2025-2026,12,https://online.indiannursingcouncil.org/Reports/YearlyReportByState.aspx,2026-09-11T11:36:20.993749
3,Soni Nursing College And School,"Soni Nursing College And School , Spl - 229, Riico Industrial Area, Phase - Ii (Extension), Bagru, Jaipur (Rajasthan) 303007 , Jaipur, Distt.- Jaipur, Rajasthan, Pin Code- 303007",Soni Hospitals Pvt. Ltd. Jaipur,Jaipur,Rajasthan,Private,P B B.Sc(N),30 (Thirty),2025-2026,12,https://online.indiannursingcouncil.org/Reports/YearlyReportByState.aspx,2026-09-11T11:36:20.993749
4,Sourabh Nursing College,"Sourabh Nursing College, Kheda, Hindauncity, Hindaun City, Distt.- Karoli, Rajasthan, Pin Code- 322234",Rajasthan Delhi Education Society,Karoli,Rajasthan,Private,B.Sc(N),60 (Sixty),2025-2026,12,https://online.indiannursingcouncil.org/Reports/YearlyReportByState.aspx,2026-09-11T11:36:20.993749
4,Sourabh Nursing College,"Sourabh Nursing College, Kheda, Hindauncity, Hindaun City, Distt.- Karoli, Rajasthan, Pin Code- 322234",Rajasthan Delhi Education Society,Karoli,Rajasthan,Private,GNM,60 (Sixty),2025-2026,12,https://online.indiannursingcouncil.org/Reports/YearlyReportByState.aspx,2026-09-11T11:36:20.993749
5,Sri Krishna Institute Of Medical Health Sciences Res Nursing,"Sri Krishna Institute Of Medical Health Sciences Res Nursing, 167-170, Shivam Nagar, Chandlai Road,, Vill.- Shivdaspura, Tehsil- Chaksu, Distt.- Jaipur, Rajasthan, Pin Code- 303903",Shri Krishna Education Trust,Jaipur,Rajasthan,Private,B.Sc(N),40 (Forty),2025-2026,12,https://online.indiannursingcouncil.org/Reports/YearlyReportByState.aspx,2026-09-11T11:36:20.993749
6,St Thomas College Of Nursing,"St Thomas College Of Nursing, Iirm Rural Campus, Rampura, Phagi, Jaipur, Distt.- Jaipur, Rajasthan, Pin Code- 303005",Society For Indian Instt. Of Rural Management,Jaipur,Rajasthan,Private,B.Sc(N),40 (Forty),2025-2026,12,https://online.indiannursingcouncil.org/Reports/YearlyReportByState.aspx,2026-09-11T11:36:20.993749
7,St. Francis Hospital And College Nursing,"St. Francis Hospital And College Nursing , Near Baba Badam Shah Ashram, Daurai, Beawar Road, Ajmer, Distt.- Ajmer, Rajasthan, Pin Code- 305001",Society Of St. Francis Hospital And Nursing Home,Ajmer,Rajasthan,Private,GNM,30 (Thirty),2025-2026,12,https://online.indiannursingcouncil.org/Reports/YearlyReportByState.aspx,2026-09-11T11:36:20.993749
7,St. Francis Hospital And College Nursing,"St. Francis Hospital And College Nursing , Near Baba Badam Shah Ashram, Daurai, Beawar Road, Ajmer, Distt.- Ajmer, Rajasthan, Pin Code- 305001",Society Of St. Francis Hospital And Nursing Home,Ajmer,Rajasthan,Private,B.Sc(N),40 (Forty),2025-2026,12,https://online.indiannursingcouncil.org/Reports/YearlyReportByState.aspx,2026-09-11T11:36:20.993749
8,Star Nursing College,"Star Nursing College, Star Nursing College C/O Star Hospitial,Near Pratap Plaza,Pratap Nagar,Tonk Road,Jaipur302033, Jaipur, Distt.- Jaipur, Rajasthan, Pin Code- 302033",Shree Karni Shikshan Sansthan,Jaipur,Rajasthan,Private,B.Sc(N),50 (Fifty),2025-2026,12,https://online.indiannursingcouncil.org/Reports/YearlyReportByState.aspx,2026-09-11T11:36:20.993749
9,Sudha College Of Nursing,"Sudha College Of Nursing, H No 11-A, Talwandi Jhalawar Road, Kota, Distt.- Kota, Rajasthan, Pin Code- 324005",Manav Dharm Viklang Seva Senstha Tonk,Kota,Rajasthan,Private,B.Sc(N),40 (Forty),2025-2026,12,https://online.indiannursingcouncil.org/Reports/YearlyReportByState.aspx,2026-09-11T11:36:20.993749
9,Sudha College Of Nursing,"Sudha College Of Nursing, H No 11-A, Talwandi Jhalawar Road, Kota, Distt.- Kota, Rajasthan, Pin Code- 324005",Manav Dharm Viklang Seva Senstha Tonk,Kota,Rajasthan,Private,M. Sc (N),10 (Ten) Med-Surg-5 Paed-5,2025-2026,12,https://online.indiannursingcouncil.org/Reports/YearlyReportByState.aspx,2026-09-11T11:36:20.993749
9,Sudha College Of Nursing,"Sudha College Of Nursing, H No 11-A, Talwandi Jhalawar Road, Kota, Distt.- Kota, Rajasthan, Pin Code- 324005",Manav Dharm Viklang Seva Senstha Tonk,Kota,Rajasthan,Private,GNM,60 (Sixty),2025-2026,12,https://online.indiannursingcouncil.org/Reports/YearlyReportByState.aspx,2026-09-11T11:36:20.993749
10,Sufiya College Of Nursing,"Sufiya College Of Nursing, Old Industrial Area,Near Basni Chouraha Nagaur-341001 , Nagaur, Distt.- Nagaur, Rajasthan, Pin Code- 341001",The Sufiya Educational Society,Nagaur,Rajasthan,Private,B.Sc(N),40 (Forty),2025-2026,12,https://online.indiannursingcouncil.org/Reports/YearlyReportByState.aspx,2026-09-11T11:36:20.993749
11,Sunrise College Of Nursing,"Sunrise College Of Nursing , Sgi Hills,Near Bari Mata Temple Umarda Udaipur , Udaipur , Distt.- Udaipur, Rajasthan, Pin Code- 313001",Sunrise Society,Udaipur,Rajasthan,Private,B.Sc(N),60 (Sixty),2025-2026,12,https://online.indiannursingcouncil.org/Reports/YearlyReportByState.aspx,2026-09-11T11:36:20.993749
11,Sunrise College Of Nursing,"Sunrise College Of Nursing , Sgi Hills,Near Bari Mata Temple Umarda Udaipur , Udaipur , Distt.- Udaipur, Rajasthan, Pin Code- 313001",Sunrise Society,Udaipur,Rajasthan,Private,GNM,60 (Sixty),2025-2026,12,https://online.indiannursingcouncil.org/Reports/YearlyReportByState.aspx,2026-09-11T11:36:20.993749
11,Sunrise College Of Nursing,"Sunrise College Of Nursing , Sgi Hills,Near Bari Mata Temple Umarda Udaipur , Udaipur , Distt.- Udaipur, Rajasthan, Pin Code- 313001",Sunrise Society,Udaipur,Rajasthan,Private,P B B.Sc(N),20 (Twenty),2025-2026,12,https://online.indiannursingcouncil.org/Reports/YearlyReportByState.aspx,2026-09-11T11:36:20.993749
12,Superking College Of Nursing,"Superking College Of Nursing, Bad Ke Balaji, Ajmer Road, Vill.- Fagoria Wala, Tehsil- Jaipur, Distt.- Jaipur, Rajasthan, Pin Code- 302026",Superking Shiksha Samiti,Jaipur,Rajasthan,Private,B.Sc(N),40 (Forty),2025-2026,12,https://online.indiannursingcouncil.org/Reports/YearlyReportByState.aspx,2026-09-11T11:36:20.993749
13,Surendera Nursing Training Institute,"Surendera Nursing Training Institute , H. H. Gardens, Power House Road, Sri Ganganagar , Sri Ganganagar, Distt.- Ganganagar, Rajasthan, Pin Code- 335001",Late Smt Vidyawanti Labhu Ram Foundation For Science Research And Social Welfare,Ganganagar,Rajasthan,Private,GNM,40 (Forty),2025-2026,12,https://online.indiannursingcouncil.org/Reports/YearlyReportByState.aspx,2026-09-11T11:36:20.993749
14,Suryansh Nursing School,"Suryansh Nursing School, 41, Heera Nagar Opp . New Atish Market Gopalpura Bypass Jaipur, Jaipur , Distt.- Jaipur, Rajasthan, Pin Code- 302019",Md Public School Education Society,Jaipur,Rajasthan,Private,GNM,60 (Sixty),2025-2026,12,https://online.indiannursingcouncil.org/Reports/YearlyReportByState.aspx,2026-09-11T11:36:20.993749
15,Swami Keshwanand College Of Nursing,"Swami Keshwanand College Of Nursing , N.H. 11, Kirdoli Road, Bhadhadar, Sikar , Bhadhadar, Distt.- Sikar, Rajasthan, Pin Code- 332315",Swami Keshwanand Sikshan Sansthan,Sikar,Rajasthan,Private,B.Sc(N),40 (Forty),2025-2026,12,https://online.indiannursingcouncil.org/Reports/YearlyReportByState.aspx,2026-09-11T11:36:20.993749
16,Symbiosis Institute Of Nursing,"Symbiosis Institute Of Nursing, Block No. 262, Sector-26, Pratap Nagar, Jaipur, Distt.- Jaipur, Rajasthan, Pin Code- 302033",Shri Vinayaka Mission Med And Edu Society,Jaipur,Rajasthan,Private,B.Sc(N),50 (Fifty),2025-2026,12,https://online.indiannursingcouncil.org/Reports/YearlyReportByState.aspx,2026-09-11T11:36:20.993749
16,Symbiosis Institute Of Nursing,"Symbiosis Institute Of Nursing, Block No. 262, Sector-26, Pratap Nagar, Jaipur, Distt.- Jaipur, Rajasthan, Pin Code- 302033",Shri Vinayaka Mission Med And Edu Society,Jaipur,Rajasthan,Private,P B B.Sc(N),30 (Thirty),2025-2026,12,https://online.indiannursingcouncil.org/Reports/YearlyReportByState.aspx,2026-09-11T11:36:20.993749
17,Tagore Nursing College,"Tagore Nursing College, Tagore Lane,Sector-07, Shipra Path,Madhyam Marg, Mansarovar, Jaipur , Distt.- Jaipur, Rajasthan, Pin Code- 302020",Maya Kanwar Ba Mahila Vikas Samiti,Jaipur,Rajasthan,Private,M. Sc (N),10 (Ten) Med-Surg-5 Obg-5,2025-2026,12,https://online.indiannursingcouncil.org/Reports/YearlyReportByState.aspx,2026-09-11T11:36:20.993749
17,Tagore Nursing College,"Tagore Nursing College, Tagore Lane,Sector-07, Shipra Path,Madhyam Marg, Mansarovar, Jaipur , Distt.- Jaipur, Rajasthan, Pin Code- 302020",Maya Kanwar Ba Mahila Vikas Samiti,Jaipur,Rajasthan,Private,B.Sc(N),40 (Forty),2025-2026,12,https://online.indiannursingcouncil.org/Reports/YearlyReportByState.aspx,2026-09-11T11:36:20.993749
17,Tagore Nursing College,"Tagore Nursing College, Tagore Lane,Sector-07, Shipra Path,Madhyam Marg, Mansarovar, Jaipur , Distt.- Jaipur, Rajasthan, Pin Code- 302020",Maya Kanwar Ba Mahila Vikas Samiti,Jaipur,Rajasthan,Private,P B B.Sc(N),20 (Twenty),2025-2026,12,https://online.indiannursingcouncil.org/Reports/YearlyReportByState.aspx,2026-09-11T11:36:20.993749
18,Tilak Institute Of Medical Sciences,"Tilak Institute Of Medical Sciences , A-1, A-23, Chanakyapuri, Paldi Meena, Agra Road, Jaipur, Jaipur, Distt.- Jaipur, Rajasthan, Pin Code- 302031",Tilak Education And Medical Society,Jaipur,Rajasthan,Private,B.Sc(N),40 (Forty),2025-2026,12,https://online.indiannursingcouncil.org/Reports/YearlyReportByState.aspx,2026-09-11T11:36:20.993749
1,Udaipur College Of Nursing Udaipur,"Udaipur College Of Nursing Udaipur , Udaipur College Of Nursing Umarda Udaipur , Udaipur , Distt.- Udaipur, Rajasthan, Pin Code- 313002",Maa Bhagwanti Devi Shiksha Prashikshan Anusandhan Sansthan,Udaipur,Rajasthan,Private,B.Sc(N),60 (Sixty),2025-2026,13,https://online.indiannursingcouncil.org/Reports/YearlyReportByState.aspx,2026-09-11T11:36:26.374250
1,Udaipur College Of Nursing Udaipur,"Udaipur College Of Nursing Udaipur , Udaipur College Of Nursing Umarda Udaipur , Udaipur , Distt.- Udaipur, Rajasthan, Pin Code- 313002",Maa Bhagwanti Devi Shiksha Prashikshan Anusandhan Sansthan,Udaipur,Rajasthan,Private,P B B.Sc(N),30 (Thirty),2025-2026,13,https://online.indiannursingcouncil.org/Reports/YearlyReportByState.aspx,2026-09-11T11:36:26.374250
2,Upchar College Of Nursing,"Upchar College Of Nursing , 115 Tagore Path, Sector-11, Thadi Market, Agarwal Farm, Mansarover, Jaipur, Jaipur, Distt.- Jaipur, Rajasthan, Pin Code- 302020",Upchar Medicare Society,Jaipur,Rajasthan,Private,B.Sc(N),60 (Sixty),2025-2026,13,https://online.indiannursingcouncil.org/Reports/YearlyReportByState.aspx,2026-09-11T11:36:26.374250
2,Upchar College Of Nursing,"Upchar College Of Nursing , 115 Tagore Path, Sector-11, Thadi Market, Agarwal Farm, Mansarover, Jaipur, Jaipur, Distt.- Jaipur, Rajasthan, Pin Code- 302020",Upchar Medicare Society,Jaipur,Rajasthan,Private,M. Sc (N),15 (Fifteen),2025-2026,13,https://online.indiannursingcouncil.org/Reports/YearlyReportByState.aspx,2026-09-11T11:36:26.374250
2,Upchar College Of Nursing,"Upchar College Of Nursing , 115 Tagore Path, Sector-11, Thadi Market, Agarwal Farm, Mansarover, Jaipur, Jaipur, Distt.- Jaipur, Rajasthan, Pin Code- 302020",Upchar Medicare Society,Jaipur,Rajasthan,Private,P B B.Sc(N),30 (Thirty),2025-2026,13,https://online.indiannursingcouncil.org/Reports/YearlyReportByState.aspx,2026-09-11T11:36:26.374250
3,V.S.Alwar Nursing Institute,"V.S.Alwar Nursing Institute , Diwakari Mode, Old Delhi Road, Alwar , Alwar, Distt.- Alwar, Rajasthan, Pin Code- 301001",Vinayak Charitable Society,Alwar,Rajasthan,Private,GNM,40 (Forty),2025-2026,13,https://online.indiannursingcouncil.org/Reports/YearlyReportByState.aspx,2026-09-11T11:36:26.374250
4,Vedanshi College Of Nursing,"Vedanshi College Of Nursing , Bari Mata Road, Near Railway Station, Gram Panchayat Kanpur, Umarda, Distt.- Udaipur, Rajasthan, Pin Code- 313015",Vedanshi Sansthan,Udaipur,Rajasthan,Private,B.Sc(N),40 (Forty),2025-2026,13,https://online.indiannursingcouncil.org/Reports/YearlyReportByState.aspx,2026-09-11T11:36:26.374250
5,Veer Teja Mahila Nursing School,"Veer Teja Mahila Nursing School , Veerteja Mahila Shikshan Avm Shodh Sansthan Marwar Mundwa Nagaur Rajasthan , Mundwa, Distt.- Nagaur, Rajasthan, Pin Code- 341026",Veerteja Mahila Shikshan Avm Shodh Sansthan Mundwa Nagaur,Nagaur,Rajasthan,Private,GNM,30 (Thirty),2025-2026,13,https://online.indiannursingcouncil.org/Reports/YearlyReportByState.aspx,2026-09-11T11:36:26.374250
6,Venkteshwar College Of Nursing,"Venkteshwar College Of Nursing, Sai Tirupati University C/O Pacific Institute Of Medical Sciences,Village-Umarda,Ambua Road Udaipur 313015,Rajasthan, Udaipur, Distt.- Udaipur, Rajasthan, Pin Code-",Global Health Research And Managment Institute,Udaipur,Rajasthan,Private,GNM,100 (One Hundred),2025-2026,13,https://online.indiannursingcouncil.org/Reports/YearlyReportByState.aspx,2026-09-11T11:36:26.374250
6,Venkteshwar College Of Nursing,"Venkteshwar College Of Nursing, Sai Tirupati University C/O Pacific Institute Of Medical Sciences,Village-Umarda,Ambua Road Udaipur 313015,Rajasthan, Udaipur, Distt.- Udaipur, Rajasthan, Pin Code-",Global Health Research And Managment Institute,Udaipur,Rajasthan,Private,B.Sc(N),100 (One Hundred),2025-2026,13,https://online.indiannursingcouncil.org/Reports/YearlyReportByState.aspx,2026-09-11T11:36:26.374250
6,Venkteshwar College Of Nursing,"Venkteshwar College Of Nursing, Sai Tirupati University C/O Pacific Institute Of Medical Sciences,Village-Umarda,Ambua Road Udaipur 313015,Rajasthan, Udaipur, Distt.- Udaipur, Rajasthan, Pin Code-",Global Health Research And Managment Institute,Udaipur,Rajasthan,Private,M. Sc (N),25 (Twenty Five) 05 In Each Specialty,2025-2026,13,https://online.indiannursingcouncil.org/Reports/YearlyReportByState.aspx,2026-09-11T11:36:26.374250
7,Vijaya Raje College Of Nursing Jodhpu,"Vijaya Raje College Of Nursing Jodhpu, 87-88, Parshvnath Colony, Kayalana Circle, Soorsagar Road Jodhpur , Jodhpur, Distt.- Jodhpur, Rajasthan, Pin Code- 342001",Shri Dadu Dayal Jankalyan Shikshan Sansthan,Jodhpur,Rajasthan,Private,B.Sc(N),40 (Forty),2025-2026,13,https://online.indiannursingcouncil.org/Reports/YearlyReportByState.aspx,2026-09-11T11:36:26.374250
8,Vinayak College Of Nursing,"Vinayak College Of Nursing, 18-25, Park Residency, Kalwar Road,Hathoj, Jaipur, Distt.- Jaipur, Rajasthan, Pin Code- 302012",Dalit Bal Vikash Avem Shikshan Sanstha,Jaipur,Rajasthan,Private,B.Sc(N),50 (Fifty),2025-2026,13,https://online.indiannursingcouncil.org/Reports/YearlyReportByState.aspx,2026-09-11T11:36:26.374250
8,Vinayak College Of Nursing,"Vinayak College Of Nursing, 18-25, Park Residency, Kalwar Road,Hathoj, Jaipur, Distt.- Jaipur, Rajasthan, Pin Code- 302012",Dalit Bal Vikash Avem Shikshan Sanstha,Jaipur,Rajasthan,Private,GNM,60 (Sixty),2025-2026,13,https://online.indiannursingcouncil.org/Reports/YearlyReportByState.aspx,2026-09-11T11:36:26.374250
