sl_no,institution_name_raw,institution_address_raw,trust_name,district_name,state,sector,programme,annual_intake,academic_year,page_number,source_url,extraction_timestamp
1,All India Institute Of Medical Sciences College Of Nursing,"All India Institute Of Medical Sciences College Of Nursing, Saket Nagar, Bhopal, Distt.- Bhopal, Madhya Pradesh, Pin Code- 462020",Govt Of Madhya Pradesh,Bhopal,Madhya Pradesh,Government,B.Sc(N),60 (Sixty),2025-2026,1,https://online.indiannursingcouncil.org/Reports/YearlyReportByState.aspx,2026-09-11T11:26:02.110999
2,Amaltas Institute Of Nursing Sciences,"Amaltas Institute Of Nursing Sciences , Gram Bangar Ujjain Dewas Highway Dist Dewas, Dewas, Distt.- Dewas, Madhya Pradesh, Pin Code- 455001",Amaltas Educational Welfare Society,Dewas,Madhya Pradesh,Private,Ph. D,8 (Eight),2025-2026,1,https://online.indiannursingcouncil.org/Reports/YearlyReportByState.aspx,2026-09-11T11:26:02.110999
2,Amaltas Institute Of Nursing Sciences,"Amaltas Institute Of Nursing Sciences , Gram Bangar Ujjain Dewas Highway Dist Dewas, Dewas, Distt.- Dewas, Madhya Pradesh, Pin Code- 455001",Amaltas Educational Welfare Society,Dewas,Madhya Pradesh,Private,GNM,100 (One Hundred),2025-2026,1,https://online.indiannursingcouncil.org/Reports/YearlyReportByState.aspx,2026-09-11T11:26:02.110999
2,Amaltas Institute Of Nursing Sciences,"Amaltas Institute Of Nursing Sciences , Gram Bangar Ujjain Dewas Highway Dist Dewas, Dewas, Distt.- Dewas, Madhya Pradesh, Pin Code- 455001",Amaltas Educational Welfare Society,Dewas,Madhya Pradesh,Private,B.Sc(N),150 (One Hundred Fifty),2025-2026,1,https://online.indiannursingcouncil.org/Reports/YearlyReportByState.aspx,2026-09-11T11:26:02.110999
2,Amaltas Institute Of Nursing Sciences,"Amaltas Institute Of Nursing Sciences , Gram Bangar Ujjain Dewas Highway Dist Dewas, Dewas, Distt.- Dewas, Madhya Pradesh, Pin Code- 455001",Amaltas Educational Welfare Society,Dewas,Madhya Pradesh,Private,M. Sc (N),"34 ( Thirty Four) Med Surg- 10, Chn -05, Obg- 05, Pead -09, Psy- 05",2025-2026,1,https://online.indiannursingcouncil.org/Reports/YearlyReportByState.aspx,2026-09-11T11:26:02.110999
2,Amaltas Institute Of Nursing Sciences,"Amaltas Institute Of Nursing Sciences , Gram Bangar Ujjain Dewas Highway Dist Dewas, Dewas, Distt.- Dewas, Madhya Pradesh, Pin Code- 455001",Amaltas Educational Welfare Society,Dewas,Madhya Pradesh,Private,P B B.Sc(N),40 (Forty),2025-2026,1,https://online.indiannursingcouncil.org/Reports/YearlyReportByState.aspx,2026-09-11T11:26:02.110999
3,Amarjyoti Institute Of Nursing Sciences & Research,"Amarjyoti Institute Of Nursing Sciences & Research, S-1, Laxmipur, Mr-4 Link Road, Near Vijayshree Tower, Ekta Chowk, Vijay Nagar, Vijay Nagar, Distt.- Jabalpur, Madhya Pradesh, Pin Code- 482002",Vindhyachal Women Development And Welfare Society,Jabalpur,Madhya Pradesh,Private,B.Sc(N),55 (Fifty Five),2025-2026,1,https://online.indiannursingcouncil.org/Reports/YearlyReportByState.aspx,2026-09-11T11:26:02.110999
4,Anushree College Of Nursing,"Anushree College Of Nursing, 112, Kashodhan Nagar, Near Samdareeya Green City, Jabalpur , Distt.- Jabalpur, Madhya Pradesh, Pin Code- 482002",Anushree Education Society,Jabalpur,Madhya Pradesh,Private,B.Sc(N),60 (Sixty),2025-2026,1,https://online.indiannursingcouncil.org/Reports/YearlyReportByState.aspx,2026-09-11T11:26:02.110999
4,Anushree College Of Nursing,"Anushree College Of Nursing, 112, Kashodhan Nagar, Near Samdareeya Green City, Jabalpur , Distt.- Jabalpur, Madhya Pradesh, Pin Code- 482002",Anushree Education Society,Jabalpur,Madhya Pradesh,Private,GNM,60 (Sixty),2025-2026,1,https://online.indiannursingcouncil.org/Reports/YearlyReportByState.aspx,2026-09-11T11:26:02.110999
4,Anushree College Of Nursing,"Anushree College Of Nursing, 112, Kashodhan Nagar, Near Samdareeya Green City, Jabalpur , Distt.- Jabalpur, Madhya Pradesh, Pin Code- 482002",Anushree Education Society,Jabalpur,Madhya Pradesh,Private,M. Sc (N),30 (Thirty),2025-2026,1,https://online.indiannursingcouncil.org/Reports/YearlyReportByState.aspx,2026-09-11T11:26:02.110999
4,Anushree College Of Nursing,"Anushree College Of Nursing, 112, Kashodhan Nagar, Near Samdareeya Green City, Jabalpur , Distt.- Jabalpur, Madhya Pradesh, Pin Code- 482002",Anushree Education Society,Jabalpur,Madhya Pradesh,Private,P B B.Sc(N),30 (Thirty),2025-2026,1,https://online.indiannursingcouncil.org/Reports/YearlyReportByState.aspx,2026-09-11T11:26:02.110999
5,Arham Institute Of Nursing,"Arham Institute Of Nursing, Near Choyal Hospital, College Road, Petlawad, Distt.- Jhabua, Madhya Pradesh, Pin Code- 457773",Om Sainath Shikshan Samiti,Jhabua,Madhya Pradesh,Private,GNM,50 (Fifty),2025-2026,1,https://online.indiannursingcouncil.org/Reports/YearlyReportByState.aspx,2026-09-11T11:26:02.110999
6,Asha Niketan School Of Nursing,"Asha Niketan School Of Nursing, E-6, Arera Colony, Vill.- Bhopal, Tehsil- Huzur, Distt.- Bhopal, Madhya Pradesh, Pin Code- 462016",Ashaniketan Hospital And Rehabilitation Centre,Bhopal,Madhya Pradesh,Private,GNM,40 (Forty),2025-2026,1,https://online.indiannursingcouncil.org/Reports/YearlyReportByState.aspx,2026-09-11T11:26:02.110999
7,Aurovindo School Of Nursing Research,"Aurovindo School Of Nursing Research, 160/2, Near Sagar Public School, Sikandrabad, Patwari Halka No-41, Revenue Inspector Circle No-03, Vikaskhand Phhanda, Ratibad Phhanda Road, Vill.- Silkandrab",Vivekanand Vichardham Shiksha Avam Samaj Kalyan Samiti,Bhopal,Madhya Pradesh,Private,ANM,30 (Thirty),2025-2026,1,https://online.indiannursingcouncil.org/Reports/YearlyReportByState.aspx,2026-09-11T11:26:02.110999
7,Aurovindo School Of Nursing Research,"Aurovindo School Of Nursing Research, 160/2, Near Sagar Public School, Sikandrabad, Patwari Halka No-41, Revenue Inspector Circle No-03, Vikaskhand Phhanda, Ratibad Phhanda Road, Vill.- Silkandrab",Vivekanand Vichardham Shiksha Avam Samaj Kalyan Samiti,Bhopal,Madhya Pradesh,Private,B.Sc(N),50 (Fifty),2025-2026,1,https://online.indiannursingcouncil.org/Reports/YearlyReportByState.aspx,2026-09-11T11:26:02.110999
7,Aurovindo School Of Nursing Research,"Aurovindo School Of Nursing Research, 160/2, Near Sagar Public School, Sikandrabad, Patwari Halka No-41, Revenue Inspector Circle No-03, Vikaskhand Phhanda, Ratibad Phhanda Road, Vill.- Silkandrab",Vivekanand Vichardham Shiksha Avam Samaj Kalyan Samiti,Bhopal,Madhya Pradesh,Private,GNM,40 (Forty),2025-2026,1,https://online.indiannursingcouncil.org/Reports/YearlyReportByState.aspx,2026-09-11T11:26:02.110999
7,Aurovindo School Of Nursing Research,"Aurovindo School Of Nursing Research, 160/2, Near Sagar Public School, Sikandrabad, Patwari Halka No-41, Revenue Inspector Circle No-03, Vikaskhand Phhanda, Ratibad Phhanda Road, Vill.- Silkandrab",Vivekanand Vichardham Shiksha Avam Samaj Kalyan Samiti,Bhopal,Madhya Pradesh,Private,M. Sc (N),25 (Twenty Five) Med. Surg-5 Paed-5 Chn-5 Obg-5 Psy-5,2025-2026,1,https://online.indiannursingcouncil.org/Reports/YearlyReportByState.aspx,2026-09-11T11:26:02.110999
8,Auxiliary Nurse And Midwife Health Workers' School / Augustine College Of Nursing,"Auxiliary Nurse And Midwife Health Workers' School / Augustine College Of Nursing, C/O Karuna Hospital, Old A B Road, Pipaldhar, Vill.- Pipaldhar, Tehsil- Niwali, Distt.- Barwani, Madhya Pradesh,",St.Augustine Social Service Society,Barwani,Madhya Pradesh,Private,ANM,20 (Twenty),2025-2026,1,https://online.indiannursingcouncil.org/Reports/YearlyReportByState.aspx,2026-09-11T11:26:02.110999
8,Auxiliary Nurse And Midwife Health Workers' School / Augustine College Of Nursing,"Auxiliary Nurse And Midwife Health Workers' School / Augustine College Of Nursing, C/O Karuna Hospital, Old A B Road, Pipaldhar, Vill.- Pipaldhar, Tehsil- Niwali, Distt.- Barwani, Madhya Pradesh,",St.Augustine Social Service Society,Barwani,Madhya Pradesh,Private,B.Sc(N),30 (Thirty),2025-2026,1,https://online.indiannursingcouncil.org/Reports/YearlyReportByState.aspx,2026-09-11T11:26:02.110999
9,B I M T S College Of Nursing,"B I M T S College Of Nursing, Khasra No. 180/1 180/2, Khandwa Road, Jhiri Panchyat, Burhanpur, Distt.- Burhanpur, Madhya Pradesh, Pin Code- 450331",Iswam Academy Of Technical And General Edu,Burhanpur,Madhya Pradesh,Private,B.Sc(N),60 (Sixty),2025-2026,1,https://online.indiannursingcouncil.org/Reports/YearlyReportByState.aspx,2026-09-11T11:26:02.110999
10,Bharat Institute Of Nursing,"Bharat Institute Of Nursing, Ukwa, Rupjhar, Ukwa Rupjhar , Distt.- Balaghat, Madhya Pradesh, Pin Code- 481105",Rastogi Education,Balaghat,Madhya Pradesh,Private,GNM,20 (Twenty),2025-2026,1,https://online.indiannursingcouncil.org/Reports/YearlyReportByState.aspx,2026-09-11T11:26:02.110999
11,Bharat Institute Of Nursing,"Bharat Institute Of Nursing, Ward No.-13, Near Mandla Bus Stand, Old Dindori , Dindori, Distt.- Dindori, Madhya Pradesh, Pin Code- 481880",Rastogi Education,Dindori,Madhya Pradesh,Private,GNM,40 (Forty),2025-2026,1,https://online.indiannursingcouncil.org/Reports/YearlyReportByState.aspx,2026-09-11T11:26:02.110999
12,Bharti School Of Nursing,"Bharti School Of Nursing, Near Rml Iti Hawai Patti Bagdona Sarni, Vill.- Bagdona, Tehsil- Ghoda Dongri, Distt.- Betul, Madhya Pradesh, Pin Code- 460449",Public Awarness And Skill Devlopment Socity,Betul,Madhya Pradesh,Private,GNM,40 (Forty),2025-2026,1,https://online.indiannursingcouncil.org/Reports/YearlyReportByState.aspx,2026-09-11T11:26:02.110999
13,Bhopal Nursing College,"Bhopal Nursing College, Bhopal Memorial Hospital And Research Centre, Raisen Bypass Road, Karond , Karoumdh, Distt.- Bhopal, Madhya Pradesh, Pin Code- 462038",Bhopal Memorial Hospital Trust,Bhopal,Madhya Pradesh,Government,B.Sc(N),50 (Fifty),2025-2026,1,https://online.indiannursingcouncil.org/Reports/YearlyReportByState.aspx,2026-09-11T11:26:02.110999
13,Bhopal Nursing College,"Bhopal Nursing College, Bhopal Memorial Hospital And Research Centre, Raisen Bypass Road, Karond , Karoumdh, Distt.- Bhopal, Madhya Pradesh, Pin Code- 462038",Bhopal Memorial Hospital Trust,Bhopal,Madhya Pradesh,Government,M. Sc (N),5 Obg-3 Med-Surg-2,2025-2026,1,https://online.indiannursingcouncil.org/Reports/YearlyReportByState.aspx,2026-09-11T11:26:02.110999
14,Bombay Hospital College Of Nursing,"Bombay Hospital College Of Nursing, 6Th Floor, Bombay Hospital, Ring Road, Indore, Distt.- Indore, Madhya Pradesh, Pin Code- 452010",Bombay Hospital Trust,Indore,Madhya Pradesh,Private,B.Sc(N),50 (Fifty),2025-2026,1,https://online.indiannursingcouncil.org/Reports/YearlyReportByState.aspx,2026-09-11T11:26:02.110999
14,Bombay Hospital College Of Nursing,"Bombay Hospital College Of Nursing, 6Th Floor, Bombay Hospital, Ring Road, Indore, Distt.- Indore, Madhya Pradesh, Pin Code- 452010",Bombay Hospital Trust,Indore,Madhya Pradesh,Private,M. Sc (N),10 (Ten),2025-2026,1,https://online.indiannursingcouncil.org/Reports/YearlyReportByState.aspx,2026-09-11T11:26:02.110999
15,Career School Of Nursing,"Career School Of Nursing, Opposite Dushehara, Maidan Govindpura Bhel, Huzur, Distt.- Bhopal, Madhya Pradesh, Pin Code- 462023",Career Society,Bhopal,Madhya Pradesh,Private,B.Sc(N),40 (Forty),2025-2026,1,https://online.indiannursingcouncil.org/Reports/YearlyReportByState.aspx,2026-09-11T11:26:02.110999
15,Career School Of Nursing,"Career School Of Nursing, Opposite Dushehara, Maidan Govindpura Bhel, Huzur, Distt.- Bhopal, Madhya Pradesh, Pin Code- 462023",Career Society,Bhopal,Madhya Pradesh,Private,M. Sc (N),25 (Twenty Five) Med Surg-05 Paed-05 Psy-05 Obg-05 Chn-05,2025-2026,1,https://online.indiannursingcouncil.org/Reports/YearlyReportByState.aspx,2026-09-11T11:26:02.110999
1,Career School Of Nursing,"Career School Of Nursing, Opposite Dushehara, Maidan Govindpura Bhel, Huzur, Distt.- Bhopal, Madhya Pradesh, Pin Code- 462023",Career Society,Bhopal,Madhya Pradesh,Private,GNM,30 (Thirty),2025-2026,2,https://online.indiannursingcouncil.org/Reports/YearlyReportByState.aspx,2026-09-11T11:26:10.829122
2,Central Institute Of Nursing Science,"Central Institute Of Nursing Science, Near Bhatera Chouki Railway Crossing, Bhatera Road, Balaghat, Distt.- Balaghat, Madhya Pradesh, Pin Code- 481001",Health Education And Diagnosti Science Technolgy,Balaghat,Madhya Pradesh,Private,GNM,30 (Thirty),2025-2026,2,https://online.indiannursingcouncil.org/Reports/YearlyReportByState.aspx,2026-09-11T11:26:10.829122
3,Central Institute Of Nursing Science,"Central Institute Of Nursing Science, S-2, Kachnar City, Vijay Nagar, , Jabalpur, Distt.- Jabalpur, Madhya Pradesh, Pin Code- 482002",Asudi Devi Siksha Samiti,Jabalpur,Madhya Pradesh,Private,GNM,40 (Forty),2025-2026,2,https://online.indiannursingcouncil.org/Reports/YearlyReportByState.aspx,2026-09-11T11:26:10.829122
4,Chirayu College Of Nursing,"Chirayu College Of Nursing, Chirayu Medical College And Hospital Campus, Bhopal- Indore Highway, Near Bairagarh, Bhopal , Bhopal , Distt.- Bhopal, Madhya Pradesh, Pin Code- 462030",Chirayu Charitable Foundation,Bhopal,Madhya Pradesh,Private,B.Sc(N),100 (One Hundred),2025-2026,2,https://online.indiannursingcouncil.org/Reports/YearlyReportByState.aspx,2026-09-11T11:26:10.829122
4,Chirayu College Of Nursing,"Chirayu College Of Nursing, Chirayu Medical College And Hospital Campus, Bhopal- Indore Highway, Near Bairagarh, Bhopal , Bhopal , Distt.- Bhopal, Madhya Pradesh, Pin Code- 462030",Chirayu Charitable Foundation,Bhopal,Madhya Pradesh,Private,M. Sc (N),25 (Twenty Five),2025-2026,2,https://online.indiannursingcouncil.org/Reports/YearlyReportByState.aspx,2026-09-11T11:26:10.829122
4,Chirayu College Of Nursing,"Chirayu College Of Nursing, Chirayu Medical College And Hospital Campus, Bhopal- Indore Highway, Near Bairagarh, Bhopal , Bhopal , Distt.- Bhopal, Madhya Pradesh, Pin Code- 462030",Chirayu Charitable Foundation,Bhopal,Madhya Pradesh,Private,P B B.Sc(N),30 (Thirty),2025-2026,2,https://online.indiannursingcouncil.org/Reports/YearlyReportByState.aspx,2026-09-11T11:26:10.829122
4,Chirayu College Of Nursing,"Chirayu College Of Nursing, Chirayu Medical College And Hospital Campus, Bhopal- Indore Highway, Near Bairagarh, Bhopal , Bhopal , Distt.- Bhopal, Madhya Pradesh, Pin Code- 462030",Chirayu Charitable Foundation,Bhopal,Madhya Pradesh,Private,GNM,100 (One Hundred),2025-2026,2,https://online.indiannursingcouncil.org/Reports/YearlyReportByState.aspx,2026-09-11T11:26:10.829122
5,Chirayu Institute Of Medical Science,"Chirayu Institute Of Medical Science, Main Road, Bichhua, , Distt.- Chhindwara, Madhya Pradesh, Pin Code- 480111",Chirayu Institute Of Medical Science,Chhindwara,Madhya Pradesh,Private,B.Sc(N),30 (Thirty),2025-2026,2,https://online.indiannursingcouncil.org/Reports/YearlyReportByState.aspx,2026-09-11T11:26:10.829122
6,Choithram College Of Nursing,"Choithram College Of Nursing , Manik Bagh Road , Indore, Distt.- Indore, Madhya Pradesh, Pin Code- 452014",Choithram Charitable Trust,Indore,Madhya Pradesh,Private,B.Sc(N),100 (One Hundred),2025-2026,2,https://online.indiannursingcouncil.org/Reports/YearlyReportByState.aspx,2026-09-11T11:26:10.829122
6,Choithram College Of Nursing,"Choithram College Of Nursing , Manik Bagh Road , Indore, Distt.- Indore, Madhya Pradesh, Pin Code- 452014",Choithram Charitable Trust,Indore,Madhya Pradesh,Private,M. Sc (N),"33 (Thirty Three) Chn-08, Med-Surg.-05, Obg-08, Paed.-06, Psy-06",2025-2026,2,https://online.indiannursingcouncil.org/Reports/YearlyReportByState.aspx,2026-09-11T11:26:10.829122
7,Christian Hospital Chattarpur,"Christian Hospital Chattarpur, Christian Hospital , Chhatarpur , Distt.- Chhatarpur, Madhya Pradesh, Pin Code- 471001",Bethesda Hospital Society,Chhatarpur,Madhya Pradesh,Private,GNM,20 (Twenty),2025-2026,2,https://online.indiannursingcouncil.org/Reports/YearlyReportByState.aspx,2026-09-11T11:26:10.829122
8,College Of Nursing,"College Of Nursing, Padhar Hospital, Post Padhar , Padhar, Distt.- Betul, Madhya Pradesh, Pin Code- 460005",Evangelical Lutheran Church In Mp,Betul,Madhya Pradesh,Private,B.Sc(N),30 (Thirty),2025-2026,2,https://online.indiannursingcouncil.org/Reports/YearlyReportByState.aspx,2026-09-11T11:26:10.829122
8,College Of Nursing,"College Of Nursing, Padhar Hospital, Post Padhar , Padhar, Distt.- Betul, Madhya Pradesh, Pin Code- 460005",Evangelical Lutheran Church In Mp,Betul,Madhya Pradesh,Private,GNM,40 (Forty),2025-2026,2,https://online.indiannursingcouncil.org/Reports/YearlyReportByState.aspx,2026-09-11T11:26:10.829122
9,Department Of Nursing Education,"Department Of Nursing Education, Brncop Campus Mhow Neemuch Road Near Krishi Upaj Mandi Mandsaur (M.P0, Mandsaur, Distt.- Mandsaur, Madhya Pradesh, Pin Code- 458001",Shri Bhanwar Lal Nahata Smriti Sansthan Mandsaur,Mandsaur,Madhya Pradesh,Private,B.Sc(N),30 (Thirty),2025-2026,2,https://online.indiannursingcouncil.org/Reports/YearlyReportByState.aspx,2026-09-11T11:26:10.829122
10,Diamond Nursing College,"Diamond Nursing College, Gandhi Nagar Bhensodamandi Tehsil Bhanpur Dist Mandsaur , Bhensodamandi, Distt.- Mandsaur, Madhya Pradesh, Pin Code- 458778",Jagrati Paryavaran Samajik Samati Bhensodamandi,Mandsaur,Madhya Pradesh,Private,B.Sc(N),40 (Forty),2025-2026,2,https://online.indiannursingcouncil.org/Reports/YearlyReportByState.aspx,2026-09-11T11:26:10.829122
10,Diamond Nursing College,"Diamond Nursing College, Gandhi Nagar Bhensodamandi Tehsil Bhanpur Dist Mandsaur , Bhensodamandi, Distt.- Mandsaur, Madhya Pradesh, Pin Code- 458778",Jagrati Paryavaran Samajik Samati Bhensodamandi,Mandsaur,Madhya Pradesh,Private,GNM,30 (Thirty),2025-2026,2,https://online.indiannursingcouncil.org/Reports/YearlyReportByState.aspx,2026-09-11T11:26:10.829122
11,District Hospital Anm Training Centre,"District Hospital Anm Training Centre, District Hospital Compound, , Distt.- Shivpuri, Madhya Pradesh, Pin Code- 0",,Shivpuri,Madhya Pradesh,Government,ANM,60 (Sixty),2025-2026,2,https://online.indiannursingcouncil.org/Reports/YearlyReportByState.aspx,2026-09-11T11:26:10.829122
12,Faculty Of Nursing Bhabha University Bhopal,"Faculty Of Nursing Bhabha University Bhopal, Bhabha University Nh-12 Hoshangabad Road Jatkhedi , Bhopal, Distt.- Bhopal, Madhya Pradesh, Pin Code- 462026",Bhabha University Bhopal,Bhopal,Madhya Pradesh,Private,B.Sc(N),30 (Thirty),2025-2026,2,https://online.indiannursingcouncil.org/Reports/YearlyReportByState.aspx,2026-09-11T11:26:10.829122
13,Female Health Worker School,"Female Health Worker School, Barwani, District Hospital Barwani, , Distt.- Barwani, Madhya Pradesh, Pin Code- 451551",,Barwani,Madhya Pradesh,Government,ANM,40 (Forty),2025-2026,2,https://online.indiannursingcouncil.org/Reports/YearlyReportByState.aspx,2026-09-11T11:26:10.829122
14,Ganpati Nursing College,"Ganpati Nursing College, Adampur Chhawani, Raisen Road, Near Hotel Reshumrao, Bhopal, Bhopal, Distt.- Bhopal, Madhya Pradesh, Pin Code- 462022",Ganpati Shiksha Samiti,Bhopal,Madhya Pradesh,Private,B.Sc(N),40 (Forty),2025-2026,2,https://online.indiannursingcouncil.org/Reports/YearlyReportByState.aspx,2026-09-11T11:26:10.829122
14,Ganpati Nursing College,"Ganpati Nursing College, Adampur Chhawani, Raisen Road, Near Hotel Reshumrao, Bhopal, Bhopal, Distt.- Bhopal, Madhya Pradesh, Pin Code- 462022",Ganpati Shiksha Samiti,Bhopal,Madhya Pradesh,Private,GNM,40 (Forty),2025-2026,2,https://online.indiannursingcouncil.org/Reports/YearlyReportByState.aspx,2026-09-11T11:26:10.829122
15,Government College Of Nursing,"Government College Of Nursing, In Front Of Water Tank Sudama Nagar , Ujjain, Distt.- Ujjain, Madhya Pradesh, Pin Code- 456001",Government Of Madhya Pradesh,Ujjain,Madhya Pradesh,Government,B.Sc(N),60 (Sixty),2025-2026,2,https://online.indiannursingcouncil.org/Reports/YearlyReportByState.aspx,2026-09-11T11:26:10.829122
15,Government College Of Nursing,"Government College Of Nursing, In Front Of Water Tank Sudama Nagar , Ujjain, Distt.- Ujjain, Madhya Pradesh, Pin Code- 456001",Government Of Madhya Pradesh,Ujjain,Madhya Pradesh,Government,P B B.Sc(N),50 (Fifty),2025-2026,2,https://online.indiannursingcouncil.org/Reports/YearlyReportByState.aspx,2026-09-11T11:26:10.829122
16,Government Gnm School,"Government Gnm School , Near Chaudhari Shankarlal Dube, District Hospital, , Distt.- Narsinghpur, Madhya Pradesh, Pin Code-","Government School Of Nursing, Narsinghpur",Narsinghpur,Madhya Pradesh,Government,Upgraded College of Nursing,60 (Sixty),2025-2026,2,https://online.indiannursingcouncil.org/Reports/YearlyReportByState.aspx,2026-09-11T11:26:10.829122
17,Government Rani Durgawati College Of Nursing,"Government Rani Durgawati College Of Nursing, Elgin Hospital Campus Near High Court , Jabalpur, Distt.- Jabalpur, Madhya Pradesh, Pin Code- 482001",Govt. Of Madhya Pradesh,Jabalpur,Madhya Pradesh,Government,B.Sc(N),60 (Sixty),2025-2026,2,https://online.indiannursingcouncil.org/Reports/YearlyReportByState.aspx,2026-09-11T11:26:10.829122
17,Government Rani Durgawati College Of Nursing,"Government Rani Durgawati College Of Nursing, Elgin Hospital Campus Near High Court , Jabalpur, Distt.- Jabalpur, Madhya Pradesh, Pin Code- 482001",Govt. Of Madhya Pradesh,Jabalpur,Madhya Pradesh,Government,P B B.Sc(N),25 (Twenty Five),2025-2026,2,https://online.indiannursingcouncil.org/Reports/YearlyReportByState.aspx,2026-09-11T11:26:10.829122
18,Govt G N M T C,"Govt G N M T C, Near Medical College Idgah Chauraha,, Vidisha, Distt.- Vidisha, Madhya Pradesh, Pin Code- 464001",Goverment,Vidisha,Madhya Pradesh,Government,Upgraded College of Nursing,50 (Fifty),2025-2026,2,https://online.indiannursingcouncil.org/Reports/YearlyReportByState.aspx,2026-09-11T11:26:10.829122
19,Govt Nursing College,"Govt Nursing College, Gmh Rewa, Haribhushan Nagar Medical College Campus, Rewa, Distt.- Rewa, Madhya Pradesh, Pin Code- 486001",Govt. Of Madhya Pradesh,Rewa,Madhya Pradesh,Government,P B B.Sc(N),60 (Sixty),2025-2026,2,https://online.indiannursingcouncil.org/Reports/YearlyReportByState.aspx,2026-09-11T11:26:10.829122
19,Govt Nursing College,"Govt Nursing College, Gmh Rewa, Haribhushan Nagar Medical College Campus, Rewa, Distt.- Rewa, Madhya Pradesh, Pin Code- 486001",Govt. Of Madhya Pradesh,Rewa,Madhya Pradesh,Government,M. Sc (N),"30 (Thirty) Pead.- 06, Med.-Surg.-06, Obg- 10, Chn-03, Psy. - 05",2025-2026,2,https://online.indiannursingcouncil.org/Reports/YearlyReportByState.aspx,2026-09-11T11:26:10.829122
1,Govt Nursing College,"Govt Nursing College, Gmh Rewa, Haribhushan Nagar Medical College Campus, Rewa, Distt.- Rewa, Madhya Pradesh, Pin Code- 486001",Govt. Of Madhya Pradesh,Rewa,Madhya Pradesh,Government,B.Sc(N),30 (Thirty),2025-2026,3,https://online.indiannursingcouncil.org/Reports/YearlyReportByState.aspx,2026-09-11T11:26:18.869453
2,Govt. Collage Of Nursing Dewas,"Govt. Collage Of Nursing Dewas, Govt. Collage Of Nursing Dewas, Dewas, Distt.- Dewas, Madhya Pradesh, Pin Code- 455001",M.P. Goverment,Dewas,Madhya Pradesh,Government,Upgraded College of Nursing,60 (Sixty),2025-2026,3,https://online.indiannursingcouncil.org/Reports/YearlyReportByState.aspx,2026-09-11T11:26:18.869453
3,Govt. College Of Nursing Raisen,"Govt. College Of Nursing Raisen, Near New Bus Stand, Bhopal Road Raisen, Raisen, Distt.- Raisen, Madhya Pradesh, Pin Code- 464551",Madhyapradesh,Raisen,Madhya Pradesh,Government,Upgraded College of Nursing,60 (Sixty),2025-2026,3,https://online.indiannursingcouncil.org/Reports/YearlyReportByState.aspx,2026-09-11T11:26:18.869453
4,Govt. College Of Nursing,"Govt. College Of Nursing, Akash Tower Jaithari Road Near Tulsi College Anuppur, Anuppur, Distt.- Anuppur, Madhya Pradesh, Pin Code- 484224",Dhs Bhopal,Anuppur,Madhya Pradesh,Government,B.Sc(N),30 (Thirty),2025-2026,3,https://online.indiannursingcouncil.org/Reports/YearlyReportByState.aspx,2026-09-11T11:26:18.869453
5,Govt. Multipurpose Female Health Workers',"Govt. Multipurpose Female Health Workers', Govt. Multipurpose Female Health Workers' School (Distt Hosp), Dhar Khande Rao Tekari, Dhar, Distt.- Dhar, Madhya Pradesh, Pin Code- 454001",Mp,Dhar,Madhya Pradesh,Government,ANM,55 (Fifty Five),2025-2026,3,https://online.indiannursingcouncil.org/Reports/YearlyReportByState.aspx,2026-09-11T11:26:18.869453
6,Govt. Nursing College,"Govt. Nursing College, Netaji Subhash Chandra Bose College Of Nursing, Government Medical College Hospital, Jabalpur, Distt.- Jabalpur, Madhya Pradesh, Pin Code- 482003",Madhya Pradesh,Jabalpur,Madhya Pradesh,Government,B.Sc(N),120 (One Hundred Twenty),2025-2026,3,https://online.indiannursingcouncil.org/Reports/YearlyReportByState.aspx,2026-09-11T11:26:18.869453
6,Govt. Nursing College,"Govt. Nursing College, Netaji Subhash Chandra Bose College Of Nursing, Government Medical College Hospital, Jabalpur, Distt.- Jabalpur, Madhya Pradesh, Pin Code- 482003",Madhya Pradesh,Jabalpur,Madhya Pradesh,Government,M. Sc (N),50 (Fifty),2025-2026,3,https://online.indiannursingcouncil.org/Reports/YearlyReportByState.aspx,2026-09-11T11:26:18.869453
6,Govt. Nursing College,"Govt. Nursing College, Netaji Subhash Chandra Bose College Of Nursing, Government Medical College Hospital, Jabalpur, Distt.- Jabalpur, Madhya Pradesh, Pin Code- 482003",Madhya Pradesh,Jabalpur,Madhya Pradesh,Government,P B B.Sc(N),60 (Sixty),2025-2026,3,https://online.indiannursingcouncil.org/Reports/YearlyReportByState.aspx,2026-09-11T11:26:18.869453
7,Gracious College Of Nursing,"Gracious College Of Nursing, Opp. Balaghat Hospital,Bhatera Road, Balaghat, Distt.- Balaghat, Madhya Pradesh, Pin Code- 481001",Anudish Sansthan,Balaghat,Madhya Pradesh,Private,B.Sc(N),40 (Forty),2025-2026,3,https://online.indiannursingcouncil.org/Reports/YearlyReportByState.aspx,2026-09-11T11:26:18.869453
7,Gracious College Of Nursing,"Gracious College Of Nursing, Opp. Balaghat Hospital,Bhatera Road, Balaghat, Distt.- Balaghat, Madhya Pradesh, Pin Code- 481001",Anudish Sansthan,Balaghat,Madhya Pradesh,Private,P B B.Sc(N),30 (Thirty),2025-2026,3,https://online.indiannursingcouncil.org/Reports/YearlyReportByState.aspx,2026-09-11T11:26:18.869453
8,Gyanodaya Institute Of Professional Studies Dewas,"Gyanodaya Institute Of Professional Studies Dewas, 300/2 Mendki Chak Road,Dewas, Dewas, Distt.- Dewas, Madhya Pradesh, Pin Code- 455001",Parasram Chourasia Education Society Dewas,Dewas,Madhya Pradesh,Private,B.Sc(N),20 (Twenty),2025-2026,3,https://online.indiannursingcouncil.org/Reports/YearlyReportByState.aspx,2026-09-11T11:26:18.869453
8,Gyanodaya Institute Of Professional Studies Dewas,"Gyanodaya Institute Of Professional Studies Dewas, 300/2 Mendki Chak Road,Dewas, Dewas, Distt.- Dewas, Madhya Pradesh, Pin Code- 455001",Parasram Chourasia Education Society Dewas,Dewas,Madhya Pradesh,Private,GNM,40 (Forty),2025-2026,3,https://online.indiannursingcouncil.org/Reports/YearlyReportByState.aspx,2026-09-11T11:26:18.869453
9,I C Institute Of Women Health Worker,"I C Institute Of Women Health Worker, Sagar Tal Road, Bahodapur, Gwalior, Distt.- Gwalior, Madhya Pradesh, Pin Code- 474012",Ku Divya Bahuuddesiya Shiksha Prasar Evam Samaj Kalyan Samiti,Gwalior,Madhya Pradesh,Private,ANM,40 (Forty),2025-2026,3,https://online.indiannursingcouncil.org/Reports/YearlyReportByState.aspx,2026-09-11T11:26:18.869453
10,Ies College Of Nursing,"Ies College Of Nursing , Near Itcchaupal Bhopal Indore Bypass Roadrafiqueganj Sehore 466001, Sehore, Distt.- Sehore, Madhya Pradesh, Pin Code- 466001",Infotech Education Society,Sehore,Madhya Pradesh,Private,P B B.Sc(N),20 (Twenty),2025-2026,3,https://online.indiannursingcouncil.org/Reports/YearlyReportByState.aspx,2026-09-11T11:26:18.869453
10,Ies College Of Nursing,"Ies College Of Nursing , Near Itcchaupal Bhopal Indore Bypass Roadrafiqueganj Sehore 466001, Sehore, Distt.- Sehore, Madhya Pradesh, Pin Code- 466001",Infotech Education Society,Sehore,Madhya Pradesh,Private,B.Sc(N),40 (Forty),2025-2026,3,https://online.indiannursingcouncil.org/Reports/YearlyReportByState.aspx,2026-09-11T11:26:18.869453
10,Ies College Of Nursing,"Ies College Of Nursing , Near Itcchaupal Bhopal Indore Bypass Roadrafiqueganj Sehore 466001, Sehore, Distt.- Sehore, Madhya Pradesh, Pin Code- 466001",Infotech Education Society,Sehore,Madhya Pradesh,Private,GNM,40 (Forty),2025-2026,3,https://online.indiannursingcouncil.org/Reports/YearlyReportByState.aspx,2026-09-11T11:26:18.869453
11,Ies College Of Nursing,"Ies College Of Nursing, Ies Campus Ratibad Main Road Bhopal, Bhopal, Distt.- Bhopal, Madhya Pradesh, Pin Code- 462044",Infotech Education Society,Bhopal,Madhya Pradesh,Private,P B B.Sc(N),20 (Twenty),2025-2026,3,https://online.indiannursingcouncil.org/Reports/YearlyReportByState.aspx,2026-09-11T11:26:18.869453
11,Ies College Of Nursing,"Ies College Of Nursing, Ies Campus Ratibad Main Road Bhopal, Bhopal, Distt.- Bhopal, Madhya Pradesh, Pin Code- 462044",Infotech Education Society,Bhopal,Madhya Pradesh,Private,B.Sc(N),60 (Sixty),2025-2026,3,https://online.indiannursingcouncil.org/Reports/YearlyReportByState.aspx,2026-09-11T11:26:18.869453
11,Ies College Of Nursing,"Ies College Of Nursing, Ies Campus Ratibad Main Road Bhopal, Bhopal, Distt.- Bhopal, Madhya Pradesh, Pin Code- 462044",Infotech Education Society,Bhopal,Madhya Pradesh,Private,GNM,40 (Forty),2025-2026,3,https://online.indiannursingcouncil.org/Reports/YearlyReportByState.aspx,2026-09-11T11:26:18.869453
12,Index School Of Nursing,"Index School Of Nursing, Nemawar Road, Post Bhavlia Khurd , Vill.- Morodhat, Tehsil- Indore, Distt.- Indore, Madhya Pradesh, Pin Code- 452016",Mayank Welfare Society,Indore,Madhya Pradesh,Private,ANM,40 (Forty),2025-2026,3,https://online.indiannursingcouncil.org/Reports/YearlyReportByState.aspx,2026-09-11T11:26:18.869453
12,Index School Of Nursing,"Index School Of Nursing, Nemawar Road, Post Bhavlia Khurd , Vill.- Morodhat, Tehsil- Indore, Distt.- Indore, Madhya Pradesh, Pin Code- 452016",Mayank Welfare Society,Indore,Madhya Pradesh,Private,GNM,100 (Hundred),2025-2026,3,https://online.indiannursingcouncil.org/Reports/YearlyReportByState.aspx,2026-09-11T11:26:18.869453
12,Index School Of Nursing,"Index School Of Nursing, Nemawar Road, Post Bhavlia Khurd , Vill.- Morodhat, Tehsil- Indore, Distt.- Indore, Madhya Pradesh, Pin Code- 452016",Mayank Welfare Society,Indore,Madhya Pradesh,Private,B.Sc(N),150 (One Hundred Fifty),2025-2026,3,https://online.indiannursingcouncil.org/Reports/YearlyReportByState.aspx,2026-09-11T11:26:18.869453
12,Index School Of Nursing,"Index School Of Nursing, Nemawar Road, Post Bhavlia Khurd , Vill.- Morodhat, Tehsil- Indore, Distt.- Indore, Madhya Pradesh, Pin Code- 452016",Mayank Welfare Society,Indore,Madhya Pradesh,Private,M. Sc (N),50 (Fifty) Med Surg-15 Paed-10 Obg-10 Psy-10 Chn-05,2025-2026,3,https://online.indiannursingcouncil.org/Reports/YearlyReportByState.aspx,2026-09-11T11:26:18.869453
12,Index School Of Nursing,"Index School Of Nursing, Nemawar Road, Post Bhavlia Khurd , Vill.- Morodhat, Tehsil- Indore, Distt.- Indore, Madhya Pradesh, Pin Code- 452016",Mayank Welfare Society,Indore,Madhya Pradesh,Private,P B B.Sc(N),60 (Sixty),2025-2026,3,https://online.indiannursingcouncil.org/Reports/YearlyReportByState.aspx,2026-09-11T11:26:18.869453
13,Indian Institute Of Nursing Science And Research,"Indian Institute Of Nursing Science And Research, S-2, Kachnar City, Vijay Nagar, Jabalpur, Distt.- Jabalpur, Madhya Pradesh, Pin Code- 482002",Aasudi Devi Shiksha Samiti,Jabalpur,Madhya Pradesh,Private,B.Sc(N),40 (Forty),2025-2026,3,https://online.indiannursingcouncil.org/Reports/YearlyReportByState.aspx,2026-09-11T11:26:18.869453
14,Indore Nursing School,"Indore Nursing School, Gendalal Bam Parisar, Rau-Pithampur Road, Opposite Iim, Rau., Vill.- Dehari-Rangwasa, Tehsil- Indore, Distt.- Indore, Madhya Pradesh, Pin Code- 453331",Icon Education Society,Indore,Madhya Pradesh,Private,GNM,50 (Fifty),2025-2026,3,https://online.indiannursingcouncil.org/Reports/YearlyReportByState.aspx,2026-09-11T11:26:18.869453
14,Indore Nursing School,"Indore Nursing School, Gendalal Bam Parisar, Rau-Pithampur Road, Opposite Iim, Rau., Vill.- Dehari-Rangwasa, Tehsil- Indore, Distt.- Indore, Madhya Pradesh, Pin Code- 453331",Icon Education Society,Indore,Madhya Pradesh,Private,B.Sc(N),60 (Sixty),2025-2026,3,https://online.indiannursingcouncil.org/Reports/YearlyReportByState.aspx,2026-09-11T11:26:18.869453
14,Indore Nursing School,"Indore Nursing School, Gendalal Bam Parisar, Rau-Pithampur Road, Opposite Iim, Rau., Vill.- Dehari-Rangwasa, Tehsil- Indore, Distt.- Indore, Madhya Pradesh, Pin Code- 453331",Icon Education Society,Indore,Madhya Pradesh,Private,M. Sc (N),25 (Twenty Five),2025-2026,3,https://online.indiannursingcouncil.org/Reports/YearlyReportByState.aspx,2026-09-11T11:26:18.869453
14,Indore Nursing School,"Indore Nursing School, Gendalal Bam Parisar, Rau-Pithampur Road, Opposite Iim, Rau., Vill.- Dehari-Rangwasa, Tehsil- Indore, Distt.- Indore, Madhya Pradesh, Pin Code- 453331",Icon Education Society,Indore,Madhya Pradesh,Private,P B B.Sc(N),30 (Thirty),2025-2026,3,https://online.indiannursingcouncil.org/Reports/YearlyReportByState.aspx,2026-09-11T11:26:18.869453
1,Institute Of Nursing Science Studies And Research,"Institute Of Nursing Science Studies And Research, Opp.Sithouli Railway Station Nh-75 Jhansi Road, Madhya Pradesh, Distt.- Gwalior, Madhya Pradesh, Pin Code- 474001",Itm University Gwalior,Gwalior,Madhya Pradesh,Private,GNM,60 (Sixty),2025-2026,4,https://online.indiannursingcouncil.org/Reports/YearlyReportByState.aspx,2026-09-11T11:26:26.969517
1,Institute Of Nursing Science Studies And Research,"Institute Of Nursing Science Studies And Research, Opp.Sithouli Railway Station Nh-75 Jhansi Road, Madhya Pradesh, Distt.- Gwalior, Madhya Pradesh, Pin Code- 474001",Itm University Gwalior,Gwalior,Madhya Pradesh,Private,B.Sc(N),60 (Sixty),2025-2026,4,https://online.indiannursingcouncil.org/Reports/YearlyReportByState.aspx,2026-09-11T11:26:26.969517
1,Institute Of Nursing Science Studies And Research,"Institute Of Nursing Science Studies And Research, Opp.Sithouli Railway Station Nh-75 Jhansi Road, Madhya Pradesh, Distt.- Gwalior, Madhya Pradesh, Pin Code- 474001",Itm University Gwalior,Gwalior,Madhya Pradesh,Private,M. Sc (N),18 (Eighteen),2025-2026,4,https://online.indiannursingcouncil.org/Reports/YearlyReportByState.aspx,2026-09-11T11:26:26.969517
2,Jabalpur Institute Of Nursing Sciences & Research,"Jabalpur Institute Of Nursing Sciences & Research, Hitkarni Sabha Parisar, Jonesganj , Vill.- Jabalpur, Tehsil- Jabalpur, Distt.- Jabalpur, Madhya Pradesh, Pin Code- 482001",Hitkarini Sabha,Jabalpur,Madhya Pradesh,Private,B.Sc(N),60 (Sixty),2025-2026,4,https://online.indiannursingcouncil.org/Reports/YearlyReportByState.aspx,2026-09-11T11:26:26.969517
2,Jabalpur Institute Of Nursing Sciences & Research,"Jabalpur Institute Of Nursing Sciences & Research, Hitkarni Sabha Parisar, Jonesganj , Vill.- Jabalpur, Tehsil- Jabalpur, Distt.- Jabalpur, Madhya Pradesh, Pin Code- 482001",Hitkarini Sabha,Jabalpur,Madhya Pradesh,Private,M. Sc (N),15 (Fifteen),2025-2026,4,https://online.indiannursingcouncil.org/Reports/YearlyReportByState.aspx,2026-09-11T11:26:26.969517
3,Jeevan Jyoti College Of Nursing,"Jeevan Jyoti College Of Nursing, Panna Road, Near Chhatrasal Nagar , Chhatarpur, Distt.- Chhatarpur, Madhya Pradesh, Pin Code- 471001",Satguru Shiksha Prasar Evam Jankalyan Samiti,Chhatarpur,Madhya Pradesh,Private,GNM,40 (Forty),2025-2026,4,https://online.indiannursingcouncil.org/Reports/YearlyReportByState.aspx,2026-09-11T11:26:26.969517
4,Kasturba College Of Nursing,"Kasturba College Of Nursing, Habibganj, Bhel, Bhopal, Distt.- Bhopal, Madhya Pradesh, Pin Code- 462024",Bhel Shiksha Mandal,Bhopal,Madhya Pradesh,Private,B.Sc(N),60 (Sixty),2025-2026,4,https://online.indiannursingcouncil.org/Reports/YearlyReportByState.aspx,2026-09-11T11:26:26.969517
5,Kewal Shree Institute Of Nursing,"Kewal Shree Institute Of Nursing, A.B Road, Baypass, Vill.- Nayta Mundla, Tehsil- Indore, Distt.- Indore, Madhya Pradesh, Pin Code- 452001",Hare Rama Hare Krishna Shiv Shan Shikshan Samiti,Indore,Madhya Pradesh,Private,GNM,40 (Forty),2025-2026,4,https://online.indiannursingcouncil.org/Reports/YearlyReportByState.aspx,2026-09-11T11:26:26.969517
6,Kusha Bhau Thakre Nursing College,"Kusha Bhau Thakre Nursing College, Opp Hall Mark City, Kolar Road Thakeda, Bhopal, Distt.- Bhopal, Madhya Pradesh, Pin Code- 462042",La Dynamizue Educational And Social Welfare Society,Bhopal,Madhya Pradesh,Private,ANM,50 (Fifty),2025-2026,4,https://online.indiannursingcouncil.org/Reports/YearlyReportByState.aspx,2026-09-11T11:26:26.969517
6,Kusha Bhau Thakre Nursing College,"Kusha Bhau Thakre Nursing College, Opp Hall Mark City, Kolar Road Thakeda, Bhopal, Distt.- Bhopal, Madhya Pradesh, Pin Code- 462042",La Dynamizue Educational And Social Welfare Society,Bhopal,Madhya Pradesh,Private,B.Sc(N),60 (Sixty),2025-2026,4,https://online.indiannursingcouncil.org/Reports/YearlyReportByState.aspx,2026-09-11T11:26:26.969517
6,Kusha Bhau Thakre Nursing College,"Kusha Bhau Thakre Nursing College, Opp Hall Mark City, Kolar Road Thakeda, Bhopal, Distt.- Bhopal, Madhya Pradesh, Pin Code- 462042",La Dynamizue Educational And Social Welfare Society,Bhopal,Madhya Pradesh,Private,GNM,60 (Sixty),2025-2026,4,https://online.indiannursingcouncil.org/Reports/YearlyReportByState.aspx,2026-09-11T11:26:26.969517
6,Kusha Bhau Thakre Nursing College,"Kusha Bhau Thakre Nursing College, Opp Hall Mark City, Kolar Road Thakeda, Bhopal, Distt.- Bhopal, Madhya Pradesh, Pin Code- 462042",La Dynamizue Educational And Social Welfare Society,Bhopal,Madhya Pradesh,Private,M. Sc (N),25 (Twenty Five) Obg-5 Chn-5 Med-Surg-5 Paed-5 Psy-5,2025-2026,4,https://online.indiannursingcouncil.org/Reports/YearlyReportByState.aspx,2026-09-11T11:26:26.969517
6,Kusha Bhau Thakre Nursing College,"Kusha Bhau Thakre Nursing College, Opp Hall Mark City, Kolar Road Thakeda, Bhopal, Distt.- Bhopal, Madhya Pradesh, Pin Code- 462042",La Dynamizue Educational And Social Welfare Society,Bhopal,Madhya Pradesh,Private,P B B.Sc(N),50 (Fifty,2025-2026,4,https://online.indiannursingcouncil.org/Reports/YearlyReportByState.aspx,2026-09-11T11:26:26.969517
7,L C H Nursing Academy,"L C H Nursing Academy, 2 Scheme No 78 Part Ii Vijay Nagar , Indore, Distt.- Indore, Madhya Pradesh, Pin Code- 452010",Lifecare Hospital Ltd,Indore,Madhya Pradesh,Private,GNM,40 (Forty),2025-2026,4,https://online.indiannursingcouncil.org/Reports/YearlyReportByState.aspx,2026-09-11T11:26:26.969517
8,L N Nursing School,"L N Nursing School, L N C T University Campus, Kplar Road , Bhopal, Distt.- Bhopal, Madhya Pradesh, Pin Code- 462042",H K Kalchuri Education Trust,Bhopal,Madhya Pradesh,Private,GNM,100 (One Hundred),2025-2026,4,https://online.indiannursingcouncil.org/Reports/YearlyReportByState.aspx,2026-09-11T11:26:26.969517
8,L N Nursing School,"L N Nursing School, L N C T University Campus, Kplar Road , Bhopal, Distt.- Bhopal, Madhya Pradesh, Pin Code- 462042",H K Kalchuri Education Trust,Bhopal,Madhya Pradesh,Private,B.Sc(N),100 (One Hundred),2025-2026,4,https://online.indiannursingcouncil.org/Reports/YearlyReportByState.aspx,2026-09-11T11:26:26.969517
8,L N Nursing School,"L N Nursing School, L N C T University Campus, Kplar Road , Bhopal, Distt.- Bhopal, Madhya Pradesh, Pin Code- 462042",H K Kalchuri Education Trust,Bhopal,Madhya Pradesh,Private,M. Sc (N),50 (Fifty),2025-2026,4,https://online.indiannursingcouncil.org/Reports/YearlyReportByState.aspx,2026-09-11T11:26:26.969517
8,L N Nursing School,"L N Nursing School, L N C T University Campus, Kplar Road , Bhopal, Distt.- Bhopal, Madhya Pradesh, Pin Code- 462042",H K Kalchuri Education Trust,Bhopal,Madhya Pradesh,Private,P B B.Sc(N),50 (Fifty),2025-2026,4,https://online.indiannursingcouncil.org/Reports/YearlyReportByState.aspx,2026-09-11T11:26:26.969517
9,Lal Bahadur Shastri Vyavsayik Adhyayan Mahavidyalaya,"Lal Bahadur Shastri Vyavsayik Adhyayan Mahavidyalaya, Handia Road, Harda, Distt.- Harda, Madhya Pradesh, Pin Code- 461331",Vedant Shikshan Samiti,Harda,Madhya Pradesh,Private,GNM,30 (Thirty),2025-2026,4,https://online.indiannursingcouncil.org/Reports/YearlyReportByState.aspx,2026-09-11T11:26:26.969517
10,M G M School Of Nursing,"M G M School Of Nursing, M G M Hospital Research Centre, Kacheri Square, Katni, Distt.- Katni, Madhya Pradesh, Pin Code- 483501",Katni Hospital Pvt Ltd,Katni,Madhya Pradesh,Private,GNM,50 (Fifty),2025-2026,4,https://online.indiannursingcouncil.org/Reports/YearlyReportByState.aspx,2026-09-11T11:26:26.969517
10,M G M School Of Nursing,"M G M School Of Nursing, M G M Hospital Research Centre, Kacheri Square, Katni, Distt.- Katni, Madhya Pradesh, Pin Code- 483501",Katni Hospital Pvt Ltd,Katni,Madhya Pradesh,Private,B.Sc(N),60 (Sixty),2025-2026,4,https://online.indiannursingcouncil.org/Reports/YearlyReportByState.aspx,2026-09-11T11:26:26.969517
11,Maan College Of Nursing,"Maan College Of Nursing, Plot No- Sa, Sector-B, Indira Vihar Colony, Airport Road, Bhopal, Distt.- Bhopal, Madhya Pradesh, Pin Code- 462032",Gandhi Memorial Health Care Foundation,Bhopal,Madhya Pradesh,Private,GNM,50 (Fifty),2025-2026,4,https://online.indiannursingcouncil.org/Reports/YearlyReportByState.aspx,2026-09-11T11:26:26.969517
11,Maan College Of Nursing,"Maan College Of Nursing, Plot No- Sa, Sector-B, Indira Vihar Colony, Airport Road, Bhopal, Distt.- Bhopal, Madhya Pradesh, Pin Code- 462032",Gandhi Memorial Health Care Foundation,Bhopal,Madhya Pradesh,Private,B.Sc(N),40 (Forty),2025-2026,4,https://online.indiannursingcouncil.org/Reports/YearlyReportByState.aspx,2026-09-11T11:26:26.969517
11,Maan College Of Nursing,"Maan College Of Nursing, Plot No- Sa, Sector-B, Indira Vihar Colony, Airport Road, Bhopal, Distt.- Bhopal, Madhya Pradesh, Pin Code- 462032",Gandhi Memorial Health Care Foundation,Bhopal,Madhya Pradesh,Private,M. Sc (N),25 5 In Each Speciality,2025-2026,4,https://online.indiannursingcouncil.org/Reports/YearlyReportByState.aspx,2026-09-11T11:26:26.969517
12,Mahakoshal College Of Science,"Mahakoshal College Of Science, Chhapara, Chhapara, Distt.- Seoni, Madhya Pradesh, Pin Code- 480884",Maa Durgeshwari Education And Social Society,Seoni,Madhya Pradesh,Private,B.Sc(N),40 (Forty),2025-2026,4,https://online.indiannursingcouncil.org/Reports/YearlyReportByState.aspx,2026-09-11T11:26:26.969517
13,Maharana Pratap School Of Nursing,"Maharana Pratap School Of Nursing, Amarpura Road, Near Ratibad, Vill.- Amla , Tehsil- Huzur, Distt.- Bhopal, Madhya Pradesh, Pin Code- 462044",Maharana Pratap Social Research And Education Society Bhopal,Bhopal,Madhya Pradesh,Private,GNM,40 (Forty),2025-2026,4,https://online.indiannursingcouncil.org/Reports/YearlyReportByState.aspx,2026-09-11T11:26:26.969517
14,Mahi Institute Of Nursing,"Mahi Institute Of Nursing, Kariya Road, Sailana, Distt.- Ratlam, Madhya Pradesh, Pin Code- 457550",Mahi Foundation Trust,Ratlam,Madhya Pradesh,Private,GNM,50 (Fifty),2025-2026,4,https://online.indiannursingcouncil.org/Reports/YearlyReportByState.aspx,2026-09-11T11:26:26.969517
15,Mahi School Of Nursing,"Mahi School Of Nursing, Post- Sarwan, Vill.- Sarwan, Tehsil- Sailana, Distt.- Ratlam, Madhya Pradesh, Pin Code- 457551",Sarwan Samyak Siksha Prasar Samiti,Ratlam,Madhya Pradesh,Private,GNM,60 (Sixty),2025-2026,4,https://online.indiannursingcouncil.org/Reports/YearlyReportByState.aspx,2026-09-11T11:26:26.969517
16,Malwa School Of Nursing,"Malwa School Of Nursing, Binaganj-Chachoda, Vill.- Sagar Jaisinghpura, Tehsil- Chanchoda, Distt.- Guna, Madhya Pradesh, Pin Code- 473115",Amarlata Shaikshanik Evam Jan Sewa Samiti Guna,Guna,Madhya Pradesh,Private,ANM,40 (Forty),2025-2026,4,https://online.indiannursingcouncil.org/Reports/YearlyReportByState.aspx,2026-09-11T11:26:26.969517
16,Malwa School Of Nursing,"Malwa School Of Nursing, Binaganj-Chachoda, Vill.- Sagar Jaisinghpura, Tehsil- Chanchoda, Distt.- Guna, Madhya Pradesh, Pin Code- 473115",Amarlata Shaikshanik Evam Jan Sewa Samiti Guna,Guna,Madhya Pradesh,Private,GNM,40 (Forty),2025-2026,4,https://online.indiannursingcouncil.org/Reports/YearlyReportByState.aspx,2026-09-11T11:26:26.969517
1,Manoj Jain Memorial College Of Nursing Science & Res,"Manoj Jain Memorial College Of Nursing Science & Res, Mahadeva Road,Raghuraj Nagar, Sherganj , Satna, Distt.- Satna, Madhya Pradesh, Pin Code- 485001",Late Smt Sampat Bai Jain Sammiti,Satna,Madhya Pradesh,Private,GNM,40 (Forty),2025-2026,5,https://online.indiannursingcouncil.org/Reports/YearlyReportByState.aspx,2026-09-11T11:26:35.978476
1,Manoj Jain Memorial College Of Nursing Science & Res,"Manoj Jain Memorial College Of Nursing Science & Res, Mahadeva Road,Raghuraj Nagar, Sherganj , Satna, Distt.- Satna, Madhya Pradesh, Pin Code- 485001",Late Smt Sampat Bai Jain Sammiti,Satna,Madhya Pradesh,Private,B.Sc(N),40 (Forty),2025-2026,5,https://online.indiannursingcouncil.org/Reports/YearlyReportByState.aspx,2026-09-11T11:26:35.978476
2,Mansarovar Nursing College,"Mansarovar Nursing College, Mansarovar Campus, Kolar Road, Bhopal, Distt.- Bhopal, Madhya Pradesh, Pin Code- 462042",Sri Sai Gramothan Samiti,Bhopal,Madhya Pradesh,Private,ANM,30 (Thirty),2025-2026,5,https://online.indiannursingcouncil.org/Reports/YearlyReportByState.aspx,2026-09-11T11:26:35.978476
2,Mansarovar Nursing College,"Mansarovar Nursing College, Mansarovar Campus, Kolar Road, Bhopal, Distt.- Bhopal, Madhya Pradesh, Pin Code- 462042",Sri Sai Gramothan Samiti,Bhopal,Madhya Pradesh,Private,GNM,40 (Forty),2025-2026,5,https://online.indiannursingcouncil.org/Reports/YearlyReportByState.aspx,2026-09-11T11:26:35.978476
2,Mansarovar Nursing College,"Mansarovar Nursing College, Mansarovar Campus, Kolar Road, Bhopal, Distt.- Bhopal, Madhya Pradesh, Pin Code- 462042",Sri Sai Gramothan Samiti,Bhopal,Madhya Pradesh,Private,B.Sc(N),60 (Sixty),2025-2026,5,https://online.indiannursingcouncil.org/Reports/YearlyReportByState.aspx,2026-09-11T11:26:35.978476
2,Mansarovar Nursing College,"Mansarovar Nursing College, Mansarovar Campus, Kolar Road, Bhopal, Distt.- Bhopal, Madhya Pradesh, Pin Code- 462042",Sri Sai Gramothan Samiti,Bhopal,Madhya Pradesh,Private,M. Sc (N),"20 (Twenty) Med-Surg-5, Chn-5, Obg-5, Paed-5",2025-2026,5,https://online.indiannursingcouncil.org/Reports/YearlyReportByState.aspx,2026-09-11T11:26:35.978476
2,Mansarovar Nursing College,"Mansarovar Nursing College, Mansarovar Campus, Kolar Road, Bhopal, Distt.- Bhopal, Madhya Pradesh, Pin Code- 462042",Sri Sai Gramothan Samiti,Bhopal,Madhya Pradesh,Private,P B B.Sc(N),40 (Forty),2025-2026,5,https://online.indiannursingcouncil.org/Reports/YearlyReportByState.aspx,2026-09-11T11:26:35.978476
3,Mar Baselios College Of Nursing,"Mar Baselios College Of Nursing, St. Thomas Campus, G - Sector, Ayodhya Nagar, Bhopal, Distt.- Bhopal, Madhya Pradesh, Pin Code- 462041",Bhopal Malankara Catholic Associations,Bhopal,Madhya Pradesh,Private,B.Sc(N),50 (Fifty),2025-2026,5,https://online.indiannursingcouncil.org/Reports/YearlyReportByState.aspx,2026-09-11T11:26:35.978476
4,Maruti Institute Of Nursing,"Maruti Institute Of Nursing, Near Jain Mandir, Samnapur, Lakhnadon, Distt.- Seoni, Madhya Pradesh, Pin Code- 480886",Aarav Medishine Pvt Ltd,Seoni,Madhya Pradesh,Private,GNM,30 (Thirty),2025-2026,5,https://online.indiannursingcouncil.org/Reports/YearlyReportByState.aspx,2026-09-11T11:26:35.978476
5,Maruti Institute Of Nursing,"Maruti Institute Of Nursing, Opp. Shree Ram Mandir, Vill.- Kalbodi, Tehsil- Kurai, Distt.- Seoni, Madhya Pradesh, Pin Code- 480661",Aarav Medishine Pvt Ltd,Seoni,Madhya Pradesh,Private,B.Sc(N),30 (Thirty),2025-2026,5,https://online.indiannursingcouncil.org/Reports/YearlyReportByState.aspx,2026-09-11T11:26:35.978476
5,Maruti Institute Of Nursing,"Maruti Institute Of Nursing, Opp. Shree Ram Mandir, Vill.- Kalbodi, Tehsil- Kurai, Distt.- Seoni, Madhya Pradesh, Pin Code- 480661",Aarav Medishine Pvt Ltd,Seoni,Madhya Pradesh,Private,GNM,30 (Thirty),2025-2026,5,https://online.indiannursingcouncil.org/Reports/YearlyReportByState.aspx,2026-09-11T11:26:35.978476
6,Mitali Institute Of Nursing,"Mitali Institute Of Nursing, Gondia Road, Vill.- Pendrai, Tehsil- Balaghat, Distt.- Balaghat, Madhya Pradesh, Pin Code- 481001",Mitali Maternity And Surgical Nursing Home,Balaghat,Madhya Pradesh,Private,GNM,30 (Thirty),2025-2026,5,https://online.indiannursingcouncil.org/Reports/YearlyReportByState.aspx,2026-09-11T11:26:35.978476
6,Mitali Institute Of Nursing,"Mitali Institute Of Nursing, Gondia Road, Vill.- Pendrai, Tehsil- Balaghat, Distt.- Balaghat, Madhya Pradesh, Pin Code- 481001",Mitali Maternity And Surgical Nursing Home,Balaghat,Madhya Pradesh,Private,B.Sc(N),40 (Forty),2025-2026,5,https://online.indiannursingcouncil.org/Reports/YearlyReportByState.aspx,2026-09-11T11:26:35.978476
6,Mitali Institute Of Nursing,"Mitali Institute Of Nursing, Gondia Road, Vill.- Pendrai, Tehsil- Balaghat, Distt.- Balaghat, Madhya Pradesh, Pin Code- 481001",Mitali Maternity And Surgical Nursing Home,Balaghat,Madhya Pradesh,Private,M. Sc (N),05 (Five) Chn-05,2025-2026,5,https://online.indiannursingcouncil.org/Reports/YearlyReportByState.aspx,2026-09-11T11:26:35.978476
7,Mother Teresa School Of Nursing,"Mother Teresa School Of Nursing, Ps- Ns 69 Thana Kesla, Po- Itarsi, , Distt.- Narmadapuram, Madhya Pradesh, Pin Code- 461111",Avdhesh Pratap Education Society,Narmadapuram,Madhya Pradesh,Private,GNM,30 (Thirty),2025-2026,5,https://online.indiannursingcouncil.org/Reports/YearlyReportByState.aspx,2026-09-11T11:26:35.978476
8,Mother Therasa Institute Of Nursing,"Mother Therasa Institute Of Nursing, Katra Hospital, Mandla, Distt.- Mandla, Madhya Pradesh, Pin Code- 481661",Diocesan Corporation Of Jabalpur,Mandla,Madhya Pradesh,Private,GNM,30 (Thirty),2025-2026,5,https://online.indiannursingcouncil.org/Reports/YearlyReportByState.aspx,2026-09-11T11:26:35.978476
9,Multipurpose Female Health Woman Training Centre,"Multipurpose Female Health Woman Training Centre, District Hospital, Satna, Distt.- Satna, Madhya Pradesh, Pin Code- 485001",Madhya Pradesh,Satna,Madhya Pradesh,Government,ANM,30 (Thirty),2025-2026,5,https://online.indiannursingcouncil.org/Reports/YearlyReportByState.aspx,2026-09-11T11:26:35.978476
9,Multipurpose Female Health Woman Training Centre,"Multipurpose Female Health Woman Training Centre, District Hospital, Satna, Distt.- Satna, Madhya Pradesh, Pin Code- 485001",Madhya Pradesh,Satna,Madhya Pradesh,Government,GNM,30 (Thirty),2025-2026,5,https://online.indiannursingcouncil.org/Reports/YearlyReportByState.aspx,2026-09-11T11:26:35.978476
9,Multipurpose Female Health Woman Training Centre,"Multipurpose Female Health Woman Training Centre, District Hospital, Satna, Distt.- Satna, Madhya Pradesh, Pin Code- 485001",Madhya Pradesh,Satna,Madhya Pradesh,Government,B.Sc(N),60 (Sixty),2025-2026,5,https://online.indiannursingcouncil.org/Reports/YearlyReportByState.aspx,2026-09-11T11:26:35.978476
10,Nandvandan College Of Nursing,"Nandvandan College Of Nursing, Gour Tiraha, Mandla Road Behind Babey Memorial Hospital, Jabalpur, Distt.- Jabalpur, Madhya Pradesh, Pin Code- 482001",Uttarayan Siksha Samiti,Jabalpur,Madhya Pradesh,Private,GNM,30 (Thirty),2025-2026,5,https://online.indiannursingcouncil.org/Reports/YearlyReportByState.aspx,2026-09-11T11:26:35.978476
10,Nandvandan College Of Nursing,"Nandvandan College Of Nursing, Gour Tiraha, Mandla Road Behind Babey Memorial Hospital, Jabalpur, Distt.- Jabalpur, Madhya Pradesh, Pin Code- 482001",Uttarayan Siksha Samiti,Jabalpur,Madhya Pradesh,Private,B.Sc(N),40 (Forty),2025-2026,5,https://online.indiannursingcouncil.org/Reports/YearlyReportByState.aspx,2026-09-11T11:26:35.978476
11,Narmada Institute Of Nursing Science,"Narmada Institute Of Nursing Science, National Highway - 12, Harda By Pass Road, Budhwara Near Double Phatak , Hoshangabad , Distt.- Narmadapuram, Madhya Pradesh, Pin Code- 461001",Narmada Jeevandayini Gramin Shiksha Swasthya Evam Samajik Kalayan Samiti,Narmadapuram,Madhya Pradesh,Private,GNM,30 (Thirty),2025-2026,5,https://online.indiannursingcouncil.org/Reports/YearlyReportByState.aspx,2026-09-11T11:26:35.978476
11,Narmada Institute Of Nursing Science,"Narmada Institute Of Nursing Science, National Highway - 12, Harda By Pass Road, Budhwara Near Double Phatak , Hoshangabad , Distt.- Narmadapuram, Madhya Pradesh, Pin Code- 461001",Narmada Jeevandayini Gramin Shiksha Swasthya Evam Samajik Kalayan Samiti,Narmadapuram,Madhya Pradesh,Private,B.Sc(N),30 (Thirty),2025-2026,5,https://online.indiannursingcouncil.org/Reports/YearlyReportByState.aspx,2026-09-11T11:26:35.978476
12,Ojaswini Nursing College,"Ojaswini Nursing College, University Road , Vill.- Patahria Jat, Tehsil- Sagar, Distt.- Sagar, Madhya Pradesh, Pin Code- 470228",Brahmi Sundari Nyas,Sagar,Madhya Pradesh,Private,ANM,30 (Thirty),2025-2026,5,https://online.indiannursingcouncil.org/Reports/YearlyReportByState.aspx,2026-09-11T11:26:35.978476
12,Ojaswini Nursing College,"Ojaswini Nursing College, University Road , Vill.- Patahria Jat, Tehsil- Sagar, Distt.- Sagar, Madhya Pradesh, Pin Code- 470228",Brahmi Sundari Nyas,Sagar,Madhya Pradesh,Private,B.Sc(N),60 (Sixty),2025-2026,5,https://online.indiannursingcouncil.org/Reports/YearlyReportByState.aspx,2026-09-11T11:26:35.978476
12,Ojaswini Nursing College,"Ojaswini Nursing College, University Road , Vill.- Patahria Jat, Tehsil- Sagar, Distt.- Sagar, Madhya Pradesh, Pin Code- 470228",Brahmi Sundari Nyas,Sagar,Madhya Pradesh,Private,M. Sc (N),25 (Twenty Five) 5 In Each Speciality,2025-2026,5,https://online.indiannursingcouncil.org/Reports/YearlyReportByState.aspx,2026-09-11T11:26:35.978476
12,Ojaswini Nursing College,"Ojaswini Nursing College, University Road , Vill.- Patahria Jat, Tehsil- Sagar, Distt.- Sagar, Madhya Pradesh, Pin Code- 470228",Brahmi Sundari Nyas,Sagar,Madhya Pradesh,Private,P B B.Sc(N),30 (Thirty),2025-2026,5,https://online.indiannursingcouncil.org/Reports/YearlyReportByState.aspx,2026-09-11T11:26:35.978476
13,Omkar College Of Nursing,"Omkar College Of Nursing, Kalamkar Colony, B.G. Byepass Road, Guna, Distt.- Guna, Madhya Pradesh, Pin Code- 473001",Amarlata Shiksinik Evam Jan Sewa Samiti,Guna,Madhya Pradesh,Private,P B B.Sc(N),30 (Thirty),2025-2026,5,https://online.indiannursingcouncil.org/Reports/YearlyReportByState.aspx,2026-09-11T11:26:35.978476
13,Omkar College Of Nursing,"Omkar College Of Nursing, Kalamkar Colony, B.G. Byepass Road, Guna, Distt.- Guna, Madhya Pradesh, Pin Code- 473001",Amarlata Shiksinik Evam Jan Sewa Samiti,Guna,Madhya Pradesh,Private,M. Sc (N),20 (Twenty) 4 Seats In Each Speciality,2025-2026,5,https://online.indiannursingcouncil.org/Reports/YearlyReportByState.aspx,2026-09-11T11:26:35.978476
1,Omkar College Of Nursing,"Omkar College Of Nursing, Kalamkar Colony, B.G. Byepass Road, Guna, Distt.- Guna, Madhya Pradesh, Pin Code- 473001",Amarlata Shiksinik Evam Jan Sewa Samiti,Guna,Madhya Pradesh,Private,B.Sc(N),40 (Forty),2025-2026,6,https://online.indiannursingcouncil.org/Reports/YearlyReportByState.aspx,2026-09-11T11:26:43.735286
1,Omkar College Of Nursing,"Omkar College Of Nursing, Kalamkar Colony, B.G. Byepass Road, Guna, Distt.- Guna, Madhya Pradesh, Pin Code- 473001",Amarlata Shiksinik Evam Jan Sewa Samiti,Guna,Madhya Pradesh,Private,GNM,40 (Forty),2025-2026,6,https://online.indiannursingcouncil.org/Reports/YearlyReportByState.aspx,2026-09-11T11:26:43.735286
2,Oriental Institute Of Nursing,"Oriental Institute Of Nursing, Lalburra, Lalburra , Distt.- Balaghat, Madhya Pradesh, Pin Code- 481441",Saifali Shiksha Avom Samajothan Samiti,Balaghat,Madhya Pradesh,Private,GNM,30 (Thirty),2025-2026,6,https://online.indiannursingcouncil.org/Reports/YearlyReportByState.aspx,2026-09-11T11:26:43.735286
2,Oriental Institute Of Nursing,"Oriental Institute Of Nursing, Lalburra, Lalburra , Distt.- Balaghat, Madhya Pradesh, Pin Code- 481441",Saifali Shiksha Avom Samajothan Samiti,Balaghat,Madhya Pradesh,Private,B.Sc(N),40 (Forty),2025-2026,6,https://online.indiannursingcouncil.org/Reports/YearlyReportByState.aspx,2026-09-11T11:26:43.735286
3,Paradkar Nursing Institute,"Paradkar Nursing Institute, Paradkar Hospital, Kheri Naka, Narsinghpur , Distt.- Narsinghpur, Madhya Pradesh, Pin Code- 487001",Late Kamla Bai Paradkar Shikshan Samiti,Narsinghpur,Madhya Pradesh,Private,GNM,30 (Thirty),2025-2026,6,https://online.indiannursingcouncil.org/Reports/YearlyReportByState.aspx,2026-09-11T11:26:43.735286
3,Paradkar Nursing Institute,"Paradkar Nursing Institute, Paradkar Hospital, Kheri Naka, Narsinghpur , Distt.- Narsinghpur, Madhya Pradesh, Pin Code- 487001",Late Kamla Bai Paradkar Shikshan Samiti,Narsinghpur,Madhya Pradesh,Private,B.Sc(N),30 (Thirty),2025-2026,6,https://online.indiannursingcouncil.org/Reports/YearlyReportByState.aspx,2026-09-11T11:26:43.735286
3,Paradkar Nursing Institute,"Paradkar Nursing Institute, Paradkar Hospital, Kheri Naka, Narsinghpur , Distt.- Narsinghpur, Madhya Pradesh, Pin Code- 487001",Late Kamla Bai Paradkar Shikshan Samiti,Narsinghpur,Madhya Pradesh,Private,P B B.Sc(N),30 (Thirty),2025-2026,6,https://online.indiannursingcouncil.org/Reports/YearlyReportByState.aspx,2026-09-11T11:26:43.735286
4,Parmhans Nursing Institute Of Education,"Parmhans Nursing Institute Of Education, 276, Nirajan Ward, Kheri Naka , Narsinghpur , Distt.- Narsinghpur, Madhya Pradesh, Pin Code- 487001",Captain Ramesh Chand Nema Shiksha Prachar Prasar Evam Samaj Kalyan Samiti Narsinghpur,Narsinghpur,Madhya Pradesh,Private,GNM,40 (Forty),2025-2026,6,https://online.indiannursingcouncil.org/Reports/YearlyReportByState.aspx,2026-09-11T11:26:43.735286
5,Patel College Of Nursing,"Patel College Of Nursing , Ratibad, Bhopal, Distt.- Bhopal, Madhya Pradesh, Pin Code- 462044",Vanshpati Smriti Shiksha Samiti,Bhopal,Madhya Pradesh,Private,GNM,40 (Forty),2025-2026,6,https://online.indiannursingcouncil.org/Reports/YearlyReportByState.aspx,2026-09-11T11:26:43.735286
5,Patel College Of Nursing,"Patel College Of Nursing , Ratibad, Bhopal, Distt.- Bhopal, Madhya Pradesh, Pin Code- 462044",Vanshpati Smriti Shiksha Samiti,Bhopal,Madhya Pradesh,Private,B.Sc(N),40 (Forty),2025-2026,6,https://online.indiannursingcouncil.org/Reports/YearlyReportByState.aspx,2026-09-11T11:26:43.735286
6,Patidar Nursing Institute,"Patidar Nursing Institute, Patpala, Maxi Road, Ujjain , Vill.- Morukhedi,, Tehsil- Ujjain, Distt.- Ujjain, Madhya Pradesh, Pin Code- 456661",Patidar Health And Education Research Society,Ujjain,Madhya Pradesh,Private,GNM,50 (Fifty),2025-2026,6,https://online.indiannursingcouncil.org/Reports/YearlyReportByState.aspx,2026-09-11T11:26:43.735286
6,Patidar Nursing Institute,"Patidar Nursing Institute, Patpala, Maxi Road, Ujjain , Vill.- Morukhedi,, Tehsil- Ujjain, Distt.- Ujjain, Madhya Pradesh, Pin Code- 456661",Patidar Health And Education Research Society,Ujjain,Madhya Pradesh,Private,B.Sc(N),60 (Sixty),2025-2026,6,https://online.indiannursingcouncil.org/Reports/YearlyReportByState.aspx,2026-09-11T11:26:43.735286
6,Patidar Nursing Institute,"Patidar Nursing Institute, Patpala, Maxi Road, Ujjain , Vill.- Morukhedi,, Tehsil- Ujjain, Distt.- Ujjain, Madhya Pradesh, Pin Code- 456661",Patidar Health And Education Research Society,Ujjain,Madhya Pradesh,Private,P B B.Sc(N),30 (Thirty),2025-2026,6,https://online.indiannursingcouncil.org/Reports/YearlyReportByState.aspx,2026-09-11T11:26:43.735286
7,People's College Of Nursing And Research Centre,"People's College Of Nursing And Research Centre, People's Campus, Bhanpur, Bhopal, Bhopal, Distt.- Bhopal, Madhya Pradesh, Pin Code- 462037",Sarvajanik Jankalyan Parmarthik Nayas,Bhopal,Madhya Pradesh,Private,Ph. D,08 (Eight),2025-2026,6,https://online.indiannursingcouncil.org/Reports/YearlyReportByState.aspx,2026-09-11T11:26:43.735286
7,People's College Of Nursing And Research Centre,"People's College Of Nursing And Research Centre, People's Campus, Bhanpur, Bhopal, Bhopal, Distt.- Bhopal, Madhya Pradesh, Pin Code- 462037",Sarvajanik Jankalyan Parmarthik Nayas,Bhopal,Madhya Pradesh,Private,B.Sc(N),100 (Hundred),2025-2026,6,https://online.indiannursingcouncil.org/Reports/YearlyReportByState.aspx,2026-09-11T11:26:43.735286
7,People's College Of Nursing And Research Centre,"People's College Of Nursing And Research Centre, People's Campus, Bhanpur, Bhopal, Bhopal, Distt.- Bhopal, Madhya Pradesh, Pin Code- 462037",Sarvajanik Jankalyan Parmarthik Nayas,Bhopal,Madhya Pradesh,Private,GNM,60 (Sixty),2025-2026,6,https://online.indiannursingcouncil.org/Reports/YearlyReportByState.aspx,2026-09-11T11:26:43.735286
7,People's College Of Nursing And Research Centre,"People's College Of Nursing And Research Centre, People's Campus, Bhanpur, Bhopal, Bhopal, Distt.- Bhopal, Madhya Pradesh, Pin Code- 462037",Sarvajanik Jankalyan Parmarthik Nayas,Bhopal,Madhya Pradesh,Private,M. Sc (N),"25 (Twenty Five) Med Surg-3, Chn-5,Psy-5, Obg-6,Paed-6",2025-2026,6,https://online.indiannursingcouncil.org/Reports/YearlyReportByState.aspx,2026-09-11T11:26:43.735286
7,People's College Of Nursing And Research Centre,"People's College Of Nursing And Research Centre, People's Campus, Bhanpur, Bhopal, Bhopal, Distt.- Bhopal, Madhya Pradesh, Pin Code- 462037",Sarvajanik Jankalyan Parmarthik Nayas,Bhopal,Madhya Pradesh,Private,P B B.Sc(N),30 (Thirty),2025-2026,6,https://online.indiannursingcouncil.org/Reports/YearlyReportByState.aspx,2026-09-11T11:26:43.735286
8,Post Graduate College Of Nursing,"Post Graduate College Of Nursing, Cancer Hospital And Research Institute, Jan Vikas Nyas, Mandre Ki Mata Hills , Gwalior , Distt.- Gwalior, Madhya Pradesh, Pin Code- 474009",Jan Vikas Nyas,Gwalior,Madhya Pradesh,Private,ANM,40 (Forty),2025-2026,6,https://online.indiannursingcouncil.org/Reports/YearlyReportByState.aspx,2026-09-11T11:26:43.735286
8,Post Graduate College Of Nursing,"Post Graduate College Of Nursing, Cancer Hospital And Research Institute, Jan Vikas Nyas, Mandre Ki Mata Hills , Gwalior , Distt.- Gwalior, Madhya Pradesh, Pin Code- 474009",Jan Vikas Nyas,Gwalior,Madhya Pradesh,Private,GNM,60 (Sixty),2025-2026,6,https://online.indiannursingcouncil.org/Reports/YearlyReportByState.aspx,2026-09-11T11:26:43.735286
8,Post Graduate College Of Nursing,"Post Graduate College Of Nursing, Cancer Hospital And Research Institute, Jan Vikas Nyas, Mandre Ki Mata Hills , Gwalior , Distt.- Gwalior, Madhya Pradesh, Pin Code- 474009",Jan Vikas Nyas,Gwalior,Madhya Pradesh,Private,B.Sc(N),100 (One Hundred),2025-2026,6,https://online.indiannursingcouncil.org/Reports/YearlyReportByState.aspx,2026-09-11T11:26:43.735286
8,Post Graduate College Of Nursing,"Post Graduate College Of Nursing, Cancer Hospital And Research Institute, Jan Vikas Nyas, Mandre Ki Mata Hills , Gwalior , Distt.- Gwalior, Madhya Pradesh, Pin Code- 474009",Jan Vikas Nyas,Gwalior,Madhya Pradesh,Private,M. Sc (N),25 (Twenty Five) Paed-3 Chn-5 Med Surg-6 Psy-6 Obg-5,2025-2026,6,https://online.indiannursingcouncil.org/Reports/YearlyReportByState.aspx,2026-09-11T11:26:43.735286
8,Post Graduate College Of Nursing,"Post Graduate College Of Nursing, Cancer Hospital And Research Institute, Jan Vikas Nyas, Mandre Ki Mata Hills , Gwalior , Distt.- Gwalior, Madhya Pradesh, Pin Code- 474009",Jan Vikas Nyas,Gwalior,Madhya Pradesh,Private,P B B.Sc(N),40 (Forty),2025-2026,6,https://online.indiannursingcouncil.org/Reports/YearlyReportByState.aspx,2026-09-11T11:26:43.735286
9,Pratyansh College Of Nursing,"Pratyansh College Of Nursing, Rituraj Business Center Bicholi Mardana By Pass Road Indore, Indore, Distt.- Indore, Madhya Pradesh, Pin Code- 452016",Dr Mukesh Giri Goswami Shelshanik And Cheritable Society Samiti Indore,Indore,Madhya Pradesh,Private,GNM,60 (Sixty),2025-2026,6,https://online.indiannursingcouncil.org/Reports/YearlyReportByState.aspx,2026-09-11T11:26:43.735286
9,Pratyansh College Of Nursing,"Pratyansh College Of Nursing, Rituraj Business Center Bicholi Mardana By Pass Road Indore, Indore, Distt.- Indore, Madhya Pradesh, Pin Code- 452016",Dr Mukesh Giri Goswami Shelshanik And Cheritable Society Samiti Indore,Indore,Madhya Pradesh,Private,B.Sc(N),60 (Sixty),2025-2026,6,https://online.indiannursingcouncil.org/Reports/YearlyReportByState.aspx,2026-09-11T11:26:43.735286
10,Premwati College Of Nursing,"Premwati College Of Nursing, Ahinsa Chowk, Vijay Nagar, Jabalpur, Distt.- Jabalpur, Madhya Pradesh, Pin Code- 482002",Jagannath Das Premwati Welfare Society,Jabalpur,Madhya Pradesh,Private,P B B.Sc(N),20 (Twenty),2025-2026,6,https://online.indiannursingcouncil.org/Reports/YearlyReportByState.aspx,2026-09-11T11:26:43.735286
10,Premwati College Of Nursing,"Premwati College Of Nursing, Ahinsa Chowk, Vijay Nagar, Jabalpur, Distt.- Jabalpur, Madhya Pradesh, Pin Code- 482002",Jagannath Das Premwati Welfare Society,Jabalpur,Madhya Pradesh,Private,M. Sc (N),15 (Fifteen),2025-2026,6,https://online.indiannursingcouncil.org/Reports/YearlyReportByState.aspx,2026-09-11T11:26:43.735286
10,Premwati College Of Nursing,"Premwati College Of Nursing, Ahinsa Chowk, Vijay Nagar, Jabalpur, Distt.- Jabalpur, Madhya Pradesh, Pin Code- 482002",Jagannath Das Premwati Welfare Society,Jabalpur,Madhya Pradesh,Private,B.Sc(N),60 (Sixty),2025-2026,6,https://online.indiannursingcouncil.org/Reports/YearlyReportByState.aspx,2026-09-11T11:26:43.735286
10,Premwati College Of Nursing,"Premwati College Of Nursing, Ahinsa Chowk, Vijay Nagar, Jabalpur, Distt.- Jabalpur, Madhya Pradesh, Pin Code- 482002",Jagannath Das Premwati Welfare Society,Jabalpur,Madhya Pradesh,Private,GNM,40 (Forty),2025-2026,6,https://online.indiannursingcouncil.org/Reports/YearlyReportByState.aspx,2026-09-11T11:26:43.735286
11,R D Memorial School Of Nursing,"R D Memorial School Of Nursing, Barkhedi Kalan, Bhadbhada Road , Bhopal, Distt.- Bhopal, Madhya Pradesh, Pin Code- 462044",Shri Chtragupta Shiksha Prasar Samiti,Bhopal,Madhya Pradesh,Private,ANM,40 (Forty),2025-2026,6,https://online.indiannursingcouncil.org/Reports/YearlyReportByState.aspx,2026-09-11T11:26:43.735286
1,R D Memorial School Of Nursing,"R D Memorial School Of Nursing, Barkhedi Kalan, Bhadbhada Road , Bhopal, Distt.- Bhopal, Madhya Pradesh, Pin Code- 462044",Shri Chtragupta Shiksha Prasar Samiti,Bhopal,Madhya Pradesh,Private,B.Sc(N),60 (Sixty),2025-2026,7,https://online.indiannursingcouncil.org/Reports/YearlyReportByState.aspx,2026-09-11T11:26:51.926581
1,R D Memorial School Of Nursing,"R D Memorial School Of Nursing, Barkhedi Kalan, Bhadbhada Road , Bhopal, Distt.- Bhopal, Madhya Pradesh, Pin Code- 462044",Shri Chtragupta Shiksha Prasar Samiti,Bhopal,Madhya Pradesh,Private,GNM,40 (Forty),2025-2026,7,https://online.indiannursingcouncil.org/Reports/YearlyReportByState.aspx,2026-09-11T11:26:51.926581
1,R D Memorial School Of Nursing,"R D Memorial School Of Nursing, Barkhedi Kalan, Bhadbhada Road , Bhopal, Distt.- Bhopal, Madhya Pradesh, Pin Code- 462044",Shri Chtragupta Shiksha Prasar Samiti,Bhopal,Madhya Pradesh,Private,M. Sc (N),25 5 In Each Speciality,2025-2026,7,https://online.indiannursingcouncil.org/Reports/YearlyReportByState.aspx,2026-09-11T11:26:51.926581
1,R D Memorial School Of Nursing,"R D Memorial School Of Nursing, Barkhedi Kalan, Bhadbhada Road , Bhopal, Distt.- Bhopal, Madhya Pradesh, Pin Code- 462044",Shri Chtragupta Shiksha Prasar Samiti,Bhopal,Madhya Pradesh,Private,P B B.Sc(N),40 (Forty),2025-2026,7,https://online.indiannursingcouncil.org/Reports/YearlyReportByState.aspx,2026-09-11T11:26:51.926581
2,Rabindranath Tagore University Institute Of Nursing,"Rabindranath Tagore University Institute Of Nursing, Chiklod Road, Post - Bhojpur , Vill.- Mendua, Tehsil- Gairatganj, Distt.- Raisen, Madhya Pradesh, Pin Code- 464993",All India Society For Electronic And Computer Technology,Raisen,Madhya Pradesh,Private,GNM,20 (Twenty),2025-2026,7,https://online.indiannursingcouncil.org/Reports/YearlyReportByState.aspx,2026-09-11T11:26:51.926581
2,Rabindranath Tagore University Institute Of Nursing,"Rabindranath Tagore University Institute Of Nursing, Chiklod Road, Post - Bhojpur , Vill.- Mendua, Tehsil- Gairatganj, Distt.- Raisen, Madhya Pradesh, Pin Code- 464993",All India Society For Electronic And Computer Technology,Raisen,Madhya Pradesh,Private,B.Sc(N),30 (Thirty),2025-2026,7,https://online.indiannursingcouncil.org/Reports/YearlyReportByState.aspx,2026-09-11T11:26:51.926581
3,Radharaman Institute Of Nursing,"Radharaman Institute Of Nursing , Radharamn Group Of Institutes Campus At Fatehpur Dobra Ratibad , Bhopal, Distt.- Bhopal, Madhya Pradesh, Pin Code- 462044",Tapasya Shiksha Samiti,Bhopal,Madhya Pradesh,Private,GNM,50 (Fifty),2025-2026,7,https://online.indiannursingcouncil.org/Reports/YearlyReportByState.aspx,2026-09-11T11:26:51.926581
4,Rajeev Gandhi College Of Nursing,"Rajeev Gandhi College Of Nursing, Via Danish Kunj, Kolar Road, , Vill.- Salaiya , Tehsil- Huzur, Distt.- Bhopal, Madhya Pradesh, Pin Code- 462042",Chouhan Education Society,Bhopal,Madhya Pradesh,Private,ANM,20 (Twenty),2025-2026,7,https://online.indiannursingcouncil.org/Reports/YearlyReportByState.aspx,2026-09-11T11:26:51.926581
4,Rajeev Gandhi College Of Nursing,"Rajeev Gandhi College Of Nursing, Via Danish Kunj, Kolar Road, , Vill.- Salaiya , Tehsil- Huzur, Distt.- Bhopal, Madhya Pradesh, Pin Code- 462042",Chouhan Education Society,Bhopal,Madhya Pradesh,Private,GNM,30 (Thirty),2025-2026,7,https://online.indiannursingcouncil.org/Reports/YearlyReportByState.aspx,2026-09-11T11:26:51.926581
4,Rajeev Gandhi College Of Nursing,"Rajeev Gandhi College Of Nursing, Via Danish Kunj, Kolar Road, , Vill.- Salaiya , Tehsil- Huzur, Distt.- Bhopal, Madhya Pradesh, Pin Code- 462042",Chouhan Education Society,Bhopal,Madhya Pradesh,Private,B.Sc(N),40 (Forty),2025-2026,7,https://online.indiannursingcouncil.org/Reports/YearlyReportByState.aspx,2026-09-11T11:26:51.926581
4,Rajeev Gandhi College Of Nursing,"Rajeev Gandhi College Of Nursing, Via Danish Kunj, Kolar Road, , Vill.- Salaiya , Tehsil- Huzur, Distt.- Bhopal, Madhya Pradesh, Pin Code- 462042",Chouhan Education Society,Bhopal,Madhya Pradesh,Private,M. Sc (N),12 Med-Surg-4 Chn-4 Obg-4,2025-2026,7,https://online.indiannursingcouncil.org/Reports/YearlyReportByState.aspx,2026-09-11T11:26:51.926581
4,Rajeev Gandhi College Of Nursing,"Rajeev Gandhi College Of Nursing, Via Danish Kunj, Kolar Road, , Vill.- Salaiya , Tehsil- Huzur, Distt.- Bhopal, Madhya Pradesh, Pin Code- 462042",Chouhan Education Society,Bhopal,Madhya Pradesh,Private,P B B.Sc(N),20 (Twenty),2025-2026,7,https://online.indiannursingcouncil.org/Reports/YearlyReportByState.aspx,2026-09-11T11:26:51.926581
5,Ramdev College Of Nursing,"Ramdev College Of Nursing, Satai Road Infront Of New Galla Mandi Gate No 2 , Chhatarpur , Distt.- Chhatarpur, Madhya Pradesh, Pin Code- 471001",Ramdev Shiksha Prasar Evam Jan Kalyan Samiti,Chhatarpur,Madhya Pradesh,Private,GNM,40 (Forty),2025-2026,7,https://online.indiannursingcouncil.org/Reports/YearlyReportByState.aspx,2026-09-11T11:26:51.926581
6,Rani Avanti Bai Lodhi Nursing School,"Rani Avanti Bai Lodhi Nursing School, Opp Kundipura Police Station Seoni Road , Chindwara, Distt.- Chhindwara, Madhya Pradesh, Pin Code- 480001",Shahastrabahu Education And Welfare Society,Chhindwara,Madhya Pradesh,Private,GNM,40 (Forty),2025-2026,7,https://online.indiannursingcouncil.org/Reports/YearlyReportByState.aspx,2026-09-11T11:26:51.926581
7,Regional Nursing School,"Regional Nursing School, Patan Bypass Chouraha, Vill.- Raingwan, Tehsil- Panagar, Distt.- Jabalpur, Madhya Pradesh, Pin Code- 482001",Global Nature Care Sangathan,Jabalpur,Madhya Pradesh,Private,GNM,30 (Thirty),2025-2026,7,https://online.indiannursingcouncil.org/Reports/YearlyReportByState.aspx,2026-09-11T11:26:51.926581
8,Reliance Institute Of Nursing,"Reliance Institute Of Nursing, Birsingpur Pali, Birsingpur Pali, Distt.- Umaria, Madhya Pradesh, Pin Code- 484551",Aarav Medishine Private Limited,Umaria,Madhya Pradesh,Private,GNM,30 (Thirty),2025-2026,7,https://online.indiannursingcouncil.org/Reports/YearlyReportByState.aspx,2026-09-11T11:26:51.926581
8,Reliance Institute Of Nursing,"Reliance Institute Of Nursing, Birsingpur Pali, Birsingpur Pali, Distt.- Umaria, Madhya Pradesh, Pin Code- 484551",Aarav Medishine Private Limited,Umaria,Madhya Pradesh,Private,B.Sc(N),40 (Forty),2025-2026,7,https://online.indiannursingcouncil.org/Reports/YearlyReportByState.aspx,2026-09-11T11:26:51.926581
9,Renaissance University School Of Nursing,"Renaissance University School Of Nursing, Gram Reoti, Behind Aurobindo Hospital, Sanwer-Ujjain Road, Indore (M.P), Indore, Distt.- Indore, Madhya Pradesh, Pin Code- 453111",Renaissance University,Indore,Madhya Pradesh,Private,GNM,30 (Thirty),2025-2026,7,https://online.indiannursingcouncil.org/Reports/YearlyReportByState.aspx,2026-09-11T11:26:51.926581
9,Renaissance University School Of Nursing,"Renaissance University School Of Nursing, Gram Reoti, Behind Aurobindo Hospital, Sanwer-Ujjain Road, Indore (M.P), Indore, Distt.- Indore, Madhya Pradesh, Pin Code- 453111",Renaissance University,Indore,Madhya Pradesh,Private,B.Sc(N),55 (Fifty Five),2025-2026,7,https://online.indiannursingcouncil.org/Reports/YearlyReportByState.aspx,2026-09-11T11:26:51.926581
10,Rkdf College Of Nursing,"Rkdf College Of Nursing, Nh-12 Hoshangabad Road,Jatkhedi ,Misrod, Bhopal, Distt.- Bhopal, Madhya Pradesh, Pin Code- 462026",Sarvepalli Radhakrishnan University,Bhopal,Madhya Pradesh,Private,Ph. D,4 (Four),2025-2026,7,https://online.indiannursingcouncil.org/Reports/YearlyReportByState.aspx,2026-09-11T11:26:51.926581
10,Rkdf College Of Nursing,"Rkdf College Of Nursing, Nh-12 Hoshangabad Road,Jatkhedi ,Misrod, Bhopal, Distt.- Bhopal, Madhya Pradesh, Pin Code- 462026",Sarvepalli Radhakrishnan University,Bhopal,Madhya Pradesh,Private,GNM,60 (Sixty),2025-2026,7,https://online.indiannursingcouncil.org/Reports/YearlyReportByState.aspx,2026-09-11T11:26:51.926581
10,Rkdf College Of Nursing,"Rkdf College Of Nursing, Nh-12 Hoshangabad Road,Jatkhedi ,Misrod, Bhopal, Distt.- Bhopal, Madhya Pradesh, Pin Code- 462026",Sarvepalli Radhakrishnan University,Bhopal,Madhya Pradesh,Private,B.Sc(N),40 (Forty),2025-2026,7,https://online.indiannursingcouncil.org/Reports/YearlyReportByState.aspx,2026-09-11T11:26:51.926581
10,Rkdf College Of Nursing,"Rkdf College Of Nursing, Nh-12 Hoshangabad Road,Jatkhedi ,Misrod, Bhopal, Distt.- Bhopal, Madhya Pradesh, Pin Code- 462026",Sarvepalli Radhakrishnan University,Bhopal,Madhya Pradesh,Private,M. Sc (N),18 (Eighteen),2025-2026,7,https://online.indiannursingcouncil.org/Reports/YearlyReportByState.aspx,2026-09-11T11:26:51.926581
10,Rkdf College Of Nursing,"Rkdf College Of Nursing, Nh-12 Hoshangabad Road,Jatkhedi ,Misrod, Bhopal, Distt.- Bhopal, Madhya Pradesh, Pin Code- 462026",Sarvepalli Radhakrishnan University,Bhopal,Madhya Pradesh,Private,P B B.Sc(N),30 (Thirty),2025-2026,7,https://online.indiannursingcouncil.org/Reports/YearlyReportByState.aspx,2026-09-11T11:26:51.926581
10,Rkdf College Of Nursing,"Rkdf College Of Nursing, Nh-12 Hoshangabad Road,Jatkhedi ,Misrod, Bhopal, Distt.- Bhopal, Madhya Pradesh, Pin Code- 462026",Sarvepalli Radhakrishnan University,Bhopal,Madhya Pradesh,Private,NURSE PRACTITIONER IN CRITICAL CARE(NPCC),10 (Ten),2025-2026,7,https://online.indiannursingcouncil.org/Reports/YearlyReportByState.aspx,2026-09-11T11:26:51.926581
11,Royal Institute Of Nursing,"Royal Institute Of Nursing, Royal Campus, Near Rto Office, Gram Salakhedi, Mhow Neemuch Road, Ratlam, Distt.- Ratlam, Madhya Pradesh, Pin Code- 457001",Regional Society For Educational Welfare And Research,Ratlam,Madhya Pradesh,Private,GNM,40 (Forty),2025-2026,7,https://online.indiannursingcouncil.org/Reports/YearlyReportByState.aspx,2026-09-11T11:26:51.926581
12,Ruxmaniben Deepchand Gardi College Of Nursing,"Ruxmaniben Deepchand Gardi College Of Nursing , Agar Road, Surasa, Ujjain , Distt.- Ujjain, Madhya Pradesh, Pin Code- 456006",Ujjain Charitable Trust Hospital And Research Centre,Ujjain,Madhya Pradesh,Private,GNM,60 (Sixty),2025-2026,7,https://online.indiannursingcouncil.org/Reports/YearlyReportByState.aspx,2026-09-11T11:26:51.926581
12,Ruxmaniben Deepchand Gardi College Of Nursing,"Ruxmaniben Deepchand Gardi College Of Nursing , Agar Road, Surasa, Ujjain , Distt.- Ujjain, Madhya Pradesh, Pin Code- 456006",Ujjain Charitable Trust Hospital And Research Centre,Ujjain,Madhya Pradesh,Private,B.Sc(N),60 (Sixty),2025-2026,7,https://online.indiannursingcouncil.org/Reports/YearlyReportByState.aspx,2026-09-11T11:26:51.926581
13,S B School Of Nursing,"S B School Of Nursing, Villege Muwasi Nowgong Road , Vill.- Muwasi, Tehsil- Chhatarpur, Distt.- Chhatarpur, Madhya Pradesh, Pin Code- 471001",S B Alpshankhyak Multipurpose Human Development Education And Social Welfare Society,Chhatarpur,Madhya Pradesh,Private,GNM,40 (Forty),2025-2026,7,https://online.indiannursingcouncil.org/Reports/YearlyReportByState.aspx,2026-09-11T11:26:51.926581
14,S D P S School Of Nursing,"S D P S School Of Nursing, Khandwa Road, Opp. Bilawali Tank , Indore, Distt.- Indore, Madhya Pradesh, Pin Code- 452020",Shrimati Dhairya Prabha Devi Sojatia Womens Welfare Society,Indore,Madhya Pradesh,Private,ANM,25 (Twenty Five),2025-2026,7,https://online.indiannursingcouncil.org/Reports/YearlyReportByState.aspx,2026-09-11T11:26:51.926581
1,S S G Medical Institution,"S S G Medical Institution, S S G Hospital And Research Centre, Street No- 76, Vikram Marg, Freeganj, Freeganj, Distt.- Ujjain, Madhya Pradesh, Pin Code- 456337",S S G Educational And Training Society,Ujjain,Madhya Pradesh,Private,GNM,40 (Forty),2025-2026,8,https://online.indiannursingcouncil.org/Reports/YearlyReportByState.aspx,2026-09-11T11:26:59.838123
1,S S G Medical Institution,"S S G Medical Institution, S S G Hospital And Research Centre, Street No- 76, Vikram Marg, Freeganj, Freeganj, Distt.- Ujjain, Madhya Pradesh, Pin Code- 456337",S S G Educational And Training Society,Ujjain,Madhya Pradesh,Private,B.Sc(N),40 (Forty),2025-2026,8,https://online.indiannursingcouncil.org/Reports/YearlyReportByState.aspx,2026-09-11T11:26:59.838123
2,Sacred Heart School Of Nursing,"Sacred Heart School Of Nursing, 11'Azad Nagar,Opp.Pushpa Mission Hospital Dewas Road , Ujjain, Distt.- Ujjain, Madhya Pradesh, Pin Code- 456010",Society Of Sacred Heart Sister,Ujjain,Madhya Pradesh,Private,ANM,20 (Twenty),2025-2026,8,https://online.indiannursingcouncil.org/Reports/YearlyReportByState.aspx,2026-09-11T11:26:59.838123
2,Sacred Heart School Of Nursing,"Sacred Heart School Of Nursing, 11'Azad Nagar,Opp.Pushpa Mission Hospital Dewas Road , Ujjain, Distt.- Ujjain, Madhya Pradesh, Pin Code- 456010",Society Of Sacred Heart Sister,Ujjain,Madhya Pradesh,Private,B.Sc(N),45 (Forty Five),2025-2026,8,https://online.indiannursingcouncil.org/Reports/YearlyReportByState.aspx,2026-09-11T11:26:59.838123
3,Sadguru School Of Nsg,"Sadguru School Of Nsg, Jankikund, Chitrakoot, Distt.- Satna, Madhya Pradesh, Pin Code- 210204",Sri Sadguru Seva Sangh Trust,Satna,Madhya Pradesh,Private,GNM,60 (Sixty),2025-2026,8,https://online.indiannursingcouncil.org/Reports/YearlyReportByState.aspx,2026-09-11T11:26:59.838123
3,Sadguru School Of Nsg,"Sadguru School Of Nsg, Jankikund, Chitrakoot, Distt.- Satna, Madhya Pradesh, Pin Code- 210204",Sri Sadguru Seva Sangh Trust,Satna,Madhya Pradesh,Private,B.Sc(N),20 (Twenty),2025-2026,8,https://online.indiannursingcouncil.org/Reports/YearlyReportByState.aspx,2026-09-11T11:26:59.838123
4,Safe School Of Nrusing,"Safe School Of Nrusing, Safe Parisar, Vill.- Kanadia, Tehsil- Indore, Distt.- Indore, Madhya Pradesh, Pin Code- 452016",Shri Astha Foundation For Education Society,Indore,Madhya Pradesh,Private,ANM,40 (Forty),2025-2026,8,https://online.indiannursingcouncil.org/Reports/YearlyReportByState.aspx,2026-09-11T11:26:59.838123
4,Safe School Of Nrusing,"Safe School Of Nrusing, Safe Parisar, Vill.- Kanadia, Tehsil- Indore, Distt.- Indore, Madhya Pradesh, Pin Code- 452016",Shri Astha Foundation For Education Society,Indore,Madhya Pradesh,Private,GNM,90 (Ninety),2025-2026,8,https://online.indiannursingcouncil.org/Reports/YearlyReportByState.aspx,2026-09-11T11:26:59.838123
4,Safe School Of Nrusing,"Safe School Of Nrusing, Safe Parisar, Vill.- Kanadia, Tehsil- Indore, Distt.- Indore, Madhya Pradesh, Pin Code- 452016",Shri Astha Foundation For Education Society,Indore,Madhya Pradesh,Private,B.Sc(N),90 (Ninety),2025-2026,8,https://online.indiannursingcouncil.org/Reports/YearlyReportByState.aspx,2026-09-11T11:26:59.838123
4,Safe School Of Nrusing,"Safe School Of Nrusing, Safe Parisar, Vill.- Kanadia, Tehsil- Indore, Distt.- Indore, Madhya Pradesh, Pin Code- 452016",Shri Astha Foundation For Education Society,Indore,Madhya Pradesh,Private,M. Sc (N),25 (Twenty Five) 05 In Each Subject,2025-2026,8,https://online.indiannursingcouncil.org/Reports/YearlyReportByState.aspx,2026-09-11T11:26:59.838123
4,Safe School Of Nrusing,"Safe School Of Nrusing, Safe Parisar, Vill.- Kanadia, Tehsil- Indore, Distt.- Indore, Madhya Pradesh, Pin Code- 452016",Shri Astha Foundation For Education Society,Indore,Madhya Pradesh,Private,P B B.Sc(N),30 (Thirty),2025-2026,8,https://online.indiannursingcouncil.org/Reports/YearlyReportByState.aspx,2026-09-11T11:26:59.838123
5,Sage College Of Nursing,"Sage College Of Nursing, Bhopal, Sanjeev Agrawal Global Educational University Bhopal, Sahara Bypass Road, Katara Hills, Extension, Bhopal, Madhya Pradesh , Bhopal, Distt.- Bhopal, Madhya Pradesh,",Shri Agrawal Educational Public Trust,Bhopal,Madhya Pradesh,Private,B.Sc(N),60 (Sixty),2025-2026,8,https://online.indiannursingcouncil.org/Reports/YearlyReportByState.aspx,2026-09-11T11:26:59.838123
6,Sai Nath Institute Of Nursing,"Sai Nath Institute Of Nursing, Near Maharishi School Bhatera Road, Balaghat, Distt.- Balaghat, Madhya Pradesh, Pin Code- 481001",Nss Education Society,Balaghat,Madhya Pradesh,Private,GNM,30 (Thirty),2025-2026,8,https://online.indiannursingcouncil.org/Reports/YearlyReportByState.aspx,2026-09-11T11:26:59.838123
7,Sailana College Of Nursing,"Sailana College Of Nursing, Sailana Banswara Road, Sailana, Distt.- Ratlam, Madhya Pradesh, Pin Code- 457550",Shree Lakshmi Om Sai Shiksha Samiti,Ratlam,Madhya Pradesh,Private,GNM,40 (Forty),2025-2026,8,https://online.indiannursingcouncil.org/Reports/YearlyReportByState.aspx,2026-09-11T11:26:59.838123
7,Sailana College Of Nursing,"Sailana College Of Nursing, Sailana Banswara Road, Sailana, Distt.- Ratlam, Madhya Pradesh, Pin Code- 457550",Shree Lakshmi Om Sai Shiksha Samiti,Ratlam,Madhya Pradesh,Private,B.Sc(N),30 (Thirty),2025-2026,8,https://online.indiannursingcouncil.org/Reports/YearlyReportByState.aspx,2026-09-11T11:26:59.838123
7,Sailana College Of Nursing,"Sailana College Of Nursing, Sailana Banswara Road, Sailana, Distt.- Ratlam, Madhya Pradesh, Pin Code- 457550",Shree Lakshmi Om Sai Shiksha Samiti,Ratlam,Madhya Pradesh,Private,M. Sc (N),30 (Thirty) Med Surg-05 Cnh-07 Obg-05 Paed-05 Psy-08,2025-2026,8,https://online.indiannursingcouncil.org/Reports/YearlyReportByState.aspx,2026-09-11T11:26:59.838123
7,Sailana College Of Nursing,"Sailana College Of Nursing, Sailana Banswara Road, Sailana, Distt.- Ratlam, Madhya Pradesh, Pin Code- 457550",Shree Lakshmi Om Sai Shiksha Samiti,Ratlam,Madhya Pradesh,Private,P B B.Sc(N),30 (Thirty),2025-2026,8,https://online.indiannursingcouncil.org/Reports/YearlyReportByState.aspx,2026-09-11T11:26:59.838123
8,Sainath School Of Nursing,"Sainath School Of Nursing, Murawal Chauraha , Vill.- Gram Panchayat - Ghughra , Tehsil- Rithi, Distt.- Katni, Madhya Pradesh, Pin Code- 483501",Shri Hospital Educational And Sports Society Katni,Katni,Madhya Pradesh,Private,GNM,30 (Thirty),2025-2026,8,https://online.indiannursingcouncil.org/Reports/YearlyReportByState.aspx,2026-09-11T11:26:59.838123
8,Sainath School Of Nursing,"Sainath School Of Nursing, Murawal Chauraha , Vill.- Gram Panchayat - Ghughra , Tehsil- Rithi, Distt.- Katni, Madhya Pradesh, Pin Code- 483501",Shri Hospital Educational And Sports Society Katni,Katni,Madhya Pradesh,Private,B.Sc(N),60 (Sixty),2025-2026,8,https://online.indiannursingcouncil.org/Reports/YearlyReportByState.aspx,2026-09-11T11:26:59.838123
8,Sainath School Of Nursing,"Sainath School Of Nursing, Murawal Chauraha , Vill.- Gram Panchayat - Ghughra , Tehsil- Rithi, Distt.- Katni, Madhya Pradesh, Pin Code- 483501",Shri Hospital Educational And Sports Society Katni,Katni,Madhya Pradesh,Private,ANM,40 (Forty),2025-2026,8,https://online.indiannursingcouncil.org/Reports/YearlyReportByState.aspx,2026-09-11T11:26:59.838123
9,Samarthya Nursing Institute,"Samarthya Nursing Institute, Ward No-23, Pal Road, Master Colony, Agar Malwa , Distt.- Agar-Malwa, Madhya Pradesh, Pin Code- 465441",Samarthya Samaj Vikas Sansthan,Agar-Malwa,Madhya Pradesh,Private,GNM,60 (Sixty),2025-2026,8,https://online.indiannursingcouncil.org/Reports/YearlyReportByState.aspx,2026-09-11T11:26:59.838123
10,Sardar Patel College Of Nursing,"Sardar Patel College Of Nursing, Bannakheda, Jaora , Distt.- Ratlam, Madhya Pradesh, Pin Code- 457226",Patel Sarvottam Sakal Shiksha Samiti,Ratlam,Madhya Pradesh,Private,ANM,30 (Thirty),2025-2026,8,https://online.indiannursingcouncil.org/Reports/YearlyReportByState.aspx,2026-09-11T11:26:59.838123
10,Sardar Patel College Of Nursing,"Sardar Patel College Of Nursing, Bannakheda, Jaora , Distt.- Ratlam, Madhya Pradesh, Pin Code- 457226",Patel Sarvottam Sakal Shiksha Samiti,Ratlam,Madhya Pradesh,Private,GNM,50 (Fifty),2025-2026,8,https://online.indiannursingcouncil.org/Reports/YearlyReportByState.aspx,2026-09-11T11:26:59.838123
10,Sardar Patel College Of Nursing,"Sardar Patel College Of Nursing, Bannakheda, Jaora , Distt.- Ratlam, Madhya Pradesh, Pin Code- 457226",Patel Sarvottam Sakal Shiksha Samiti,Ratlam,Madhya Pradesh,Private,B.Sc(N),50 (Fifty),2025-2026,8,https://online.indiannursingcouncil.org/Reports/YearlyReportByState.aspx,2026-09-11T11:26:59.838123
10,Sardar Patel College Of Nursing,"Sardar Patel College Of Nursing, Bannakheda, Jaora , Distt.- Ratlam, Madhya Pradesh, Pin Code- 457226",Patel Sarvottam Sakal Shiksha Samiti,Ratlam,Madhya Pradesh,Private,M. Sc (N),10 (Ten),2025-2026,8,https://online.indiannursingcouncil.org/Reports/YearlyReportByState.aspx,2026-09-11T11:26:59.838123
10,Sardar Patel College Of Nursing,"Sardar Patel College Of Nursing, Bannakheda, Jaora , Distt.- Ratlam, Madhya Pradesh, Pin Code- 457226",Patel Sarvottam Sakal Shiksha Samiti,Ratlam,Madhya Pradesh,Private,P B B.Sc(N),40 (Forty),2025-2026,8,https://online.indiannursingcouncil.org/Reports/YearlyReportByState.aspx,2026-09-11T11:26:59.838123
11,Sardar Patel College Of Nursing,"Sardar Patel College Of Nursing, Gaykhuri, Balaghat, Distt.- Balaghat, Madhya Pradesh, Pin Code- 481001",Vindhya Shiksha Samiti,Balaghat,Madhya Pradesh,Private,GNM,30 (Thirty),2025-2026,8,https://online.indiannursingcouncil.org/Reports/YearlyReportByState.aspx,2026-09-11T11:26:59.838123
12,Saudamini Institute Of Nursing Research,"Saudamini Institute Of Nursing Research, Khaur Gaddi Road Rewa, Rewa, Distt.- Rewa, Madhya Pradesh, Pin Code- 486001",Saudamini Seva Sansthan Nyas,Rewa,Madhya Pradesh,Private,GNM,50 (Fifty),2025-2026,8,https://online.indiannursingcouncil.org/Reports/YearlyReportByState.aspx,2026-09-11T11:26:59.838123
12,Saudamini Institute Of Nursing Research,"Saudamini Institute Of Nursing Research, Khaur Gaddi Road Rewa, Rewa, Distt.- Rewa, Madhya Pradesh, Pin Code- 486001",Saudamini Seva Sansthan Nyas,Rewa,Madhya Pradesh,Private,B.Sc(N),60 (Sixty),2025-2026,8,https://online.indiannursingcouncil.org/Reports/YearlyReportByState.aspx,2026-09-11T11:26:59.838123
13,School Of Nursing And Paramedical Sciences Eklavya University,"School Of Nursing And Paramedical Sciences Eklavya University, Ojaswini Nagar, Sagar Road, Hathna, Vill.- Damoh, Tehsil- Damoh, Distt.- Damoh, Madhya Pradesh, Pin Code- 470661",Ojaswini Samdarshi Nyas,Damoh,Madhya Pradesh,Private,ANM,30 (Thirty),2025-2026,8,https://online.indiannursingcouncil.org/Reports/YearlyReportByState.aspx,2026-09-11T11:26:59.838123
1,School Of Nursing And Paramedical Sciences Eklavya University,"School Of Nursing And Paramedical Sciences Eklavya University, Ojaswini Nagar, Sagar Road, Hathna, Vill.- Damoh, Tehsil- Damoh, Distt.- Damoh, Madhya Pradesh, Pin Code- 470661",Ojaswini Samdarshi Nyas,Damoh,Madhya Pradesh,Private,B.Sc(N),60 (Sixty),2025-2026,9,https://online.indiannursingcouncil.org/Reports/YearlyReportByState.aspx,2026-09-11T11:27:08.141858
1,School Of Nursing And Paramedical Sciences Eklavya University,"School Of Nursing And Paramedical Sciences Eklavya University, Ojaswini Nagar, Sagar Road, Hathna, Vill.- Damoh, Tehsil- Damoh, Distt.- Damoh, Madhya Pradesh, Pin Code- 470661",Ojaswini Samdarshi Nyas,Damoh,Madhya Pradesh,Private,M. Sc (N),25 (Twenty Five) 5 In Each Specialty,2025-2026,9,https://online.indiannursingcouncil.org/Reports/YearlyReportByState.aspx,2026-09-11T11:27:08.141858
1,School Of Nursing And Paramedical Sciences Eklavya University,"School Of Nursing And Paramedical Sciences Eklavya University, Ojaswini Nagar, Sagar Road, Hathna, Vill.- Damoh, Tehsil- Damoh, Distt.- Damoh, Madhya Pradesh, Pin Code- 470661",Ojaswini Samdarshi Nyas,Damoh,Madhya Pradesh,Private,P B B.Sc(N),40 (Forty),2025-2026,9,https://online.indiannursingcouncil.org/Reports/YearlyReportByState.aspx,2026-09-11T11:27:08.141858
2,School Of Nursing,"School Of Nursing, Sehore, Sri Satya Sai University Of Technology And Medical Sciences Opp. Oilfed Plant, Sehore, Distt.- Sehore, Madhya Pradesh, Pin Code- 466001",Sri Satya Sai University Of Technology And Medical Sciences,Sehore,Madhya Pradesh,Private,B.Sc(N),30 (Thirty),2025-2026,9,https://online.indiannursingcouncil.org/Reports/YearlyReportByState.aspx,2026-09-11T11:27:08.141858
3,Shri Rawatpura Sarkar Institute Of Nursing,"Shri Rawatpura Sarkar Institute Of Nursing, Maharajpur, Dadaji Daani Ram Ward Near Shri Sai Nath Petrol Pump , Mandla, Distt.- Mandla, Madhya Pradesh, Pin Code- 481661",Shri Rawatpura Sarkar Lok Kalyan Trust,Mandla,Madhya Pradesh,Private,GNM,30 (Thirty),2025-2026,9,https://online.indiannursingcouncil.org/Reports/YearlyReportByState.aspx,2026-09-11T11:27:08.141858
3,Shri Rawatpura Sarkar Institute Of Nursing,"Shri Rawatpura Sarkar Institute Of Nursing, Maharajpur, Dadaji Daani Ram Ward Near Shri Sai Nath Petrol Pump , Mandla, Distt.- Mandla, Madhya Pradesh, Pin Code- 481661",Shri Rawatpura Sarkar Lok Kalyan Trust,Mandla,Madhya Pradesh,Private,B.Sc(N),30 (Thirty),2025-2026,9,https://online.indiannursingcouncil.org/Reports/YearlyReportByState.aspx,2026-09-11T11:27:08.141858
4,Shri Rawatpura Sarkar Institute Of Nursing,"Shri Rawatpura Sarkar Institute Of Nursing, Pooja Sadan, Ward No 16, Vuhar Road , Shahdol, Distt.- Shahdol, Madhya Pradesh, Pin Code- 484001",Shri Rawatpura Sarkar Lok Kalyan Trust,Shahdol,Madhya Pradesh,Private,GNM,40 (Forty),2025-2026,9,https://online.indiannursingcouncil.org/Reports/YearlyReportByState.aspx,2026-09-11T11:27:08.141858
4,Shri Rawatpura Sarkar Institute Of Nursing,"Shri Rawatpura Sarkar Institute Of Nursing, Pooja Sadan, Ward No 16, Vuhar Road , Shahdol, Distt.- Shahdol, Madhya Pradesh, Pin Code- 484001",Shri Rawatpura Sarkar Lok Kalyan Trust,Shahdol,Madhya Pradesh,Private,B.Sc(N),40 (Forty),2025-2026,9,https://online.indiannursingcouncil.org/Reports/YearlyReportByState.aspx,2026-09-11T11:27:08.141858
5,Shri Sai Nath College Of Nursing,"Shri Sai Nath College Of Nursing, Narayan Dass Press, Near Central Bank Bhanpura Road, Bhensodamandi, Bhensodamandi , Distt.- Mandsaur, Madhya Pradesh, Pin Code- 458778",Bhensodamandi Shri Shardha Shikshan Sewa Sansthan Samiti,Mandsaur,Madhya Pradesh,Private,B.Sc(N),40 (Forty),2025-2026,9,https://online.indiannursingcouncil.org/Reports/YearlyReportByState.aspx,2026-09-11T11:27:08.141858
5,Shri Sai Nath College Of Nursing,"Shri Sai Nath College Of Nursing, Narayan Dass Press, Near Central Bank Bhanpura Road, Bhensodamandi, Bhensodamandi , Distt.- Mandsaur, Madhya Pradesh, Pin Code- 458778",Bhensodamandi Shri Shardha Shikshan Sewa Sansthan Samiti,Mandsaur,Madhya Pradesh,Private,GNM,40 (Forty),2025-2026,9,https://online.indiannursingcouncil.org/Reports/YearlyReportByState.aspx,2026-09-11T11:27:08.141858
6,Shrinath College Of Nursing,"Shrinath College Of Nursing, Umrali-Behadwa Road, Vill.- Malvai, Tehsil- Alirajpur, Distt.- Alirajpur, Madhya Pradesh, Pin Code- 457887",Balshradha Siksha Evam Sanskrutik Samiti,Alirajpur,Madhya Pradesh,Private,GNM,40 (Forty),2025-2026,9,https://online.indiannursingcouncil.org/Reports/YearlyReportByState.aspx,2026-09-11T11:27:08.141858
6,Shrinath College Of Nursing,"Shrinath College Of Nursing, Umrali-Behadwa Road, Vill.- Malvai, Tehsil- Alirajpur, Distt.- Alirajpur, Madhya Pradesh, Pin Code- 457887",Balshradha Siksha Evam Sanskrutik Samiti,Alirajpur,Madhya Pradesh,Private,B.Sc(N),30 (Thirty),2025-2026,9,https://online.indiannursingcouncil.org/Reports/YearlyReportByState.aspx,2026-09-11T11:27:08.141858
6,Shrinath College Of Nursing,"Shrinath College Of Nursing, Umrali-Behadwa Road, Vill.- Malvai, Tehsil- Alirajpur, Distt.- Alirajpur, Madhya Pradesh, Pin Code- 457887",Balshradha Siksha Evam Sanskrutik Samiti,Alirajpur,Madhya Pradesh,Private,P B B.Sc(N),30 (Thirty),2025-2026,9,https://online.indiannursingcouncil.org/Reports/YearlyReportByState.aspx,2026-09-11T11:27:08.141858
7,Smt. Rukmaniben Deepchandbhai Gardi Nurses Training Centre,"Smt. Rukmaniben Deepchandbhai Gardi Nurses Training Centre, Zone 15, Ward 71, Kh No. 817/3, Opp. Shri Indore Cloth Market Hospital, M.O.G.Lines, Dhar Road Road, Near Gangwal Bus Stand, Indore, Dist",Shrimant Maharaja Tukojirao Cloth Market Merchants Association Shaikshanik Avum Parmarthik Nyas,Indore,Madhya Pradesh,Private,GNM,50 (Fifty),2025-2026,9,https://online.indiannursingcouncil.org/Reports/YearlyReportByState.aspx,2026-09-11T11:27:08.141858
7,Smt. Rukmaniben Deepchandbhai Gardi Nurses Training Centre,"Smt. Rukmaniben Deepchandbhai Gardi Nurses Training Centre, Zone 15, Ward 71, Kh No. 817/3, Opp. Shri Indore Cloth Market Hospital, M.O.G.Lines, Dhar Road Road, Near Gangwal Bus Stand, Indore, Dist",Shrimant Maharaja Tukojirao Cloth Market Merchants Association Shaikshanik Avum Parmarthik Nyas,Indore,Madhya Pradesh,Private,B.Sc(N),60 (Sixty),2025-2026,9,https://online.indiannursingcouncil.org/Reports/YearlyReportByState.aspx,2026-09-11T11:27:08.141858
7,Smt. Rukmaniben Deepchandbhai Gardi Nurses Training Centre,"Smt. Rukmaniben Deepchandbhai Gardi Nurses Training Centre, Zone 15, Ward 71, Kh No. 817/3, Opp. Shri Indore Cloth Market Hospital, M.O.G.Lines, Dhar Road Road, Near Gangwal Bus Stand, Indore, Dist",Shrimant Maharaja Tukojirao Cloth Market Merchants Association Shaikshanik Avum Parmarthik Nyas,Indore,Madhya Pradesh,Private,M. Sc (N),"10 (Ten) Pead- 06, Obg-02, Psy-02",2025-2026,9,https://online.indiannursingcouncil.org/Reports/YearlyReportByState.aspx,2026-09-11T11:27:08.141858
8,Sonali School Of Nursing,"Sonali School Of Nursing, Saraswati Vihar Colony, Guna, Distt.- Guna, Madhya Pradesh, Pin Code- 473001",Sonali Public Shiksha Samiti,Guna,Madhya Pradesh,Private,GNM,30 (Thirty),2025-2026,9,https://online.indiannursingcouncil.org/Reports/YearlyReportByState.aspx,2026-09-11T11:27:08.141858
9,Sri Aurobindo Institute Of Medical Sciences,"Sri Aurobindo Institute Of Medical Sciences,, College Of Nursing, Indore- Ujjain, State Highway, Near Mr-10, Crossing Road, Sanwer, Vill.- Bhanwrasala, Tehsil- Sanwer, Distt.- Indore, Madhya Prade",Sri Aurobindo Institute Of Medical Sciences,Indore,Madhya Pradesh,Private,B.Sc(N),100 (One Hundred),2025-2026,9,https://online.indiannursingcouncil.org/Reports/YearlyReportByState.aspx,2026-09-11T11:27:08.141858
9,Sri Aurobindo Institute Of Medical Sciences,"Sri Aurobindo Institute Of Medical Sciences,, College Of Nursing, Indore- Ujjain, State Highway, Near Mr-10, Crossing Road, Sanwer, Vill.- Bhanwrasala, Tehsil- Sanwer, Distt.- Indore, Madhya Prade",Sri Aurobindo Institute Of Medical Sciences,Indore,Madhya Pradesh,Private,M. Sc (N),"16 (Sixteen) Med-Surg-3, Chn-5, Obg-6, Paed-2",2025-2026,9,https://online.indiannursingcouncil.org/Reports/YearlyReportByState.aspx,2026-09-11T11:27:08.141858
9,Sri Aurobindo Institute Of Medical Sciences,"Sri Aurobindo Institute Of Medical Sciences,, College Of Nursing, Indore- Ujjain, State Highway, Near Mr-10, Crossing Road, Sanwer, Vill.- Bhanwrasala, Tehsil- Sanwer, Distt.- Indore, Madhya Prade",Sri Aurobindo Institute Of Medical Sciences,Indore,Madhya Pradesh,Private,P B B.Sc(N),25 (Twenty Five),2025-2026,9,https://online.indiannursingcouncil.org/Reports/YearlyReportByState.aspx,2026-09-11T11:27:08.141858
9,Sri Aurobindo Institute Of Medical Sciences,"Sri Aurobindo Institute Of Medical Sciences,, College Of Nursing, Indore- Ujjain, State Highway, Near Mr-10, Crossing Road, Sanwer, Vill.- Bhanwrasala, Tehsil- Sanwer, Distt.- Indore, Madhya Prade",Sri Aurobindo Institute Of Medical Sciences,Indore,Madhya Pradesh,Private,GNM,50 (Fifty),2025-2026,9,https://online.indiannursingcouncil.org/Reports/YearlyReportByState.aspx,2026-09-11T11:27:08.141858
10,Sri Sai Institute Of Nursing Sciences,"Sri Sai Institute Of Nursing Sciences, Kh. No. 55/8, 56/3,, Vill.- Gadia, Tehsil- Sehore, Distt.- Sehore, Madhya Pradesh, Pin Code- 466111",Sri Sai Gramothan Samiti,Sehore,Madhya Pradesh,Private,GNM,40 (Forty),2025-2026,9,https://online.indiannursingcouncil.org/Reports/YearlyReportByState.aspx,2026-09-11T11:27:08.141858
10,Sri Sai Institute Of Nursing Sciences,"Sri Sai Institute Of Nursing Sciences, Kh. No. 55/8, 56/3,, Vill.- Gadia, Tehsil- Sehore, Distt.- Sehore, Madhya Pradesh, Pin Code- 466111",Sri Sai Gramothan Samiti,Sehore,Madhya Pradesh,Private,B.Sc(N),100 (One Hundred),2025-2026,9,https://online.indiannursingcouncil.org/Reports/YearlyReportByState.aspx,2026-09-11T11:27:08.141858
10,Sri Sai Institute Of Nursing Sciences,"Sri Sai Institute Of Nursing Sciences, Kh. No. 55/8, 56/3,, Vill.- Gadia, Tehsil- Sehore, Distt.- Sehore, Madhya Pradesh, Pin Code- 466111",Sri Sai Gramothan Samiti,Sehore,Madhya Pradesh,Private,M. Sc (N),15 (Fifteen),2025-2026,9,https://online.indiannursingcouncil.org/Reports/YearlyReportByState.aspx,2026-09-11T11:27:08.141858
10,Sri Sai Institute Of Nursing Sciences,"Sri Sai Institute Of Nursing Sciences, Kh. No. 55/8, 56/3,, Vill.- Gadia, Tehsil- Sehore, Distt.- Sehore, Madhya Pradesh, Pin Code- 466111",Sri Sai Gramothan Samiti,Sehore,Madhya Pradesh,Private,P B B.Sc(N),30 (Thirty),2025-2026,9,https://online.indiannursingcouncil.org/Reports/YearlyReportByState.aspx,2026-09-11T11:27:08.141858
11,St Francis College Of Nursing,"St Francis College Of Nursing, St Francis College Of Nursing C/O St Francis Hospital Research Centrenayata Mundlabypass Roadindore - 452020Madhya Pradesh, Indore, Distt.- Indore, Madhya Pradesh,",Catholic Diocese Of Indore,Indore,Madhya Pradesh,Private,B.Sc(N),60 (Sixty),2025-2026,9,https://online.indiannursingcouncil.org/Reports/YearlyReportByState.aspx,2026-09-11T11:27:08.141858
12,St Joseph's School Of Nursing,"St Joseph's School Of Nursing, Housing Board Road, Hoshangabad, Distt.- Narmadapuram, Madhya Pradesh, Pin Code- 461001",Society Of St Joseph's Hospital,Narmadapuram,Madhya Pradesh,Private,GNM,50 (Fifty),2025-2026,9,https://online.indiannursingcouncil.org/Reports/YearlyReportByState.aspx,2026-09-11T11:27:08.141858
1,St Joseph's School Of Nursing,"St Joseph's School Of Nursing, Housing Board Road, Hoshangabad, Distt.- Narmadapuram, Madhya Pradesh, Pin Code- 461001",Society Of St Joseph's Hospital,Narmadapuram,Madhya Pradesh,Private,B.Sc(N),40 (Forty),2025-2026,10,https://online.indiannursingcouncil.org/Reports/YearlyReportByState.aspx,2026-09-11T11:27:16.385918
2,Swami Vivekanand University,"Swami Vivekanand University, Nh-26 Narsinghpur Road Sironja Sagar Mp, Sagar, Distt.- Sagar, Madhya Pradesh, Pin Code- 470228",Prakhar Pragya Shiksha Prasar Avam Samaj Kalyan Samiti Sagar Mp,Sagar,Madhya Pradesh,Private,B.Sc(N),30 (Thirty),2025-2026,10,https://online.indiannursingcouncil.org/Reports/YearlyReportByState.aspx,2026-09-11T11:27:16.385918
3,University College Of Nursing,"University College Of Nursing, Airport, Byepass Road, Gandhi Nagar, Bhopal, Distt.- Bhopal, Madhya Pradesh, Pin Code- 462036",Ayushmati Education And Social Society,Bhopal,Madhya Pradesh,Private,GNM,50 (Fifty),2025-2026,10,https://online.indiannursingcouncil.org/Reports/YearlyReportByState.aspx,2026-09-11T11:27:16.385918
3,University College Of Nursing,"University College Of Nursing, Airport, Byepass Road, Gandhi Nagar, Bhopal, Distt.- Bhopal, Madhya Pradesh, Pin Code- 462036",Ayushmati Education And Social Society,Bhopal,Madhya Pradesh,Private,B.Sc(N),50 (Fifty),2025-2026,10,https://online.indiannursingcouncil.org/Reports/YearlyReportByState.aspx,2026-09-11T11:27:16.385918
3,University College Of Nursing,"University College Of Nursing, Airport, Byepass Road, Gandhi Nagar, Bhopal, Distt.- Bhopal, Madhya Pradesh, Pin Code- 462036",Ayushmati Education And Social Society,Bhopal,Madhya Pradesh,Private,P B B.Sc(N),50 (Fifty),2025-2026,10,https://online.indiannursingcouncil.org/Reports/YearlyReportByState.aspx,2026-09-11T11:27:16.385918
4,V I P College Of Nursing,"V I P College Of Nursing, V I P Campus, Sikandrabad, Ratibad, Bhopal, Distt.- Bhopal, Madhya Pradesh, Pin Code- 462044",Shri Girrajji Raghunanandan Shiksha Prasar Evam Vikas Samiti,Bhopal,Madhya Pradesh,Private,B.Sc(N),40 (Forty),2025-2026,10,https://online.indiannursingcouncil.org/Reports/YearlyReportByState.aspx,2026-09-11T11:27:16.385918
4,V I P College Of Nursing,"V I P College Of Nursing, V I P Campus, Sikandrabad, Ratibad, Bhopal, Distt.- Bhopal, Madhya Pradesh, Pin Code- 462044",Shri Girrajji Raghunanandan Shiksha Prasar Evam Vikas Samiti,Bhopal,Madhya Pradesh,Private,ANM,30 (Thirty),2025-2026,10,https://online.indiannursingcouncil.org/Reports/YearlyReportByState.aspx,2026-09-11T11:27:16.385918
4,V I P College Of Nursing,"V I P College Of Nursing, V I P Campus, Sikandrabad, Ratibad, Bhopal, Distt.- Bhopal, Madhya Pradesh, Pin Code- 462044",Shri Girrajji Raghunanandan Shiksha Prasar Evam Vikas Samiti,Bhopal,Madhya Pradesh,Private,GNM,40 (Forty),2025-2026,10,https://online.indiannursingcouncil.org/Reports/YearlyReportByState.aspx,2026-09-11T11:27:16.385918
5,V N S College Of Nursing,"V N S College Of Nursing, Vns Campus, Neelbad, Vill.- Nathuberkheda, Tehsil- Huzur, Distt.- Bhopal, Madhya Pradesh, Pin Code- 462044",Vidya Niketan Samiti,Bhopal,Madhya Pradesh,Private,B.Sc(N),60 (Sixty),2025-2026,10,https://online.indiannursingcouncil.org/Reports/YearlyReportByState.aspx,2026-09-11T11:27:16.385918
5,V N S College Of Nursing,"V N S College Of Nursing, Vns Campus, Neelbad, Vill.- Nathuberkheda, Tehsil- Huzur, Distt.- Bhopal, Madhya Pradesh, Pin Code- 462044",Vidya Niketan Samiti,Bhopal,Madhya Pradesh,Private,GNM,30 (Thirty),2025-2026,10,https://online.indiannursingcouncil.org/Reports/YearlyReportByState.aspx,2026-09-11T11:27:16.385918
6,V V M School Of Nursing,"V V M School Of Nursing, Aadampur, Raisen Road, Near Sam College Of Technology, Bhopal, Distt.- Bhopal, Madhya Pradesh, Pin Code- 462021",Shri Vishal Memorial Education Society,Bhopal,Madhya Pradesh,Private,ANM,40 (Forty),2025-2026,10,https://online.indiannursingcouncil.org/Reports/YearlyReportByState.aspx,2026-09-11T11:27:16.385918
6,V V M School Of Nursing,"V V M School Of Nursing, Aadampur, Raisen Road, Near Sam College Of Technology, Bhopal, Distt.- Bhopal, Madhya Pradesh, Pin Code- 462021",Shri Vishal Memorial Education Society,Bhopal,Madhya Pradesh,Private,GNM,40 (Forty),2025-2026,10,https://online.indiannursingcouncil.org/Reports/YearlyReportByState.aspx,2026-09-11T11:27:16.385918
6,V V M School Of Nursing,"V V M School Of Nursing, Aadampur, Raisen Road, Near Sam College Of Technology, Bhopal, Distt.- Bhopal, Madhya Pradesh, Pin Code- 462021",Shri Vishal Memorial Education Society,Bhopal,Madhya Pradesh,Private,B.Sc(N),60 (Sixty),2025-2026,10,https://online.indiannursingcouncil.org/Reports/YearlyReportByState.aspx,2026-09-11T11:27:16.385918
6,V V M School Of Nursing,"V V M School Of Nursing, Aadampur, Raisen Road, Near Sam College Of Technology, Bhopal, Distt.- Bhopal, Madhya Pradesh, Pin Code- 462021",Shri Vishal Memorial Education Society,Bhopal,Madhya Pradesh,Private,P B B.Sc(N),20 (Twenty),2025-2026,10,https://online.indiannursingcouncil.org/Reports/YearlyReportByState.aspx,2026-09-11T11:27:16.385918
7,Vaishnav Mata Mahavidhyalaya Nursing,"Vaishnav Mata Mahavidhyalaya Nursing, Near Menka Talkies Old Power House Chowk Civil Line Road, Panna, Distt.- Panna, Madhya Pradesh, Pin Code- 488001",Vaishnav Mata Shiksha Samiti,Panna,Madhya Pradesh,Private,GNM,40 (Forty),2025-2026,10,https://online.indiannursingcouncil.org/Reports/YearlyReportByState.aspx,2026-09-11T11:27:16.385918
8,Veerangana Awanti College Of Nursing,"Veerangana Awanti College Of Nursing, Rosan Ki Bagiya .Ward No-29 , Chhatarpur , Distt.- Chhatarpur, Madhya Pradesh, Pin Code- 471001",Balaprasad Dixit Siksha Samiti,Chhatarpur,Madhya Pradesh,Private,ANM,30 (Thirty),2025-2026,10,https://online.indiannursingcouncil.org/Reports/YearlyReportByState.aspx,2026-09-11T11:27:16.385918
8,Veerangana Awanti College Of Nursing,"Veerangana Awanti College Of Nursing, Rosan Ki Bagiya .Ward No-29 , Chhatarpur , Distt.- Chhatarpur, Madhya Pradesh, Pin Code- 471001",Balaprasad Dixit Siksha Samiti,Chhatarpur,Madhya Pradesh,Private,GNM,30 (Thirty),2025-2026,10,https://online.indiannursingcouncil.org/Reports/YearlyReportByState.aspx,2026-09-11T11:27:16.385918
8,Veerangana Awanti College Of Nursing,"Veerangana Awanti College Of Nursing, Rosan Ki Bagiya .Ward No-29 , Chhatarpur , Distt.- Chhatarpur, Madhya Pradesh, Pin Code- 471001",Balaprasad Dixit Siksha Samiti,Chhatarpur,Madhya Pradesh,Private,B.Sc(N),40 (Forty),2025-2026,10,https://online.indiannursingcouncil.org/Reports/YearlyReportByState.aspx,2026-09-11T11:27:16.385918
9,Vikrant Institute Of Nursing And Science,"Vikrant Institute Of Nursing And Science, Behind Veterinary College Ab Road Mhow, Vill.- Borkhedi, Tehsil- Mhow, Distt.- Indore, Madhya Pradesh, Pin Code- 453441","P.S. Educational And Social Welfare Society, Indore",Indore,Madhya Pradesh,Private,B.Sc(N),30 (Thirty),2025-2026,10,https://online.indiannursingcouncil.org/Reports/YearlyReportByState.aspx,2026-09-11T11:27:16.385918
10,Vindhya College Of Nursing,"Vindhya College Of Nursing, Araji No 13/1/3 Village Kalayanpur Post Bhui Bandh, Vill.- Sohagpur, Tehsil- Sohagpur, Distt.- Shahdol, Madhya Pradesh, Pin Code- 484001",Vindhya Education And Welfare Society,Shahdol,Madhya Pradesh,Private,GNM,50 (Fifty),2025-2026,10,https://online.indiannursingcouncil.org/Reports/YearlyReportByState.aspx,2026-09-11T11:27:16.385918
10,Vindhya College Of Nursing,"Vindhya College Of Nursing, Araji No 13/1/3 Village Kalayanpur Post Bhui Bandh, Vill.- Sohagpur, Tehsil- Sohagpur, Distt.- Shahdol, Madhya Pradesh, Pin Code- 484001",Vindhya Education And Welfare Society,Shahdol,Madhya Pradesh,Private,B.Sc(N),60 (Sixty),2025-2026,10,https://online.indiannursingcouncil.org/Reports/YearlyReportByState.aspx,2026-09-11T11:27:16.385918
10,Vindhya College Of Nursing,"Vindhya College Of Nursing, Araji No 13/1/3 Village Kalayanpur Post Bhui Bandh, Vill.- Sohagpur, Tehsil- Sohagpur, Distt.- Shahdol, Madhya Pradesh, Pin Code- 484001",Vindhya Education And Welfare Society,Shahdol,Madhya Pradesh,Private,M. Sc (N),20 (Twenty) 4 In Each Specialty,2025-2026,10,https://online.indiannursingcouncil.org/Reports/YearlyReportByState.aspx,2026-09-11T11:27:16.385918
11,Vindhya College Of Nursing,"Vindhya College Of Nursing, Panna Road, Sherganj, Umari, Satna, Distt.- Satna, Madhya Pradesh, Pin Code- 485001",Vindhya Education And Welfare Society,Satna,Madhya Pradesh,Private,GNM,60 (Sixty),2025-2026,10,https://online.indiannursingcouncil.org/Reports/YearlyReportByState.aspx,2026-09-11T11:27:16.385918
11,Vindhya College Of Nursing,"Vindhya College Of Nursing, Panna Road, Sherganj, Umari, Satna, Distt.- Satna, Madhya Pradesh, Pin Code- 485001",Vindhya Education And Welfare Society,Satna,Madhya Pradesh,Private,B.Sc(N),60 (Sixty),2025-2026,10,https://online.indiannursingcouncil.org/Reports/YearlyReportByState.aspx,2026-09-11T11:27:16.385918
12,Vindhyanchal College Of Nursing,"Vindhyanchal College Of Nursing, Plot No 184/1/1 Indira Nagar Bara , Bara, Distt.- Rewa, Madhya Pradesh, Pin Code- 486001",Patel Sarvottam Sakal Shiksha Samiti,Rewa,Madhya Pradesh,Private,GNM,60 (Sixty),2025-2026,10,https://online.indiannursingcouncil.org/Reports/YearlyReportByState.aspx,2026-09-11T11:27:16.385918
12,Vindhyanchal College Of Nursing,"Vindhyanchal College Of Nursing, Plot No 184/1/1 Indira Nagar Bara , Bara, Distt.- Rewa, Madhya Pradesh, Pin Code- 486001",Patel Sarvottam Sakal Shiksha Samiti,Rewa,Madhya Pradesh,Private,B.Sc(N),50 (Fifty),2025-2026,10,https://online.indiannursingcouncil.org/Reports/YearlyReportByState.aspx,2026-09-11T11:27:16.385918
12,Vindhyanchal College Of Nursing,"Vindhyanchal College Of Nursing, Plot No 184/1/1 Indira Nagar Bara , Bara, Distt.- Rewa, Madhya Pradesh, Pin Code- 486001",Patel Sarvottam Sakal Shiksha Samiti,Rewa,Madhya Pradesh,Private,P B B.Sc(N),50 (Fifty),2025-2026,10,https://online.indiannursingcouncil.org/Reports/YearlyReportByState.aspx,2026-09-11T11:27:16.385918
13,Vir Tataya Tope Gnm School,"Vir Tataya Tope Gnm School, Nh 25 Jhansi Road, Village Karai Surwaya, Post Gangora,, Shivpuri, Distt.- Shivpuri, Madhya Pradesh, Pin Code- 473551",Jay Balari Maa Shikshna Avm Samaj Kalayan Samiti,Shivpuri,Madhya Pradesh,Private,GNM,50 (Fifty),2025-2026,10,https://online.indiannursingcouncil.org/Reports/YearlyReportByState.aspx,2026-09-11T11:27:16.385918
14,Yogmani Institute Of Nursing,"Yogmani Institute Of Nursing, 198/2, Raingwa Near Arihant Wear House By Pass Ward No. 72 , Jabalpur, Distt.- Jabalpur, Madhya Pradesh, Pin Code- 482002",Yagmani Education Society,Jabalpur,Madhya Pradesh,Private,GNM,40 (Forty),2025-2026,10,https://online.indiannursingcouncil.org/Reports/YearlyReportByState.aspx,2026-09-11T11:27:16.385918
