sl_no,institution_name_raw,institution_address_raw,trust_name,district_name,state,sector,programme,annual_intake,academic_year,page_number,source_url,extraction_timestamp
1,Institute Of Mental Health,"Institute Of Mental Health , Medavakkam Tank Road, Kilpauk , Chennai, Distt.- Chennai, Tamilnadu, Pin Code- 600010",Tamil Nadu,Chennai,Tamilnadu,Government,Post Basic Diploma in Psychiatric nsg.,10 (Ten),2025-2026,1,https://online.indiannursingcouncil.org/Reports/YearlyReportByState.aspx,2026-09-11T11:36:55.238973
2,St. Ann's College Of Nursing,"St. Ann's College Of Nursing, Sacred Heart Hospital, Kandasamypuram,, Vill.- Tuticorin, Tehsil- Thoothukkudi, Distt.- Thoothukudi, Tamilnadu, Pin Code- 628002",St Ann's Society,Thoothukudi,Tamilnadu,Private,B.Sc(N),50 (Fifty),2025-2026,1,https://online.indiannursingcouncil.org/Reports/YearlyReportByState.aspx,2026-09-11T11:36:55.238973
2,St. Ann's College Of Nursing,"St. Ann's College Of Nursing, Sacred Heart Hospital, Kandasamypuram,, Vill.- Tuticorin, Tehsil- Thoothukkudi, Distt.- Thoothukudi, Tamilnadu, Pin Code- 628002",St Ann's Society,Thoothukudi,Tamilnadu,Private,GNM,40 (Forty),2025-2026,1,https://online.indiannursingcouncil.org/Reports/YearlyReportByState.aspx,2026-09-11T11:36:55.238973
3,A J K College Of Nursing,"A J K College Of Nursing, Palakkad Main Road, Navakkarai, Coimbatore, Distt.- Coimbatore, Tamilnadu, Pin Code- 641105",A J K Educational And Charitable Trust,Coimbatore,Tamilnadu,Private,B.Sc(N),60 (Sixty),2025-2026,1,https://online.indiannursingcouncil.org/Reports/YearlyReportByState.aspx,2026-09-11T11:36:55.238973
4,A V M School Of Nursing,"A V M School Of Nursing, No. 135 Palayamkottai Road, Vill.- Thoothukudi, Tehsil- Thoothukkudi, Distt.- Thoothukudi, Tamilnadu, Pin Code- 628003",A V M M Associates Pvt Ltd,Thoothukudi,Tamilnadu,Private,GNM,20 (Twenty),2025-2026,1,https://online.indiannursingcouncil.org/Reports/YearlyReportByState.aspx,2026-09-11T11:36:55.238973
5,A. Dr. Vimal College Of Nursing,"A. Dr. Vimal College Of Nursing, Vellore-Arni Highway, Nh-234, Dharmavaram Road, Nelvoy, Pannathur, Vill.- Pennathur, Tehsil- Kaniyambadi, Distt.- Vellore, Tamilnadu, Pin Code- 632011",Sudesi Seva Trust,Vellore,Tamilnadu,Private,B.Sc(N),50 (Fifty),2025-2026,1,https://online.indiannursingcouncil.org/Reports/YearlyReportByState.aspx,2026-09-11T11:36:55.238973
6,A.A.B. College Of Nursing,"A.A.B. College Of Nursing, Arni Road, Thellur Village, Kilkuvalaivedu Post, Vandavasi, Distt.- Tiruvannamalai, Tamilnadu, Pin Code- 604404",A A B Educational Trust,Tiruvannamalai,Tamilnadu,Private,GNM,60 (Sixty),2025-2026,1,https://online.indiannursingcouncil.org/Reports/YearlyReportByState.aspx,2026-09-11T11:36:55.238973
6,A.A.B. College Of Nursing,"A.A.B. College Of Nursing, Arni Road, Thellur Village, Kilkuvalaivedu Post, Vandavasi, Distt.- Tiruvannamalai, Tamilnadu, Pin Code- 604404",A A B Educational Trust,Tiruvannamalai,Tamilnadu,Private,B.Sc(N),50 (Fifty),2025-2026,1,https://online.indiannursingcouncil.org/Reports/YearlyReportByState.aspx,2026-09-11T11:36:55.238973
7,Adhiparasakthi College Of Nursing,"Adhiparasakthi College Of Nursing , Mmelmaruvathur, Cheyyur Taluk, Melmaruvathur , Distt.- Kancheepuram, Tamilnadu, Pin Code- 603319",Adhiparasakthi Charitable Medical Educational And Cultural Trust -Acmect,Kancheepuram,Tamilnadu,Private,GNM,100 (One Hundred),2025-2026,1,https://online.indiannursingcouncil.org/Reports/YearlyReportByState.aspx,2026-09-11T11:36:55.238973
7,Adhiparasakthi College Of Nursing,"Adhiparasakthi College Of Nursing , Mmelmaruvathur, Cheyyur Taluk, Melmaruvathur , Distt.- Kancheepuram, Tamilnadu, Pin Code- 603319",Adhiparasakthi Charitable Medical Educational And Cultural Trust -Acmect,Kancheepuram,Tamilnadu,Private,M. Sc (N),40 (Forty) 8 In Each Speciality,2025-2026,1,https://online.indiannursingcouncil.org/Reports/YearlyReportByState.aspx,2026-09-11T11:36:55.238973
7,Adhiparasakthi College Of Nursing,"Adhiparasakthi College Of Nursing , Mmelmaruvathur, Cheyyur Taluk, Melmaruvathur , Distt.- Kancheepuram, Tamilnadu, Pin Code- 603319",Adhiparasakthi Charitable Medical Educational And Cultural Trust -Acmect,Kancheepuram,Tamilnadu,Private,B.Sc(N),100 (One Hundred),2025-2026,1,https://online.indiannursingcouncil.org/Reports/YearlyReportByState.aspx,2026-09-11T11:36:55.238973
7,Adhiparasakthi College Of Nursing,"Adhiparasakthi College Of Nursing , Mmelmaruvathur, Cheyyur Taluk, Melmaruvathur , Distt.- Kancheepuram, Tamilnadu, Pin Code- 603319",Adhiparasakthi Charitable Medical Educational And Cultural Trust -Acmect,Kancheepuram,Tamilnadu,Private,P B B.Sc(N),30 (Thirty),2025-2026,1,https://online.indiannursingcouncil.org/Reports/YearlyReportByState.aspx,2026-09-11T11:36:55.238973
8,Al- Ameen School Of Nursing,"Al- Ameen School Of Nursing,, Main Road, Somasipadi , Distt.- Tiruvannamalai, Tamilnadu, Pin Code- 606611",Al - Ameen Educational Trust,Tiruvannamalai,Tamilnadu,Private,GNM,20 (Twenty),2025-2026,1,https://online.indiannursingcouncil.org/Reports/YearlyReportByState.aspx,2026-09-11T11:36:55.238973
8,Al- Ameen School Of Nursing,"Al- Ameen School Of Nursing,, Main Road, Somasipadi , Distt.- Tiruvannamalai, Tamilnadu, Pin Code- 606611",Al - Ameen Educational Trust,Tiruvannamalai,Tamilnadu,Private,B.Sc(N),50 (Fifty),2025-2026,1,https://online.indiannursingcouncil.org/Reports/YearlyReportByState.aspx,2026-09-11T11:36:55.238973
9,Aladi Aruna College Of Nursing,"Aladi Aruna College Of Nursing, Tirunelveli - Tenkasi Highway Ilver Kulam Village, Alangulam, Distt.- Tirunelveli, Tamilnadu, Pin Code- 627853",Aladi Aruna Foundation,Tirunelveli,Tamilnadu,Private,B.Sc(N),60 (Sixty),2025-2026,1,https://online.indiannursingcouncil.org/Reports/YearlyReportByState.aspx,2026-09-11T11:36:55.238973
10,Alagappa College Of Nursing,"Alagappa College Of Nursing, Alagappapuram, Karaikudi - 03, Karaikudi, Distt.- Sivaganga, Tamilnadu, Pin Code- 630003",Dr.Alagappa Chettiar Educational Trust,Sivaganga,Tamilnadu,Private,B.Sc(N),50 (Fifty),2025-2026,1,https://online.indiannursingcouncil.org/Reports/YearlyReportByState.aspx,2026-09-11T11:36:55.238973
11,Almighty College Of Nursing,"Almighty College Of Nursing, Thoothukudi Main Road, Ariyakulam, Distt.- Tirunelveli, Tamilnadu, Pin Code- 627351",Devendra Educational And Charitable Trust,Tirunelveli,Tamilnadu,Private,B.Sc(N),60 (Sixty),2025-2026,1,https://online.indiannursingcouncil.org/Reports/YearlyReportByState.aspx,2026-09-11T11:36:55.238973
11,Almighty College Of Nursing,"Almighty College Of Nursing, Thoothukudi Main Road, Ariyakulam, Distt.- Tirunelveli, Tamilnadu, Pin Code- 627351",Devendra Educational And Charitable Trust,Tirunelveli,Tamilnadu,Private,ANM,30 (Thirty),2025-2026,1,https://online.indiannursingcouncil.org/Reports/YearlyReportByState.aspx,2026-09-11T11:36:55.238973
12,Anbarasu Institute Of Medical Sciences And Research,"Anbarasu Institute Of Medical Sciences And Research, T T K Nagar, Irumbuliyur, Tambaram,, Chennai, Distt.- Chengalpattu, Tamilnadu, Pin Code- 600045",Dr. C. Anbarasu And Dr. K.C. Rajabathar Educational And Cultural As Charitable Trust,Chengalpattu,Tamilnadu,Private,GNM,20 (Twenty),2025-2026,1,https://online.indiannursingcouncil.org/Reports/YearlyReportByState.aspx,2026-09-11T11:36:55.238973
13,Anbu College Of Nursing,"Anbu College Of Nursing,, Mgr Nagar, Pallipalayam Road,, Komarapalayam, Distt.- Namakkal, Tamilnadu, Pin Code- 638183",Anbu Educational Trust,Namakkal,Tamilnadu,Private,B.Sc(N),50 (Fifty),2025-2026,1,https://online.indiannursingcouncil.org/Reports/YearlyReportByState.aspx,2026-09-11T11:36:55.238973
13,Anbu College Of Nursing,"Anbu College Of Nursing,, Mgr Nagar, Pallipalayam Road,, Komarapalayam, Distt.- Namakkal, Tamilnadu, Pin Code- 638183",Anbu Educational Trust,Namakkal,Tamilnadu,Private,M. Sc (N),25 ; 5 In Each Speciality,2025-2026,1,https://online.indiannursingcouncil.org/Reports/YearlyReportByState.aspx,2026-09-11T11:36:55.238973
13,Anbu College Of Nursing,"Anbu College Of Nursing,, Mgr Nagar, Pallipalayam Road,, Komarapalayam, Distt.- Namakkal, Tamilnadu, Pin Code- 638183",Anbu Educational Trust,Namakkal,Tamilnadu,Private,P B B.Sc(N),40 (Forty),2025-2026,1,https://online.indiannursingcouncil.org/Reports/YearlyReportByState.aspx,2026-09-11T11:36:55.238973
13,Anbu College Of Nursing,"Anbu College Of Nursing,, Mgr Nagar, Pallipalayam Road,, Komarapalayam, Distt.- Namakkal, Tamilnadu, Pin Code- 638183",Anbu Educational Trust,Namakkal,Tamilnadu,Private,GNM,20 (Twenty),2025-2026,1,https://online.indiannursingcouncil.org/Reports/YearlyReportByState.aspx,2026-09-11T11:36:55.238973
14,Anm Training School,"Anm Training School , Govt.Primary Health Centre Campus, Sathiyamoorthi Nagar, Samayanallur,, Madurai, Distt.- Madurai, Tamilnadu, Pin Code- 625402",Government Of Tamilnadu,Madurai,Tamilnadu,Government,ANM,30 (Thirty),2025-2026,1,https://online.indiannursingcouncil.org/Reports/YearlyReportByState.aspx,2026-09-11T11:36:55.238973
15,Annai College Of Nursing,"Annai College Of Nursing , Nambipatti, H.Doddampatti Po , Harur, Distt.- Dharmapuri, Tamilnadu, Pin Code- 636903",Annai Educational Trust,Dharmapuri,Tamilnadu,Private,B.Sc(N),40 (Forty),2025-2026,1,https://online.indiannursingcouncil.org/Reports/YearlyReportByState.aspx,2026-09-11T11:36:55.238973
16,Annai Dora College Of Nursing,"Annai Dora College Of Nursing,, Sevanilayam, Vill.- Rajathani, Tehsil- Andipatti, Distt.- Theni, Tamilnadu, Pin Code- 625512",Sevanilayam Society,Theni,Tamilnadu,Private,B.Sc(N),50 (Fifty),2025-2026,1,https://online.indiannursingcouncil.org/Reports/YearlyReportByState.aspx,2026-09-11T11:36:55.238973
17,Annai Jkk Sampoorani Ammal College Of Nursing,"Annai Jkk Sampoorani Ammal College Of Nursing , Ethirmedu, Valayakaranur Post, Komarapalayam , Distt.- Namakkal, Tamilnadu, Pin Code- 638183",Annai Jkk Sampoorani Ammal Charitable Trust,Namakkal,Tamilnadu,Private,GNM,60 (Sixty),2025-2026,1,https://online.indiannursingcouncil.org/Reports/YearlyReportByState.aspx,2026-09-11T11:36:55.238973
17,Annai Jkk Sampoorani Ammal College Of Nursing,"Annai Jkk Sampoorani Ammal College Of Nursing , Ethirmedu, Valayakaranur Post, Komarapalayam , Distt.- Namakkal, Tamilnadu, Pin Code- 638183",Annai Jkk Sampoorani Ammal Charitable Trust,Namakkal,Tamilnadu,Private,B.Sc(N),60 (Sixty),2025-2026,1,https://online.indiannursingcouncil.org/Reports/YearlyReportByState.aspx,2026-09-11T11:36:55.238973
17,Annai Jkk Sampoorani Ammal College Of Nursing,"Annai Jkk Sampoorani Ammal College Of Nursing , Ethirmedu, Valayakaranur Post, Komarapalayam , Distt.- Namakkal, Tamilnadu, Pin Code- 638183",Annai Jkk Sampoorani Ammal Charitable Trust,Namakkal,Tamilnadu,Private,M. Sc (N),20 (Twenty) 4 In Each Specialty,2025-2026,1,https://online.indiannursingcouncil.org/Reports/YearlyReportByState.aspx,2026-09-11T11:36:55.238973
1,Annai Meenakshi College Of Nursing,"Annai Meenakshi College Of Nursing , Pb No 4431, Industrial Estate Post, Madukkarai Market Road,, Coimbatore , Distt.- Coimbatore, Tamilnadu, Pin Code- 641021",Chemist Educational And Charitable Trust,Coimbatore,Tamilnadu,Private,B.Sc(N),100 (One Hundred),2025-2026,2,https://online.indiannursingcouncil.org/Reports/YearlyReportByState.aspx,2026-09-11T11:37:01.868427
1,Annai Meenakshi College Of Nursing,"Annai Meenakshi College Of Nursing , Pb No 4431, Industrial Estate Post, Madukkarai Market Road,, Coimbatore , Distt.- Coimbatore, Tamilnadu, Pin Code- 641021",Chemist Educational And Charitable Trust,Coimbatore,Tamilnadu,Private,M. Sc (N),21 (Twenty One),2025-2026,2,https://online.indiannursingcouncil.org/Reports/YearlyReportByState.aspx,2026-09-11T11:37:01.868427
1,Annai Meenakshi College Of Nursing,"Annai Meenakshi College Of Nursing , Pb No 4431, Industrial Estate Post, Madukkarai Market Road,, Coimbatore , Distt.- Coimbatore, Tamilnadu, Pin Code- 641021",Chemist Educational And Charitable Trust,Coimbatore,Tamilnadu,Private,P B B.Sc(N),40 (Forty),2025-2026,2,https://online.indiannursingcouncil.org/Reports/YearlyReportByState.aspx,2026-09-11T11:37:01.868427
2,Annai Veilankannis School Of Nursing,"Annai Veilankannis School Of Nursing , No:33 Gandhi Road, Vill.- Nedungundram, Tehsil- Chengalpattu, Distt.- Chengalpattu, Tamilnadu, Pin Code- 600127",Annai Veilankannis Educational And Cultural Society,Chengalpattu,Tamilnadu,Private,GNM,20 (Twenty),2025-2026,2,https://online.indiannursingcouncil.org/Reports/YearlyReportByState.aspx,2026-09-11T11:37:01.868427
3,Annammal School Of Nursing,"Annammal School Of Nursing , Annammal Hospital Campus, Kuzhithurai , Distt.- Kanyakumari, Tamilnadu, Pin Code- 629163",Austin Memorial Charitable And Educational Trust,Kanyakumari,Tamilnadu,Private,GNM,40 (Forty),2025-2026,2,https://online.indiannursingcouncil.org/Reports/YearlyReportByState.aspx,2026-09-11T11:37:01.868427
3,Annammal School Of Nursing,"Annammal School Of Nursing , Annammal Hospital Campus, Kuzhithurai , Distt.- Kanyakumari, Tamilnadu, Pin Code- 629163",Austin Memorial Charitable And Educational Trust,Kanyakumari,Tamilnadu,Private,B.Sc(N),50 (Fifty),2025-2026,2,https://online.indiannursingcouncil.org/Reports/YearlyReportByState.aspx,2026-09-11T11:37:01.868427
3,Annammal School Of Nursing,"Annammal School Of Nursing , Annammal Hospital Campus, Kuzhithurai , Distt.- Kanyakumari, Tamilnadu, Pin Code- 629163",Austin Memorial Charitable And Educational Trust,Kanyakumari,Tamilnadu,Private,M. Sc (N),25 ;(Twenty Five) Obg-5 Med-Surg-5 Chn-5 Paed-5 Psy-5,2025-2026,2,https://online.indiannursingcouncil.org/Reports/YearlyReportByState.aspx,2026-09-11T11:37:01.868427
3,Annammal School Of Nursing,"Annammal School Of Nursing , Annammal Hospital Campus, Kuzhithurai , Distt.- Kanyakumari, Tamilnadu, Pin Code- 629163",Austin Memorial Charitable And Educational Trust,Kanyakumari,Tamilnadu,Private,P B B.Sc(N),40 (Forty),2025-2026,2,https://online.indiannursingcouncil.org/Reports/YearlyReportByState.aspx,2026-09-11T11:37:01.868427
4,Annasamy Rajammal College Of Nursing,"Annasamy Rajammal College Of Nursing, 6/373, Tamilur, Andipatti Road,, Vill.- Athiyoothu, Tehsil- Alangulam, Distt.- Tirunelveli, Tamilnadu, Pin Code- 627808",St.Mary Angel Educational Trust,Tirunelveli,Tamilnadu,Private,B.Sc(N),50 (Fifty),2025-2026,2,https://online.indiannursingcouncil.org/Reports/YearlyReportByState.aspx,2026-09-11T11:37:01.868427
5,Apollo College Of Nursing,"Apollo College Of Nursing, Vanagaram To Ambattur Main Road Ayanambakkam, Chennai , Distt.- Thiruvallur, Tamilnadu, Pin Code- 600095",Apollo Hospitals Educational Trust,Thiruvallur,Tamilnadu,Private,B.Sc(N),100 (One Hundred),2025-2026,2,https://online.indiannursingcouncil.org/Reports/YearlyReportByState.aspx,2026-09-11T11:37:01.868427
5,Apollo College Of Nursing,"Apollo College Of Nursing, Vanagaram To Ambattur Main Road Ayanambakkam, Chennai , Distt.- Thiruvallur, Tamilnadu, Pin Code- 600095",Apollo Hospitals Educational Trust,Thiruvallur,Tamilnadu,Private,M. Sc (N),"40: Med-Surg-16, Obg-6, Psy-6, Paed-6, Chn-6",2025-2026,2,https://online.indiannursingcouncil.org/Reports/YearlyReportByState.aspx,2026-09-11T11:37:01.868427
5,Apollo College Of Nursing,"Apollo College Of Nursing, Vanagaram To Ambattur Main Road Ayanambakkam, Chennai , Distt.- Thiruvallur, Tamilnadu, Pin Code- 600095",Apollo Hospitals Educational Trust,Thiruvallur,Tamilnadu,Private,Post Basic Diploma in Operation Room Nursing,10 (Ten),2025-2026,2,https://online.indiannursingcouncil.org/Reports/YearlyReportByState.aspx,2026-09-11T11:37:01.868427
5,Apollo College Of Nursing,"Apollo College Of Nursing, Vanagaram To Ambattur Main Road Ayanambakkam, Chennai , Distt.- Thiruvallur, Tamilnadu, Pin Code- 600095",Apollo Hospitals Educational Trust,Thiruvallur,Tamilnadu,Private,Post Basic Diploma in Cardio Thoracic Nursing,10 (Ten),2025-2026,2,https://online.indiannursingcouncil.org/Reports/YearlyReportByState.aspx,2026-09-11T11:37:01.868427
5,Apollo College Of Nursing,"Apollo College Of Nursing, Vanagaram To Ambattur Main Road Ayanambakkam, Chennai , Distt.- Thiruvallur, Tamilnadu, Pin Code- 600095",Apollo Hospitals Educational Trust,Thiruvallur,Tamilnadu,Private,P B B.Sc(N),50 (Fifty),2025-2026,2,https://online.indiannursingcouncil.org/Reports/YearlyReportByState.aspx,2026-09-11T11:37:01.868427
5,Apollo College Of Nursing,"Apollo College Of Nursing, Vanagaram To Ambattur Main Road Ayanambakkam, Chennai , Distt.- Thiruvallur, Tamilnadu, Pin Code- 600095",Apollo Hospitals Educational Trust,Thiruvallur,Tamilnadu,Private,Post Basic Diploma in Neurology Nursing,10 (Ten),2025-2026,2,https://online.indiannursingcouncil.org/Reports/YearlyReportByState.aspx,2026-09-11T11:37:01.868427
5,Apollo College Of Nursing,"Apollo College Of Nursing, Vanagaram To Ambattur Main Road Ayanambakkam, Chennai , Distt.- Thiruvallur, Tamilnadu, Pin Code- 600095",Apollo Hospitals Educational Trust,Thiruvallur,Tamilnadu,Private,Post Basic Diploma in Critical care nursing,10 (Ten),2025-2026,2,https://online.indiannursingcouncil.org/Reports/YearlyReportByState.aspx,2026-09-11T11:37:01.868427
5,Apollo College Of Nursing,"Apollo College Of Nursing, Vanagaram To Ambattur Main Road Ayanambakkam, Chennai , Distt.- Thiruvallur, Tamilnadu, Pin Code- 600095",Apollo Hospitals Educational Trust,Thiruvallur,Tamilnadu,Private,Post Basic Diploma in Emergency & Disaster Nursing,10 (Ten),2025-2026,2,https://online.indiannursingcouncil.org/Reports/YearlyReportByState.aspx,2026-09-11T11:37:01.868427
5,Apollo College Of Nursing,"Apollo College Of Nursing, Vanagaram To Ambattur Main Road Ayanambakkam, Chennai , Distt.- Thiruvallur, Tamilnadu, Pin Code- 600095",Apollo Hospitals Educational Trust,Thiruvallur,Tamilnadu,Private,Post Basic Diploma in Oncology Nursing,10 (Ten),2025-2026,2,https://online.indiannursingcouncil.org/Reports/YearlyReportByState.aspx,2026-09-11T11:37:01.868427
5,Apollo College Of Nursing,"Apollo College Of Nursing, Vanagaram To Ambattur Main Road Ayanambakkam, Chennai , Distt.- Thiruvallur, Tamilnadu, Pin Code- 600095",Apollo Hospitals Educational Trust,Thiruvallur,Tamilnadu,Private,Post Basic Diploma in Neonatal nursing,10 (Ten),2025-2026,2,https://online.indiannursingcouncil.org/Reports/YearlyReportByState.aspx,2026-09-11T11:37:01.868427
6,Apollo School Of Nursing,"Apollo School Of Nursing, Vanagaram To Ambattur Main Road Ayanamabakkam, Chennai , Distt.- Thiruvallur, Tamilnadu, Pin Code- 600095",Apollo Hospitals Educational Trust,Thiruvallur,Tamilnadu,Private,GNM,100 (One Hundred),2025-2026,2,https://online.indiannursingcouncil.org/Reports/YearlyReportByState.aspx,2026-09-11T11:37:01.868427
7,Arulmigu Meenakshi College Of Nursing,"Arulmigu Meenakshi College Of Nursing,, Meenakshi Medical College And Research Institute Campus, Enathur, Kancheepuram, Distt.- Kancheepuram, Tamilnadu, Pin Code- 631552",Meenakshi Ammal Trust,Kancheepuram,Tamilnadu,Private,B.Sc(N),100 (One Hundred),2025-2026,2,https://online.indiannursingcouncil.org/Reports/YearlyReportByState.aspx,2026-09-11T11:37:01.868427
8,Arunai Institute Of Nursing Education And Research,"Arunai Institute Of Nursing Education And Research , Velu Nagar, Then Mathur, Tiruvannamalai, Distt.- Tiruvannamalai, Tamilnadu, Pin Code- 606603",Jeeva Educational Trust,Tiruvannamalai,Tamilnadu,Private,B.Sc(N),100 (One Hundred),2025-2026,2,https://online.indiannursingcouncil.org/Reports/YearlyReportByState.aspx,2026-09-11T11:37:01.868427
9,Arvinth College Of Nursing,"Arvinth College Of Nursing,, 2/191,Trichy Main Road, Ellaikalmedu, Mettupatti(P), Valayapatty, Distt.- Namakkal, Tamilnadu, Pin Code- 637020",Arvinth Charitable Trust,Namakkal,Tamilnadu,Private,B.Sc(N),50 (Fifty),2025-2026,2,https://online.indiannursingcouncil.org/Reports/YearlyReportByState.aspx,2026-09-11T11:37:01.868427
9,Arvinth College Of Nursing,"Arvinth College Of Nursing,, 2/191,Trichy Main Road, Ellaikalmedu, Mettupatti(P), Valayapatty, Distt.- Namakkal, Tamilnadu, Pin Code- 637020",Arvinth Charitable Trust,Namakkal,Tamilnadu,Private,M. Sc (N),"10 Chn-3, Obg-3, Med-Surg-2, Pae-2",2025-2026,2,https://online.indiannursingcouncil.org/Reports/YearlyReportByState.aspx,2026-09-11T11:37:01.868427
9,Arvinth College Of Nursing,"Arvinth College Of Nursing,, 2/191,Trichy Main Road, Ellaikalmedu, Mettupatti(P), Valayapatty, Distt.- Namakkal, Tamilnadu, Pin Code- 637020",Arvinth Charitable Trust,Namakkal,Tamilnadu,Private,P B B.Sc(N),40 (Forty),2025-2026,2,https://online.indiannursingcouncil.org/Reports/YearlyReportByState.aspx,2026-09-11T11:37:01.868427
10,Ashwini Adivasi School Of Nursing,"Ashwini Adivasi School Of Nursing, 10/147 G2 G3 Kothervayal, Vill.- Kothervayal, Tehsil- Gudalur, Distt.- Nilgiris, Tamilnadu, Pin Code- 643212",Association For Health Welfare In The Nilgiris,Nilgiris,Tamilnadu,Private,ANM,20 (Twenty),2025-2026,2,https://online.indiannursingcouncil.org/Reports/YearlyReportByState.aspx,2026-09-11T11:37:01.868427
11,Ave Maria College Of Nursing,"Ave Maria College Of Nursing, Cheriyavilai, Attoor, Thiruvattar Post, Thiruvattar, Distt.- Kanyakumari, Tamilnadu, Pin Code- 629177",Ave Maria Educational And Charitable Trust,Kanyakumari,Tamilnadu,Private,B.Sc(N),50 (Fifty),2025-2026,2,https://online.indiannursingcouncil.org/Reports/YearlyReportByState.aspx,2026-09-11T11:37:01.868427
12,Bethlahem College Of Nursing,"Bethlahem College Of Nursing, Nadutheri, Karungal, Kanyakumari Dist, Tamilnadu, Karungal, Distt.- Kanyakumari, Tamilnadu, Pin Code- 629157",Nesamony Memorial Trust,Kanyakumari,Tamilnadu,Private,B.Sc(N),60 (Sixty),2025-2026,2,https://online.indiannursingcouncil.org/Reports/YearlyReportByState.aspx,2026-09-11T11:37:01.868427
13,Bhaarath College Of Nursing,"Bhaarath College Of Nursing, No. 173, Agharam Road, Selaiyur,, Chennai, Distt.- Kancheepuram, Tamilnadu, Pin Code- 600073",Bharath Institute Of Higher Education And Research,Kancheepuram,Tamilnadu,Private,B.Sc(N),100 (One Hundred),2025-2026,2,https://online.indiannursingcouncil.org/Reports/YearlyReportByState.aspx,2026-09-11T11:37:01.868427
14,Bhaarath School Of Nursing,"Bhaarath School Of Nursing, 72-B, Dindigul Road, Palani , Distt.- Dindigul, Tamilnadu, Pin Code- 624601",V.C.Medical And Educational Charitable Trust,Dindigul,Tamilnadu,Private,GNM,60 (Sixty),2025-2026,2,https://online.indiannursingcouncil.org/Reports/YearlyReportByState.aspx,2026-09-11T11:37:01.868427
1,Bhaarath School Of Nursing,"Bhaarath School Of Nursing, 72-B, Dindigul Road, Palani , Distt.- Dindigul, Tamilnadu, Pin Code- 624601",V.C.Medical And Educational Charitable Trust,Dindigul,Tamilnadu,Private,B.Sc(N),60 (Sixty),2025-2026,3,https://online.indiannursingcouncil.org/Reports/YearlyReportByState.aspx,2026-09-11T11:37:08.590019
1,Bhaarath School Of Nursing,"Bhaarath School Of Nursing, 72-B, Dindigul Road, Palani , Distt.- Dindigul, Tamilnadu, Pin Code- 624601",V.C.Medical And Educational Charitable Trust,Dindigul,Tamilnadu,Private,P B B.Sc(N),20 (Twenty),2025-2026,3,https://online.indiannursingcouncil.org/Reports/YearlyReportByState.aspx,2026-09-11T11:37:08.590019
2,Bharath College Of Nursing,"Bharath College Of Nursing, 428, Thanjai Main Road, Ammaiyappan, Thiruvarur, Thiruvarur, Distt.- Thiruvarur, Tamilnadu, Pin Code- 613701",Bharath Educational Trust,Thiruvarur,Tamilnadu,Private,B.Sc(N),50 (Fifty),2025-2026,3,https://online.indiannursingcouncil.org/Reports/YearlyReportByState.aspx,2026-09-11T11:37:08.590019
3,Bhavani College Of Nursing,"Bhavani College Of Nursing, Mettur Main Road, Varathanallur (Po),Bhavani(Tk), Erode, Distt.- Erode, Tamilnadu, Pin Code- 638311",Astalakshmi Educational Trust,Erode,Tamilnadu,Private,B.Sc(N),50 (Fifty),2025-2026,3,https://online.indiannursingcouncil.org/Reports/YearlyReportByState.aspx,2026-09-11T11:37:08.590019
4,Billroth College Of Nursing,"Billroth College Of Nursing,, No. 2, Mettukuppam Road, Maduravoyal, Chennai, Distt.- Chennai, Tamilnadu, Pin Code- 600095",Billroth Medical And Educational Trust,Chennai,Tamilnadu,Private,B.Sc(N),50 (Fifty),2025-2026,3,https://online.indiannursingcouncil.org/Reports/YearlyReportByState.aspx,2026-09-11T11:37:08.590019
5,Bishop's College Of Nursing,"Bishop's College Of Nursing, Csi. Mission Compound, Dharapuram , Distt.- Tiruppur, Tamilnadu, Pin Code- 638656",C.S.I.Trust Association -Csi Trichy-Tanjore Diocese,Tiruppur,Tamilnadu,Private,M. Sc (N),"20 (Twenty): Med-Surg-4, Obg-4, Psy-4, Paed-4, Chn-4",2025-2026,3,https://online.indiannursingcouncil.org/Reports/YearlyReportByState.aspx,2026-09-11T11:37:08.590019
5,Bishop's College Of Nursing,"Bishop's College Of Nursing, Csi. Mission Compound, Dharapuram , Distt.- Tiruppur, Tamilnadu, Pin Code- 638656",C.S.I.Trust Association -Csi Trichy-Tanjore Diocese,Tiruppur,Tamilnadu,Private,B.Sc(N),50 (Fifty),2025-2026,3,https://online.indiannursingcouncil.org/Reports/YearlyReportByState.aspx,2026-09-11T11:37:08.590019
6,Bon Secours College Of Nursing,"Bon Secours College Of Nursing , Molasur, Sunguvarchatram Post, Sriperumbudur, Distt.- Kancheepuram, Tamilnadu, Pin Code- 602106",Franciscan Sisters Of Our Lady Of Bon Secours,Kancheepuram,Tamilnadu,Private,B.Sc(N),50 (Fifty),2025-2026,3,https://online.indiannursingcouncil.org/Reports/YearlyReportByState.aspx,2026-09-11T11:37:08.590019
7,Bpr School Of Nursing,"Bpr School Of Nursing , Old No:39/4, New No:87/4, Filter Bed Road, Vellore, Distt.- Vellore, Tamilnadu, Pin Code- 632001",Dr.Balaji Health And Educational Trust,Vellore,Tamilnadu,Private,GNM,20 (Twenty),2025-2026,3,https://online.indiannursingcouncil.org/Reports/YearlyReportByState.aspx,2026-09-11T11:37:08.590019
8,C E T College Of Nursing,"C E T College Of Nursing, I.2/1-10A, Mookuthi Rd, Thidal Panchayat, Ratnapuram, Thidal , Distt.- Kanyakumari, Tamilnadu, Pin Code- 629851",Crescent Educational And Charitable Trust,Kanyakumari,Tamilnadu,Private,B.Sc(N),50 (Fifty),2025-2026,3,https://online.indiannursingcouncil.org/Reports/YearlyReportByState.aspx,2026-09-11T11:37:08.590019
9,C S I Eliza Caldwell College Of Nursing,"C S I Eliza Caldwell College Of Nursing, Kuttam Road, Daiyangudi Po , Idaiyangudi , Distt.- Tirunelveli, Tamilnadu, Pin Code- 627651",Tirunelveli Diocesan Trust Association,Tirunelveli,Tamilnadu,Private,B.Sc(N),50 (Fifty),2025-2026,3,https://online.indiannursingcouncil.org/Reports/YearlyReportByState.aspx,2026-09-11T11:37:08.590019
10,C S I Hospital,"C S I Hospital, School Of Nursing, Redhills Main Road, Ikkadu, Distt.- Thiruvallur, Tamilnadu, Pin Code- 602021",The Church Of South India,Thiruvallur,Tamilnadu,Private,ANM,20 (Twenty),2025-2026,3,https://online.indiannursingcouncil.org/Reports/YearlyReportByState.aspx,2026-09-11T11:37:08.590019
11,C S I Jeyaraj Annapackiam College Of Nursing And Allied Sciences,"C S I Jeyaraj Annapackiam College Of Nursing And Allied Sciences, Merry Dew Hills, Jonespuram, Pasumalai, Vill.- Pasumalai, Tehsil- Thirupparankundram, Distt.- Madurai, Tamilnadu, Pin Code- 62500","Madura Ramnad Diocese Management Association,Church Of South India Trust Association",Madurai,Tamilnadu,Private,B.Sc(N),60 (Sixty),2025-2026,3,https://online.indiannursingcouncil.org/Reports/YearlyReportByState.aspx,2026-09-11T11:37:08.590019
11,C S I Jeyaraj Annapackiam College Of Nursing And Allied Sciences,"C S I Jeyaraj Annapackiam College Of Nursing And Allied Sciences, Merry Dew Hills, Jonespuram, Pasumalai, Vill.- Pasumalai, Tehsil- Thirupparankundram, Distt.- Madurai, Tamilnadu, Pin Code- 62500","Madura Ramnad Diocese Management Association,Church Of South India Trust Association",Madurai,Tamilnadu,Private,M. Sc (N),20 (Twenty),2025-2026,3,https://online.indiannursingcouncil.org/Reports/YearlyReportByState.aspx,2026-09-11T11:37:08.590019
12,C S I Kalyani College Of Nursing,"C S I Kalyani College Of Nursing , No 15, Dr Radhakrishnan Salai , Vill.- Chennai, Tehsil- Mylapore, Distt.- Chennai, Tamilnadu, Pin Code- 600004",The Church Of South India Trust Association,Chennai,Tamilnadu,Private,B.Sc(N),40 (Forty),2025-2026,3,https://online.indiannursingcouncil.org/Reports/YearlyReportByState.aspx,2026-09-11T11:37:08.590019
12,C S I Kalyani College Of Nursing,"C S I Kalyani College Of Nursing , No 15, Dr Radhakrishnan Salai , Vill.- Chennai, Tehsil- Mylapore, Distt.- Chennai, Tamilnadu, Pin Code- 600004",The Church Of South India Trust Association,Chennai,Tamilnadu,Private,GNM,40 (Forty),2025-2026,3,https://online.indiannursingcouncil.org/Reports/YearlyReportByState.aspx,2026-09-11T11:37:08.590019
13,C S I Mission Hospital,"C S I Mission Hospital, Pariyal, , Distt.- Erode, Tamilnadu, Pin Code- 638001",,Erode,Tamilnadu,Private,ANM,20 (Twenty),2025-2026,3,https://online.indiannursingcouncil.org/Reports/YearlyReportByState.aspx,2026-09-11T11:37:08.590019
14,C S I Rainy Hospital School Of Nursing,"C S I Rainy Hospital School Of Nursing , No 45 G A Road Old Washermenpet, Chennai , Distt.- Chennai, Tamilnadu, Pin Code- 600021",C S I Madras Diocese,Chennai,Tamilnadu,Private,GNM,40 (Forty),2025-2026,3,https://online.indiannursingcouncil.org/Reports/YearlyReportByState.aspx,2026-09-11T11:37:08.590019
15,C S I School Of Nursing,"C S I School Of Nursing , Christian Mission Hospital Campus, Eastveli Street, Madurai, Distt.- Madurai, Tamilnadu, Pin Code- 625001",Madurai Ramnad Diocesan Management Assosiation,Madurai,Tamilnadu,Private,GNM,60 (Sixty),2025-2026,3,https://online.indiannursingcouncil.org/Reports/YearlyReportByState.aspx,2026-09-11T11:37:08.590019
16,C S I St Luke's College Of Nursing,"C S I St Luke's College Of Nursing, Thirumaraiyur, Nazareth, Distt.- Thoothukudi, Tamilnadu, Pin Code- 628617",Thoothukudi Nazareth Diocese,Thoothukudi,Tamilnadu,Private,B.Sc(N),50 (Fifty),2025-2026,3,https://online.indiannursingcouncil.org/Reports/YearlyReportByState.aspx,2026-09-11T11:37:08.590019
17,C.S.I. Anm Training School,"C.S.I. Anm Training School,, Csi Compound,, Vill.- Dharapuram, Tehsil- Dharapuram, Distt.- Tiruppur, Tamilnadu, Pin Code- 638656",Csi Trust Association Trichy-Tanjore Diocese,Tiruppur,Tamilnadu,Private,ANM,20 (Twenty),2025-2026,3,https://online.indiannursingcouncil.org/Reports/YearlyReportByState.aspx,2026-09-11T11:37:08.590019
18,Chennais Amirta Nursing College,"Chennais Amirta Nursing College, No 68 Chengalpattu Kancheepuram High Road Athur Chengalpattu, Chengalpattu, Distt.- Chengalpattu, Tamilnadu, Pin Code- 603101",Meenakshiamman Educational Research Institute And Trust,Chengalpattu,Tamilnadu,Private,B.Sc(N),60 (Sixty),2025-2026,3,https://online.indiannursingcouncil.org/Reports/YearlyReportByState.aspx,2026-09-11T11:37:08.590019
19,Cherraan's College Of Nursing,"Cherraan's College Of Nursing , 521, Siruvani Main Road, Telungupalayam Pirivu, Vill.- Telungupalyam, Tehsil- Thondamuthur, Distt.- Coimbatore, Tamilnadu, Pin Code- 641039",Cheran Foundation Trust,Coimbatore,Tamilnadu,Private,M. Sc (N),"10 (Ten) Obg-3, Med Surg-1, Psy-2, Chn-2, Paed-2",2025-2026,3,https://online.indiannursingcouncil.org/Reports/YearlyReportByState.aspx,2026-09-11T11:37:08.590019
19,Cherraan's College Of Nursing,"Cherraan's College Of Nursing , 521, Siruvani Main Road, Telungupalayam Pirivu, Vill.- Telungupalyam, Tehsil- Thondamuthur, Distt.- Coimbatore, Tamilnadu, Pin Code- 641039",Cheran Foundation Trust,Coimbatore,Tamilnadu,Private,B.Sc(N),60 (Sixty),2025-2026,3,https://online.indiannursingcouncil.org/Reports/YearlyReportByState.aspx,2026-09-11T11:37:08.590019
20,Chettinad College Of Nursing,"Chettinad College Of Nursing , Rajiv Gandhi Salai, Omr, Padur , Kelambakkam, Distt.- Kancheepuram, Tamilnadu, Pin Code- 603103",Chettinad Academy Of Research And Education,Kancheepuram,Tamilnadu,Private,B.Sc(N),100 (One Hundred),2025-2026,3,https://online.indiannursingcouncil.org/Reports/YearlyReportByState.aspx,2026-09-11T11:37:08.590019
20,Chettinad College Of Nursing,"Chettinad College Of Nursing , Rajiv Gandhi Salai, Omr, Padur , Kelambakkam, Distt.- Kancheepuram, Tamilnadu, Pin Code- 603103",Chettinad Academy Of Research And Education,Kancheepuram,Tamilnadu,Private,M. Sc (N),"10 (Ten) Med-Surg-02, Chn-02, Obg-02, Paed-02, Psy-02",2025-2026,3,https://online.indiannursingcouncil.org/Reports/YearlyReportByState.aspx,2026-09-11T11:37:08.590019
21,Child Jesus College Of Nursing,"Child Jesus College Of Nursing, Child Jesus Hospital, Post Box No. 17, Cantonment,, Tiruchirappalli , Distt.- Tiruchirappalli, Tamilnadu, Pin Code- 620001",The Institute Of Franciscan Missionaries Of Mary,Tiruchirappalli,Tamilnadu,Private,GNM,20 (Twenty),2025-2026,3,https://online.indiannursingcouncil.org/Reports/YearlyReportByState.aspx,2026-09-11T11:37:08.590019
21,Child Jesus College Of Nursing,"Child Jesus College Of Nursing, Child Jesus Hospital, Post Box No. 17, Cantonment,, Tiruchirappalli , Distt.- Tiruchirappalli, Tamilnadu, Pin Code- 620001",The Institute Of Franciscan Missionaries Of Mary,Tiruchirappalli,Tamilnadu,Private,B.Sc(N),50 (Fifty),2025-2026,3,https://online.indiannursingcouncil.org/Reports/YearlyReportByState.aspx,2026-09-11T11:37:08.590019
22,Chithi Rai College Of Nursing,"Chithi Rai College Of Nursing,, 36- E, Kurvikaran Salai, Madurai , Distt.- Madurai, Tamilnadu, Pin Code- 625009",Eve's Socio Economic And Educational Development Trust,Madurai,Tamilnadu,Private,B.Sc(N),40 (Forty),2025-2026,3,https://online.indiannursingcouncil.org/Reports/YearlyReportByState.aspx,2026-09-11T11:37:08.590019
23,Christian College Of Nursing,"Christian College Of Nursing, Christian Fellowship Community Health Centre, Ambilikkai, Distt.- Dindigul, Tamilnadu, Pin Code- 624612",Christian Fellowship Community Health Centre,Dindigul,Tamilnadu,Private,B.Sc(N),50 (Fifty),2025-2026,3,https://online.indiannursingcouncil.org/Reports/YearlyReportByState.aspx,2026-09-11T11:37:08.590019
1,Christian Fellowship Hospital,"Christian Fellowship Hospital, Oddanchatram, Oddanchatram, Distt.- Dindigul, Tamilnadu, Pin Code- 624619",The Christian Fellowship,Dindigul,Tamilnadu,Private,B.Sc(N),60 (Sixty),2025-2026,4,https://online.indiannursingcouncil.org/Reports/YearlyReportByState.aspx,2026-09-11T11:37:16.547243
2,Church Of South India School Of Nursing,"Church Of South India School Of Nursing, Csi Hospital, Brouth Road, Erode, Distt.- Erode, Tamilnadu, Pin Code- 638001",Church Of South India,Erode,Tamilnadu,Private,GNM,20 (Twenty),2025-2026,4,https://online.indiannursingcouncil.org/Reports/YearlyReportByState.aspx,2026-09-11T11:37:16.547243
3,Claudine School Of Nursing,"Claudine School Of Nursing , Chellampatty Village, Sitharevu Panchayat, Vill.- Batlagundu, Tehsil- Athoor, Distt.- Dindigul, Tamilnadu, Pin Code- 624202",Congregation Of The Sisters Of The Cross Of Chavanod,Dindigul,Tamilnadu,Private,GNM,20 (Twenty),2025-2026,4,https://online.indiannursingcouncil.org/Reports/YearlyReportByState.aspx,2026-09-11T11:37:16.547243
3,Claudine School Of Nursing,"Claudine School Of Nursing , Chellampatty Village, Sitharevu Panchayat, Vill.- Batlagundu, Tehsil- Athoor, Distt.- Dindigul, Tamilnadu, Pin Code- 624202",Congregation Of The Sisters Of The Cross Of Chavanod,Dindigul,Tamilnadu,Private,B.Sc(N),60 (Sixty),2025-2026,4,https://online.indiannursingcouncil.org/Reports/YearlyReportByState.aspx,2026-09-11T11:37:16.547243
4,College Of Nursing Sri Ramakrishna Institute Of Paramedical Sciences,"College Of Nursing Sri Ramakrishna Institute Of Paramedical Sciences, 395, Sarojini Naidu Road, Sidhapudur, Coimbatore, Distt.- Coimbatore, Tamilnadu, Pin Code- 641044",S N R Sons Charitable Trust,Coimbatore,Tamilnadu,Private,M. Sc (N),"30 (Thirty) Med Surg-6, Paed-6, Obg-6, Chn-6, Psy-6",2025-2026,4,https://online.indiannursingcouncil.org/Reports/YearlyReportByState.aspx,2026-09-11T11:37:16.547243
4,College Of Nursing Sri Ramakrishna Institute Of Paramedical Sciences,"College Of Nursing Sri Ramakrishna Institute Of Paramedical Sciences, 395, Sarojini Naidu Road, Sidhapudur, Coimbatore, Distt.- Coimbatore, Tamilnadu, Pin Code- 641044",S N R Sons Charitable Trust,Coimbatore,Tamilnadu,Private,B.Sc(N),100 (One Hundred),2025-2026,4,https://online.indiannursingcouncil.org/Reports/YearlyReportByState.aspx,2026-09-11T11:37:16.547243
5,College Of Nursing,"College Of Nursing, Christian Medical College, Ida Scudder Road, Vill.- Vellore, Tehsil- Vellore, Distt.- Vellore, Tamilnadu, Pin Code- 632004",Christian Medical College,Vellore,Tamilnadu,Private,GNM,100 (One Hundred),2025-2026,4,https://online.indiannursingcouncil.org/Reports/YearlyReportByState.aspx,2026-09-11T11:37:16.547243
5,College Of Nursing,"College Of Nursing, Christian Medical College, Ida Scudder Road, Vill.- Vellore, Tehsil- Vellore, Distt.- Vellore, Tamilnadu, Pin Code- 632004",Christian Medical College,Vellore,Tamilnadu,Private,B.Sc(N),100 (One Hundred),2025-2026,4,https://online.indiannursingcouncil.org/Reports/YearlyReportByState.aspx,2026-09-11T11:37:16.547243
5,College Of Nursing,"College Of Nursing, Christian Medical College, Ida Scudder Road, Vill.- Vellore, Tehsil- Vellore, Distt.- Vellore, Tamilnadu, Pin Code- 632004",Christian Medical College,Vellore,Tamilnadu,Private,M. Sc (N),29 (Twenty Nine) Med-Surg-10 Chn-5 Paed-5 Psy-4 Obg-5,2025-2026,4,https://online.indiannursingcouncil.org/Reports/YearlyReportByState.aspx,2026-09-11T11:37:16.547243
5,College Of Nursing,"College Of Nursing, Christian Medical College, Ida Scudder Road, Vill.- Vellore, Tehsil- Vellore, Distt.- Vellore, Tamilnadu, Pin Code- 632004",Christian Medical College,Vellore,Tamilnadu,Private,Post Basic Diploma in Operation Room Nursing,15 (Fifteen),2025-2026,4,https://online.indiannursingcouncil.org/Reports/YearlyReportByState.aspx,2026-09-11T11:37:16.547243
5,College Of Nursing,"College Of Nursing, Christian Medical College, Ida Scudder Road, Vill.- Vellore, Tehsil- Vellore, Distt.- Vellore, Tamilnadu, Pin Code- 632004",Christian Medical College,Vellore,Tamilnadu,Private,Post Basic Diploma in Cardio Thoracic Nursing,15 (Fiftten),2025-2026,4,https://online.indiannursingcouncil.org/Reports/YearlyReportByState.aspx,2026-09-11T11:37:16.547243
5,College Of Nursing,"College Of Nursing, Christian Medical College, Ida Scudder Road, Vill.- Vellore, Tehsil- Vellore, Distt.- Vellore, Tamilnadu, Pin Code- 632004",Christian Medical College,Vellore,Tamilnadu,Private,P B B.Sc(N),50 (Fifty),2025-2026,4,https://online.indiannursingcouncil.org/Reports/YearlyReportByState.aspx,2026-09-11T11:37:16.547243
5,College Of Nursing,"College Of Nursing, Christian Medical College, Ida Scudder Road, Vill.- Vellore, Tehsil- Vellore, Distt.- Vellore, Tamilnadu, Pin Code- 632004",Christian Medical College,Vellore,Tamilnadu,Private,Post Basic Diploma in Neurology Nursing,15 (Fifteen),2025-2026,4,https://online.indiannursingcouncil.org/Reports/YearlyReportByState.aspx,2026-09-11T11:37:16.547243
5,College Of Nursing,"College Of Nursing, Christian Medical College, Ida Scudder Road, Vill.- Vellore, Tehsil- Vellore, Distt.- Vellore, Tamilnadu, Pin Code- 632004",Christian Medical College,Vellore,Tamilnadu,Private,Post Basic Diploma in Psychiatric nsg.,20 (Twenty),2025-2026,4,https://online.indiannursingcouncil.org/Reports/YearlyReportByState.aspx,2026-09-11T11:37:16.547243
5,College Of Nursing,"College Of Nursing, Christian Medical College, Ida Scudder Road, Vill.- Vellore, Tehsil- Vellore, Distt.- Vellore, Tamilnadu, Pin Code- 632004",Christian Medical College,Vellore,Tamilnadu,Private,Post Basic Diploma in Critical care nursing,20 (Twenty),2025-2026,4,https://online.indiannursingcouncil.org/Reports/YearlyReportByState.aspx,2026-09-11T11:37:16.547243
5,College Of Nursing,"College Of Nursing, Christian Medical College, Ida Scudder Road, Vill.- Vellore, Tehsil- Vellore, Distt.- Vellore, Tamilnadu, Pin Code- 632004",Christian Medical College,Vellore,Tamilnadu,Private,Post Basic Diploma in Emergency & Disaster Nursing,20 (Twenty),2025-2026,4,https://online.indiannursingcouncil.org/Reports/YearlyReportByState.aspx,2026-09-11T11:37:16.547243
5,College Of Nursing,"College Of Nursing, Christian Medical College, Ida Scudder Road, Vill.- Vellore, Tehsil- Vellore, Distt.- Vellore, Tamilnadu, Pin Code- 632004",Christian Medical College,Vellore,Tamilnadu,Private,Post Basic Diploma in Oncology Nursing,20 (Twenty),2025-2026,4,https://online.indiannursingcouncil.org/Reports/YearlyReportByState.aspx,2026-09-11T11:37:16.547243
5,College Of Nursing,"College Of Nursing, Christian Medical College, Ida Scudder Road, Vill.- Vellore, Tehsil- Vellore, Distt.- Vellore, Tamilnadu, Pin Code- 632004",Christian Medical College,Vellore,Tamilnadu,Private,Post Basic Diploma in Ortho and Rehabilitation Nsg,20 (Twenty),2025-2026,4,https://online.indiannursingcouncil.org/Reports/YearlyReportByState.aspx,2026-09-11T11:37:16.547243
5,College Of Nursing,"College Of Nursing, Christian Medical College, Ida Scudder Road, Vill.- Vellore, Tehsil- Vellore, Distt.- Vellore, Tamilnadu, Pin Code- 632004",Christian Medical College,Vellore,Tamilnadu,Private,Post Basic Diploma in Geriatric Nursing,10 (Ten),2025-2026,4,https://online.indiannursingcouncil.org/Reports/YearlyReportByState.aspx,2026-09-11T11:37:16.547243
5,College Of Nursing,"College Of Nursing, Christian Medical College, Ida Scudder Road, Vill.- Vellore, Tehsil- Vellore, Distt.- Vellore, Tamilnadu, Pin Code- 632004",Christian Medical College,Vellore,Tamilnadu,Private,Post Basic Diploma in Neonatal nursing,15 (Fifteen,2025-2026,4,https://online.indiannursingcouncil.org/Reports/YearlyReportByState.aspx,2026-09-11T11:37:16.547243
5,College Of Nursing,"College Of Nursing, Christian Medical College, Ida Scudder Road, Vill.- Vellore, Tehsil- Vellore, Distt.- Vellore, Tamilnadu, Pin Code- 632004",Christian Medical College,Vellore,Tamilnadu,Private,Post Basic Diploma in Haematology (including stem cell transplant) Nursing-Residency Programme,20 (Twenty),2025-2026,4,https://online.indiannursingcouncil.org/Reports/YearlyReportByState.aspx,2026-09-11T11:37:16.547243
5,College Of Nursing,"College Of Nursing, Christian Medical College, Ida Scudder Road, Vill.- Vellore, Tehsil- Vellore, Distt.- Vellore, Tamilnadu, Pin Code- 632004",Christian Medical College,Vellore,Tamilnadu,Private,Post Basic Diploma in Burns & Reconstructive Surgery Nursing-Residency Programme,20 (Twenty),2025-2026,4,https://online.indiannursingcouncil.org/Reports/YearlyReportByState.aspx,2026-09-11T11:37:16.547243
6,College Of Nursing,"College Of Nursing, Madras Medical College, E V R Salai, Chennai, Distt.- Chennai, Tamilnadu, Pin Code- 600003",Government Of Tamilnadu,Chennai,Tamilnadu,Government,B.Sc(N),50 (Fifty),2025-2026,4,https://online.indiannursingcouncil.org/Reports/YearlyReportByState.aspx,2026-09-11T11:37:16.547243
6,College Of Nursing,"College Of Nursing, Madras Medical College, E V R Salai, Chennai, Distt.- Chennai, Tamilnadu, Pin Code- 600003",Government Of Tamilnadu,Chennai,Tamilnadu,Government,M. Sc (N),40 (Forty) 8 In Each Speciality,2025-2026,4,https://online.indiannursingcouncil.org/Reports/YearlyReportByState.aspx,2026-09-11T11:37:16.547243
6,College Of Nursing,"College Of Nursing, Madras Medical College, E V R Salai, Chennai, Distt.- Chennai, Tamilnadu, Pin Code- 600003",Government Of Tamilnadu,Chennai,Tamilnadu,Government,P B B.Sc(N),40 (Forty),2025-2026,4,https://online.indiannursingcouncil.org/Reports/YearlyReportByState.aspx,2026-09-11T11:37:16.547243
6,College Of Nursing,"College Of Nursing, Madras Medical College, E V R Salai, Chennai, Distt.- Chennai, Tamilnadu, Pin Code- 600003",Government Of Tamilnadu,Chennai,Tamilnadu,Government,Post Basic Diploma in Critical care nursing,20 (Twenty),2025-2026,4,https://online.indiannursingcouncil.org/Reports/YearlyReportByState.aspx,2026-09-11T11:37:16.547243
6,College Of Nursing,"College Of Nursing, Madras Medical College, E V R Salai, Chennai, Distt.- Chennai, Tamilnadu, Pin Code- 600003",Government Of Tamilnadu,Chennai,Tamilnadu,Government,Post Basic Diploma in Neonatal nursing,20 (Twenty),2025-2026,4,https://online.indiannursingcouncil.org/Reports/YearlyReportByState.aspx,2026-09-11T11:37:16.547243
6,College Of Nursing,"College Of Nursing, Madras Medical College, E V R Salai, Chennai, Distt.- Chennai, Tamilnadu, Pin Code- 600003",Government Of Tamilnadu,Chennai,Tamilnadu,Government,Nurse Practitioner in Midwifery,30 (Thirty),2025-2026,4,https://online.indiannursingcouncil.org/Reports/YearlyReportByState.aspx,2026-09-11T11:37:16.547243
7,College Of Nursing,"College Of Nursing, Periyakulam, Govt Theni Medical College, Theni, Distt.- Theni, Tamilnadu, Pin Code- 625512",Tamilnadu,Theni,Tamilnadu,Government,B.Sc(N),50 (Fifty),2025-2026,4,https://online.indiannursingcouncil.org/Reports/YearlyReportByState.aspx,2026-09-11T11:37:16.547243
1,Crescent Yousuf Zulaikha School Of Nursing,"Crescent Yousuf Zulaikha School Of Nursing , Seethakathi Nagar, Chathirapatti, Distt.- Madurai, Tamilnadu, Pin Code- 625014",All India Islamic Foundation,Madurai,Tamilnadu,Private,GNM,40 (Forty),2025-2026,5,https://online.indiannursingcouncil.org/Reports/YearlyReportByState.aspx,2026-09-11T11:37:23.073853
2,Csi Mission General Hospital,"Csi Mission General Hospital, , School Of Nursing, Woriur, , Trichirappalli, Distt.- Tiruchirappalli, Tamilnadu, Pin Code- 620003",Csi Mission General Hospital,Tiruchirappalli,Tamilnadu,Private,GNM,20 (Twenty),2025-2026,5,https://online.indiannursingcouncil.org/Reports/YearlyReportByState.aspx,2026-09-11T11:37:23.073853
3,Deepthi College Of Nursing,"Deepthi College Of Nursing , Kalinaikanur Velagoundanpatty, Vill.- Kalinaickanur, Tehsil- Namakkal, Distt.- Namakkal, Tamilnadu, Pin Code- 637212",Dharshini Educational And Charitable Trust,Namakkal,Tamilnadu,Private,B.Sc(N),100 (One Hundred),2025-2026,5,https://online.indiannursingcouncil.org/Reports/YearlyReportByState.aspx,2026-09-11T11:37:23.073853
4,Devamatha School Of Nursing,"Devamatha School Of Nursing, Run By H.F.Mission Hospital, Kookalthorai Po, Kotagiri, Distt.- Nilgiris, Tamilnadu, Pin Code- 643217",Social Service Guild Of Assisi Sisters,Nilgiris,Tamilnadu,Private,GNM,20 (Twenty),2025-2026,5,https://online.indiannursingcouncil.org/Reports/YearlyReportByState.aspx,2026-09-11T11:37:23.073853
5,Dhanalakshmi Srinivasan College Of Nursing,"Dhanalakshmi Srinivasan College Of Nursing, 274/C Thuraiyur Main Road, Perambalur, Distt.- Perambalur, Tamilnadu, Pin Code- 621212",Dhanalakshmi Srinivasan Charitable And Educational Trust,Perambalur,Tamilnadu,Private,ANM,20 (Twenty),2025-2026,5,https://online.indiannursingcouncil.org/Reports/YearlyReportByState.aspx,2026-09-11T11:37:23.073853
5,Dhanalakshmi Srinivasan College Of Nursing,"Dhanalakshmi Srinivasan College Of Nursing, 274/C Thuraiyur Main Road, Perambalur, Distt.- Perambalur, Tamilnadu, Pin Code- 621212",Dhanalakshmi Srinivasan Charitable And Educational Trust,Perambalur,Tamilnadu,Private,B.Sc(N),100 (One Hundred),2025-2026,5,https://online.indiannursingcouncil.org/Reports/YearlyReportByState.aspx,2026-09-11T11:37:23.073853
5,Dhanalakshmi Srinivasan College Of Nursing,"Dhanalakshmi Srinivasan College Of Nursing, 274/C Thuraiyur Main Road, Perambalur, Distt.- Perambalur, Tamilnadu, Pin Code- 621212",Dhanalakshmi Srinivasan Charitable And Educational Trust,Perambalur,Tamilnadu,Private,M. Sc (N),15 (Fifteen) 03 In Each Speciality,2025-2026,5,https://online.indiannursingcouncil.org/Reports/YearlyReportByState.aspx,2026-09-11T11:37:23.073853
5,Dhanalakshmi Srinivasan College Of Nursing,"Dhanalakshmi Srinivasan College Of Nursing, 274/C Thuraiyur Main Road, Perambalur, Distt.- Perambalur, Tamilnadu, Pin Code- 621212",Dhanalakshmi Srinivasan Charitable And Educational Trust,Perambalur,Tamilnadu,Private,P B B.Sc(N),20 (Twenty),2025-2026,5,https://online.indiannursingcouncil.org/Reports/YearlyReportByState.aspx,2026-09-11T11:37:23.073853
6,Dhanalakshmi Srinivasan University College Of Nursing,"Dhanalakshmi Srinivasan University College Of Nursing, Nh 45 Trichy Chennai Trunk Road Near Tollplaza Samayapuram Trichirappalli 621112, Trichirappalli, Distt.- Tiruchirappalli, Tamilnadu, Pin Code",Dhanalakshmi Srinivasan University,Tiruchirappalli,Tamilnadu,Private,B.Sc(N),100 (Hundred),2025-2026,5,https://online.indiannursingcouncil.org/Reports/YearlyReportByState.aspx,2026-09-11T11:37:23.073853
7,Dhanvantri College Of Nursing,"Dhanvantri College Of Nursing , Ganpathypuram, No.1, Ranganoor Road, Sanakri (West), , Erode, Distt.- Namakkal, Tamilnadu, Pin Code- 638003",U.R.G. Charitable Trust,Namakkal,Tamilnadu,Private,B.Sc(N),100 (One Hundred),2025-2026,5,https://online.indiannursingcouncil.org/Reports/YearlyReportByState.aspx,2026-09-11T11:37:23.073853
7,Dhanvantri College Of Nursing,"Dhanvantri College Of Nursing , Ganpathypuram, No.1, Ranganoor Road, Sanakri (West), , Erode, Distt.- Namakkal, Tamilnadu, Pin Code- 638003",U.R.G. Charitable Trust,Namakkal,Tamilnadu,Private,M. Sc (N),14 (Fourteen) Med-Surg-6 Psy-2 Chn-2 Obg-2 Paed-2,2025-2026,5,https://online.indiannursingcouncil.org/Reports/YearlyReportByState.aspx,2026-09-11T11:37:23.073853
7,Dhanvantri College Of Nursing,"Dhanvantri College Of Nursing , Ganpathypuram, No.1, Ranganoor Road, Sanakri (West), , Erode, Distt.- Namakkal, Tamilnadu, Pin Code- 638003",U.R.G. Charitable Trust,Namakkal,Tamilnadu,Private,P B B.Sc(N),30 (Thirty),2025-2026,5,https://online.indiannursingcouncil.org/Reports/YearlyReportByState.aspx,2026-09-11T11:37:23.073853
8,Dharan Nursing College And Dharan School Of Nursing,"Dharan Nursing College And Dharan School Of Nursing, S.F.No.231/1B, 232/1B, 233/2A, 234/3D, 269/5A, Panamathupatti Village &Amp; Town Panchayar Panamarathupatti To Kammalapatty Road, Vill.- Panamarathup",Dharan Educational Charitable Trust,Salem,Tamilnadu,Private,ANM,60 (Sixty),2025-2026,5,https://online.indiannursingcouncil.org/Reports/YearlyReportByState.aspx,2026-09-11T11:37:23.073853
8,Dharan Nursing College And Dharan School Of Nursing,"Dharan Nursing College And Dharan School Of Nursing, S.F.No.231/1B, 232/1B, 233/2A, 234/3D, 269/5A, Panamathupatti Village &Amp; Town Panchayar Panamarathupatti To Kammalapatty Road, Vill.- Panamarathup",Dharan Educational Charitable Trust,Salem,Tamilnadu,Private,B.Sc(N),100 (One Hundred),2025-2026,5,https://online.indiannursingcouncil.org/Reports/YearlyReportByState.aspx,2026-09-11T11:37:23.073853
9,Dharmarathnakara Dr Mahalingam Institute Of Paramedical Sciences And Research,"Dharmarathnakara Dr Mahalingam Institute Of Paramedical Sciences And Research , Sakthinagar (Po), Vill.- Appakudal, Tehsil- Bhavani, Distt.- Erode, Tamilnadu, Pin Code- 638315",Sri Adichunchanagiri Shikshana Trust,Erode,Tamilnadu,Private,GNM,20 (Twenty),2025-2026,5,https://online.indiannursingcouncil.org/Reports/YearlyReportByState.aspx,2026-09-11T11:37:23.073853
9,Dharmarathnakara Dr Mahalingam Institute Of Paramedical Sciences And Research,"Dharmarathnakara Dr Mahalingam Institute Of Paramedical Sciences And Research , Sakthinagar (Po), Vill.- Appakudal, Tehsil- Bhavani, Distt.- Erode, Tamilnadu, Pin Code- 638315",Sri Adichunchanagiri Shikshana Trust,Erode,Tamilnadu,Private,B.Sc(N),50 (Fifty),2025-2026,5,https://online.indiannursingcouncil.org/Reports/YearlyReportByState.aspx,2026-09-11T11:37:23.073853
9,Dharmarathnakara Dr Mahalingam Institute Of Paramedical Sciences And Research,"Dharmarathnakara Dr Mahalingam Institute Of Paramedical Sciences And Research , Sakthinagar (Po), Vill.- Appakudal, Tehsil- Bhavani, Distt.- Erode, Tamilnadu, Pin Code- 638315",Sri Adichunchanagiri Shikshana Trust,Erode,Tamilnadu,Private,M. Sc (N),20 (Twenty),2025-2026,5,https://online.indiannursingcouncil.org/Reports/YearlyReportByState.aspx,2026-09-11T11:37:23.073853
10,Dnv School Of Nursing,"Dnv School Of Nursing , No.7 Rajagopal Gounder Street, Dharmapuri, Distt.- Dharmapuri, Tamilnadu, Pin Code- 636701",D.N.Vadivel Rajammal Educational And Charitable Trus,Dharmapuri,Tamilnadu,Private,GNM,20 (Twenty),2025-2026,5,https://online.indiannursingcouncil.org/Reports/YearlyReportByState.aspx,2026-09-11T11:37:23.073853
11,Doctor's School Of Nursing,"Doctor's School Of Nursing, Thanjavur Main Road, Koolaiyanviduthy, Manaviduthy Post, Pudukkottai, Distt.- Pudukkottai, Tamilnadu, Pin Code- 622203",Doctors Educational And Charitable Trust,Pudukkottai,Tamilnadu,Private,GNM,40 (Forty),2025-2026,5,https://online.indiannursingcouncil.org/Reports/YearlyReportByState.aspx,2026-09-11T11:37:23.073853
12,Dr Alva Paramedical Educational Institute,"Dr Alva Paramedical Educational Institute, 74/ A2, Meenkarai Road, Ambarampalayam, Coimbatore, Distt.- Coimbatore, Tamilnadu, Pin Code- 642103",Dr Alva Educational And Charity Trust,Coimbatore,Tamilnadu,Private,GNM,20 (Twenty),2025-2026,5,https://online.indiannursingcouncil.org/Reports/YearlyReportByState.aspx,2026-09-11T11:37:23.073853
13,Dr Kamakshi College Of Nursing,"Dr Kamakshi College Of Nursing , No.1, Radial Road, Pallikaranai, Chennai-600100., Pallikaranai, Distt.- Chennai, Tamilnadu, Pin Code- 600100",Dr Kamakshi Healthcare And Educational Trust,Chennai,Tamilnadu,Private,B.Sc(N),40 (Forty),2025-2026,5,https://online.indiannursingcouncil.org/Reports/YearlyReportByState.aspx,2026-09-11T11:37:23.073853
14,Dr Kumaraswami Health Centre College Of Nursing,"Dr Kumaraswami Health Centre College Of Nursing, Perumalpuram, Kottaram, Vill.- Kottaram, Tehsil- Agasteeswaram, Distt.- Kanyakumari, Tamilnadu, Pin Code- 629703",Indian Medical Centre,Kanyakumari,Tamilnadu,Private,B.Sc(N),50 (Fifty),2025-2026,5,https://online.indiannursingcouncil.org/Reports/YearlyReportByState.aspx,2026-09-11T11:37:23.073853
14,Dr Kumaraswami Health Centre College Of Nursing,"Dr Kumaraswami Health Centre College Of Nursing, Perumalpuram, Kottaram, Vill.- Kottaram, Tehsil- Agasteeswaram, Distt.- Kanyakumari, Tamilnadu, Pin Code- 629703",Indian Medical Centre,Kanyakumari,Tamilnadu,Private,GNM,20 (Twenty),2025-2026,5,https://online.indiannursingcouncil.org/Reports/YearlyReportByState.aspx,2026-09-11T11:37:23.073853
15,Dr Mkl Nursing College,"Dr Mkl Nursing College, No 62/263/5 Orakkadu Village,Sholavaram Panchayat Union,Ponneri Taluk, Orakkadu, Distt.- Thiruvallur, Tamilnadu, Pin Code- 600067",Dr Mk Loganathan Educational Trust,Thiruvallur,Tamilnadu,Private,B.Sc(N),60 (Sixty),2025-2026,5,https://online.indiannursingcouncil.org/Reports/YearlyReportByState.aspx,2026-09-11T11:37:23.073853
16,Dr. G. Sakunthala,"Dr. G. Sakunthala,School Of Nursing, Keela Street, Murungappaettai, Mutharasanallur(Po), Srirangam(Tk), Trichy , Distt.- Tiruchirappalli, Tamilnadu, Pin Code- 620101",Dr.G.Viswanathan Institute Of Medical Sciences,Tiruchirappalli,Tamilnadu,Private,GNM,20 (Twenty),2025-2026,5,https://online.indiannursingcouncil.org/Reports/YearlyReportByState.aspx,2026-09-11T11:37:23.073853
16,Dr. G. Sakunthala,"Dr. G. Sakunthala,School Of Nursing, Keela Street, Murungappaettai, Mutharasanallur(Po), Srirangam(Tk), Trichy , Distt.- Tiruchirappalli, Tamilnadu, Pin Code- 620101",Dr.G.Viswanathan Institute Of Medical Sciences,Tiruchirappalli,Tamilnadu,Private,B.Sc(N),50 (Fifty),2025-2026,5,https://online.indiannursingcouncil.org/Reports/YearlyReportByState.aspx,2026-09-11T11:37:23.073853
16,Dr. G. Sakunthala,"Dr. G. Sakunthala,School Of Nursing, Keela Street, Murungappaettai, Mutharasanallur(Po), Srirangam(Tk), Trichy , Distt.- Tiruchirappalli, Tamilnadu, Pin Code- 620101",Dr.G.Viswanathan Institute Of Medical Sciences,Tiruchirappalli,Tamilnadu,Private,M. Sc (N),"9 (Nine) Med Surg-2, Paed-4, Obg-3",2025-2026,5,https://online.indiannursingcouncil.org/Reports/YearlyReportByState.aspx,2026-09-11T11:37:23.073853
17,Dr. Jeyasekharan College Of Nursing,"Dr. Jeyasekharan College Of Nursing, 3-269, Chavalakarakonam, Gurukulam Road, Asaripallam, Nagercoil, Distt.- Kanyakumari, Tamilnadu, Pin Code- 629201",Dr. Jeyasekharan Medical Trust,Kanyakumari,Tamilnadu,Private,B.Sc(N),60 (Sixty),2025-2026,5,https://online.indiannursingcouncil.org/Reports/YearlyReportByState.aspx,2026-09-11T11:37:23.073853
17,Dr. Jeyasekharan College Of Nursing,"Dr. Jeyasekharan College Of Nursing, 3-269, Chavalakarakonam, Gurukulam Road, Asaripallam, Nagercoil, Distt.- Kanyakumari, Tamilnadu, Pin Code- 629201",Dr. Jeyasekharan Medical Trust,Kanyakumari,Tamilnadu,Private,GNM,20 (Twenty),2025-2026,5,https://online.indiannursingcouncil.org/Reports/YearlyReportByState.aspx,2026-09-11T11:37:23.073853
18,E.S. School Of Nursing,"E.S. School Of Nursing, Chennai Trichy Highway (Nh-45), E.S. Nagar, V.Salai, Vill.- V.Salai, Tehsil- Vikkiravandi, Distt.- Villuppuram, Tamilnadu, Pin Code- 605652",Shantha Medical Foundation,Villuppuram,Tamilnadu,Private,ANM,40 (Forty),2025-2026,5,https://online.indiannursingcouncil.org/Reports/YearlyReportByState.aspx,2026-09-11T11:37:23.073853
1,E.S. School Of Nursing,"E.S. School Of Nursing, Chennai Trichy Highway (Nh-45), E.S. Nagar, V.Salai, Vill.- V.Salai, Tehsil- Vikkiravandi, Distt.- Villuppuram, Tamilnadu, Pin Code- 605652",Shantha Medical Foundation,Villuppuram,Tamilnadu,Private,GNM,60 (Sixty),2025-2026,6,https://online.indiannursingcouncil.org/Reports/YearlyReportByState.aspx,2026-09-11T11:37:30.185568
1,E.S. School Of Nursing,"E.S. School Of Nursing, Chennai Trichy Highway (Nh-45), E.S. Nagar, V.Salai, Vill.- V.Salai, Tehsil- Vikkiravandi, Distt.- Villuppuram, Tamilnadu, Pin Code- 605652",Shantha Medical Foundation,Villuppuram,Tamilnadu,Private,B.Sc(N),100 (One Hundred),2025-2026,6,https://online.indiannursingcouncil.org/Reports/YearlyReportByState.aspx,2026-09-11T11:37:30.185568
1,E.S. School Of Nursing,"E.S. School Of Nursing, Chennai Trichy Highway (Nh-45), E.S. Nagar, V.Salai, Vill.- V.Salai, Tehsil- Vikkiravandi, Distt.- Villuppuram, Tamilnadu, Pin Code- 605652",Shantha Medical Foundation,Villuppuram,Tamilnadu,Private,P B B.Sc(N),50 (Fifty),2025-2026,6,https://online.indiannursingcouncil.org/Reports/YearlyReportByState.aspx,2026-09-11T11:37:30.185568
1,E.S. School Of Nursing,"E.S. School Of Nursing, Chennai Trichy Highway (Nh-45), E.S. Nagar, V.Salai, Vill.- V.Salai, Tehsil- Vikkiravandi, Distt.- Villuppuram, Tamilnadu, Pin Code- 605652",Shantha Medical Foundation,Villuppuram,Tamilnadu,Private,M. Sc (N),25 5 In Each Speciality,2025-2026,6,https://online.indiannursingcouncil.org/Reports/YearlyReportByState.aspx,2026-09-11T11:37:30.185568
2,Ellen College Of Nursing,"Ellen College Of Nursing, Navakkarai, Coimbatore, Distt.- Coimbatore, Tamilnadu, Pin Code- 641105",Royal Educational Foundations,Coimbatore,Tamilnadu,Private,B.Sc(N),50 (Fifty),2025-2026,6,https://online.indiannursingcouncil.org/Reports/YearlyReportByState.aspx,2026-09-11T11:37:30.185568
2,Ellen College Of Nursing,"Ellen College Of Nursing, Navakkarai, Coimbatore, Distt.- Coimbatore, Tamilnadu, Pin Code- 641105",Royal Educational Foundations,Coimbatore,Tamilnadu,Private,M. Sc (N),25 (Twenty Five),2025-2026,6,https://online.indiannursingcouncil.org/Reports/YearlyReportByState.aspx,2026-09-11T11:37:30.185568
3,Ennam College Of Nursing,"Ennam College Of Nursing, Elur Post, Solavampalayam Village, Coimbatore, Distt.- Coimbatore, Tamilnadu, Pin Code- 641032",Ennam Educational Trust,Coimbatore,Tamilnadu,Private,B.Sc(N),60 (Sixty),2025-2026,6,https://online.indiannursingcouncil.org/Reports/YearlyReportByState.aspx,2026-09-11T11:37:30.185568
4,Faculty Of Nursing,"Faculty Of Nursing, Dr M G R Educational Research Institute, Periyar E.V.R. High Road, Velappanchavadi, Distt.- Thiruvallur, Tamilnadu, Pin Code- 600077",Dr. M.G.R. Educational And Resarch Institute,Thiruvallur,Tamilnadu,Private,B.Sc(N),100 (One Hundred),2025-2026,6,https://online.indiannursingcouncil.org/Reports/YearlyReportByState.aspx,2026-09-11T11:37:30.185568
4,Faculty Of Nursing,"Faculty Of Nursing, Dr M G R Educational Research Institute, Periyar E.V.R. High Road, Velappanchavadi, Distt.- Thiruvallur, Tamilnadu, Pin Code- 600077",Dr. M.G.R. Educational And Resarch Institute,Thiruvallur,Tamilnadu,Private,M. Sc (N),25 (Twenty Five) 5 In Each Specialty,2025-2026,6,https://online.indiannursingcouncil.org/Reports/YearlyReportByState.aspx,2026-09-11T11:37:30.185568
5,Florence Nightingale School Of Nursing,"Florence Nightingale School Of Nursing, Samabanthanur Village, Somasipadi Post, Tiruvannamalai , Distt.- Tiruvannamalai, Tamilnadu, Pin Code- 606611",Rangammal Memorial Rehabilitation Society,Tiruvannamalai,Tamilnadu,Private,GNM,40 (Forty),2025-2026,6,https://online.indiannursingcouncil.org/Reports/YearlyReportByState.aspx,2026-09-11T11:37:30.185568
6,G R T College Of Nursing,"G R T College Of Nursing, G R T Mahalakshmi Nagar, Chennai - Tirupathi Highway, Vill.- Perugalathur, Tehsil- Tiruttani, Distt.- Thiruvallur, Tamilnadu, Pin Code- 631209",G R T Mahalakshmi Educational Charitable Trust,Thiruvallur,Tamilnadu,Private,B.Sc(N),60 (Sixty),2025-2026,6,https://online.indiannursingcouncil.org/Reports/YearlyReportByState.aspx,2026-09-11T11:37:30.185568
7,G.T.N.College Of Nursing,"G.T.N.College Of Nursing, Gtn College Of Nursing, Old Karur Road, Dindigul-05, Dindigul, Distt.- Dindigul, Tamilnadu, Pin Code- 624005",G.T.Narayana Swamy Naidu Charities Trust,Dindigul,Tamilnadu,Private,ANM,40 (Forty),2025-2026,6,https://online.indiannursingcouncil.org/Reports/YearlyReportByState.aspx,2026-09-11T11:37:30.185568
8,Ganga School Of Nursing,"Ganga School Of Nursing, Sf.No 442Vattamalaipalayam Nggo Colony, Vill.- Coimbatore, Tehsil- Perianaicken Palayam, Distt.- Coimbatore, Tamilnadu, Pin Code- 641022",Shanmuganathan Kanakavalli Medical Education And Research Foundation,Coimbatore,Tamilnadu,Private,GNM,20 (Twenty),2025-2026,6,https://online.indiannursingcouncil.org/Reports/YearlyReportByState.aspx,2026-09-11T11:37:30.185568
8,Ganga School Of Nursing,"Ganga School Of Nursing, Sf.No 442Vattamalaipalayam Nggo Colony, Vill.- Coimbatore, Tehsil- Perianaicken Palayam, Distt.- Coimbatore, Tamilnadu, Pin Code- 641022",Shanmuganathan Kanakavalli Medical Education And Research Foundation,Coimbatore,Tamilnadu,Private,B.Sc(N),50 (Fifty),2025-2026,6,https://online.indiannursingcouncil.org/Reports/YearlyReportByState.aspx,2026-09-11T11:37:30.185568
8,Ganga School Of Nursing,"Ganga School Of Nursing, Sf.No 442Vattamalaipalayam Nggo Colony, Vill.- Coimbatore, Tehsil- Perianaicken Palayam, Distt.- Coimbatore, Tamilnadu, Pin Code- 641022",Shanmuganathan Kanakavalli Medical Education And Research Foundation,Coimbatore,Tamilnadu,Private,M. Sc (N),10 (Ten),2025-2026,6,https://online.indiannursingcouncil.org/Reports/YearlyReportByState.aspx,2026-09-11T11:37:30.185568
8,Ganga School Of Nursing,"Ganga School Of Nursing, Sf.No 442Vattamalaipalayam Nggo Colony, Vill.- Coimbatore, Tehsil- Perianaicken Palayam, Distt.- Coimbatore, Tamilnadu, Pin Code- 641022",Shanmuganathan Kanakavalli Medical Education And Research Foundation,Coimbatore,Tamilnadu,Private,P B B.Sc(N),40 (Forty),2025-2026,6,https://online.indiannursingcouncil.org/Reports/YearlyReportByState.aspx,2026-09-11T11:37:30.185568
9,Gem Institute Of Nursing Education & Research,"Gem Institute Of Nursing Education & Research, 4/146, Peedampalli, Ondipudur Via, Vill.- Peedampalli, Tehsil- Soolur, Distt.- Coimbatore, Tamilnadu, Pin Code- 641016",Gem Digestive Diseases Foundation,Coimbatore,Tamilnadu,Private,B.Sc(N),60 (Sixty),2025-2026,6,https://online.indiannursingcouncil.org/Reports/YearlyReportByState.aspx,2026-09-11T11:37:30.185568
10,Global College Of Nursing,"Global College Of Nursing, Edavilagam Nattalam , Vill.- Nattalam, Tehsil- Killiyoor, Distt.- Kanyakumari, Tamilnadu, Pin Code- 629195",Immanuel Arasar International Institute Of Science And Technology Educational And Charitable Trust,Kanyakumari,Tamilnadu,Private,B.Sc(N),100 (One Hundred),2025-2026,6,https://online.indiannursingcouncil.org/Reports/YearlyReportByState.aspx,2026-09-11T11:37:30.185568
10,Global College Of Nursing,"Global College Of Nursing, Edavilagam Nattalam , Vill.- Nattalam, Tehsil- Killiyoor, Distt.- Kanyakumari, Tamilnadu, Pin Code- 629195",Immanuel Arasar International Institute Of Science And Technology Educational And Charitable Trust,Kanyakumari,Tamilnadu,Private,M. Sc (N),25 (Twenty Five) 5 In Each Speciality,2025-2026,6,https://online.indiannursingcouncil.org/Reports/YearlyReportByState.aspx,2026-09-11T11:37:30.185568
10,Global College Of Nursing,"Global College Of Nursing, Edavilagam Nattalam , Vill.- Nattalam, Tehsil- Killiyoor, Distt.- Kanyakumari, Tamilnadu, Pin Code- 629195",Immanuel Arasar International Institute Of Science And Technology Educational And Charitable Trust,Kanyakumari,Tamilnadu,Private,P B B.Sc(N),30 (Thirty),2025-2026,6,https://online.indiannursingcouncil.org/Reports/YearlyReportByState.aspx,2026-09-11T11:37:30.185568
10,Global College Of Nursing,"Global College Of Nursing, Edavilagam Nattalam , Vill.- Nattalam, Tehsil- Killiyoor, Distt.- Kanyakumari, Tamilnadu, Pin Code- 629195",Immanuel Arasar International Institute Of Science And Technology Educational And Charitable Trust,Kanyakumari,Tamilnadu,Private,GNM,40 (Forty),2025-2026,6,https://online.indiannursingcouncil.org/Reports/YearlyReportByState.aspx,2026-09-11T11:37:30.185568
11,Government College Of Nursing,"Government College Of Nursing, Madurai, Vill.- Madurai, Tehsil- Madurai East, Distt.- Madurai, Tamilnadu, Pin Code- 625020",Govt Of Tamilnadu,Madurai,Tamilnadu,Government,M. Sc (N),"25; Med-Surg-5, Pae-5, Psy-5, Obg-5, Chn-5",2025-2026,6,https://online.indiannursingcouncil.org/Reports/YearlyReportByState.aspx,2026-09-11T11:37:30.185568
11,Government College Of Nursing,"Government College Of Nursing, Madurai, Vill.- Madurai, Tehsil- Madurai East, Distt.- Madurai, Tamilnadu, Pin Code- 625020",Govt Of Tamilnadu,Madurai,Tamilnadu,Government,B.Sc(N),50 (Fifty),2025-2026,6,https://online.indiannursingcouncil.org/Reports/YearlyReportByState.aspx,2026-09-11T11:37:30.185568
12,Government College Of Nursing,"Government College Of Nursing,, Cuddalore, Vill.- Annamalai Nagar, Tehsil- Kumaratchi, Distt.- Cuddalore, Tamilnadu, Pin Code- 608002",Govt Of Tamilnadu,Cuddalore,Tamilnadu,Private,M. Sc (N),"36 - Med-Surg-8, Chn-8, Paed-8, Obg-8, Psy-4",2025-2026,6,https://online.indiannursingcouncil.org/Reports/YearlyReportByState.aspx,2026-09-11T11:37:30.185568
12,Government College Of Nursing,"Government College Of Nursing,, Cuddalore, Vill.- Annamalai Nagar, Tehsil- Kumaratchi, Distt.- Cuddalore, Tamilnadu, Pin Code- 608002",Govt Of Tamilnadu,Cuddalore,Tamilnadu,Private,B.Sc(N),100 (One Hundred),2025-2026,6,https://online.indiannursingcouncil.org/Reports/YearlyReportByState.aspx,2026-09-11T11:37:30.185568
13,Government Cuddalore Medical College And Hospital School Of Nursing,"Government Cuddalore Medical College And Hospital School Of Nursing , Annamalai Nagar, Chidambaram, Vill.- Annamalinagar, Tehsil- Kumaratchi, Distt.- Cuddalore, Tamilnadu, Pin Code- 608002",Government,Cuddalore,Tamilnadu,Private,GNM,20 (Twenty),2025-2026,6,https://online.indiannursingcouncil.org/Reports/YearlyReportByState.aspx,2026-09-11T11:37:30.185568
14,Government School Of Nursing,"Government School Of Nursing, Government Head Quarters Hospital, Ramamoorthy Road,, Virudhunagar, Distt.- Virudhunagar, Tamilnadu, Pin Code- 626001",Tamilnadu,Virudhunagar,Tamilnadu,Government,GNM,100 (One Hundred),2025-2026,6,https://online.indiannursingcouncil.org/Reports/YearlyReportByState.aspx,2026-09-11T11:37:30.185568
15,Government School Of Nursing,"Government School Of Nursing, Government Headquarters Hospital, Kancheepuram, Distt.- Kancheepuram, Tamilnadu, Pin Code- 631501",Govt. Of Tamil Nadu,Kancheepuram,Tamilnadu,Government,GNM,50 (Fifty),2025-2026,6,https://online.indiannursingcouncil.org/Reports/YearlyReportByState.aspx,2026-09-11T11:37:30.185568
16,Govt College Of Nursing,"Govt College Of Nursing, Govt Mohan Kumaramangalam Medical College, Salem, , Distt.- Salem, Tamilnadu, Pin Code- 636030",Govt Of Tamilnadu,Salem,Tamilnadu,Government,B.Sc(N),50 (Fifty),2025-2026,6,https://online.indiannursingcouncil.org/Reports/YearlyReportByState.aspx,2026-09-11T11:37:30.185568
16,Govt College Of Nursing,"Govt College Of Nursing, Govt Mohan Kumaramangalam Medical College, Salem, , Distt.- Salem, Tamilnadu, Pin Code- 636030",Govt Of Tamilnadu,Salem,Tamilnadu,Government,P B B.Sc(N),50 (Fifty),2025-2026,6,https://online.indiannursingcouncil.org/Reports/YearlyReportByState.aspx,2026-09-11T11:37:30.185568
1,Govt Headquaters Hospital,"Govt Headquaters Hospital, Ramnad, Ramnathapuram, Distt.- Ramanathapuram, Tamilnadu, Pin Code- 623501",Govt Of Tamilnadu,Ramanathapuram,Tamilnadu,Government,GNM,100 (One Hundred),2025-2026,7,https://online.indiannursingcouncil.org/Reports/YearlyReportByState.aspx,2026-09-11T11:37:36.649109
2,Govt Vellore Medical College Hospital,"Govt Vellore Medical College Hospital, Adukkambarai, Vellore, Distt.- Vellore, Tamilnadu, Pin Code- 632001",Tamilnadu,Vellore,Tamilnadu,Government,GNM,100 (One Hundred),2025-2026,7,https://online.indiannursingcouncil.org/Reports/YearlyReportByState.aspx,2026-09-11T11:37:36.649109
3,Govt. School Of Nursing,"Govt. School Of Nursing , Govt. Head Quarters Hospital , Cuddalore, Distt.- Cuddalore, Tamilnadu, Pin Code- 607001",Govt Of Tamilnadu,Cuddalore,Tamilnadu,Government,GNM,50 (Fifty),2025-2026,7,https://online.indiannursingcouncil.org/Reports/YearlyReportByState.aspx,2026-09-11T11:37:36.649109
4,Grace College Of Nursing,"Grace College Of Nursing, Andiyankattuvilai,, Vill.- Padanthalumoodu, Tehsil- Munchirai, Distt.- Kanyakumari, Tamilnadu, Pin Code- 629163",Grace Educational And Charitable Trust,Kanyakumari,Tamilnadu,Private,B.Sc(N),50 (Fifty),2025-2026,7,https://online.indiannursingcouncil.org/Reports/YearlyReportByState.aspx,2026-09-11T11:37:36.649109
4,Grace College Of Nursing,"Grace College Of Nursing, Andiyankattuvilai,, Vill.- Padanthalumoodu, Tehsil- Munchirai, Distt.- Kanyakumari, Tamilnadu, Pin Code- 629163",Grace Educational And Charitable Trust,Kanyakumari,Tamilnadu,Private,P B B.Sc(N),30 (Thirty),2025-2026,7,https://online.indiannursingcouncil.org/Reports/YearlyReportByState.aspx,2026-09-11T11:37:36.649109
4,Grace College Of Nursing,"Grace College Of Nursing, Andiyankattuvilai,, Vill.- Padanthalumoodu, Tehsil- Munchirai, Distt.- Kanyakumari, Tamilnadu, Pin Code- 629163",Grace Educational And Charitable Trust,Kanyakumari,Tamilnadu,Private,GNM,20 (Twenty),2025-2026,7,https://online.indiannursingcouncil.org/Reports/YearlyReportByState.aspx,2026-09-11T11:37:36.649109
5,Hindu Mission School Of Nursing,"Hindu Mission School Of Nursing, No 103, G S T Road, Tambaram West, Vill.- Tambaram, Tehsil- Chengalpattu, Distt.- Chengalpattu, Tamilnadu, Pin Code- 600045",Hindu Mission Hospital,Chengalpattu,Tamilnadu,Private,GNM,20 (Twenty),2025-2026,7,https://online.indiannursingcouncil.org/Reports/YearlyReportByState.aspx,2026-09-11T11:37:36.649109
5,Hindu Mission School Of Nursing,"Hindu Mission School Of Nursing, No 103, G S T Road, Tambaram West, Vill.- Tambaram, Tehsil- Chengalpattu, Distt.- Chengalpattu, Tamilnadu, Pin Code- 600045",Hindu Mission Hospital,Chengalpattu,Tamilnadu,Private,B.Sc(N),40 (Forty),2025-2026,7,https://online.indiannursingcouncil.org/Reports/YearlyReportByState.aspx,2026-09-11T11:37:36.649109
6,Hindusthan College Of Nursing,"Hindusthan College Of Nursing, Udayampalayam Road, Nava India, Coimbatore, Distt.- Coimbatore, Tamilnadu, Pin Code- 641028",Hindusthan Educational And Charitable Trust,Coimbatore,Tamilnadu,Private,B.Sc(N),60 (Sixty),2025-2026,7,https://online.indiannursingcouncil.org/Reports/YearlyReportByState.aspx,2026-09-11T11:37:36.649109
7,Immaculate School Of Nursing,"Immaculate School Of Nursing, St.Joseph's Hospital Campus, Vill.- Puliyal, Tehsil- Devakottai, Distt.- Sivaganga, Tamilnadu, Pin Code- 630312",The Immaculate Conception Women Development Social Service Society,Sivaganga,Tamilnadu,Private,GNM,20 (Twenty),2025-2026,7,https://online.indiannursingcouncil.org/Reports/YearlyReportByState.aspx,2026-09-11T11:37:36.649109
7,Immaculate School Of Nursing,"Immaculate School Of Nursing, St.Joseph's Hospital Campus, Vill.- Puliyal, Tehsil- Devakottai, Distt.- Sivaganga, Tamilnadu, Pin Code- 630312",The Immaculate Conception Women Development Social Service Society,Sivaganga,Tamilnadu,Private,B.Sc(N),50 (Fifty),2025-2026,7,https://online.indiannursingcouncil.org/Reports/YearlyReportByState.aspx,2026-09-11T11:37:36.649109
8,Immanuel Arasar College Of Nursing,"Immanuel Arasar College Of Nursing, Edaivilagam Nattalam, Marthandam, Distt.- Kanyakumari, Tamilnadu, Pin Code- 629165",Immanuel Arasar International Institute Of Science And Technology Educational And Charitable Trust,Kanyakumari,Tamilnadu,Private,B.Sc(N),60 (Sixty),2025-2026,7,https://online.indiannursingcouncil.org/Reports/YearlyReportByState.aspx,2026-09-11T11:37:36.649109
9,Indira College Of Nursing,"Indira College Of Nursing , Trichy-Chennai Main Road, Konalai(Po), Tiruchirappalli , Distt.- Tiruchirappalli, Tamilnadu, Pin Code- 621105",Sri Bhadugaa Seva Trust,Tiruchirappalli,Tamilnadu,Private,M. Sc (N),"10 (Ten) Chn-3, Obg-3, Med-Surg-2, Paed-2",2025-2026,7,https://online.indiannursingcouncil.org/Reports/YearlyReportByState.aspx,2026-09-11T11:37:36.649109
9,Indira College Of Nursing,"Indira College Of Nursing , Trichy-Chennai Main Road, Konalai(Po), Tiruchirappalli , Distt.- Tiruchirappalli, Tamilnadu, Pin Code- 621105",Sri Bhadugaa Seva Trust,Tiruchirappalli,Tamilnadu,Private,B.Sc(N),60 (Sixty),2025-2026,7,https://online.indiannursingcouncil.org/Reports/YearlyReportByState.aspx,2026-09-11T11:37:36.649109
10,Indira School Of Nursing,"Indira School Of Nursing,, 1, V G R Nagar, V G R Gardens, Pandur, Thiruvallur, Distt.- Thiruvallur, Tamilnadu, Pin Code- 631203",Indira Educational And Charitable Trust,Thiruvallur,Tamilnadu,Private,GNM,40 (Forty),2025-2026,7,https://online.indiannursingcouncil.org/Reports/YearlyReportByState.aspx,2026-09-11T11:37:36.649109
10,Indira School Of Nursing,"Indira School Of Nursing,, 1, V G R Nagar, V G R Gardens, Pandur, Thiruvallur, Distt.- Thiruvallur, Tamilnadu, Pin Code- 631203",Indira Educational And Charitable Trust,Thiruvallur,Tamilnadu,Private,B.Sc(N),100 (One Hundred),2025-2026,7,https://online.indiannursingcouncil.org/Reports/YearlyReportByState.aspx,2026-09-11T11:37:36.649109
10,Indira School Of Nursing,"Indira School Of Nursing,, 1, V G R Nagar, V G R Gardens, Pandur, Thiruvallur, Distt.- Thiruvallur, Tamilnadu, Pin Code- 631203",Indira Educational And Charitable Trust,Thiruvallur,Tamilnadu,Private,M. Sc (N),25 (Twenty Five) 5 In Each Speciality,2025-2026,7,https://online.indiannursingcouncil.org/Reports/YearlyReportByState.aspx,2026-09-11T11:37:36.649109
11,Institute Of Nursing,"Institute Of Nursing, G.Kuppuswamy Naidu Memmorial Hospital, Pappanaickenpalayam, Coimbatore, Distt.- Coimbatore, Tamilnadu, Pin Code- 641037",The Kuppuswamy Naidu Chariy Trust For Education And Medical Relief,Coimbatore,Tamilnadu,Private,GNM,20 (Twenty),2025-2026,7,https://online.indiannursingcouncil.org/Reports/YearlyReportByState.aspx,2026-09-11T11:37:36.649109
11,Institute Of Nursing,"Institute Of Nursing, G.Kuppuswamy Naidu Memmorial Hospital, Pappanaickenpalayam, Coimbatore, Distt.- Coimbatore, Tamilnadu, Pin Code- 641037",The Kuppuswamy Naidu Chariy Trust For Education And Medical Relief,Coimbatore,Tamilnadu,Private,M. Sc (N),10 (Ten) Med-Surg(Oncology-5 Cardiothoracic-5,2025-2026,7,https://online.indiannursingcouncil.org/Reports/YearlyReportByState.aspx,2026-09-11T11:37:36.649109
12,Ithaya Jyothi College Of Nursing,"Ithaya Jyothi College Of Nursing , Caussanelpuram, Konganthanparai,, Tirunelveli , Distt.- Tirunelveli, Tamilnadu, Pin Code- 627007",Brothers Of Sacred Heart Of Jesus,Tirunelveli,Tamilnadu,Private,B.Sc(N),50 (Fifty),2025-2026,7,https://online.indiannursingcouncil.org/Reports/YearlyReportByState.aspx,2026-09-11T11:37:36.649109
13,J.J. College Of Nursing,"J.J. College Of Nursing, Ammapettai, Poolangulathupatti Post, Tiruchirappalli 620 009. Tamil Nadu, Tiruchirappalli, Distt.- Tiruchirappalli, Tamilnadu, Pin Code- 620009",J.J. Educational Health And Charitable Trust,Tiruchirappalli,Tamilnadu,Private,B.Sc(N),50 (Fifty),2025-2026,7,https://online.indiannursingcouncil.org/Reports/YearlyReportByState.aspx,2026-09-11T11:37:36.649109
14,J.K. College Of Nursing,"J.K. College Of Nursing , Sf.No 90 Kamaraj Road, Uppilipalayam Post, Coimbatore, Distt.- Coimbatore, Tamilnadu, Pin Code- 641015",J. K. Trust,Coimbatore,Tamilnadu,Private,B.Sc(N),40 (FORTY),2025-2026,7,https://online.indiannursingcouncil.org/Reports/YearlyReportByState.aspx,2026-09-11T11:37:36.649109
15,J.P.K.M. College Of Medical Sciences,"J.P.K.M. College Of Medical Sciences , 12,Annai Theresa 4Th Street, Phase-3, Sathuvachari, Vellore, Distt.- Vellore, Tamilnadu, Pin Code- 632009",J.P.K.M. Educational Trust,Vellore,Tamilnadu,Private,GNM,25 (Twenty Five),2025-2026,7,https://online.indiannursingcouncil.org/Reports/YearlyReportByState.aspx,2026-09-11T11:37:36.649109
16,J.V Institute Of Nursing,"J.V Institute Of Nursing , No 16 1St Street Taylor's Kodambakkam, Chennai, Distt.- Chennai, Tamilnadu, Pin Code- 600024",J.V Educational Trus,Chennai,Tamilnadu,Private,GNM,20 (Twenty),2025-2026,7,https://online.indiannursingcouncil.org/Reports/YearlyReportByState.aspx,2026-09-11T11:37:36.649109
17,Jagannath College Of Nursing,"Jagannath College Of Nursing, Thandalam Village,Thiruporur Taluk,Chengalpattu District,603110., Thiruporur, Distt.- Chengalpattu, Tamilnadu, Pin Code- 603110",Sri Venkateshwara Educational And Charitable Trust,Chengalpattu,Tamilnadu,Private,B.Sc(N),60 (Sixty),2025-2026,7,https://online.indiannursingcouncil.org/Reports/YearlyReportByState.aspx,2026-09-11T11:37:36.649109
18,Jainee School Of Nursing,"Jainee School Of Nursing, Dindigul-Theni Road, Veerakkal Bpo, N.Panjampatti(Po), Dindigul, Distt.- Dindigul, Tamilnadu, Pin Code- 624303",Jainee Health And Educational Chartitable Trust,Dindigul,Tamilnadu,Private,GNM,20 (Twenty),2025-2026,7,https://online.indiannursingcouncil.org/Reports/YearlyReportByState.aspx,2026-09-11T11:37:36.649109
18,Jainee School Of Nursing,"Jainee School Of Nursing, Dindigul-Theni Road, Veerakkal Bpo, N.Panjampatti(Po), Dindigul, Distt.- Dindigul, Tamilnadu, Pin Code- 624303",Jainee Health And Educational Chartitable Trust,Dindigul,Tamilnadu,Private,B.Sc(N),50 (Fifty),2025-2026,7,https://online.indiannursingcouncil.org/Reports/YearlyReportByState.aspx,2026-09-11T11:37:36.649109
18,Jainee School Of Nursing,"Jainee School Of Nursing, Dindigul-Theni Road, Veerakkal Bpo, N.Panjampatti(Po), Dindigul, Distt.- Dindigul, Tamilnadu, Pin Code- 624303",Jainee Health And Educational Chartitable Trust,Dindigul,Tamilnadu,Private,M. Sc (N),12 (Twelve) Psy-3 Obg-3 Paed-3 Chn-3,2025-2026,7,https://online.indiannursingcouncil.org/Reports/YearlyReportByState.aspx,2026-09-11T11:37:36.649109
18,Jainee School Of Nursing,"Jainee School Of Nursing, Dindigul-Theni Road, Veerakkal Bpo, N.Panjampatti(Po), Dindigul, Distt.- Dindigul, Tamilnadu, Pin Code- 624303",Jainee Health And Educational Chartitable Trust,Dindigul,Tamilnadu,Private,P B B.Sc(N),30 (Thirty),2025-2026,7,https://online.indiannursingcouncil.org/Reports/YearlyReportByState.aspx,2026-09-11T11:37:36.649109
19,Jeeva College Of Nursing,"Jeeva College Of Nursing, Puliyanjeri Village, Beemanda Palli Panchyat, Veppanapalli Union, Krishnagiri, Distt.- Krishnagiri, Tamilnadu, Pin Code- 635001",Sree Pankajam Krishanan Educational,Krishnagiri,Tamilnadu,Private,B.Sc(N),100 (One Hundred),2025-2026,7,https://online.indiannursingcouncil.org/Reports/YearlyReportByState.aspx,2026-09-11T11:37:36.649109
1,Jeeva College Of Nursing,"Jeeva College Of Nursing, Puliyanjeri Village, Beemanda Palli Panchyat, Veppanapalli Union, Krishnagiri, Distt.- Krishnagiri, Tamilnadu, Pin Code- 635001",Sree Pankajam Krishanan Educational,Krishnagiri,Tamilnadu,Private,M. Sc (N),"20 (Twenty) Chn-02, Obg-03, Med-Surg-05, Pead-05, Psy-05",2025-2026,8,https://online.indiannursingcouncil.org/Reports/YearlyReportByState.aspx,2026-09-11T11:37:42.884804
1,Jeeva College Of Nursing,"Jeeva College Of Nursing, Puliyanjeri Village, Beemanda Palli Panchyat, Veppanapalli Union, Krishnagiri, Distt.- Krishnagiri, Tamilnadu, Pin Code- 635001",Sree Pankajam Krishanan Educational,Krishnagiri,Tamilnadu,Private,GNM,20 (Twenty),2025-2026,8,https://online.indiannursingcouncil.org/Reports/YearlyReportByState.aspx,2026-09-11T11:37:42.884804
2,K M C H School Of Nursing,"K M C H School Of Nursing, S. F. Nos. 259 267, Kalapatti Village, Vill.- Kalapatti, Tehsil- Coimbatore North, Distt.- Coimbatore, Tamilnadu, Pin Code- 641048",Kovai Medical Center Research And Educational Trust,Coimbatore,Tamilnadu,Private,GNM,60 (Sixty),2025-2026,8,https://online.indiannursingcouncil.org/Reports/YearlyReportByState.aspx,2026-09-11T11:37:42.884804
2,K M C H School Of Nursing,"K M C H School Of Nursing, S. F. Nos. 259 267, Kalapatti Village, Vill.- Kalapatti, Tehsil- Coimbatore North, Distt.- Coimbatore, Tamilnadu, Pin Code- 641048",Kovai Medical Center Research And Educational Trust,Coimbatore,Tamilnadu,Private,B.Sc(N),100 (One Hundred),2025-2026,8,https://online.indiannursingcouncil.org/Reports/YearlyReportByState.aspx,2026-09-11T11:37:42.884804
2,K M C H School Of Nursing,"K M C H School Of Nursing, S. F. Nos. 259 267, Kalapatti Village, Vill.- Kalapatti, Tehsil- Coimbatore North, Distt.- Coimbatore, Tamilnadu, Pin Code- 641048",Kovai Medical Center Research And Educational Trust,Coimbatore,Tamilnadu,Private,M. Sc (N),"20 (Twenty) Med Surg- 8, Chn- 2, Pead- 4, Obg- 4, Psy- 2",2025-2026,8,https://online.indiannursingcouncil.org/Reports/YearlyReportByState.aspx,2026-09-11T11:37:42.884804
2,K M C H School Of Nursing,"K M C H School Of Nursing, S. F. Nos. 259 267, Kalapatti Village, Vill.- Kalapatti, Tehsil- Coimbatore North, Distt.- Coimbatore, Tamilnadu, Pin Code- 641048",Kovai Medical Center Research And Educational Trust,Coimbatore,Tamilnadu,Private,P B B.Sc(N),25 (Twenty Five),2025-2026,8,https://online.indiannursingcouncil.org/Reports/YearlyReportByState.aspx,2026-09-11T11:37:42.884804
2,K M C H School Of Nursing,"K M C H School Of Nursing, S. F. Nos. 259 267, Kalapatti Village, Vill.- Kalapatti, Tehsil- Coimbatore North, Distt.- Coimbatore, Tamilnadu, Pin Code- 641048",Kovai Medical Center Research And Educational Trust,Coimbatore,Tamilnadu,Private,Post Basic Diploma in Critical care nursing,10 (Ten),2025-2026,8,https://online.indiannursingcouncil.org/Reports/YearlyReportByState.aspx,2026-09-11T11:37:42.884804
2,K M C H School Of Nursing,"K M C H School Of Nursing, S. F. Nos. 259 267, Kalapatti Village, Vill.- Kalapatti, Tehsil- Coimbatore North, Distt.- Coimbatore, Tamilnadu, Pin Code- 641048",Kovai Medical Center Research And Educational Trust,Coimbatore,Tamilnadu,Private,NURSE PRACTITIONER IN CRITICAL CARE(NPCC),20 (Twenty),2025-2026,8,https://online.indiannursingcouncil.org/Reports/YearlyReportByState.aspx,2026-09-11T11:37:42.884804
3,K M C School Of Nursing,"K M C School Of Nursing, No.91, Navalur Kuttapattu Village, Dindugal Main Road, Vill.- Navalur Kuttapattu, Tehsil- Manikandam, Distt.- Tiruchirappalli, Tamilnadu, Pin Code- 620009",Kavery Medical Trust,Tiruchirappalli,Tamilnadu,Private,GNM,40 (Forty),2025-2026,8,https://online.indiannursingcouncil.org/Reports/YearlyReportByState.aspx,2026-09-11T11:37:42.884804
3,K M C School Of Nursing,"K M C School Of Nursing, No.91, Navalur Kuttapattu Village, Dindugal Main Road, Vill.- Navalur Kuttapattu, Tehsil- Manikandam, Distt.- Tiruchirappalli, Tamilnadu, Pin Code- 620009",Kavery Medical Trust,Tiruchirappalli,Tamilnadu,Private,B.Sc(N),100 (One Hundred),2025-2026,8,https://online.indiannursingcouncil.org/Reports/YearlyReportByState.aspx,2026-09-11T11:37:42.884804
3,K M C School Of Nursing,"K M C School Of Nursing, No.91, Navalur Kuttapattu Village, Dindugal Main Road, Vill.- Navalur Kuttapattu, Tehsil- Manikandam, Distt.- Tiruchirappalli, Tamilnadu, Pin Code- 620009",Kavery Medical Trust,Tiruchirappalli,Tamilnadu,Private,M. Sc (N),25 (Twenty Five) 05 (Five) In Each Specialty,2025-2026,8,https://online.indiannursingcouncil.org/Reports/YearlyReportByState.aspx,2026-09-11T11:37:42.884804
3,K M C School Of Nursing,"K M C School Of Nursing, No.91, Navalur Kuttapattu Village, Dindugal Main Road, Vill.- Navalur Kuttapattu, Tehsil- Manikandam, Distt.- Tiruchirappalli, Tamilnadu, Pin Code- 620009",Kavery Medical Trust,Tiruchirappalli,Tamilnadu,Private,NURSE PRACTITIONER IN CRITICAL CARE(NPCC),10 (Ten),2025-2026,8,https://online.indiannursingcouncil.org/Reports/YearlyReportByState.aspx,2026-09-11T11:37:42.884804
4,K R School Of Nursing,"K R School Of Nursing, K R Hospital Building, Mettupalayam Road, Coimbatore, Distt.- Coimbatore, Tamilnadu, Pin Code- 641020",Salzer Educational Medical Research Trust,Coimbatore,Tamilnadu,Private,GNM,20 (Twenty),2025-2026,8,https://online.indiannursingcouncil.org/Reports/YearlyReportByState.aspx,2026-09-11T11:37:42.884804
5,Kalaimahal College Of Nursing,"Kalaimahal College Of Nursing, Kalahasthinapuram Main Road, Mudikandanallur Village, Tharagambadi Taluk., Mayiladuthurai, Distt.- Nagapattinam, Tamilnadu, Pin Code- 609309",Sri Kalaimahal Educational Trust,Nagapattinam,Tamilnadu,Private,B.Sc(N),60 (Sixty),2025-2026,8,https://online.indiannursingcouncil.org/Reports/YearlyReportByState.aspx,2026-09-11T11:37:42.884804
6,Kalasalingam College Of Nursing,"Kalasalingam College Of Nursing, Srivilliputhur, Krishnankoil, Vill.- Kunnur, Tehsil- Watrap, Distt.- Virudhunagar, Tamilnadu, Pin Code- 626126",Kalasalingam Academy Of Research And Education,Virudhunagar,Tamilnadu,Private,B.Sc(N),100 (One Hundred),2025-2026,8,https://online.indiannursingcouncil.org/Reports/YearlyReportByState.aspx,2026-09-11T11:37:42.884804
7,Kamala College Of Medical Sciences,"Kamala College Of Medical Sciences, 22/44,Venkata Rao Road, Near Town Railway Station & Eb Office, Salem, Distt.- Salem, Tamilnadu, Pin Code- 636001",Sowrashtra Educational Trust,Salem,Tamilnadu,Private,GNM,20 (Twenty),2025-2026,8,https://online.indiannursingcouncil.org/Reports/YearlyReportByState.aspx,2026-09-11T11:37:42.884804
7,Kamala College Of Medical Sciences,"Kamala College Of Medical Sciences, 22/44,Venkata Rao Road, Near Town Railway Station & Eb Office, Salem, Distt.- Salem, Tamilnadu, Pin Code- 636001",Sowrashtra Educational Trust,Salem,Tamilnadu,Private,B.Sc(N),40 (Forty),2025-2026,8,https://online.indiannursingcouncil.org/Reports/YearlyReportByState.aspx,2026-09-11T11:37:42.884804
8,Kanyakumari Medical Mission Research Centre (Kmmc) College Of Nursing,"Kanyakumari Medical Mission Research Centre (Kmmc) College Of Nursing, Kmmc, Devasahayam Nagar, Muttom - Eraniel Road, Muttom, Kanyakumari - 629202, Nagercoil, Distt.- Kanyakumari, Tamilnadu, Pin C",St. Joseph University,Kanyakumari,Tamilnadu,Private,B.Sc(N),100 (One Hundred),2025-2026,8,https://online.indiannursingcouncil.org/Reports/YearlyReportByState.aspx,2026-09-11T11:37:42.884804
9,Kanyakumari Medical Mission,"Kanyakumari Medical Mission, Ingrid Kowski School Of Nursing,, Csi Hospital, Sinclair Street,, Marthandam, Distt.- Kanyakumari, Tamilnadu, Pin Code- 629165",Church Of South India Trust Association,Kanyakumari,Tamilnadu,Private,GNM,20 (Twenty),2025-2026,8,https://online.indiannursingcouncil.org/Reports/YearlyReportByState.aspx,2026-09-11T11:37:42.884804
10,Karpaga Vinayaga College Of Nursing,"Karpaga Vinayaga College Of Nursing , Gst Road Chinnakolambakkam, Palayanor Post, Madurantakam Tk, Kancheepuram, Distt.- Chengalpattu, Tamilnadu, Pin Code- 603308",Karpaga Vinayaga Educational Trust,Chengalpattu,Tamilnadu,Private,B.Sc(N),100 (One Hundred),2025-2026,8,https://online.indiannursingcouncil.org/Reports/YearlyReportByState.aspx,2026-09-11T11:37:42.884804
10,Karpaga Vinayaga College Of Nursing,"Karpaga Vinayaga College Of Nursing , Gst Road Chinnakolambakkam, Palayanor Post, Madurantakam Tk, Kancheepuram, Distt.- Chengalpattu, Tamilnadu, Pin Code- 603308",Karpaga Vinayaga Educational Trust,Chengalpattu,Tamilnadu,Private,M. Sc (N),25 (Twenty Five) 5 In Each Speciliaty,2025-2026,8,https://online.indiannursingcouncil.org/Reports/YearlyReportByState.aspx,2026-09-11T11:37:42.884804
11,Karpaga Vinayaga College Of Nursing,"Karpaga Vinayaga College Of Nursing, J.J.Institute Of Nursing , Jj Nagar Sivapuram Post , Pudukkotta , Distt.- Pudukkottai, Tamilnadu, Pin Code- 622001",Karpaga Vinayaga Educational Trust,Pudukkottai,Tamilnadu,Private,M. Sc (N),"10 (Ten) Med-Surg-2, Paed-3, Obg-1, Chn-2, Psy-2",2025-2026,8,https://online.indiannursingcouncil.org/Reports/YearlyReportByState.aspx,2026-09-11T11:37:42.884804
11,Karpaga Vinayaga College Of Nursing,"Karpaga Vinayaga College Of Nursing, J.J.Institute Of Nursing , Jj Nagar Sivapuram Post , Pudukkotta , Distt.- Pudukkottai, Tamilnadu, Pin Code- 622001",Karpaga Vinayaga Educational Trust,Pudukkottai,Tamilnadu,Private,GNM,40 (Forty),2025-2026,8,https://online.indiannursingcouncil.org/Reports/YearlyReportByState.aspx,2026-09-11T11:37:42.884804
11,Karpaga Vinayaga College Of Nursing,"Karpaga Vinayaga College Of Nursing, J.J.Institute Of Nursing , Jj Nagar Sivapuram Post , Pudukkotta , Distt.- Pudukkottai, Tamilnadu, Pin Code- 622001",Karpaga Vinayaga Educational Trust,Pudukkottai,Tamilnadu,Private,B.Sc(N),50 (Fifty),2025-2026,8,https://online.indiannursingcouncil.org/Reports/YearlyReportByState.aspx,2026-09-11T11:37:42.884804
12,Karpagam Nursing College,"Karpagam Nursing College, S.F.No.770, 763, Vill.- Othakkalmandapam, Tehsil- Kinathukadavu, Distt.- Coimbatore, Tamilnadu, Pin Code- 641032",Karpagam Charity Trust,Coimbatore,Tamilnadu,Private,B.Sc(N),100 (One Hundred),2025-2026,8,https://online.indiannursingcouncil.org/Reports/YearlyReportByState.aspx,2026-09-11T11:37:42.884804
13,Keerrai Thamil Selvan School Of Nursing,"Keerrai Thamil Selvan School Of Nursing, K T S Nagar, Sathiyamangalam, Pudukkottai, Distt.- Pudukkottai, Tamilnadu, Pin Code- 622501",Keerrai Thamil Selvan Edun And Char Trust,Pudukkottai,Tamilnadu,Private,GNM,20 (Twenty),2025-2026,8,https://online.indiannursingcouncil.org/Reports/YearlyReportByState.aspx,2026-09-11T11:37:42.884804
13,Keerrai Thamil Selvan School Of Nursing,"Keerrai Thamil Selvan School Of Nursing, K T S Nagar, Sathiyamangalam, Pudukkottai, Distt.- Pudukkottai, Tamilnadu, Pin Code- 622501",Keerrai Thamil Selvan Edun And Char Trust,Pudukkottai,Tamilnadu,Private,B.Sc(N),50 (Fifty),2025-2026,8,https://online.indiannursingcouncil.org/Reports/YearlyReportByState.aspx,2026-09-11T11:37:42.884804
14,Kongunadu College Of Nursing,"Kongunadu College Of Nursing,, 518-520, Dheenampalyam,, Vill.- Kalikkanaichenpalayam , Tehsil- Thondamuthur, Distt.- Coimbatore, Tamilnadu, Pin Code- 641109",Kovai Kongunattu Arakattalai,Coimbatore,Tamilnadu,Private,B.Sc(N),100 (One Hundred),2025-2026,8,https://online.indiannursingcouncil.org/Reports/YearlyReportByState.aspx,2026-09-11T11:37:42.884804
14,Kongunadu College Of Nursing,"Kongunadu College Of Nursing,, 518-520, Dheenampalyam,, Vill.- Kalikkanaichenpalayam , Tehsil- Thondamuthur, Distt.- Coimbatore, Tamilnadu, Pin Code- 641109",Kovai Kongunattu Arakattalai,Coimbatore,Tamilnadu,Private,ANM,30 (Thirty),2025-2026,8,https://online.indiannursingcouncil.org/Reports/YearlyReportByState.aspx,2026-09-11T11:37:42.884804
14,Kongunadu College Of Nursing,"Kongunadu College Of Nursing,, 518-520, Dheenampalyam,, Vill.- Kalikkanaichenpalayam , Tehsil- Thondamuthur, Distt.- Coimbatore, Tamilnadu, Pin Code- 641109",Kovai Kongunattu Arakattalai,Coimbatore,Tamilnadu,Private,M. Sc (N),30 (Thirty),2025-2026,8,https://online.indiannursingcouncil.org/Reports/YearlyReportByState.aspx,2026-09-11T11:37:42.884804
1,Kongunadu College Of Nursing,"Kongunadu College Of Nursing,, 518-520, Dheenampalyam,, Vill.- Kalikkanaichenpalayam , Tehsil- Thondamuthur, Distt.- Coimbatore, Tamilnadu, Pin Code- 641109",Kovai Kongunattu Arakattalai,Coimbatore,Tamilnadu,Private,GNM,40 (Forty),2025-2026,9,https://online.indiannursingcouncil.org/Reports/YearlyReportByState.aspx,2026-09-11T11:37:49.670418
1,Kongunadu College Of Nursing,"Kongunadu College Of Nursing,, 518-520, Dheenampalyam,, Vill.- Kalikkanaichenpalayam , Tehsil- Thondamuthur, Distt.- Coimbatore, Tamilnadu, Pin Code- 641109",Kovai Kongunattu Arakattalai,Coimbatore,Tamilnadu,Private,P B B.Sc(N),40 (Forty),2025-2026,9,https://online.indiannursingcouncil.org/Reports/YearlyReportByState.aspx,2026-09-11T11:37:49.670418
2,Krishna Hospital School Of Nursing,"Krishna Hospital School Of Nursing,, Nellikuppam Main Road, Nathapattu Post, Vill.- Thottapattu , Tehsil- Cuddalore, Distt.- Cuddalore, Tamilnadu, Pin Code- 607109",Krishna Hospital Research Foundation,Cuddalore,Tamilnadu,Private,GNM,20 (Twenty),2025-2026,9,https://online.indiannursingcouncil.org/Reports/YearlyReportByState.aspx,2026-09-11T11:37:49.670418
3,Kumaran College Of Medical Sciences And Research Insititute,"Kumaran College Of Medical Sciences And Research Insititute, 112, Katpadi Road, Kainjur,Gandhi Nagar Post, Vill.- Kalinjur, Tehsil- Katpadi, Distt.- Vellore, Tamilnadu, Pin Code- 632006",Dr. T Kumara Guru And Mylambaigai Trust,Vellore,Tamilnadu,Private,GNM,20 (Twenty),2025-2026,9,https://online.indiannursingcouncil.org/Reports/YearlyReportByState.aspx,2026-09-11T11:37:49.670418
4,Kumaran College Of Nursing,"Kumaran College Of Nursing, Kondayampalayam Panchayat & Village,Coimbatore-641110 , Coimbatore, Distt.- Coimbatore, Tamilnadu, Pin Code- 641110",Kumaran Medicals Educational Trust,Coimbatore,Tamilnadu,Private,B.Sc(N),50 (Fifty),2025-2026,9,https://online.indiannursingcouncil.org/Reports/YearlyReportByState.aspx,2026-09-11T11:37:49.670418
5,Kundavaii School Of Nursing,"Kundavaii School Of Nursing,, 528- B, East Main Street, Thanjavur, Distt.- Thanjavur, Tamilnadu, Pin Code- 613001",Ganesh Aarthi Medical Research Foundation,Thanjavur,Tamilnadu,Private,GNM,20 (Twenty),2025-2026,9,https://online.indiannursingcouncil.org/Reports/YearlyReportByState.aspx,2026-09-11T11:37:49.670418
6,Laxminarayana School Of Nursing,"Laxminarayana School Of Nursing , 14-1 By Pass Road, Dharmapuri , Distt.- Dharmapuri, Tamilnadu, Pin Code- 636701",Laxminarayana Educational Trust,Dharmapuri,Tamilnadu,Private,GNM,20 (Twenty),2025-2026,9,https://online.indiannursingcouncil.org/Reports/YearlyReportByState.aspx,2026-09-11T11:37:49.670418
7,M A M College Of Nursing,"M A M College Of Nursing, Trichy - Chennai Trunk Road, Siruganur,, Tiruchirappalli , Distt.- Tiruchirappalli, Tamilnadu, Pin Code- 621105",Maluk Educational Health And Charitable Trust,Tiruchirappalli,Tamilnadu,Private,B.Sc(N),50 (Fifty),2025-2026,9,https://online.indiannursingcouncil.org/Reports/YearlyReportByState.aspx,2026-09-11T11:37:49.670418
7,M A M College Of Nursing,"M A M College Of Nursing, Trichy - Chennai Trunk Road, Siruganur,, Tiruchirappalli , Distt.- Tiruchirappalli, Tamilnadu, Pin Code- 621105",Maluk Educational Health And Charitable Trust,Tiruchirappalli,Tamilnadu,Private,P B B.Sc(N),30 (Thirty),2025-2026,9,https://online.indiannursingcouncil.org/Reports/YearlyReportByState.aspx,2026-09-11T11:37:49.670418
8,M M M College Of Nursing,"M M M College Of Nursing, No. 9, Block No. 11, Kannadasan Salai, Mogappair East, Chennai, Distt.- Chennai, Tamilnadu, Pin Code- 600037",The Madras Medical Mission,Chennai,Tamilnadu,Private,B.Sc(N),50 (Fifty),2025-2026,9,https://online.indiannursingcouncil.org/Reports/YearlyReportByState.aspx,2026-09-11T11:37:49.670418
8,M M M College Of Nursing,"M M M College Of Nursing, No. 9, Block No. 11, Kannadasan Salai, Mogappair East, Chennai, Distt.- Chennai, Tamilnadu, Pin Code- 600037",The Madras Medical Mission,Chennai,Tamilnadu,Private,M. Sc (N),15 (Fifteen) Med-Surg-3 Paed-4 Chn-3 Psy-2 Obg-3,2025-2026,9,https://online.indiannursingcouncil.org/Reports/YearlyReportByState.aspx,2026-09-11T11:37:49.670418
8,M M M College Of Nursing,"M M M College Of Nursing, No. 9, Block No. 11, Kannadasan Salai, Mogappair East, Chennai, Distt.- Chennai, Tamilnadu, Pin Code- 600037",The Madras Medical Mission,Chennai,Tamilnadu,Private,P B B.Sc(N),20 (Twenty),2025-2026,9,https://online.indiannursingcouncil.org/Reports/YearlyReportByState.aspx,2026-09-11T11:37:49.670418
9,Madha College Of Nursing,"Madha College Of Nursing, Madha Nagar, Somangalam Road,, Vill.- Kunrathur, Tehsil- Kundrathur, Distt.- Kancheepuram, Tamilnadu, Pin Code- 600069",Soosaiya Peter Educational Trust,Kancheepuram,Tamilnadu,Private,B.Sc(N),100 (One Hundred),2025-2026,9,https://online.indiannursingcouncil.org/Reports/YearlyReportByState.aspx,2026-09-11T11:37:49.670418
9,Madha College Of Nursing,"Madha College Of Nursing, Madha Nagar, Somangalam Road,, Vill.- Kunrathur, Tehsil- Kundrathur, Distt.- Kancheepuram, Tamilnadu, Pin Code- 600069",Soosaiya Peter Educational Trust,Kancheepuram,Tamilnadu,Private,M. Sc (N),30 (Thirty) Med-Surg-10 Chn-5 Paed-5 Obg-5 Psy-5,2025-2026,9,https://online.indiannursingcouncil.org/Reports/YearlyReportByState.aspx,2026-09-11T11:37:49.670418
9,Madha College Of Nursing,"Madha College Of Nursing, Madha Nagar, Somangalam Road,, Vill.- Kunrathur, Tehsil- Kundrathur, Distt.- Kancheepuram, Tamilnadu, Pin Code- 600069",Soosaiya Peter Educational Trust,Kancheepuram,Tamilnadu,Private,P B B.Sc(N),30 (Thirty),2025-2026,9,https://online.indiannursingcouncil.org/Reports/YearlyReportByState.aspx,2026-09-11T11:37:49.670418
10,Madurai Apollo College Of Nursing,"Madurai Apollo College Of Nursing , Eliyarpathi Village, Thiruparankundram Union, Madurai, Distt.- Madurai, Tamilnadu, Pin Code- 625022",Apollo Hospitals Educational Trust,Madurai,Tamilnadu,Private,B.Sc(N),100 (One Hundred),2025-2026,9,https://online.indiannursingcouncil.org/Reports/YearlyReportByState.aspx,2026-09-11T11:37:49.670418
11,Maharani Nursing College,"Maharani Nursing College, 1/74, Nanjiyampalayam, Tirupur Main Road , Dharapuram, Distt.- Tirupur, Tamilnadu, Pin Code- 638657",Maharani Educaitonal And Charitable Trust,Tirupur,Tamilnadu,Private,B.Sc(N),50 (Fifty),2025-2026,9,https://online.indiannursingcouncil.org/Reports/YearlyReportByState.aspx,2026-09-11T11:37:49.670418
12,Mahendra College Of Nursing,"Mahendra College Of Nursing, Mahendra College Of Nursing,Attur Main Road,Minnampalli,Salem, Salem, Distt.- Salem, Tamilnadu, Pin Code- 636106",Mahendra Educational Trust,Salem,Tamilnadu,Private,B.Sc(N),60 (Sixty),2025-2026,9,https://online.indiannursingcouncil.org/Reports/YearlyReportByState.aspx,2026-09-11T11:37:49.670418
13,Mailam Nursing College,"Mailam Nursing College, Mailam Post Office, Tindivanam, Distt.- Villuppuram, Tamilnadu, Pin Code- 604304",Mailam Subramaniya Swamy Educational Trust,Villuppuram,Tamilnadu,Private,ANM,60 (Sixty),2025-2026,9,https://online.indiannursingcouncil.org/Reports/YearlyReportByState.aspx,2026-09-11T11:37:49.670418
13,Mailam Nursing College,"Mailam Nursing College, Mailam Post Office, Tindivanam, Distt.- Villuppuram, Tamilnadu, Pin Code- 604304",Mailam Subramaniya Swamy Educational Trust,Villuppuram,Tamilnadu,Private,B.Sc(N),100 (One Hundred),2025-2026,9,https://online.indiannursingcouncil.org/Reports/YearlyReportByState.aspx,2026-09-11T11:37:49.670418
14,Mannai Narayanasamy School Of Nursing,"Mannai Narayanasamy School Of Nursing,, Thanjavur - Kumbakonam Highway, Handankorai Post Mathur , Thanjavur , Distt.- Thanjavur, Tamilnadu, Pin Code- 614206",Mannai Narayanasamy Educational Trust,Thanjavur,Tamilnadu,Private,GNM,20 (Twenty),2025-2026,9,https://online.indiannursingcouncil.org/Reports/YearlyReportByState.aspx,2026-09-11T11:37:49.670418
14,Mannai Narayanasamy School Of Nursing,"Mannai Narayanasamy School Of Nursing,, Thanjavur - Kumbakonam Highway, Handankorai Post Mathur , Thanjavur , Distt.- Thanjavur, Tamilnadu, Pin Code- 614206",Mannai Narayanasamy Educational Trust,Thanjavur,Tamilnadu,Private,B.Sc(N),50 (Fifty),2025-2026,9,https://online.indiannursingcouncil.org/Reports/YearlyReportByState.aspx,2026-09-11T11:37:49.670418
15,Maria College Of Nursing,"Maria College Of Nursing, Valathuvilai, Thoottavaram, Moovatumugham Post, Attoor Town Panchayat, Moovattumugam, Distt.- Kanyakumari, Tamilnadu, Pin Code- 629177",Maria Educational And Charitable Trust,Kanyakumari,Tamilnadu,Private,B.Sc(N),60 (Sixty),2025-2026,9,https://online.indiannursingcouncil.org/Reports/YearlyReportByState.aspx,2026-09-11T11:37:49.670418
16,Mariamman Nursing College,"Mariamman Nursing College, Mariamman Nursing College,No.111/1, Ammapettai,Poolangulathupatti (Po),Srirangam Taluk, Trichy - 620 009, Trichy, Distt.- Tiruchirappalli, Tamilnadu, Pin Code- 620009",Thousu Periyakkal Educational Health And Charitable Trust,Tiruchirappalli,Tamilnadu,Private,B.Sc(N),60 (Sixty),2025-2026,9,https://online.indiannursingcouncil.org/Reports/YearlyReportByState.aspx,2026-09-11T11:37:49.670418
17,Meenakshi College Of Nursing,"Meenakshi College Of Nursing, Chikkarayapuram, Kundrathur Main Road, Near Managadu, Vill.- Chikkarayapuram, Tehsil- Kundrathur, Distt.- Kancheepuram, Tamilnadu, Pin Code- 600069",Meenakshi Academy Of Higher Education And Research,Kancheepuram,Tamilnadu,Private,B.Sc(N),50 (Fifty),2025-2026,9,https://online.indiannursingcouncil.org/Reports/YearlyReportByState.aspx,2026-09-11T11:37:49.670418
17,Meenakshi College Of Nursing,"Meenakshi College Of Nursing, Chikkarayapuram, Kundrathur Main Road, Near Managadu, Vill.- Chikkarayapuram, Tehsil- Kundrathur, Distt.- Kancheepuram, Tamilnadu, Pin Code- 600069",Meenakshi Academy Of Higher Education And Research,Kancheepuram,Tamilnadu,Private,M. Sc (N),"25; Med-Surg-5, Paed-6, Chn-5, Obg-4, Psy-5",2025-2026,9,https://online.indiannursingcouncil.org/Reports/YearlyReportByState.aspx,2026-09-11T11:37:49.670418
17,Meenakshi College Of Nursing,"Meenakshi College Of Nursing, Chikkarayapuram, Kundrathur Main Road, Near Managadu, Vill.- Chikkarayapuram, Tehsil- Kundrathur, Distt.- Kancheepuram, Tamilnadu, Pin Code- 600069",Meenakshi Academy Of Higher Education And Research,Kancheepuram,Tamilnadu,Private,P B B.Sc(N),25 (Twenty Five),2025-2026,9,https://online.indiannursingcouncil.org/Reports/YearlyReportByState.aspx,2026-09-11T11:37:49.670418
18,Meenakshi College Of Nursing,"Meenakshi College Of Nursing, Kottakudi, Melur Taluk, Vill.- Kottakudi, Tehsil- Melur, Distt.- Madurai, Tamilnadu, Pin Code- 625106",S R Trust,Madurai,Tamilnadu,Private,B.Sc(N),100 (One Hundred),2025-2026,9,https://online.indiannursingcouncil.org/Reports/YearlyReportByState.aspx,2026-09-11T11:37:49.670418
19,Mohamed Sathak A J College Of Nursing,"Mohamed Sathak A J College Of Nursing , No.34,Rajiv Gandhi Road(Omr) It Highway Siruseri, Vill.- Thazhambur, Tehsil- Tiruporur, Distt.- Kancheepuram, Tamilnadu, Pin Code- 603103",Mohamed Sathak Trust,Kancheepuram,Tamilnadu,Private,B.Sc(N),50 (Fifty),2025-2026,9,https://online.indiannursingcouncil.org/Reports/YearlyReportByState.aspx,2026-09-11T11:37:49.670418
19,Mohamed Sathak A J College Of Nursing,"Mohamed Sathak A J College Of Nursing , No.34,Rajiv Gandhi Road(Omr) It Highway Siruseri, Vill.- Thazhambur, Tehsil- Tiruporur, Distt.- Kancheepuram, Tamilnadu, Pin Code- 603103",Mohamed Sathak Trust,Kancheepuram,Tamilnadu,Private,M. Sc (N),"15 (Fifteen) Med-Surg-3, Paed-3, Obg-3, Psy-3, Chn-3",2025-2026,9,https://online.indiannursingcouncil.org/Reports/YearlyReportByState.aspx,2026-09-11T11:37:49.670418
1,Mookambigai School Of Nursing,"Mookambigai School Of Nursing , Pudukottai Main Road, Mathur, Trichy, Distt.- Tiruchirappalli, Tamilnadu, Pin Code- 622515",Srimathi Jayalakshmi Educational Health And Charitable Trust,Tiruchirappalli,Tamilnadu,Private,GNM,20 (Twenty),2025-2026,10,https://online.indiannursingcouncil.org/Reports/YearlyReportByState.aspx,2026-09-11T11:37:56.100077
2,Mother Terasa College Of Nursing,"Mother Terasa College Of Nursing, Mettusalai,Illupur,, Pudukkottai, Distt.- Pudukkottai, Tamilnadu, Pin Code- 622102",Dr.A.P.J Abdul Kalam Educational Charitable Trust,Pudukkottai,Tamilnadu,Private,ANM,30 (Thirty),2025-2026,10,https://online.indiannursingcouncil.org/Reports/YearlyReportByState.aspx,2026-09-11T11:37:56.100077
2,Mother Terasa College Of Nursing,"Mother Terasa College Of Nursing, Mettusalai,Illupur,, Pudukkottai, Distt.- Pudukkottai, Tamilnadu, Pin Code- 622102",Dr.A.P.J Abdul Kalam Educational Charitable Trust,Pudukkottai,Tamilnadu,Private,GNM,100 (One Hundred),2025-2026,10,https://online.indiannursingcouncil.org/Reports/YearlyReportByState.aspx,2026-09-11T11:37:56.100077
2,Mother Terasa College Of Nursing,"Mother Terasa College Of Nursing, Mettusalai,Illupur,, Pudukkottai, Distt.- Pudukkottai, Tamilnadu, Pin Code- 622102",Dr.A.P.J Abdul Kalam Educational Charitable Trust,Pudukkottai,Tamilnadu,Private,B.Sc(N),100 (One Hundred),2025-2026,10,https://online.indiannursingcouncil.org/Reports/YearlyReportByState.aspx,2026-09-11T11:37:56.100077
3,Mount Zion College Of Nursing,"Mount Zion College Of Nursing, Lena Villakku, , Vill.- Pilivalam (P O), Tehsil- Thirumayam, Distt.- Pudukkottai, Tamilnadu, Pin Code- 622507",Mount Zion Charitable Education Trust,Pudukkottai,Tamilnadu,Private,B.Sc(N),50 (Fifty),2025-2026,10,https://online.indiannursingcouncil.org/Reports/YearlyReportByState.aspx,2026-09-11T11:37:56.100077
4,N.R.T. College Of Nursing,"N.R.T. College Of Nursing, Madurai Road, Theni, Distt.- Theni, Tamilnadu, Pin Code- 625531","N.R.Thiagarajan Memorial Educational And Charitable Trust,Theni",Theni,Tamilnadu,Private,B.Sc(N),100 (One Hundred),2025-2026,10,https://online.indiannursingcouncil.org/Reports/YearlyReportByState.aspx,2026-09-11T11:37:56.100077
4,N.R.T. College Of Nursing,"N.R.T. College Of Nursing, Madurai Road, Theni, Distt.- Theni, Tamilnadu, Pin Code- 625531","N.R.Thiagarajan Memorial Educational And Charitable Trust,Theni",Theni,Tamilnadu,Private,ANM,60 (Sixty),2025-2026,10,https://online.indiannursingcouncil.org/Reports/YearlyReportByState.aspx,2026-09-11T11:37:56.100077
5,Nandha College Of Nursing,"Nandha College Of Nursing,, Koorapalayam &Quot;Pirivu&Quot;, Pitchandampalayam Post, Erode, Distt.- Erode, Tamilnadu, Pin Code- 638052",Sri Nandha Educational Trust,Erode,Tamilnadu,Private,B.Sc(N),100 (One Hundred),2025-2026,10,https://online.indiannursingcouncil.org/Reports/YearlyReportByState.aspx,2026-09-11T11:37:56.100077
5,Nandha College Of Nursing,"Nandha College Of Nursing,, Koorapalayam &Quot;Pirivu&Quot;, Pitchandampalayam Post, Erode, Distt.- Erode, Tamilnadu, Pin Code- 638052",Sri Nandha Educational Trust,Erode,Tamilnadu,Private,M. Sc (N),20 (Twenty) 4 In Each Speciality,2025-2026,10,https://online.indiannursingcouncil.org/Reports/YearlyReportByState.aspx,2026-09-11T11:37:56.100077
5,Nandha College Of Nursing,"Nandha College Of Nursing,, Koorapalayam &Quot;Pirivu&Quot;, Pitchandampalayam Post, Erode, Distt.- Erode, Tamilnadu, Pin Code- 638052",Sri Nandha Educational Trust,Erode,Tamilnadu,Private,GNM,20 (Twenty),2025-2026,10,https://online.indiannursingcouncil.org/Reports/YearlyReportByState.aspx,2026-09-11T11:37:56.100077
6,Nehru College Of Nursing And Research Institute,"Nehru College Of Nursing And Research Institute, Nehru Gardens , Thirumalayampalayamcoimbatore, Coimbatore, Distt.- Coimbatore, Tamilnadu, Pin Code- 641105",Nehru College Of Educational And Charitable Trust,Coimbatore,Tamilnadu,Private,B.Sc(N),60 (Sixty),2025-2026,10,https://online.indiannursingcouncil.org/Reports/YearlyReportByState.aspx,2026-09-11T11:37:56.100077
7,Nehru College Of Nursing,"Nehru College Of Nursing, Sf No440/2B Inamkulathur Trichy, Dindigul Highyway, Tiruchirappalli, Distt.- Tiruchirappalli, Tamilnadu, Pin Code- 621303",Nehru Educational Trust,Tiruchirappalli,Tamilnadu,Private,B.Sc(N),60 (Sixty),2025-2026,10,https://online.indiannursingcouncil.org/Reports/YearlyReportByState.aspx,2026-09-11T11:37:56.100077
8,Nehru Nursing College,"Nehru Nursing College, P.B.No.3 Nehru Nagar,Tiruchendur Road,Vallioor , Vill.- Vallioor, Tehsil- Radhapuram, Distt.- Tirunelveli, Tamilnadu, Pin Code- 627117",Marian Educational And Charitable Trust,Tirunelveli,Tamilnadu,Private,B.Sc(N),50 (Fifty),2025-2026,10,https://online.indiannursingcouncil.org/Reports/YearlyReportByState.aspx,2026-09-11T11:37:56.100077
8,Nehru Nursing College,"Nehru Nursing College, P.B.No.3 Nehru Nagar,Tiruchendur Road,Vallioor , Vill.- Vallioor, Tehsil- Radhapuram, Distt.- Tirunelveli, Tamilnadu, Pin Code- 627117",Marian Educational And Charitable Trust,Tirunelveli,Tamilnadu,Private,M. Sc (N),25 ; 5 In Each Speciality,2025-2026,10,https://online.indiannursingcouncil.org/Reports/YearlyReportByState.aspx,2026-09-11T11:37:56.100077
9,Nightingale Institute Of Nursing Education,"Nightingale Institute Of Nursing Education, Mgr Nagar Madukkarai Market Road, Madukkarai , Distt.- Coimbatore, Tamilnadu, Pin Code- 641105",C.S Educational Trust,Coimbatore,Tamilnadu,Private,B.Sc(N),60 (Sixty),2025-2026,10,https://online.indiannursingcouncil.org/Reports/YearlyReportByState.aspx,2026-09-11T11:37:56.100077
10,Npr College Of Nursing And Research Institute,"Npr College Of Nursing And Research Institute, Npr Nagar, Uluppakudi Post, Punnapatti Village, Natham Taluk, , Natham, Distt.- Dindigul, Tamilnadu, Pin Code- 624401",Titan Educational Trust,Dindigul,Tamilnadu,Private,B.Sc(N),60 (Sixty),2025-2026,10,https://online.indiannursingcouncil.org/Reports/YearlyReportByState.aspx,2026-09-11T11:37:56.100077
11,O P R Memorial College Of Paramedical Sciences,"O P R Memorial College Of Paramedical Sciences, Neyveli Main Road, Vadalur, Vadlur, Distt.- Cuddalore, Tamilnadu, Pin Code- 607303",Siddha Sanmarga Nilayam,Cuddalore,Tamilnadu,Private,ANM,20 (Twenty),2025-2026,10,https://online.indiannursingcouncil.org/Reports/YearlyReportByState.aspx,2026-09-11T11:37:56.100077
11,O P R Memorial College Of Paramedical Sciences,"O P R Memorial College Of Paramedical Sciences, Neyveli Main Road, Vadalur, Vadlur, Distt.- Cuddalore, Tamilnadu, Pin Code- 607303",Siddha Sanmarga Nilayam,Cuddalore,Tamilnadu,Private,GNM,20 (Twenty),2025-2026,10,https://online.indiannursingcouncil.org/Reports/YearlyReportByState.aspx,2026-09-11T11:37:56.100077
12,Omsakthi College Of Nursing,"Omsakthi College Of Nursing , A.Reddihalli (Vil), Sogathur Post, Pennagaram Main Road, Dharmapuri, Distt.- Dharmapuri, Tamilnadu, Pin Code- 636801",Omsakthi Lavanya Balavignesh Medical And Educational Trust,Dharmapuri,Tamilnadu,Private,B.Sc(N),100 (One Hundred),2025-2026,10,https://online.indiannursingcouncil.org/Reports/YearlyReportByState.aspx,2026-09-11T11:37:56.100077
12,Omsakthi College Of Nursing,"Omsakthi College Of Nursing , A.Reddihalli (Vil), Sogathur Post, Pennagaram Main Road, Dharmapuri, Distt.- Dharmapuri, Tamilnadu, Pin Code- 636801",Omsakthi Lavanya Balavignesh Medical And Educational Trust,Dharmapuri,Tamilnadu,Private,GNM,60 (Sixty),2025-2026,10,https://online.indiannursingcouncil.org/Reports/YearlyReportByState.aspx,2026-09-11T11:37:56.100077
13,Our Lady School Of Nursing,"Our Lady School Of Nursing , St. Joseph Hospital, Trichy Road, Dindigul, Distt.- Dindigul, Tamilnadu, Pin Code- 624001",The Council Of The Icm Hospitals,Dindigul,Tamilnadu,Private,GNM,20 (Twenty),2025-2026,10,https://online.indiannursingcouncil.org/Reports/YearlyReportByState.aspx,2026-09-11T11:37:56.100077
14,P S P Nursing College,"P S P Nursing College, Tambaram Kanchipuram Highway, Oragadam, Panrutti Sriperumbudur Taluk, Kanchipuram, Distt.- Kancheepuram, Tamilnadu, Pin Code- 631604",Periyasamypillai Educational Trust,Kancheepuram,Tamilnadu,Private,B.Sc(N),100 (One Hundred),2025-2026,10,https://online.indiannursingcouncil.org/Reports/YearlyReportByState.aspx,2026-09-11T11:37:56.100077
15,P.S.V.College Of Nursing,"P.S.V.College Of Nursing, Bangalore - Chennai Highway, Bargur Taluk, Vill.- Ballinayanapalli, Tehsil- Barugur, Distt.- Krishnagiri, Tamilnadu, Pin Code- 635108",St.Joan's Educational Trust,Krishnagiri,Tamilnadu,Private,B.Sc(N),60 (Sixty),2025-2026,10,https://online.indiannursingcouncil.org/Reports/YearlyReportByState.aspx,2026-09-11T11:37:56.100077
16,Pachamuthu College Of Nursing,"Pachamuthu College Of Nursing, 178/1, Muthupatti, Hale Dharmapuri (Po), Krishnagiri Main Road, Dharmapuri, Dharmapuri, Distt.- Dharmapuri, Tamilnadu, Pin Code- 636701",Pachamuthu Educational Trust,Dharmapuri,Tamilnadu,Private,GNM,60 (Sixty),2025-2026,10,https://online.indiannursingcouncil.org/Reports/YearlyReportByState.aspx,2026-09-11T11:37:56.100077
16,Pachamuthu College Of Nursing,"Pachamuthu College Of Nursing, 178/1, Muthupatti, Hale Dharmapuri (Po), Krishnagiri Main Road, Dharmapuri, Dharmapuri, Distt.- Dharmapuri, Tamilnadu, Pin Code- 636701",Pachamuthu Educational Trust,Dharmapuri,Tamilnadu,Private,B.Sc(N),60 (Sixty),2025-2026,10,https://online.indiannursingcouncil.org/Reports/YearlyReportByState.aspx,2026-09-11T11:37:56.100077
17,Padma Shri Dr Sivanthi Aditanar College Of Nursing,"Padma Shri Dr Sivanthi Aditanar College Of Nursing, Tirunelveli Road , Tiruchendur, Distt.- Thoothukudi, Tamilnadu, Pin Code- 628215",Aditanar Educational Institution,Thoothukudi,Tamilnadu,Private,B.Sc(N),60 (Sixty),2025-2026,10,https://online.indiannursingcouncil.org/Reports/YearlyReportByState.aspx,2026-09-11T11:37:56.100077
18,Padmasree College Of Nursing,"Padmasree College Of Nursing, Mariyamman Kovil Street, No. 84, Keelottivakkam Village, Walajabad, Distt.- Kancheepuram, Tamilnadu, Pin Code- 631605",Sree Kamatchi Amman Educational Trust,Kancheepuram,Tamilnadu,Private,B.Sc(N),60 (Sixty),2025-2026,10,https://online.indiannursingcouncil.org/Reports/YearlyReportByState.aspx,2026-09-11T11:37:56.100077
18,Padmasree College Of Nursing,"Padmasree College Of Nursing, Mariyamman Kovil Street, No. 84, Keelottivakkam Village, Walajabad, Distt.- Kancheepuram, Tamilnadu, Pin Code- 631605",Sree Kamatchi Amman Educational Trust,Kancheepuram,Tamilnadu,Private,M. Sc (N),15 (Fifteen) 3 In Each Specalty,2025-2026,10,https://online.indiannursingcouncil.org/Reports/YearlyReportByState.aspx,2026-09-11T11:37:56.100077
19,Padmavathi School Of Nursing,"Padmavathi School Of Nursing , Periyanahalli, Dharmapuri , Distt.- Dharmapuri, Tamilnadu, Pin Code- 635205",Sri Govinda Gounder Memorial Educational Trust,Dharmapuri,Tamilnadu,Private,GNM,50 (Fifty),2025-2026,10,https://online.indiannursingcouncil.org/Reports/YearlyReportByState.aspx,2026-09-11T11:37:56.100077
20,Panimalar College Of Nursing,"Panimalar College Of Nursing, Varadharajapuram,, Chennai, Distt.- Thiruvallur, Tamilnadu, Pin Code- 600123",Jaisakthi Educational Trust,Thiruvallur,Tamilnadu,Private,B.Sc(N),100 (One Hundred),2025-2026,10,https://online.indiannursingcouncil.org/Reports/YearlyReportByState.aspx,2026-09-11T11:37:56.100077
1,Parimala Pandurangan College Of Paramedical Science,"Parimala Pandurangan College Of Paramedical Science, No.55,Chithathur Village, Walajapet, Distt.- Vellore, Tamilnadu, Pin Code- 632501",Parimala Pandurangan Educational Trust,Vellore,Tamilnadu,Private,ANM,40 (Forty),2025-2026,11,https://online.indiannursingcouncil.org/Reports/YearlyReportByState.aspx,2026-09-11T11:38:03.183948
2,Parimala School Of Nursing,"Parimala School Of Nursing, 2/115 B, New Town, Ayyaneri Post, Kovilpatti, Distt.- Thoothukudi, Tamilnadu, Pin Code- 628502",Raga Educational Trust,Thoothukudi,Tamilnadu,Private,GNM,20 (Twenty),2025-2026,11,https://online.indiannursingcouncil.org/Reports/YearlyReportByState.aspx,2026-09-11T11:38:03.183948
2,Parimala School Of Nursing,"Parimala School Of Nursing, 2/115 B, New Town, Ayyaneri Post, Kovilpatti, Distt.- Thoothukudi, Tamilnadu, Pin Code- 628502",Raga Educational Trust,Thoothukudi,Tamilnadu,Private,B.Sc(N),50 (Fifty),2025-2026,11,https://online.indiannursingcouncil.org/Reports/YearlyReportByState.aspx,2026-09-11T11:38:03.183948
3,Pauls College Of Nursing,"Pauls College Of Nursing, Paulsnagar, Villuppuram, Distt.- Villuppuram, Tamilnadu, Pin Code- 605109",Pauls Educational Trust,Villuppuram,Tamilnadu,Private,B.Sc(N),50 (Fifty),2025-2026,11,https://online.indiannursingcouncil.org/Reports/YearlyReportByState.aspx,2026-09-11T11:38:03.183948
4,Peri College Of Nursing,"Peri College Of Nursing, No.1, Main Walkaway, Mannivakkam, Tambaram West, Chennai, Tamil Nadu 600048, Chengalpattu, Distt.- Chengalpattu, Tamilnadu, Pin Code- 600048",Adhi Periasamy Educational Trust,Chengalpattu,Tamilnadu,Private,B.Sc(N),40 (Forty),2025-2026,11,https://online.indiannursingcouncil.org/Reports/YearlyReportByState.aspx,2026-09-11T11:38:03.183948
5,Pgp College Of Nursing And Research,"Pgp College Of Nursing And Research, Nh-7, Namakkal-Karur Main Road, Vill.- Pillaikalathur, Tehsil- Paramathi, Distt.- Namakkal, Tamilnadu, Pin Code- 637207",Pgp Educational And Welfare Society,Namakkal,Tamilnadu,Private,B.Sc(N),100 (One Hundred),2025-2026,11,https://online.indiannursingcouncil.org/Reports/YearlyReportByState.aspx,2026-09-11T11:38:03.183948
6,Ppg College Of Nursing,"Ppg College Of Nursing , 9/1, Keeranatham Road, Saravanampatti Post,, Coimbatore, Distt.- Coimbatore, Tamilnadu, Pin Code- 641035",Ppg Memorial Charitable Trust,Coimbatore,Tamilnadu,Private,B.Sc(N),100 (One Hundred),2025-2026,11,https://online.indiannursingcouncil.org/Reports/YearlyReportByState.aspx,2026-09-11T11:38:03.183948
6,Ppg College Of Nursing,"Ppg College Of Nursing , 9/1, Keeranatham Road, Saravanampatti Post,, Coimbatore, Distt.- Coimbatore, Tamilnadu, Pin Code- 641035",Ppg Memorial Charitable Trust,Coimbatore,Tamilnadu,Private,M. Sc (N),40 (Forty) Med-Surg-12 Paed-7 Chn-5 Obg-6 Psy-10,2025-2026,11,https://online.indiannursingcouncil.org/Reports/YearlyReportByState.aspx,2026-09-11T11:38:03.183948
6,Ppg College Of Nursing,"Ppg College Of Nursing , 9/1, Keeranatham Road, Saravanampatti Post,, Coimbatore, Distt.- Coimbatore, Tamilnadu, Pin Code- 641035",Ppg Memorial Charitable Trust,Coimbatore,Tamilnadu,Private,P B B.Sc(N),40 (Forty),2025-2026,11,https://online.indiannursingcouncil.org/Reports/YearlyReportByState.aspx,2026-09-11T11:38:03.183948
6,Ppg College Of Nursing,"Ppg College Of Nursing , 9/1, Keeranatham Road, Saravanampatti Post,, Coimbatore, Distt.- Coimbatore, Tamilnadu, Pin Code- 641035",Ppg Memorial Charitable Trust,Coimbatore,Tamilnadu,Private,GNM,20 (Twenty),2025-2026,11,https://online.indiannursingcouncil.org/Reports/YearlyReportByState.aspx,2026-09-11T11:38:03.183948
7,Pranav College Of Nursing Academy,"Pranav College Of Nursing Academy, Sreenivasa Gardens,Madurai-Sivagangai Road,Enathi, Sivaganga, Distt.- Sivaganga, Tamilnadu, Pin Code- 630561",Srinivas Trust,Sivaganga,Tamilnadu,Private,B.Sc(N),40 (Forty),2025-2026,11,https://online.indiannursingcouncil.org/Reports/YearlyReportByState.aspx,2026-09-11T11:38:03.183948
8,Psg College Of Nursing,"Psg College Of Nursing, Avinashi Road, Peelamedu, Vill.- Sowripalayam, Tehsil- Soolur, Distt.- Coimbatore, Tamilnadu, Pin Code- 641028",Psg And Sons Charities,Coimbatore,Tamilnadu,Private,B.Sc(N),100 (One Hundred),2025-2026,11,https://online.indiannursingcouncil.org/Reports/YearlyReportByState.aspx,2026-09-11T11:38:03.183948
8,Psg College Of Nursing,"Psg College Of Nursing, Avinashi Road, Peelamedu, Vill.- Sowripalayam, Tehsil- Soolur, Distt.- Coimbatore, Tamilnadu, Pin Code- 641028",Psg And Sons Charities,Coimbatore,Tamilnadu,Private,M. Sc (N),30 (Thirty) 6 In Each Speciality,2025-2026,11,https://online.indiannursingcouncil.org/Reports/YearlyReportByState.aspx,2026-09-11T11:38:03.183948
9,R V S School Of Nursing,"R V S School Of Nursing, 242-B, Trichy Road, Vill.- Sulur, Tehsil- Soolur, Distt.- Coimbatore, Tamilnadu, Pin Code- 641402",R V S Educational Trsut,Coimbatore,Tamilnadu,Private,GNM,25 (Twenty Five),2025-2026,11,https://online.indiannursingcouncil.org/Reports/YearlyReportByState.aspx,2026-09-11T11:38:03.183948
9,R V S School Of Nursing,"R V S School Of Nursing, 242-B, Trichy Road, Vill.- Sulur, Tehsil- Soolur, Distt.- Coimbatore, Tamilnadu, Pin Code- 641402",R V S Educational Trsut,Coimbatore,Tamilnadu,Private,B.Sc(N),50 (Fifty),2025-2026,11,https://online.indiannursingcouncil.org/Reports/YearlyReportByState.aspx,2026-09-11T11:38:03.183948
9,R V S School Of Nursing,"R V S School Of Nursing, 242-B, Trichy Road, Vill.- Sulur, Tehsil- Soolur, Distt.- Coimbatore, Tamilnadu, Pin Code- 641402",R V S Educational Trsut,Coimbatore,Tamilnadu,Private,M. Sc (N),"16 (Sixteen) Med-Surg-4, Obg-4, Paed-4, Chn-4",2025-2026,11,https://online.indiannursingcouncil.org/Reports/YearlyReportByState.aspx,2026-09-11T11:38:03.183948
10,Rajalakshmi College Of Nursing,"Rajalakshmi College Of Nursing, No:1, Thandalam Rajalakshmi Nagar, Chennai, Distt.- Kancheepuram, Tamilnadu, Pin Code- 602105",Lady Parvatham Trust,Kancheepuram,Tamilnadu,Private,B.Sc(N),50 (Fifty),2025-2026,11,https://online.indiannursingcouncil.org/Reports/YearlyReportByState.aspx,2026-09-11T11:38:03.183948
11,Rajapalayam Nurses Traning Institute,"Rajapalayam Nurses Traning Institute, James Hospital Premises, Near Anna Statue, Calachel., Nagercoil, Distt.- Kanyakumari, Tamilnadu, Pin Code- 629251",James Memorial Charitable Trust,Kanyakumari,Tamilnadu,Private,GNM,20 (Twenty),2025-2026,11,https://online.indiannursingcouncil.org/Reports/YearlyReportByState.aspx,2026-09-11T11:38:03.183948
12,Rass Academy College Of Nursing,"Rass Academy College Of Nursing,, Pappan Valasai Pirivu, Poovanthi, Sivagangai , Distt.- Sivaganga, Tamilnadu, Pin Code- 630611",Rass Trust,Sivaganga,Tamilnadu,Private,B.Sc(N),60 (Sixty),2025-2026,11,https://online.indiannursingcouncil.org/Reports/YearlyReportByState.aspx,2026-09-11T11:38:03.183948
12,Rass Academy College Of Nursing,"Rass Academy College Of Nursing,, Pappan Valasai Pirivu, Poovanthi, Sivagangai , Distt.- Sivaganga, Tamilnadu, Pin Code- 630611",Rass Trust,Sivaganga,Tamilnadu,Private,M. Sc (N),25 (Twenty Five),2025-2026,11,https://online.indiannursingcouncil.org/Reports/YearlyReportByState.aspx,2026-09-11T11:38:03.183948
12,Rass Academy College Of Nursing,"Rass Academy College Of Nursing,, Pappan Valasai Pirivu, Poovanthi, Sivagangai , Distt.- Sivaganga, Tamilnadu, Pin Code- 630611",Rass Trust,Sivaganga,Tamilnadu,Private,P B B.Sc(N),40 (Forty),2025-2026,11,https://online.indiannursingcouncil.org/Reports/YearlyReportByState.aspx,2026-09-11T11:38:03.183948
13,Rathinaam College Of Nursing,"Rathinaam College Of Nursing, 1/308/5, Thiruchuli Road, Kulasekaranallur, Aruppukottai, Distt.- Virudhunagar, Tamilnadu, Pin Code- 626105",Jeeva Rathinam Educational Trust,Virudhunagar,Tamilnadu,Private,B.Sc(N),60 (Sixty),2025-2026,11,https://online.indiannursingcouncil.org/Reports/YearlyReportByState.aspx,2026-09-11T11:38:03.183948
14,Revathi College Of Nursing,"Revathi College Of Nursing, 2/718-1 To 2/718-4, Velayuthampalayam Post, Vill.- Poolakattupalayam, Tehsil- Avinashi, Distt.- Tiruppur, Tamilnadu, Pin Code- 641654",Revathi Charity Trust,Tiruppur,Tamilnadu,Private,B.Sc(N),100 (One Hundred),2025-2026,11,https://online.indiannursingcouncil.org/Reports/YearlyReportByState.aspx,2026-09-11T11:38:03.183948
14,Revathi College Of Nursing,"Revathi College Of Nursing, 2/718-1 To 2/718-4, Velayuthampalayam Post, Vill.- Poolakattupalayam, Tehsil- Avinashi, Distt.- Tiruppur, Tamilnadu, Pin Code- 641654",Revathi Charity Trust,Tiruppur,Tamilnadu,Private,M. Sc (N),20 (Twenty) 04 Each Subject,2025-2026,11,https://online.indiannursingcouncil.org/Reports/YearlyReportByState.aspx,2026-09-11T11:38:03.183948
15,Right School Of Nursing,"Right School Of Nursing, 1/5 Chettiyar Agaram Road, Vanagaram, Vill.- Sivabootham, Tehsil- Poonamallee, Distt.- Thiruvallur, Tamilnadu, Pin Code- 600095",Shree Abirami Educational Trust,Thiruvallur,Tamilnadu,Private,GNM,20 (Twenty),2025-2026,11,https://online.indiannursingcouncil.org/Reports/YearlyReportByState.aspx,2026-09-11T11:38:03.183948
15,Right School Of Nursing,"Right School Of Nursing, 1/5 Chettiyar Agaram Road, Vanagaram, Vill.- Sivabootham, Tehsil- Poonamallee, Distt.- Thiruvallur, Tamilnadu, Pin Code- 600095",Shree Abirami Educational Trust,Thiruvallur,Tamilnadu,Private,B.Sc(N),50 (Fifty),2025-2026,11,https://online.indiannursingcouncil.org/Reports/YearlyReportByState.aspx,2026-09-11T11:38:03.183948
16,Royal Care Institute Of Nursing,"Royal Care Institute Of Nursing , Neelambur , Coimbatore , Distt.- Coimbatore, Tamilnadu, Pin Code- 641062",Royalcare Trust,Coimbatore,Tamilnadu,Private,B.Sc(N),50 (Fifty),2025-2026,11,https://online.indiannursingcouncil.org/Reports/YearlyReportByState.aspx,2026-09-11T11:38:03.183948
16,Royal Care Institute Of Nursing,"Royal Care Institute Of Nursing , Neelambur , Coimbatore , Distt.- Coimbatore, Tamilnadu, Pin Code- 641062",Royalcare Trust,Coimbatore,Tamilnadu,Private,GNM,40 (Forty),2025-2026,11,https://online.indiannursingcouncil.org/Reports/YearlyReportByState.aspx,2026-09-11T11:38:03.183948
17,Rvs College Of Nursing,"Rvs College Of Nursing , Kumaran Kottam Campus, Kannampalayam,, Coimbatore, Distt.- Coimbatore, Tamilnadu, Pin Code- 641402",Rvs Medical Trust,Coimbatore,Tamilnadu,Private,B.Sc(N),60 (Sixty),2025-2026,11,https://online.indiannursingcouncil.org/Reports/YearlyReportByState.aspx,2026-09-11T11:38:03.183948
18,S A H School Of Nursing,"S A H School Of Nursing, 145/5B, Jeyaraj Road, Tuticorin, Distt.- Thoothukudi, Tamilnadu, Pin Code- 628002",Dr. Aruls Health And Educational Foundation,Thoothukudi,Tamilnadu,Private,GNM,20 (Twenty),2025-2026,11,https://online.indiannursingcouncil.org/Reports/YearlyReportByState.aspx,2026-09-11T11:38:03.183948
1,S N S College Of Nursing,"S N S College Of Nursing, Sns Kalvi Nagar, Sathy Road, Saravanampatti Po, Vill.- Saravanampatti, Tehsil- Sarcarsamakulam, Distt.- Coimbatore, Tamilnadu, Pin Code- 641035",Sri S N S Charitable Trust,Coimbatore,Tamilnadu,Private,B.Sc(N),60 (Sixty),2025-2026,12,https://online.indiannursingcouncil.org/Reports/YearlyReportByState.aspx,2026-09-11T11:38:10.339805
2,S P C Institute Of Nursing Education And Research,"S P C Institute Of Nursing Education And Research, Sf. No. 79/1-80/10D Harur Main Road Achankuttapatty Vill Po, Vill.- Achankuttapatty, Tehsil- Salem, Distt.- Salem, Tamilnadu, Pin Code- 636122",S P C Educational Trust,Salem,Tamilnadu,Private,B.Sc(N),50 (Fifty),2025-2026,12,https://online.indiannursingcouncil.org/Reports/YearlyReportByState.aspx,2026-09-11T11:38:10.339805
2,S P C Institute Of Nursing Education And Research,"S P C Institute Of Nursing Education And Research, Sf. No. 79/1-80/10D Harur Main Road Achankuttapatty Vill Po, Vill.- Achankuttapatty, Tehsil- Salem, Distt.- Salem, Tamilnadu, Pin Code- 636122",S P C Educational Trust,Salem,Tamilnadu,Private,M. Sc (N),10 (Ten) Obg-05 Paed-05,2025-2026,12,https://online.indiannursingcouncil.org/Reports/YearlyReportByState.aspx,2026-09-11T11:38:10.339805
3,S R M School Of Nursing,"S R M School Of Nursing , Srm Nagar, Kancheepuram , Distt.- Kancheepuram, Tamilnadu, Pin Code- 603203",S R M Institute Of Science And Technology,Kancheepuram,Tamilnadu,Private,GNM,20 (Twenty),2025-2026,12,https://online.indiannursingcouncil.org/Reports/YearlyReportByState.aspx,2026-09-11T11:38:10.339805
3,S R M School Of Nursing,"S R M School Of Nursing , Srm Nagar, Kancheepuram , Distt.- Kancheepuram, Tamilnadu, Pin Code- 603203",S R M Institute Of Science And Technology,Kancheepuram,Tamilnadu,Private,M. Sc (N),25 (Twenty Five) Med Surg-5 Paed-5 Obg-5 Psy-5 Chn-5,2025-2026,12,https://online.indiannursingcouncil.org/Reports/YearlyReportByState.aspx,2026-09-11T11:38:10.339805
3,S R M School Of Nursing,"S R M School Of Nursing , Srm Nagar, Kancheepuram , Distt.- Kancheepuram, Tamilnadu, Pin Code- 603203",S R M Institute Of Science And Technology,Kancheepuram,Tamilnadu,Private,B.Sc(N),100 (One Hundred),2025-2026,12,https://online.indiannursingcouncil.org/Reports/YearlyReportByState.aspx,2026-09-11T11:38:10.339805
3,S R M School Of Nursing,"S R M School Of Nursing , Srm Nagar, Kancheepuram , Distt.- Kancheepuram, Tamilnadu, Pin Code- 603203",S R M Institute Of Science And Technology,Kancheepuram,Tamilnadu,Private,Post Basic Diploma in Operation Room Nursing,5 (Five),2025-2026,12,https://online.indiannursingcouncil.org/Reports/YearlyReportByState.aspx,2026-09-11T11:38:10.339805
3,S R M School Of Nursing,"S R M School Of Nursing , Srm Nagar, Kancheepuram , Distt.- Kancheepuram, Tamilnadu, Pin Code- 603203",S R M Institute Of Science And Technology,Kancheepuram,Tamilnadu,Private,P B B.Sc(N),30 (Thirty),2025-2026,12,https://online.indiannursingcouncil.org/Reports/YearlyReportByState.aspx,2026-09-11T11:38:10.339805
3,S R M School Of Nursing,"S R M School Of Nursing , Srm Nagar, Kancheepuram , Distt.- Kancheepuram, Tamilnadu, Pin Code- 603203",S R M Institute Of Science And Technology,Kancheepuram,Tamilnadu,Private,Post Basic Diploma in Critical care nursing,05 (Five),2025-2026,12,https://online.indiannursingcouncil.org/Reports/YearlyReportByState.aspx,2026-09-11T11:38:10.339805
3,S R M School Of Nursing,"S R M School Of Nursing , Srm Nagar, Kancheepuram , Distt.- Kancheepuram, Tamilnadu, Pin Code- 603203",S R M Institute Of Science And Technology,Kancheepuram,Tamilnadu,Private,Post Basic Diploma in Emergency &amp; Disaster Nursing,05 (Five),2025-2026,12,https://online.indiannursingcouncil.org/Reports/YearlyReportByState.aspx,2026-09-11T11:38:10.339805
3,S R M School Of Nursing,"S R M School Of Nursing , Srm Nagar, Kancheepuram , Distt.- Kancheepuram, Tamilnadu, Pin Code- 603203",S R M Institute Of Science And Technology,Kancheepuram,Tamilnadu,Private,NURSE PRACTITIONER IN CRITICAL CARE(NPCC),10 (Ten),2025-2026,12,https://online.indiannursingcouncil.org/Reports/YearlyReportByState.aspx,2026-09-11T11:38:10.339805
4,S. Thangapazham College Of Nursing,"S. Thangapazham College Of Nursing, 2/280, Chinthamaniperiputhur,Athuvazhi Postsivagiri Tk.,, Vasudevanallur, Distt.- Tenkasi, Tamilnadu, Pin Code- 627760",Thiru.K.Subramania Nadar Vadivoo Ammal Educational Trust,Tenkasi,Tamilnadu,Private,B.Sc(N),60 (Sixty),2025-2026,12,https://online.indiannursingcouncil.org/Reports/YearlyReportByState.aspx,2026-09-11T11:38:10.339805
5,Sacred Heart Nursing College,"Sacred Heart Nursing College , 4/235, College Road, Thasildhar Nagar, Madurai, Distt.- Madurai, Tamilnadu, Pin Code- 625020",Ultra Trust,Madurai,Tamilnadu,Private,B.Sc(N),60 (Sixty),2025-2026,12,https://online.indiannursingcouncil.org/Reports/YearlyReportByState.aspx,2026-09-11T11:38:10.339805
5,Sacred Heart Nursing College,"Sacred Heart Nursing College , 4/235, College Road, Thasildhar Nagar, Madurai, Distt.- Madurai, Tamilnadu, Pin Code- 625020",Ultra Trust,Madurai,Tamilnadu,Private,M. Sc (N),"30 (Thirty) Med-Surg-10, Paed-6, Psy-4, Chn-5, Obg-5",2025-2026,12,https://online.indiannursingcouncil.org/Reports/YearlyReportByState.aspx,2026-09-11T11:38:10.339805
5,Sacred Heart Nursing College,"Sacred Heart Nursing College , 4/235, College Road, Thasildhar Nagar, Madurai, Distt.- Madurai, Tamilnadu, Pin Code- 625020",Ultra Trust,Madurai,Tamilnadu,Private,P B B.Sc(N),20 (Twenty),2025-2026,12,https://online.indiannursingcouncil.org/Reports/YearlyReportByState.aspx,2026-09-11T11:38:10.339805
5,Sacred Heart Nursing College,"Sacred Heart Nursing College , 4/235, College Road, Thasildhar Nagar, Madurai, Distt.- Madurai, Tamilnadu, Pin Code- 625020",Ultra Trust,Madurai,Tamilnadu,Private,GNM,50 (Fifty),2025-2026,12,https://online.indiannursingcouncil.org/Reports/YearlyReportByState.aspx,2026-09-11T11:38:10.339805
6,Sacred Heart School Of Nursing,"Sacred Heart School Of Nursing, A.Vellodu,, Vill.- Pudupatti, Tehsil- Athoor, Distt.- Dindigul, Tamilnadu, Pin Code- 624307","Society Of The Sisters Of The Sacred Heart Of Jesus,Vellore",Dindigul,Tamilnadu,Private,ANM,40 (Forty),2025-2026,12,https://online.indiannursingcouncil.org/Reports/YearlyReportByState.aspx,2026-09-11T11:38:10.339805
6,Sacred Heart School Of Nursing,"Sacred Heart School Of Nursing, A.Vellodu,, Vill.- Pudupatti, Tehsil- Athoor, Distt.- Dindigul, Tamilnadu, Pin Code- 624307","Society Of The Sisters Of The Sacred Heart Of Jesus,Vellore",Dindigul,Tamilnadu,Private,B.Sc(N),50 (Fifty),2025-2026,12,https://online.indiannursingcouncil.org/Reports/YearlyReportByState.aspx,2026-09-11T11:38:10.339805
7,Sagayamatha A.N.M Training School,"Sagayamatha A.N.M Training School, Sagayamatha Hospital,, Vill.- Pullambadi, Tehsil- Lalgudi, Distt.- Tiruchirappalli, Tamilnadu, Pin Code- 621711",Sagayamatha Health Educational Social Service Society,Tiruchirappalli,Tamilnadu,Private,ANM,30 (Thirty),2025-2026,12,https://online.indiannursingcouncil.org/Reports/YearlyReportByState.aspx,2026-09-11T11:38:10.339805
8,Sai Institute Of Nursing Education,"Sai Institute Of Nursing Education, Velanthavalam Road,Veerapanur,Coimbatore ,Pichanoor,Coimbatore, Coimbatore, Distt.- Coimbatore, Tamilnadu, Pin Code- 641105",Vailankanni Charitable Trust,Coimbatore,Tamilnadu,Private,B.Sc(N),60 (Sixty),2025-2026,12,https://online.indiannursingcouncil.org/Reports/YearlyReportByState.aspx,2026-09-11T11:38:10.339805
9,Sai Sakthi College Of Nursing,"Sai Sakthi College Of Nursing, Mahespuram, Dindigul West, Oddanchatram - 624619, Dindigul, Distt.- Dindigul, Tamilnadu, Pin Code- 624619",Guruguhan Health And Educational Trust,Dindigul,Tamilnadu,Private,B.Sc(N),60 (Sixty),2025-2026,12,https://online.indiannursingcouncil.org/Reports/YearlyReportByState.aspx,2026-09-11T11:38:10.339805
10,Sakthi School Of Nursing,"Sakthi School Of Nursing,, Sakthi Hospital, Thiruvalluver Road,, Vill.- Palakkanuthu , Tehsil- Oddanchatram, Distt.- Dindigul, Tamilnadu, Pin Code- 624619",Sowdamman Charitable Trust,Dindigul,Tamilnadu,Private,GNM,50 (Fifty),2025-2026,12,https://online.indiannursingcouncil.org/Reports/YearlyReportByState.aspx,2026-09-11T11:38:10.339805
11,Sandaravadhanam School Of Nursing,"Sandaravadhanam School Of Nursing , Pazhanchanallur-Post, Pazhanchanallur, Distt.- Cuddalore, Tamilnadu, Pin Code- 608301",M R K Memorial Educational Trust,Cuddalore,Tamilnadu,Private,GNM,40 (Forty),2025-2026,12,https://online.indiannursingcouncil.org/Reports/YearlyReportByState.aspx,2026-09-11T11:38:10.339805
12,Sara School Of Nursing,"Sara School Of Nursing, Palani Main Road, Manakkadavu,, Dharapuram, Distt.- Tirupur, Tamilnadu, Pin Code- 638673",Tamilnadu Muslim Women Education And Welfare Association,Tirupur,Tamilnadu,Private,GNM,20 (Twenty),2025-2026,12,https://online.indiannursingcouncil.org/Reports/YearlyReportByState.aspx,2026-09-11T11:38:10.339805
12,Sara School Of Nursing,"Sara School Of Nursing, Palani Main Road, Manakkadavu,, Dharapuram, Distt.- Tirupur, Tamilnadu, Pin Code- 638673",Tamilnadu Muslim Women Education And Welfare Association,Tirupur,Tamilnadu,Private,B.Sc(N),50 (Fifty),2025-2026,12,https://online.indiannursingcouncil.org/Reports/YearlyReportByState.aspx,2026-09-11T11:38:10.339805
13,Sathyabama College Of Nursing,"Sathyabama College Of Nursing, Jeppiaar Nagar, Rajiv Gandhi Salai, Chennai 600119, Chennai, Distt.- Kancheepuram, Tamilnadu, Pin Code- 600119",Sathyabama Institute Of Science And Technology Trust,Kancheepuram,Tamilnadu,Private,B.Sc(N),100 (One Hundred),2025-2026,12,https://online.indiannursingcouncil.org/Reports/YearlyReportByState.aspx,2026-09-11T11:38:10.339805
14,Saveetha College Of Nursing,"Saveetha College Of Nursing, Saveetha Nagar, Thandalam, Chennai, Distt.- Kancheepuram, Tamilnadu, Pin Code- 602105",Saveetha Institute Of Medical And Technical Sciences,Kancheepuram,Tamilnadu,Private,Ph. D,04 (Four),2025-2026,12,https://online.indiannursingcouncil.org/Reports/YearlyReportByState.aspx,2026-09-11T11:38:10.339805
15,Saveetha Dental College And Hospital,"Saveetha Dental College And Hospital, College Of Nursing, Saveetha University, Saveetha Nagar, Thandalam, Chennai , Distt.- Kancheepuram, Tamilnadu, Pin Code- 602105",Saveetha Institute Of Medical And Technical Sciences - Saveetha University,Kancheepuram,Tamilnadu,Private,M. Sc (N),"30 (Thirty): Med-Surg-6; Chn-6, Obg-6, Psy-6, Paed-6",2025-2026,12,https://online.indiannursingcouncil.org/Reports/YearlyReportByState.aspx,2026-09-11T11:38:10.339805
15,Saveetha Dental College And Hospital,"Saveetha Dental College And Hospital, College Of Nursing, Saveetha University, Saveetha Nagar, Thandalam, Chennai , Distt.- Kancheepuram, Tamilnadu, Pin Code- 602105",Saveetha Institute Of Medical And Technical Sciences - Saveetha University,Kancheepuram,Tamilnadu,Private,B.Sc(N),100 (One Hundred),2025-2026,12,https://online.indiannursingcouncil.org/Reports/YearlyReportByState.aspx,2026-09-11T11:38:10.339805
15,Saveetha Dental College And Hospital,"Saveetha Dental College And Hospital, College Of Nursing, Saveetha University, Saveetha Nagar, Thandalam, Chennai , Distt.- Kancheepuram, Tamilnadu, Pin Code- 602105",Saveetha Institute Of Medical And Technical Sciences - Saveetha University,Kancheepuram,Tamilnadu,Private,P B B.Sc(N),50 (Ffity),2025-2026,12,https://online.indiannursingcouncil.org/Reports/YearlyReportByState.aspx,2026-09-11T11:38:10.339805
1,Saveetha Dental College And Hospital,"Saveetha Dental College And Hospital, College Of Nursing, Saveetha University, Saveetha Nagar, Thandalam, Chennai , Distt.- Kancheepuram, Tamilnadu, Pin Code- 602105",Saveetha Institute Of Medical And Technical Sciences - Saveetha University,Kancheepuram,Tamilnadu,Private,NURSE PRACTITIONER IN CRITICAL CARE(NPCC),15 (Fifteen),2025-2026,13,https://online.indiannursingcouncil.org/Reports/YearlyReportByState.aspx,2026-09-11T11:38:16.898405
2,School Of Nursing,"School Of Nursing , Govt. Head Qrts. Hospital, Trichy - Dindigul Road, Dindigul , Distt.- Dindigul, Tamilnadu, Pin Code- 624001",Government Of Tamilnadu,Dindigul,Tamilnadu,Government,GNM,50 (Fifty),2025-2026,13,https://online.indiannursingcouncil.org/Reports/YearlyReportByState.aspx,2026-09-11T11:38:16.898405
3,School Of Nursing,"School Of Nursing , K.A.P.V.Govt. Medical College, Tiruchirappalli , Distt.- Tiruchirappalli, Tamilnadu, Pin Code- 620001",Govt Of Tamilnadu,Tiruchirappalli,Tamilnadu,Government,GNM,100 (One Hundred),2025-2026,13,https://online.indiannursingcouncil.org/Reports/YearlyReportByState.aspx,2026-09-11T11:38:16.898405
4,School Of Nursing,"School Of Nursing , No41 Jail Hill Lane, Ooty-1 , Nilgiris, Distt.- Nilgiris, Tamilnadu, Pin Code- 643001",Tamilnadu,Nilgiris,Tamilnadu,Government,GNM,50 (Fifty),2025-2026,13,https://online.indiannursingcouncil.org/Reports/YearlyReportByState.aspx,2026-09-11T11:38:16.898405
5,School Of Nursing Coimbatore Medical College,"School Of Nursing Coimbatore Medical College , Peelamedu, Coimbatore, Distt.- Coimbatore, Tamilnadu, Pin Code- 641014",Govt Of Tamilnadu,Coimbatore,Tamilnadu,Government,GNM,100 (One Hundred),2025-2026,13,https://online.indiannursingcouncil.org/Reports/YearlyReportByState.aspx,2026-09-11T11:38:16.898405
6,School Of Nursing Government Kilpauk Medical College,"School Of Nursing Government Kilpauk Medical College , Govt.Kilpauk Medical College, Chennai, Distt.- Chennai, Tamilnadu, Pin Code- 600010",Govt Of Tamilnadu,Chennai,Tamilnadu,Government,GNM,100 (One Hundred),2025-2026,13,https://online.indiannursingcouncil.org/Reports/YearlyReportByState.aspx,2026-09-11T11:38:16.898405
7,School Of Nursing Institute Of Social Obstetrics And,"School Of Nursing Institute Of Social Obstetrics And , Govt. Kasturba Gandhi Hospital For Women Children, Triplicane, Chennai, Distt.- Chennai, Tamilnadu, Pin Code- 600005",Government Of Tamilnadu,Chennai,Tamilnadu,Government,GNM,50 (Fifty),2025-2026,13,https://online.indiannursingcouncil.org/Reports/YearlyReportByState.aspx,2026-09-11T11:38:16.898405
8,School Of Nursing Mayor Radhakrishnan Institute Of Paramedical Sciences,"School Of Nursing Mayor Radhakrishnan Institute Of Paramedical Sciences , Ko-Mangalam-Village,, Cuddalore, Distt.- Cuddalore, Tamilnadu, Pin Code- 606003",Mayuri Educational Trust,Cuddalore,Tamilnadu,Private,GNM,20 (Twenty),2025-2026,13,https://online.indiannursingcouncil.org/Reports/YearlyReportByState.aspx,2026-09-11T11:38:16.898405
9,School Of Nursing,"School Of Nursing, Chengalpattu Govt. Medical College Hospital, Vill.- Chengalpattu, Tehsil- Kattankulathur, Distt.- Kancheepuram, Tamilnadu, Pin Code- 60300",Govt Of Tamilnadu,Kancheepuram,Tamilnadu,Government,GNM,100 (One Hundred),2025-2026,13,https://online.indiannursingcouncil.org/Reports/YearlyReportByState.aspx,2026-09-11T11:38:16.898405
10,School Of Nursing,"School Of Nursing, Government Erode Medical College And Hospital, Erode , Distt.- Erode, Tamilnadu, Pin Code- 638053",The Institute Of Road Transport,Erode,Tamilnadu,Government,GNM,60 (Sixty),2025-2026,13,https://online.indiannursingcouncil.org/Reports/YearlyReportByState.aspx,2026-09-11T11:38:16.898405
11,School Of Nursing,"School Of Nursing, Government Mohan Kumaramangalam Medical College , 7 Hospital,, Salem , Distt.- Salem, Tamilnadu, Pin Code- 636001",Govt. Of Tamil Nadu,Salem,Tamilnadu,Government,GNM,100 (One Hundred),2025-2026,13,https://online.indiannursingcouncil.org/Reports/YearlyReportByState.aspx,2026-09-11T11:38:16.898405
12,School Of Nursing,"School Of Nursing, Govt Headquarters Hospital, Tiruppur, Distt.- Tiruppur, Tamilnadu, Pin Code- 641608",Tamilnadu,Tiruppur,Tamilnadu,Government,GNM,100 (One Hundred),2025-2026,13,https://online.indiannursingcouncil.org/Reports/YearlyReportByState.aspx,2026-09-11T11:38:16.898405
13,School Of Nursing,"School Of Nursing, Kanyakumari Govt. Medical College, Asaripallam, Nagercoil, Distt.- Kanyakumari, Tamilnadu, Pin Code- 629201",Tamil Nadu,Kanyakumari,Tamilnadu,Government,GNM,100 (One Hundred),2025-2026,13,https://online.indiannursingcouncil.org/Reports/YearlyReportByState.aspx,2026-09-11T11:38:16.898405
14,School Of Nursing,"School Of Nursing, Kanyakumari Medical Mission C.S.I. Hospital, Neyyoor, Distt.- Kanyakumari, Tamilnadu, Pin Code- 629802",The Church Of South India Trust Association,Kanyakumari,Tamilnadu,Private,GNM,40 (Forty),2025-2026,13,https://online.indiannursingcouncil.org/Reports/YearlyReportByState.aspx,2026-09-11T11:38:16.898405
14,School Of Nursing,"School Of Nursing, Kanyakumari Medical Mission C.S.I. Hospital, Neyyoor, Distt.- Kanyakumari, Tamilnadu, Pin Code- 629802",The Church Of South India Trust Association,Kanyakumari,Tamilnadu,Private,M. Sc (N),"20 (Twenty) Med Surg-4, Psy-4, Paed-4, Chn-4, Obg-4",2025-2026,13,https://online.indiannursingcouncil.org/Reports/YearlyReportByState.aspx,2026-09-11T11:38:16.898405
14,School Of Nursing,"School Of Nursing, Kanyakumari Medical Mission C.S.I. Hospital, Neyyoor, Distt.- Kanyakumari, Tamilnadu, Pin Code- 629802",The Church Of South India Trust Association,Kanyakumari,Tamilnadu,Private,B.Sc(N),100 (One Hundred),2025-2026,13,https://online.indiannursingcouncil.org/Reports/YearlyReportByState.aspx,2026-09-11T11:38:16.898405
15,School Of Nursing,"School Of Nursing, Madras Medical College, Chennai, Distt.- Chennai, Tamilnadu, Pin Code- 600003",Tamil Nadu,Chennai,Tamilnadu,Government,GNM,100 (One Hundred),2025-2026,13,https://online.indiannursingcouncil.org/Reports/YearlyReportByState.aspx,2026-09-11T11:38:16.898405
16,School Of Nursing,"School Of Nursing, Madurai Medical College, Madurai, Madurai, Distt.- Madurai, Tamilnadu, Pin Code- 625020",Govt Of Tamilnadu,Madurai,Tamilnadu,Government,GNM,100 (One Hundred),2025-2026,13,https://online.indiannursingcouncil.org/Reports/YearlyReportByState.aspx,2026-09-11T11:38:16.898405
17,School Of Nursing,"School Of Nursing, P S Medical Trust Hospital,, Puthuvilai, Thalakulam, Nagercoil, Distt.- Kanyakumari, Tamilnadu, Pin Code- 629802",P.S. Medical Trust Hospital,Kanyakumari,Tamilnadu,Private,GNM,20 (Twenty),2025-2026,13,https://online.indiannursingcouncil.org/Reports/YearlyReportByState.aspx,2026-09-11T11:38:16.898405
17,School Of Nursing,"School Of Nursing, P S Medical Trust Hospital,, Puthuvilai, Thalakulam, Nagercoil, Distt.- Kanyakumari, Tamilnadu, Pin Code- 629802",P.S. Medical Trust Hospital,Kanyakumari,Tamilnadu,Private,B.Sc(N),50 (Fifty),2025-2026,13,https://online.indiannursingcouncil.org/Reports/YearlyReportByState.aspx,2026-09-11T11:38:16.898405
17,School Of Nursing,"School Of Nursing, P S Medical Trust Hospital,, Puthuvilai, Thalakulam, Nagercoil, Distt.- Kanyakumari, Tamilnadu, Pin Code- 629802",P.S. Medical Trust Hospital,Kanyakumari,Tamilnadu,Private,P B B.Sc(N),20 (Twenty),2025-2026,13,https://online.indiannursingcouncil.org/Reports/YearlyReportByState.aspx,2026-09-11T11:38:16.898405
18,School Of Nursing,"School Of Nursing, Schieffelin Institute Of Health - Research And Leprosy Centre, Karigiri , Distt.- Vellore, Tamilnadu, Pin Code- 632106","Schieffelin Institute Of Health - Research And Leprosy Centre,",Vellore,Tamilnadu,Private,GNM,20 (Twenty),2025-2026,13,https://online.indiannursingcouncil.org/Reports/YearlyReportByState.aspx,2026-09-11T11:38:16.898405
19,School Of Nursing,"School Of Nursing, Scudder Memorial Hospital,, Ranipet, Distt.- Ranipet, Tamilnadu, Pin Code- 632401",The Church Of South India Trust Association,Ranipet,Tamilnadu,Private,GNM,40 (Forty),2025-2026,13,https://online.indiannursingcouncil.org/Reports/YearlyReportByState.aspx,2026-09-11T11:38:16.898405
19,School Of Nursing,"School Of Nursing, Scudder Memorial Hospital,, Ranipet, Distt.- Ranipet, Tamilnadu, Pin Code- 632401",The Church Of South India Trust Association,Ranipet,Tamilnadu,Private,B.Sc(N),50 (Fifty),2025-2026,13,https://online.indiannursingcouncil.org/Reports/YearlyReportByState.aspx,2026-09-11T11:38:16.898405
19,School Of Nursing,"School Of Nursing, Scudder Memorial Hospital,, Ranipet, Distt.- Ranipet, Tamilnadu, Pin Code- 632401",The Church Of South India Trust Association,Ranipet,Tamilnadu,Private,P B B.Sc(N),20 (Twenty),2025-2026,13,https://online.indiannursingcouncil.org/Reports/YearlyReportByState.aspx,2026-09-11T11:38:16.898405
20,School Of Nursing,"School Of Nursing, Stanley Medical College, Old Jail Road, Mint, Chennai, Distt.- Chennai, Tamilnadu, Pin Code- 600001",Govt Of Tamilnadu,Chennai,Tamilnadu,Government,GNM,100 (One Hundred),2025-2026,13,https://online.indiannursingcouncil.org/Reports/YearlyReportByState.aspx,2026-09-11T11:38:16.898405
21,School Of Nursing,"School Of Nursing, T N Christian Revival Mission Org, 14, Venkatesapuram,, Perambalur, Distt.- Perambalur, Tamilnadu, Pin Code- 621212",T N Christian Revival Mission Org,Perambalur,Tamilnadu,Private,GNM,20 (Twenty),2025-2026,13,https://online.indiannursingcouncil.org/Reports/YearlyReportByState.aspx,2026-09-11T11:38:16.898405
22,School Of Nursing,"School Of Nursing, Tirunelveli Medical College, Tirunelveli , Distt.- Tirunelveli, Tamilnadu, Pin Code- 627011",Government Of Tamil Nadu,Tirunelveli,Tamilnadu,Government,GNM,100 (One Hundred),2025-2026,13,https://online.indiannursingcouncil.org/Reports/YearlyReportByState.aspx,2026-09-11T11:38:16.898405
23,School Of Nursing,"School Of Nursing,, Govt. Headquarters Hospital,, Nagapattinam, Distt.- Nagapattinam, Tamilnadu, Pin Code- 611001",Tamilnadu,Nagapattinam,Tamilnadu,Government,GNM,100 (One Hundred),2025-2026,13,https://online.indiannursingcouncil.org/Reports/YearlyReportByState.aspx,2026-09-11T11:38:16.898405
24,Seethalakshmi School Of Nursing,"Seethalakshmi School Of Nursing , 98,Mill Road Gobichettipalayam, Erode, Distt.- Erode, Tamilnadu, Pin Code- 638476",Seethalakshmi Medical Relief Trus,Erode,Tamilnadu,Private,GNM,20 (Twenty),2025-2026,13,https://online.indiannursingcouncil.org/Reports/YearlyReportByState.aspx,2026-09-11T11:38:16.898405
1,Servite College Of Nursing,"Servite College Of Nursing, Edamalaipatty Via, Trichy, Distt.- Tiruchirappalli, Tamilnadu, Pin Code- 620012",The Society Of Congregation Of Mother Of Sorrowsserva,Tiruchirappalli,Tamilnadu,Private,B.Sc(N),50 (Fifty),2025-2026,14,https://online.indiannursingcouncil.org/Reports/YearlyReportByState.aspx,2026-09-11T11:38:23.227156
2,Servite M P H W Female Training School,"Servite M P H W Female Training School , Holy Family Hansenorium, Fathimanagar Post, E.Pudur Via, Trichy, Distt.- Pudukkottai, Tamilnadu, Pin Code- 620012",Holy Family Hansenorium,Pudukkottai,Tamilnadu,Private,ANM,40 (Forty),2025-2026,14,https://online.indiannursingcouncil.org/Reports/YearlyReportByState.aspx,2026-09-11T11:38:23.227156
3,Shanmuga College Of Nursing,"Shanmuga College Of Nursing , No: 24, Sarada College Road, Salem , Distt.- Salem, Tamilnadu, Pin Code- 636007",Shanmuga Medical Research Foundation Trust,Salem,Tamilnadu,Private,M. Sc (N),"23(Twenty Three); Med-Surg-5, Psy-5, Paed-4, Chn-4, Obg-5",2025-2026,14,https://online.indiannursingcouncil.org/Reports/YearlyReportByState.aspx,2026-09-11T11:38:23.227156
3,Shanmuga College Of Nursing,"Shanmuga College Of Nursing , No: 24, Sarada College Road, Salem , Distt.- Salem, Tamilnadu, Pin Code- 636007",Shanmuga Medical Research Foundation Trust,Salem,Tamilnadu,Private,GNM,20 (Twenty),2025-2026,14,https://online.indiannursingcouncil.org/Reports/YearlyReportByState.aspx,2026-09-11T11:38:23.227156
3,Shanmuga College Of Nursing,"Shanmuga College Of Nursing , No: 24, Sarada College Road, Salem , Distt.- Salem, Tamilnadu, Pin Code- 636007",Shanmuga Medical Research Foundation Trust,Salem,Tamilnadu,Private,B.Sc(N),60 (Sixty),2025-2026,14,https://online.indiannursingcouncil.org/Reports/YearlyReportByState.aspx,2026-09-11T11:38:23.227156
4,Shenbagam School Of Nursing,"Shenbagam School Of Nursing , Plot No:149, Anna Nagar, Madurai , Madurai, Distt.- Madurai, Tamilnadu, Pin Code- 625020",Sironmaniammal Health And Educational Foundation,Madurai,Tamilnadu,Private,GNM,20 (Twenty),2025-2026,14,https://online.indiannursingcouncil.org/Reports/YearlyReportByState.aspx,2026-09-11T11:38:23.227156
5,Shenbagha College Of Nursing,"Shenbagha College Of Nursing , Plot No.1, Mettu Street,, Vill.- Mathiravedu, Tehsil- Poonamallee, Distt.- Thiruvallur, Tamilnadu, Pin Code- 600077",Saraswathy Medical And Educational Charitable Trust,Thiruvallur,Tamilnadu,Private,B.Sc(N),50 (Fifty),2025-2026,14,https://online.indiannursingcouncil.org/Reports/YearlyReportByState.aspx,2026-09-11T11:38:23.227156
6,Shivparvathi Mandradiar Institute Of Health Science,"Shivparvathi Mandradiar Institute Of Health Science , Nathakadaiyur(Via), Palayakottai , Distt.- Tirupur, Tamilnadu, Pin Code- 638108",Shivparvathi Mandradiar Educational Trust.,Tirupur,Tamilnadu,Private,B.Sc(N),50 (Fifty),2025-2026,14,https://online.indiannursingcouncil.org/Reports/YearlyReportByState.aspx,2026-09-11T11:38:23.227156
6,Shivparvathi Mandradiar Institute Of Health Science,"Shivparvathi Mandradiar Institute Of Health Science , Nathakadaiyur(Via), Palayakottai , Distt.- Tirupur, Tamilnadu, Pin Code- 638108",Shivparvathi Mandradiar Educational Trust.,Tirupur,Tamilnadu,Private,M. Sc (N),20 : 4 In Each Speciality,2025-2026,14,https://online.indiannursingcouncil.org/Reports/YearlyReportByState.aspx,2026-09-11T11:38:23.227156
7,Shri Bharani College Of Nursing,"Shri Bharani College Of Nursing, Opposite To Esi Hospital Quarters, Majrakollapatty, Steel Plant Road, Salem, Distt.- Salem, Tamilnadu, Pin Code- 636030",Hri Bharani Educational And Health Trust,Salem,Tamilnadu,Private,B.Sc(N),50 (Fifty),2025-2026,14,https://online.indiannursingcouncil.org/Reports/YearlyReportByState.aspx,2026-09-11T11:38:23.227156
7,Shri Bharani College Of Nursing,"Shri Bharani College Of Nursing, Opposite To Esi Hospital Quarters, Majrakollapatty, Steel Plant Road, Salem, Distt.- Salem, Tamilnadu, Pin Code- 636030",Hri Bharani Educational And Health Trust,Salem,Tamilnadu,Private,P B B.Sc(N),40 (Forty),2025-2026,14,https://online.indiannursingcouncil.org/Reports/YearlyReportByState.aspx,2026-09-11T11:38:23.227156
7,Shri Bharani College Of Nursing,"Shri Bharani College Of Nursing, Opposite To Esi Hospital Quarters, Majrakollapatty, Steel Plant Road, Salem, Distt.- Salem, Tamilnadu, Pin Code- 636030",Hri Bharani Educational And Health Trust,Salem,Tamilnadu,Private,GNM,20 (Twenty),2025-2026,14,https://online.indiannursingcouncil.org/Reports/YearlyReportByState.aspx,2026-09-11T11:38:23.227156
8,Shri Sathya Sai College Of Nursing,"Shri Sathya Sai College Of Nursing, Shri Sathya Sai Medical College Campus, Tiruporur-Guduvanchery Main Road, Ammapettai Village, Vill.- Ammapettai, Tehsil- Tiruporur, Distt.- Kancheepuram, Tamiln",Shri Balaji Vidhyapeeth,Kancheepuram,Tamilnadu,Private,B.Sc(N),100 (One Hundred),2025-2026,14,https://online.indiannursingcouncil.org/Reports/YearlyReportByState.aspx,2026-09-11T11:38:23.227156
9,Sivakumar School Of Nursing,"Sivakumar School Of Nursing,, Odiyathur Road, Pallikonda Via, Vill.- Vettuvanam, Tehsil- Anaicut, Distt.- Vellore, Tamilnadu, Pin Code- 635809",Keerthana Educational And Social Service Trust,Vellore,Tamilnadu,Private,GNM,20 (Twenty),2025-2026,14,https://online.indiannursingcouncil.org/Reports/YearlyReportByState.aspx,2026-09-11T11:38:23.227156
10,Sooriya School Of Nursing,"Sooriya School Of Nursing,, No. 26, Kaveri Stree, Sali Gramam,, Vill.- Mambalam, Tehsil- Mambalam, Distt.- Chennai, Tamilnadu, Pin Code- 600093",Sooriya Educational Foundation,Chennai,Tamilnadu,Private,GNM,20 (Twenty),2025-2026,14,https://online.indiannursingcouncil.org/Reports/YearlyReportByState.aspx,2026-09-11T11:38:23.227156
11,Sree Abirami College Of Nursing,"Sree Abirami College Of Nursing , Machegoundanpalayam, Eachanari Post, Vill.- Seerapalayam, Tehsil- Madatthukulam, Distt.- Coimbatore, Tamilnadu, Pin Code- 641021",Sree Abirami Charitable Trust,Coimbatore,Tamilnadu,Private,B.Sc(N),100 (Hundred),2025-2026,14,https://online.indiannursingcouncil.org/Reports/YearlyReportByState.aspx,2026-09-11T11:38:23.227156
11,Sree Abirami College Of Nursing,"Sree Abirami College Of Nursing , Machegoundanpalayam, Eachanari Post, Vill.- Seerapalayam, Tehsil- Madatthukulam, Distt.- Coimbatore, Tamilnadu, Pin Code- 641021",Sree Abirami Charitable Trust,Coimbatore,Tamilnadu,Private,M. Sc (N),25 (Twenty Five),2025-2026,14,https://online.indiannursingcouncil.org/Reports/YearlyReportByState.aspx,2026-09-11T11:38:23.227156
11,Sree Abirami College Of Nursing,"Sree Abirami College Of Nursing , Machegoundanpalayam, Eachanari Post, Vill.- Seerapalayam, Tehsil- Madatthukulam, Distt.- Coimbatore, Tamilnadu, Pin Code- 641021",Sree Abirami Charitable Trust,Coimbatore,Tamilnadu,Private,P B B.Sc(N),40 (Forty),2025-2026,14,https://online.indiannursingcouncil.org/Reports/YearlyReportByState.aspx,2026-09-11T11:38:23.227156
11,Sree Abirami College Of Nursing,"Sree Abirami College Of Nursing , Machegoundanpalayam, Eachanari Post, Vill.- Seerapalayam, Tehsil- Madatthukulam, Distt.- Coimbatore, Tamilnadu, Pin Code- 641021",Sree Abirami Charitable Trust,Coimbatore,Tamilnadu,Private,GNM,100 (Hundred),2025-2026,14,https://online.indiannursingcouncil.org/Reports/YearlyReportByState.aspx,2026-09-11T11:38:23.227156
12,Sree Balaji College Of Nursing,"Sree Balaji College Of Nursing , 7, Works Road, Chromepet,, Chennai , Distt.- Kancheepuram, Tamilnadu, Pin Code- 600044",Bharath Institute Of Higher Education And Research,Kancheepuram,Tamilnadu,Private,B.Sc(N),100 (One Hundred),2025-2026,14,https://online.indiannursingcouncil.org/Reports/YearlyReportByState.aspx,2026-09-11T11:38:23.227156
12,Sree Balaji College Of Nursing,"Sree Balaji College Of Nursing , 7, Works Road, Chromepet,, Chennai , Distt.- Kancheepuram, Tamilnadu, Pin Code- 600044",Bharath Institute Of Higher Education And Research,Kancheepuram,Tamilnadu,Private,M. Sc (N),"25 (Twenty Five) Med-Surg-5, Paed-5, Obg-5, Psy-5, Chn-5",2025-2026,14,https://online.indiannursingcouncil.org/Reports/YearlyReportByState.aspx,2026-09-11T11:38:23.227156
12,Sree Balaji College Of Nursing,"Sree Balaji College Of Nursing , 7, Works Road, Chromepet,, Chennai , Distt.- Kancheepuram, Tamilnadu, Pin Code- 600044",Bharath Institute Of Higher Education And Research,Kancheepuram,Tamilnadu,Private,P B B.Sc(N),15 (Fifteen),2025-2026,14,https://online.indiannursingcouncil.org/Reports/YearlyReportByState.aspx,2026-09-11T11:38:23.227156
12,Sree Balaji College Of Nursing,"Sree Balaji College Of Nursing , 7, Works Road, Chromepet,, Chennai , Distt.- Kancheepuram, Tamilnadu, Pin Code- 600044",Bharath Institute Of Higher Education And Research,Kancheepuram,Tamilnadu,Private,NURSE PRACTITIONER IN CRITICAL CARE(NPCC),10 (Ten),2025-2026,14,https://online.indiannursingcouncil.org/Reports/YearlyReportByState.aspx,2026-09-11T11:38:23.227156
13,Sree Mookambika School Of Nursing,"Sree Mookambika School Of Nursing , V.P.M. Hospital Complex, Padanilam,, Kulasekharam, Distt.- Kanyakumari, Tamilnadu, Pin Code- 629161",Padanilam Welfare Trust,Kanyakumari,Tamilnadu,Private,GNM,20 (Twenty),2025-2026,14,https://online.indiannursingcouncil.org/Reports/YearlyReportByState.aspx,2026-09-11T11:38:23.227156
13,Sree Mookambika School Of Nursing,"Sree Mookambika School Of Nursing , V.P.M. Hospital Complex, Padanilam,, Kulasekharam, Distt.- Kanyakumari, Tamilnadu, Pin Code- 629161",Padanilam Welfare Trust,Kanyakumari,Tamilnadu,Private,B.Sc(N),100 (One Hundred),2025-2026,14,https://online.indiannursingcouncil.org/Reports/YearlyReportByState.aspx,2026-09-11T11:38:23.227156
13,Sree Mookambika School Of Nursing,"Sree Mookambika School Of Nursing , V.P.M. Hospital Complex, Padanilam,, Kulasekharam, Distt.- Kanyakumari, Tamilnadu, Pin Code- 629161",Padanilam Welfare Trust,Kanyakumari,Tamilnadu,Private,M. Sc (N),"20 (Twenty) Obg-5,Paed-6, Medg Surg-5, Chn-2, Psy-2",2025-2026,14,https://online.indiannursingcouncil.org/Reports/YearlyReportByState.aspx,2026-09-11T11:38:23.227156
13,Sree Mookambika School Of Nursing,"Sree Mookambika School Of Nursing , V.P.M. Hospital Complex, Padanilam,, Kulasekharam, Distt.- Kanyakumari, Tamilnadu, Pin Code- 629161",Padanilam Welfare Trust,Kanyakumari,Tamilnadu,Private,P B B.Sc(N),30 (Thirty),2025-2026,14,https://online.indiannursingcouncil.org/Reports/YearlyReportByState.aspx,2026-09-11T11:38:23.227156
14,Sree Ramakrishna College Of Nursing,"Sree Ramakrishna College Of Nursing, College Road, Koodaithooki,, Vill.- Aruvikarai, Tehsil- Thiruvattar, Distt.- Kanyakumari, Tamilnadu, Pin Code- 629161",Sree Ramakrishna Educational And Charitable Trust,Kanyakumari,Tamilnadu,Private,B.Sc(N),50 (Fifty),2025-2026,14,https://online.indiannursingcouncil.org/Reports/YearlyReportByState.aspx,2026-09-11T11:38:23.227156
15,Sree Sastha College Of Nursing,"Sree Sastha College Of Nursing, Chennai-Bangalore Highway, Chembarambakkam, Chennai, Distt.- Thiruvallur, Tamilnadu, Pin Code- 600123",Am Kanniappa Mudaliar And Amk Jambulinga Mudaliar Educational Trust,Thiruvallur,Tamilnadu,Private,B.Sc(N),40 (Forty),2025-2026,14,https://online.indiannursingcouncil.org/Reports/YearlyReportByState.aspx,2026-09-11T11:38:23.227156
16,Sri Amman College Of Nursing,"Sri Amman College Of Nursing, Pothavur, Inampuliyur Post, Srirangam Taluk, Trichy, Trichy, Distt.- Tiruchirappalli, Tamilnadu, Pin Code- 639103",Sri Amman Educational And Charitable Trust,Tiruchirappalli,Tamilnadu,Private,B.Sc(N),50 (Fifty),2025-2026,14,https://online.indiannursingcouncil.org/Reports/YearlyReportByState.aspx,2026-09-11T11:38:23.227156
1,Sri Aurobindo School Of Nursing,"Sri Aurobindo School Of Nursing, Sf.No: 462/1, Aurobindo Nagar, Tnpl Road, Punnamchatram, Karur, Distt.- Karur, Tamilnadu, Pin Code- 639136","Annai Sri Aurobindo Educational Trust, Karur",Karur,Tamilnadu,Private,GNM,20 (Twenty),2025-2026,15,https://online.indiannursingcouncil.org/Reports/YearlyReportByState.aspx,2026-09-11T11:38:29.385623
1,Sri Aurobindo School Of Nursing,"Sri Aurobindo School Of Nursing, Sf.No: 462/1, Aurobindo Nagar, Tnpl Road, Punnamchatram, Karur, Distt.- Karur, Tamilnadu, Pin Code- 639136","Annai Sri Aurobindo Educational Trust, Karur",Karur,Tamilnadu,Private,B.Sc(N),50 (Fifty),2025-2026,15,https://online.indiannursingcouncil.org/Reports/YearlyReportByState.aspx,2026-09-11T11:38:29.385623
1,Sri Aurobindo School Of Nursing,"Sri Aurobindo School Of Nursing, Sf.No: 462/1, Aurobindo Nagar, Tnpl Road, Punnamchatram, Karur, Distt.- Karur, Tamilnadu, Pin Code- 639136","Annai Sri Aurobindo Educational Trust, Karur",Karur,Tamilnadu,Private,M. Sc (N),"10 Med-Surg-3, Obg-3 Psy-4",2025-2026,15,https://online.indiannursingcouncil.org/Reports/YearlyReportByState.aspx,2026-09-11T11:38:29.385623
1,Sri Aurobindo School Of Nursing,"Sri Aurobindo School Of Nursing, Sf.No: 462/1, Aurobindo Nagar, Tnpl Road, Punnamchatram, Karur, Distt.- Karur, Tamilnadu, Pin Code- 639136","Annai Sri Aurobindo Educational Trust, Karur",Karur,Tamilnadu,Private,P B B.Sc(N),40 (Forty),2025-2026,15,https://online.indiannursingcouncil.org/Reports/YearlyReportByState.aspx,2026-09-11T11:38:29.385623
2,Sri Balaji College Of Nursing,"Sri Balaji College Of Nursing, 309/5, Knowledge Temple Campus, Shri Ramachandra Nagar, Vill.- Cheranmahadevi, Tehsil- Cheranmahadevi, Distt.- Tirunelveli, Tamilnadu, Pin Code- 627414",Muthu Memorial Educational Trust,Tirunelveli,Tamilnadu,Private,B.Sc(N),50 (Fifty),2025-2026,15,https://online.indiannursingcouncil.org/Reports/YearlyReportByState.aspx,2026-09-11T11:38:29.385623
3,Sri Devi College Of Nursing,"Sri Devi College Of Nursing, Krishna Puram, Vill.- Krishnapuram, Tehsil- Minjur, Distt.- Thiruvallur, Tamilnadu, Pin Code- 621204",Sridevi Educational And Charitable Trust,Thiruvallur,Tamilnadu,Private,B.Sc(N),50 (Fifty),2025-2026,15,https://online.indiannursingcouncil.org/Reports/YearlyReportByState.aspx,2026-09-11T11:38:29.385623
4,Sri Gokulam School Of Nursing,"Sri Gokulam School Of Nursing , 3/836, Periyakalam, Neikarapatti, Vill.- Salem , Tehsil- Salem, Distt.- Salem, Tamilnadu, Pin Code- 636010",Sri Gokulam Trust,Salem,Tamilnadu,Private,GNM,40 (Forty),2025-2026,15,https://online.indiannursingcouncil.org/Reports/YearlyReportByState.aspx,2026-09-11T11:38:29.385623
4,Sri Gokulam School Of Nursing,"Sri Gokulam School Of Nursing , 3/836, Periyakalam, Neikarapatti, Vill.- Salem , Tehsil- Salem, Distt.- Salem, Tamilnadu, Pin Code- 636010",Sri Gokulam Trust,Salem,Tamilnadu,Private,B.Sc(N),60 (Sixty),2025-2026,15,https://online.indiannursingcouncil.org/Reports/YearlyReportByState.aspx,2026-09-11T11:38:29.385623
4,Sri Gokulam School Of Nursing,"Sri Gokulam School Of Nursing , 3/836, Periyakalam, Neikarapatti, Vill.- Salem , Tehsil- Salem, Distt.- Salem, Tamilnadu, Pin Code- 636010",Sri Gokulam Trust,Salem,Tamilnadu,Private,M. Sc (N),"35; Med-Surg-9, Obg-7, Paed-7, Psy-7, Chn-5",2025-2026,15,https://online.indiannursingcouncil.org/Reports/YearlyReportByState.aspx,2026-09-11T11:38:29.385623
5,Sri Jeya School Of Nursing,"Sri Jeya School Of Nursing , Sri Jeya Hospital, No. 4, Mugunthan Nagar,, Tirupattur, Distt.- Vellore, Tamilnadu, Pin Code- 635601",Sri Jeya Hospital Trust,Vellore,Tamilnadu,Private,GNM,40 (Forty),2025-2026,15,https://online.indiannursingcouncil.org/Reports/YearlyReportByState.aspx,2026-09-11T11:38:29.385623
6,Sri K Ramachandran Naidu College Of Nursing,"Sri K Ramachandran Naidu College Of Nursing,, P B No. 1, K R Naidu Nagar, Karivalamvantha Nallur (Via), Vill.- Paruvakudi, Tehsil- Sankarankovil, Distt.- Tirunelveli, Tamilnadu, Pin Code- 627753",K Ramachandra Naidu Telvau Minorities Edu And Cha,Tirunelveli,Tamilnadu,Private,M. Sc (N),"20 (Twenty) Med-Surg-4, Paed-4, Chn-4, Psy-4, Obg-4",2025-2026,15,https://online.indiannursingcouncil.org/Reports/YearlyReportByState.aspx,2026-09-11T11:38:29.385623
6,Sri K Ramachandran Naidu College Of Nursing,"Sri K Ramachandran Naidu College Of Nursing,, P B No. 1, K R Naidu Nagar, Karivalamvantha Nallur (Via), Vill.- Paruvakudi, Tehsil- Sankarankovil, Distt.- Tirunelveli, Tamilnadu, Pin Code- 627753",K Ramachandra Naidu Telvau Minorities Edu And Cha,Tirunelveli,Tamilnadu,Private,P B B.Sc(N),30 (Thirty),2025-2026,15,https://online.indiannursingcouncil.org/Reports/YearlyReportByState.aspx,2026-09-11T11:38:29.385623
6,Sri K Ramachandran Naidu College Of Nursing,"Sri K Ramachandran Naidu College Of Nursing,, P B No. 1, K R Naidu Nagar, Karivalamvantha Nallur (Via), Vill.- Paruvakudi, Tehsil- Sankarankovil, Distt.- Tirunelveli, Tamilnadu, Pin Code- 627753",K Ramachandra Naidu Telvau Minorities Edu And Cha,Tirunelveli,Tamilnadu,Private,ANM,60 (Sixty),2025-2026,15,https://online.indiannursingcouncil.org/Reports/YearlyReportByState.aspx,2026-09-11T11:38:29.385623
6,Sri K Ramachandran Naidu College Of Nursing,"Sri K Ramachandran Naidu College Of Nursing,, P B No. 1, K R Naidu Nagar, Karivalamvantha Nallur (Via), Vill.- Paruvakudi, Tehsil- Sankarankovil, Distt.- Tirunelveli, Tamilnadu, Pin Code- 627753",K Ramachandra Naidu Telvau Minorities Edu And Cha,Tirunelveli,Tamilnadu,Private,GNM,50 (Fifty),2025-2026,15,https://online.indiannursingcouncil.org/Reports/YearlyReportByState.aspx,2026-09-11T11:38:29.385623
6,Sri K Ramachandran Naidu College Of Nursing,"Sri K Ramachandran Naidu College Of Nursing,, P B No. 1, K R Naidu Nagar, Karivalamvantha Nallur (Via), Vill.- Paruvakudi, Tehsil- Sankarankovil, Distt.- Tirunelveli, Tamilnadu, Pin Code- 627753",K Ramachandra Naidu Telvau Minorities Edu And Cha,Tirunelveli,Tamilnadu,Private,B.Sc(N),60 (Sixty),2025-2026,15,https://online.indiannursingcouncil.org/Reports/YearlyReportByState.aspx,2026-09-11T11:38:29.385623
7,Sri Krishana Institute Of Nursing Education And Research,"Sri Krishana Institute Of Nursing Education And Research, 123 &Amp; 124, Kangeyanur Village, Pannapatty Po, Omalur, Salem, Distt.- Salem, Tamilnadu, Pin Code- 636305",Uma Raja Ganesh Educational Charitable Trust,Salem,Tamilnadu,Private,B.Sc(N),50 (Fifty),2025-2026,15,https://online.indiannursingcouncil.org/Reports/YearlyReportByState.aspx,2026-09-11T11:38:29.385623
8,Sri Lakshmi College Of Nursing,"Sri Lakshmi College Of Nursing, Sf. No 32,Mettupalyam Road,Behind Indian Bank,Thudiyalur, Coimbatore, Distt.- Coimbatore, Tamilnadu, Pin Code- 641034",Lakshmi Duraiswamy Charitable Trust,Coimbatore,Tamilnadu,Private,B.Sc(N),40 (Forty),2025-2026,15,https://online.indiannursingcouncil.org/Reports/YearlyReportByState.aspx,2026-09-11T11:38:29.385623
9,Sri Narayani School Of Nursing,"Sri Narayani School Of Nursing, Thirumalaikodi, Sripuram, Vill.- Sekkanoor, Tehsil- Vellore, Distt.- Vellore, Tamilnadu, Pin Code- 632055",Sri Sakthi Amma Health Care Trust,Vellore,Tamilnadu,Private,GNM,40 (Forty),2025-2026,15,https://online.indiannursingcouncil.org/Reports/YearlyReportByState.aspx,2026-09-11T11:38:29.385623
9,Sri Narayani School Of Nursing,"Sri Narayani School Of Nursing, Thirumalaikodi, Sripuram, Vill.- Sekkanoor, Tehsil- Vellore, Distt.- Vellore, Tamilnadu, Pin Code- 632055",Sri Sakthi Amma Health Care Trust,Vellore,Tamilnadu,Private,M. Sc (N),20 (Twenty) 4 In Each Speciality,2025-2026,15,https://online.indiannursingcouncil.org/Reports/YearlyReportByState.aspx,2026-09-11T11:38:29.385623
9,Sri Narayani School Of Nursing,"Sri Narayani School Of Nursing, Thirumalaikodi, Sripuram, Vill.- Sekkanoor, Tehsil- Vellore, Distt.- Vellore, Tamilnadu, Pin Code- 632055",Sri Sakthi Amma Health Care Trust,Vellore,Tamilnadu,Private,B.Sc(N),100 (One Hundred),2025-2026,15,https://online.indiannursingcouncil.org/Reports/YearlyReportByState.aspx,2026-09-11T11:38:29.385623
9,Sri Narayani School Of Nursing,"Sri Narayani School Of Nursing, Thirumalaikodi, Sripuram, Vill.- Sekkanoor, Tehsil- Vellore, Distt.- Vellore, Tamilnadu, Pin Code- 632055",Sri Sakthi Amma Health Care Trust,Vellore,Tamilnadu,Private,P B B.Sc(N),20 (Twenty),2025-2026,15,https://online.indiannursingcouncil.org/Reports/YearlyReportByState.aspx,2026-09-11T11:38:29.385623
10,Sri Ramachandra Institute Of Higher Education And Research,"Sri Ramachandra Institute Of Higher Education And Research, No. 1, Ramachandra Nagar, Porur, Chennai, Chennai, Distt.- Chennai, Tamilnadu, Pin Code- 600116",Sri Ramachandra Institute Of Higher Education And Research Trust,Chennai,Tamilnadu,Private,Ph. D,04 (Four),2025-2026,15,https://online.indiannursingcouncil.org/Reports/YearlyReportByState.aspx,2026-09-11T11:38:29.385623
10,Sri Ramachandra Institute Of Higher Education And Research,"Sri Ramachandra Institute Of Higher Education And Research, No. 1, Ramachandra Nagar, Porur, Chennai, Chennai, Distt.- Chennai, Tamilnadu, Pin Code- 600116",Sri Ramachandra Institute Of Higher Education And Research Trust,Chennai,Tamilnadu,Private,B.Sc(N),100 (One Hundred),2025-2026,15,https://online.indiannursingcouncil.org/Reports/YearlyReportByState.aspx,2026-09-11T11:38:29.385623
10,Sri Ramachandra Institute Of Higher Education And Research,"Sri Ramachandra Institute Of Higher Education And Research, No. 1, Ramachandra Nagar, Porur, Chennai, Chennai, Distt.- Chennai, Tamilnadu, Pin Code- 600116",Sri Ramachandra Institute Of Higher Education And Research Trust,Chennai,Tamilnadu,Private,M. Sc (N),30 (Thirty) 6 In Each Speciality,2025-2026,15,https://online.indiannursingcouncil.org/Reports/YearlyReportByState.aspx,2026-09-11T11:38:29.385623
10,Sri Ramachandra Institute Of Higher Education And Research,"Sri Ramachandra Institute Of Higher Education And Research, No. 1, Ramachandra Nagar, Porur, Chennai, Chennai, Distt.- Chennai, Tamilnadu, Pin Code- 600116",Sri Ramachandra Institute Of Higher Education And Research Trust,Chennai,Tamilnadu,Private,P B B.Sc(N),20 (Twenty),2025-2026,15,https://online.indiannursingcouncil.org/Reports/YearlyReportByState.aspx,2026-09-11T11:38:29.385623
10,Sri Ramachandra Institute Of Higher Education And Research,"Sri Ramachandra Institute Of Higher Education And Research, No. 1, Ramachandra Nagar, Porur, Chennai, Chennai, Distt.- Chennai, Tamilnadu, Pin Code- 600116",Sri Ramachandra Institute Of Higher Education And Research Trust,Chennai,Tamilnadu,Private,NURSE PRACTITIONER IN CRITICAL CARE(NPCC),10 (Ten),2025-2026,15,https://online.indiannursingcouncil.org/Reports/YearlyReportByState.aspx,2026-09-11T11:38:29.385623
11,Sri Rangapoopathi College Of Paramedical Science,"Sri Rangapoopathi College Of Paramedical Science, Alampoondi Postgingee Talukvillupuram District - 604151, Gingee, Distt.- Villuppuram, Tamilnadu, Pin Code- 604151",Sri Rangapoopathi Educational Charitable Trust,Villuppuram,Tamilnadu,Private,ANM,30 (Thirty),2025-2026,15,https://online.indiannursingcouncil.org/Reports/YearlyReportByState.aspx,2026-09-11T11:38:29.385623
11,Sri Rangapoopathi College Of Paramedical Science,"Sri Rangapoopathi College Of Paramedical Science, Alampoondi Postgingee Talukvillupuram District - 604151, Gingee, Distt.- Villuppuram, Tamilnadu, Pin Code- 604151",Sri Rangapoopathi Educational Charitable Trust,Villuppuram,Tamilnadu,Private,GNM,40 (Forty),2025-2026,15,https://online.indiannursingcouncil.org/Reports/YearlyReportByState.aspx,2026-09-11T11:38:29.385623
12,Sri Sai Sindhu College Of Nursing,"Sri Sai Sindhu College Of Nursing, Gobi-Tiruppur Road,Kolappalur Village And Town Panchayat, Gobichettipalayam ,Taluk,Erode District, Tamilnadu -638456 , Gobichettipalayam, Distt.- Erode, Tamilnadu",Sri Sai Sindu Foundation,Erode,Tamilnadu,Private,B.Sc(N),60 (Sixty),2025-2026,15,https://online.indiannursingcouncil.org/Reports/YearlyReportByState.aspx,2026-09-11T11:38:29.385623
1,Sri Shanmugha College Of Nursing For Women,"Sri Shanmugha College Of Nursing For Women , Pullipalayam,Morur Po,Sankari Tk Salem District,Tamilnadu, Sankari, Distt.- Salem, Tamilnadu, Pin Code- 637304",Sri Shanmugha Educational Charitable Trust,Salem,Tamilnadu,Private,B.Sc(N),100 (One Hundred),2025-2026,16,https://online.indiannursingcouncil.org/Reports/YearlyReportByState.aspx,2026-09-11T11:38:36.633803
2,Sri Venkateswaraa Nursing College,"Sri Venkateswaraa Nursing College , No 51 Gnt Road, Near Redhills Toll Plaza , Nallur Village , Chennai, Distt.- Thiruvallur, Tamilnadu, Pin Code- 600067",A.R.R Trust,Thiruvallur,Tamilnadu,Private,B.Sc(N),100 (One Hundred),2025-2026,16,https://online.indiannursingcouncil.org/Reports/YearlyReportByState.aspx,2026-09-11T11:38:36.633803
3,Sri Vijay Vidyalaya College Of Nursing And Research,"Sri Vijay Vidyalaya College Of Nursing And Research, Kandhikuppam Village, Krishnagiri, Distt.- Krishnagiri, Tamilnadu, Pin Code- 635108",Sri Vijay Educational Trust,Krishnagiri,Tamilnadu,Private,B.Sc(N),60 (Sixty),2025-2026,16,https://online.indiannursingcouncil.org/Reports/YearlyReportByState.aspx,2026-09-11T11:38:36.633803
4,Srinivasan College Of Nursing,"Srinivasan College Of Nursing, Nh 45, Trichy Chennai Highway, Siruvachur, Perambalur, Distt.- Perambalur, Tamilnadu, Pin Code- 621113",Srinivasan Charitable And Educational Trust,Perambalur,Tamilnadu,Private,B.Sc(N),100 (One Hundred),2025-2026,16,https://online.indiannursingcouncil.org/Reports/YearlyReportByState.aspx,2026-09-11T11:38:36.633803
5,Srinivasan Nursing College,"Srinivasan Nursing College, Aranarai (South) Village, Thuraiyur Road, Perambalur, Distt.- Perambalur, Tamilnadu, Pin Code- 621212",Srinivasan Health And Educational Trust,Perambalur,Tamilnadu,Private,B.Sc(N),100 (One Hundred),2025-2026,16,https://online.indiannursingcouncil.org/Reports/YearlyReportByState.aspx,2026-09-11T11:38:36.633803
6,St Antony's School Of Nursing,"St Antony's School Of Nursing, Amanattantheri, Enayam, Distt.- Kanyakumari, Tamilnadu, Pin Code- 629193",The R. C. Diocese Of Kottar,Kanyakumari,Tamilnadu,Private,GNM,20 (Twenty),2025-2026,16,https://online.indiannursingcouncil.org/Reports/YearlyReportByState.aspx,2026-09-11T11:38:36.633803
7,St John's College Of Nursing,"St John's College Of Nursing , No.5,St.Johns Nagar,Oorkkadu Road,Veeravanallur-627426, Tirunelveli Dist, Veeravanallur, Distt.- Tirunelveli, Tamilnadu, Pin Code- 627426",St.Johnseducational Trust,Tirunelveli,Tamilnadu,Private,B.Sc(N),60 (Sixty),2025-2026,16,https://online.indiannursingcouncil.org/Reports/YearlyReportByState.aspx,2026-09-11T11:38:36.633803
8,St John's School Of Nursing,"St John's School Of Nursing,, Vellore -Arni Highway Nh 234, Dharmavaram Road, Nelvoy Pennathur, Vill.- Nelvoy, Tehsil- Kaniyambadi, Distt.- Vellore, Tamilnadu, Pin Code- 632011",S K Education Trust,Vellore,Tamilnadu,Private,GNM,20 (Twenty),2025-2026,16,https://online.indiannursingcouncil.org/Reports/YearlyReportByState.aspx,2026-09-11T11:38:36.633803
9,St Mariam College Of Nursing,"St Mariam College Of Nursing, Tirunelveli-Tenkasi Road,, Vill.- Pudur, Tehsil- Manur, Distt.- Tirunelveli, Tamilnadu, Pin Code- 627851",Amminikutty Educational And Charitable Trust,Tirunelveli,Tamilnadu,Private,B.Sc(N),60 (Sixty),2025-2026,16,https://online.indiannursingcouncil.org/Reports/YearlyReportByState.aspx,2026-09-11T11:38:36.633803
10,St Xavier School Of Nursing,"St Xavier School Of Nursing, Needamangalam Main Road, Sakkottai Post, Kumbakonam, Distt.- Thanjavur, Tamilnadu, Pin Code- 612401",Savariyar Educational Trust,Thanjavur,Tamilnadu,Private,GNM,20 (Twenty),2025-2026,16,https://online.indiannursingcouncil.org/Reports/YearlyReportByState.aspx,2026-09-11T11:38:36.633803
10,St Xavier School Of Nursing,"St Xavier School Of Nursing, Needamangalam Main Road, Sakkottai Post, Kumbakonam, Distt.- Thanjavur, Tamilnadu, Pin Code- 612401",Savariyar Educational Trust,Thanjavur,Tamilnadu,Private,B.Sc(N),100 (One Hundred),2025-2026,16,https://online.indiannursingcouncil.org/Reports/YearlyReportByState.aspx,2026-09-11T11:38:36.633803
11,St Xavier's Catholic College Of Nursing,"St Xavier's Catholic College Of Nursing, Chunkankadai, Aloor, Nagercoil, Distt.- Kanyakumari, Tamilnadu, Pin Code- 629003",The R C Ciocese Of Kottar,Kanyakumari,Tamilnadu,Private,B.Sc(N),100 (One Hundred),2025-2026,16,https://online.indiannursingcouncil.org/Reports/YearlyReportByState.aspx,2026-09-11T11:38:36.633803
11,St Xavier's Catholic College Of Nursing,"St Xavier's Catholic College Of Nursing, Chunkankadai, Aloor, Nagercoil, Distt.- Kanyakumari, Tamilnadu, Pin Code- 629003",The R C Ciocese Of Kottar,Kanyakumari,Tamilnadu,Private,M. Sc (N),25 (Twenty Five),2025-2026,16,https://online.indiannursingcouncil.org/Reports/YearlyReportByState.aspx,2026-09-11T11:38:36.633803
11,St Xavier's Catholic College Of Nursing,"St Xavier's Catholic College Of Nursing, Chunkankadai, Aloor, Nagercoil, Distt.- Kanyakumari, Tamilnadu, Pin Code- 629003",The R C Ciocese Of Kottar,Kanyakumari,Tamilnadu,Private,P B B.Sc(N),40 (Forty),2025-2026,16,https://online.indiannursingcouncil.org/Reports/YearlyReportByState.aspx,2026-09-11T11:38:36.633803
12,St. Jude's Nursing College,"St. Jude's Nursing College, 16-184-1, Annai Nagar, Tholayavattam, Kanyakumari , Karungal, Distt.- Kanyakumari, Tamilnadu, Pin Code- 629157",Cpm Educational Trust,Kanyakumari,Tamilnadu,Private,B.Sc(N),50 (Fifty),2025-2026,16,https://online.indiannursingcouncil.org/Reports/YearlyReportByState.aspx,2026-09-11T11:38:36.633803
13,St. Peter's Nursing School/College And Research Institute,"St. Peter's Nursing School/College And Research Institute, Sf.No.502/1, Chennathur Village, Opp To Ii Sipcot, Hosur, Distt.- Krishnagiri, Tamilnadu, Pin Code- 635130",St. Peter's Institute Of Higher Education &Amp; Research Trust,Krishnagiri,Tamilnadu,Private,GNM,20 (Twenty),2025-2026,16,https://online.indiannursingcouncil.org/Reports/YearlyReportByState.aspx,2026-09-11T11:38:36.633803
13,St. Peter's Nursing School/College And Research Institute,"St. Peter's Nursing School/College And Research Institute, Sf.No.502/1, Chennathur Village, Opp To Ii Sipcot, Hosur, Distt.- Krishnagiri, Tamilnadu, Pin Code- 635130",St. Peter's Institute Of Higher Education &Amp; Research Trust,Krishnagiri,Tamilnadu,Private,B.Sc(N),100 (One Hundred),2025-2026,16,https://online.indiannursingcouncil.org/Reports/YearlyReportByState.aspx,2026-09-11T11:38:36.633803
14,St.Benedict's School Of Nursing For Women,"St.Benedict's School Of Nursing For Women , Post Box No.2, Vengikkal Post, Adaiyur, Tiruvannamalai , Distt.- Tiruvannamalai, Tamilnadu, Pin Code- 606604",Hospitality For The Needy Society,Tiruvannamalai,Tamilnadu,Private,GNM,20 (Twenty),2025-2026,16,https://online.indiannursingcouncil.org/Reports/YearlyReportByState.aspx,2026-09-11T11:38:36.633803
15,St.Bonnie White College Of Nursing,"St.Bonnie White College Of Nursing , Vai Thathanoor, Poovanur(Po), Paruthikadu , Salem , Distt.- Salem, Tamilnadu, Pin Code- 636122",Indian Christian Mission Centre,Salem,Tamilnadu,Private,B.Sc(N),50 (Fifty),2025-2026,16,https://online.indiannursingcouncil.org/Reports/YearlyReportByState.aspx,2026-09-11T11:38:36.633803
16,St.Mary's Hospital & Institute Of Biomedical Technology,"St.Mary's Hospital & Institute Of Biomedical Technology, Mettukudisai Village,Arni Tk,Tiruvannamalai.Dtpin Code -632315, Arni, Distt.- Tiruvannamalai, Tamilnadu, Pin Code- 632315",Dr.A.J.Memorial Educational Trust,Tiruvannamalai,Tamilnadu,Private,GNM,20 (Twenty),2025-2026,16,https://online.indiannursingcouncil.org/Reports/YearlyReportByState.aspx,2026-09-11T11:38:36.633803
17,St.Mary's Insitute Of Nursing,"St.Mary's Insitute Of Nursing, Madurai Main Road,Chinthamani, Puliangudi,Kadayanallur Taluk, Tenkasi District, Puliangudi, Distt.- Tenkasi, Tamilnadu, Pin Code- 627855",Thangammal Memorial Social Welfare Trust,Tenkasi,Tamilnadu,Private,B.Sc(N),60 (Sixty),2025-2026,16,https://online.indiannursingcouncil.org/Reports/YearlyReportByState.aspx,2026-09-11T11:38:36.633803
18,St.Marys School Of Nursing,"St.Marys School Of Nursing , St.Marys Hospital Campus, Church Road, Podanur, Distt.- Coimbatore, Tamilnadu, Pin Code- 641023",Franciscan Sisters Of The Presentation Of The Blessed Virgin Mary,Coimbatore,Tamilnadu,Private,GNM,20 (Twenty),2025-2026,16,https://online.indiannursingcouncil.org/Reports/YearlyReportByState.aspx,2026-09-11T11:38:36.633803
19,St.Marys School Of Nursing,"St.Marys School Of Nursing, Kuthukkalvalasai Tenkasi , Tenkasi , Distt.- Tenkasi, Tamilnadu, Pin Code- 627803",St.Marys Educational Service Society,Tenkasi,Tamilnadu,Private,GNM,35 (Thirty Five),2025-2026,16,https://online.indiannursingcouncil.org/Reports/YearlyReportByState.aspx,2026-09-11T11:38:36.633803
20,St.Theresa Of Child Jesus School Of Nursing,"St.Theresa Of Child Jesus School Of Nursing , St.Thomas Hospital, St.Thomas Mount, Chennai, Distt.- Kancheepuram, Tamilnadu, Pin Code- 600016",Franciscan Sisters Of St.Joseph,Kancheepuram,Tamilnadu,Private,GNM,20 (Twenty),2025-2026,16,https://online.indiannursingcouncil.org/Reports/YearlyReportByState.aspx,2026-09-11T11:38:36.633803
21,Surabi School Of Nursing,"Surabi School Of Nursing , Periyamallanam Patty, Pappanam Patty(Po), Dindigul , Distt.- Dindigul, Tamilnadu, Pin Code- 624622",Surabi Educational And Charitable Trust,Dindigul,Tamilnadu,Private,GNM,50 (Fifty),2025-2026,16,https://online.indiannursingcouncil.org/Reports/YearlyReportByState.aspx,2026-09-11T11:38:36.633803
22,Suran College Of Nursing,"Suran College Of Nursing,, Chattrapattai-Vanniyampattai Rd, Near Mottamalai, Vill.- Pillayar Kulam Villlage, Tehsil- Srivilliputur, Distt.- Virudhunagar, Tamilnadu, Pin Code- 626137",Pimasugan Educational Trust,Virudhunagar,Tamilnadu,Private,B.Sc(N),50 (Fifty),2025-2026,16,https://online.indiannursingcouncil.org/Reports/YearlyReportByState.aspx,2026-09-11T11:38:36.633803
23,Swami Vivekananda College Of Nursing,"Swami Vivekananda College Of Nursing, Sri Ramakrishna Nagar, A. Jettihalli Post,, Dharmapuri, Distt.- Dharmapuri, Tamilnadu, Pin Code- 636807",Sri Ramakrishna Vivekananda Educational And Charitable Trust,Dharmapuri,Tamilnadu,Private,B.Sc(N),40 (Forty),2025-2026,16,https://online.indiannursingcouncil.org/Reports/YearlyReportByState.aspx,2026-09-11T11:38:36.633803
23,Swami Vivekananda College Of Nursing,"Swami Vivekananda College Of Nursing, Sri Ramakrishna Nagar, A. Jettihalli Post,, Dharmapuri, Distt.- Dharmapuri, Tamilnadu, Pin Code- 636807",Sri Ramakrishna Vivekananda Educational And Charitable Trust,Dharmapuri,Tamilnadu,Private,GNM,40 (Forty),2025-2026,16,https://online.indiannursingcouncil.org/Reports/YearlyReportByState.aspx,2026-09-11T11:38:36.633803
23,Swami Vivekananda College Of Nursing,"Swami Vivekananda College Of Nursing, Sri Ramakrishna Nagar, A. Jettihalli Post,, Dharmapuri, Distt.- Dharmapuri, Tamilnadu, Pin Code- 636807",Sri Ramakrishna Vivekananda Educational And Charitable Trust,Dharmapuri,Tamilnadu,Private,M. Sc (N),25 (Twenty Five),2025-2026,16,https://online.indiannursingcouncil.org/Reports/YearlyReportByState.aspx,2026-09-11T11:38:36.633803
23,Swami Vivekananda College Of Nursing,"Swami Vivekananda College Of Nursing, Sri Ramakrishna Nagar, A. Jettihalli Post,, Dharmapuri, Distt.- Dharmapuri, Tamilnadu, Pin Code- 636807",Sri Ramakrishna Vivekananda Educational And Charitable Trust,Dharmapuri,Tamilnadu,Private,P B B.Sc(N),30 (Thirty),2025-2026,16,https://online.indiannursingcouncil.org/Reports/YearlyReportByState.aspx,2026-09-11T11:38:36.633803
1,Syed Ammal School Of Nursing Women,"Syed Ammal School Of Nursing Women, Dr.E.M.Abdullah Campuslanthai, Ramanathapuram, Distt.- Ramanathapuram, Tamilnadu, Pin Code- 623502",Syed Ammal Trust,Ramanathapuram,Tamilnadu,Private,GNM,40 (Forty),2025-2026,17,https://online.indiannursingcouncil.org/Reports/YearlyReportByState.aspx,2026-09-11T11:38:43.008965
2,Tagore College Of Nursing,"Tagore College Of Nursing, Salem – Chennai Highwaydeviyakurichi, Atturtk, Attur, Distt.- Salem, Tamilnadu, Pin Code- 636112",Southern Educational Rural Development Society,Salem,Tamilnadu,Private,B.Sc(N),60 (Sixty),2025-2026,17,https://online.indiannursingcouncil.org/Reports/YearlyReportByState.aspx,2026-09-11T11:38:43.008965
3,Tagore College Of Nursing,"Tagore College Of Nursing, Tagore Medical College Hospital, Rathinamangalam, Melakkottaiyur, Post Chennai, Vill.- Rathinamangalam, Tehsil- Chengalpattu, Distt.- Chengalpattu, Tamilnadu, Pin Cod",Tagore Educational Trust,Chengalpattu,Tamilnadu,Private,B.Sc(N),100 (One Hundred),2025-2026,17,https://online.indiannursingcouncil.org/Reports/YearlyReportByState.aspx,2026-09-11T11:38:43.008965
4,Texcity School Of Nursing,"Texcity School Of Nursing, Texcity Campus Podanur Main Road, Coimbatore, Distt.- Coimbatore, Tamilnadu, Pin Code- 641023",Texcity Medical And Educational Trust,Coimbatore,Tamilnadu,Private,GNM,20 (Twenty),2025-2026,17,https://online.indiannursingcouncil.org/Reports/YearlyReportByState.aspx,2026-09-11T11:38:43.008965
4,Texcity School Of Nursing,"Texcity School Of Nursing, Texcity Campus Podanur Main Road, Coimbatore, Distt.- Coimbatore, Tamilnadu, Pin Code- 641023",Texcity Medical And Educational Trust,Coimbatore,Tamilnadu,Private,M. Sc (N),12 (Twelve) Med-Surg-3 Psy-3 Paed-3 Obg-3,2025-2026,17,https://online.indiannursingcouncil.org/Reports/YearlyReportByState.aspx,2026-09-11T11:38:43.008965
4,Texcity School Of Nursing,"Texcity School Of Nursing, Texcity Campus Podanur Main Road, Coimbatore, Distt.- Coimbatore, Tamilnadu, Pin Code- 641023",Texcity Medical And Educational Trust,Coimbatore,Tamilnadu,Private,B.Sc(N),50 (Fifty),2025-2026,17,https://online.indiannursingcouncil.org/Reports/YearlyReportByState.aspx,2026-09-11T11:38:43.008965
5,Thanthai Roever College Of Nursing,"Thanthai Roever College Of Nursing , Roever Campus, Perambalur, Distt.- Perambalur, Tamilnadu, Pin Code- 621212",St John Sangam Trust,Perambalur,Tamilnadu,Private,B.Sc(N),50 (Fifty),2025-2026,17,https://online.indiannursingcouncil.org/Reports/YearlyReportByState.aspx,2026-09-11T11:38:43.008965
5,Thanthai Roever College Of Nursing,"Thanthai Roever College Of Nursing , Roever Campus, Perambalur, Distt.- Perambalur, Tamilnadu, Pin Code- 621212",St John Sangam Trust,Perambalur,Tamilnadu,Private,M. Sc (N),"20 ; Med-Surg-10, Chn-5, Paed-5",2025-2026,17,https://online.indiannursingcouncil.org/Reports/YearlyReportByState.aspx,2026-09-11T11:38:43.008965
5,Thanthai Roever College Of Nursing,"Thanthai Roever College Of Nursing , Roever Campus, Perambalur, Distt.- Perambalur, Tamilnadu, Pin Code- 621212",St John Sangam Trust,Perambalur,Tamilnadu,Private,GNM,20 (Twenty),2025-2026,17,https://online.indiannursingcouncil.org/Reports/YearlyReportByState.aspx,2026-09-11T11:38:43.008965
6,Tharamangalam Sengunthar College Of Nursing,"Tharamangalam Sengunthar College Of Nursing, Omalur Main Road, Tharamangalam - Post, Omalur - Tk, Salem - Dt., Salem, Distt.- Salem, Tamilnadu, Pin Code- 636502",The Sengunthar Education Board,Salem,Tamilnadu,Private,B.Sc(N),60 (Sixty),2025-2026,17,https://online.indiannursingcouncil.org/Reports/YearlyReportByState.aspx,2026-09-11T11:38:43.008965
7,Thasiah College Of Nursing,"Thasiah College Of Nursing, Vellivilagam, Viricode-Po,, Vill.- Unnamalaikadai, Tehsil- Killiyoor, Distt.- Kanyakumari, Tamilnadu, Pin Code- 629165",Chellakan Memorial Educational And Charitabletrust,Kanyakumari,Tamilnadu,Private,B.Sc(N),60 (Sixty),2025-2026,17,https://online.indiannursingcouncil.org/Reports/YearlyReportByState.aspx,2026-09-11T11:38:43.008965
7,Thasiah College Of Nursing,"Thasiah College Of Nursing, Vellivilagam, Viricode-Po,, Vill.- Unnamalaikadai, Tehsil- Killiyoor, Distt.- Kanyakumari, Tamilnadu, Pin Code- 629165",Chellakan Memorial Educational And Charitabletrust,Kanyakumari,Tamilnadu,Private,M. Sc (N),25 (Twenty Five) 5 In Each Speciality,2025-2026,17,https://online.indiannursingcouncil.org/Reports/YearlyReportByState.aspx,2026-09-11T11:38:43.008965
8,The Gandhigram Institute Of Rural Health Famil Welfare Trust,"The Gandhigram Institute Of Rural Health Famil Welfare Trust, Ambathurai R S, Soundram Nagar, P O - Gandhigram, Dindigul, Distt.- Dindigul, Tamilnadu, Pin Code- 624302",The Gandhigram Institute Of Rural Health And Family Welfare Trust,Dindigul,Tamilnadu,Private,ANM Promotional,30 (Thirty),2025-2026,17,https://online.indiannursingcouncil.org/Reports/YearlyReportByState.aspx,2026-09-11T11:38:43.008965
9,The Salvation Army - Catherine Booth School Of Nursing,"The Salvation Army - Catherine Booth School Of Nursing , Vadasery, Nagercoil, Distt.- Kanyakumari, Tamilnadu, Pin Code- 629001",The Salvation Arm,Kanyakumari,Tamilnadu,Private,GNM,25 (Twenty Five),2025-2026,17,https://online.indiannursingcouncil.org/Reports/YearlyReportByState.aspx,2026-09-11T11:38:43.008965
9,The Salvation Army - Catherine Booth School Of Nursing,"The Salvation Army - Catherine Booth School Of Nursing , Vadasery, Nagercoil, Distt.- Kanyakumari, Tamilnadu, Pin Code- 629001",The Salvation Arm,Kanyakumari,Tamilnadu,Private,B.Sc(N),50 (Fifty),2025-2026,17,https://online.indiannursingcouncil.org/Reports/YearlyReportByState.aspx,2026-09-11T11:38:43.008965
10,Thiravium College Of Nursing,"Thiravium College Of Nursing, Mount Jerusalem, Periyakulam Road, Kailasapatty, Vill.- Kailasapatty, Tehsil- Periyakulam, Distt.- Theni, Tamilnadu, Pin Code- 626505",Trinity Trust,Theni,Tamilnadu,Private,B.Sc(N),60 (Sixty),2025-2026,17,https://online.indiannursingcouncil.org/Reports/YearlyReportByState.aspx,2026-09-11T11:38:43.008965
11,Thirumalai Srinivasa Para Medical Institution,"Thirumalai Srinivasa Para Medical Institution, 96 Athur Road, Perambalur Road, Vill.- Kizhakkuvadi, Tehsil- Thuraiyur, Distt.- Tiruchirappalli, Tamilnadu, Pin Code- 621010",Chellammal Trust,Tiruchirappalli,Tamilnadu,Private,GNM,20 (Twenty),2025-2026,17,https://online.indiannursingcouncil.org/Reports/YearlyReportByState.aspx,2026-09-11T11:38:43.008965
12,United College Of Nursing,"United College Of Nursing, G.Koundampalayam , Periyanaickenpalayam, Coimbatore, Coimbatore, Distt.- Coimbatore, Tamilnadu, Pin Code- 641020",Uit Educational Trust,Coimbatore,Tamilnadu,Private,B.Sc(N),60 (Sixty),2025-2026,17,https://online.indiannursingcouncil.org/Reports/YearlyReportByState.aspx,2026-09-11T11:38:43.008965
13,V G School Of Nursing,"V G School Of Nursing, (A Unit Of V G Hospital), No 76A, Mettupalayam Road, Thudiyalur Post, Coimbatore, Distt.- Coimbatore, Tamilnadu, Pin Code- 641034",A V L S Trust,Coimbatore,Tamilnadu,Private,GNM,20 (Twenty),2025-2026,17,https://online.indiannursingcouncil.org/Reports/YearlyReportByState.aspx,2026-09-11T11:38:43.008965
14,V P M M College Of Nursing,"V P M M College Of Nursing, V P M Nagar, Krishnankoil, Srivilliputhur, Distt.- Virudhunagar, Tamilnadu, Pin Code- 626190",V.P.Muthiahpillai Meenakshi Ammal Trust,Virudhunagar,Tamilnadu,Private,B.Sc(N),50 (Fifty),2025-2026,17,https://online.indiannursingcouncil.org/Reports/YearlyReportByState.aspx,2026-09-11T11:38:43.008965
15,V.H.S.-M.A.Chidambaram School Of Nursing,"V.H.S.-M.A.Chidambaram School Of Nursing, V.H.S., T.T.T.I Post Taramani, Chennai , Distt.- Chennai, Tamilnadu, Pin Code- 600113",M.A.C. Educational Foundation,Chennai,Tamilnadu,Private,GNM,20 (Twenty),2025-2026,17,https://online.indiannursingcouncil.org/Reports/YearlyReportByState.aspx,2026-09-11T11:38:43.008965
15,V.H.S.-M.A.Chidambaram School Of Nursing,"V.H.S.-M.A.Chidambaram School Of Nursing, V.H.S., T.T.T.I Post Taramani, Chennai , Distt.- Chennai, Tamilnadu, Pin Code- 600113",M.A.C. Educational Foundation,Chennai,Tamilnadu,Private,B.Sc(N),60 (Sixty),2025-2026,17,https://online.indiannursingcouncil.org/Reports/YearlyReportByState.aspx,2026-09-11T11:38:43.008965
15,V.H.S.-M.A.Chidambaram School Of Nursing,"V.H.S.-M.A.Chidambaram School Of Nursing, V.H.S., T.T.T.I Post Taramani, Chennai , Distt.- Chennai, Tamilnadu, Pin Code- 600113",M.A.C. Educational Foundation,Chennai,Tamilnadu,Private,M. Sc (N),"18 (Eighteen) Chn-5, Med-Surg-5, Obg-4, Ped-4",2025-2026,17,https://online.indiannursingcouncil.org/Reports/YearlyReportByState.aspx,2026-09-11T11:38:43.008965
16,V.V.Vanniaperumal Nursing College For Women,"V.V.Vanniaperumal Nursing College For Women, Virudhunagar, 369/2, Chatrarediapatti Village, Madurai Road, Virudhunagar , Virudhunagar, Distt.- Virudhunagar, Tamilnadu, Pin Code- 626001",V.V.Vanniaperumal College For Women Managing Board,Virudhunagar,Tamilnadu,Private,B.Sc(N),50 (Fifty),2025-2026,17,https://online.indiannursingcouncil.org/Reports/YearlyReportByState.aspx,2026-09-11T11:38:43.008965
17,Vee Care College Of Nursing,"Vee Care College Of Nursing, 1/5,Chettiar Agaram Road, Sivabootham Village,Vanagaram, Chennai , Chennai, Distt.- Thiruvallur, Tamilnadu, Pin Code- 600095",Veeras Trust,Thiruvallur,Tamilnadu,Private,B.Sc(N),40 (Forty),2025-2026,17,https://online.indiannursingcouncil.org/Reports/YearlyReportByState.aspx,2026-09-11T11:38:43.008965
18,Vel Nursing College,"Vel Nursing College, No:12/123, Periyapalayam Road, Velan Nagar, Manjankaranai Village, Thiruvallur, Distt.- Thiruvallur, Tamilnadu, Pin Code- 601102","Vel's Institute Of Science, Technology And Advanced Studies - Vistas",Thiruvallur,Tamilnadu,Private,B.Sc(N),100 (One Hundred),2025-2026,17,https://online.indiannursingcouncil.org/Reports/YearlyReportByState.aspx,2026-09-11T11:38:43.008965
19,Velammal School Of Nursing,"Velammal School Of Nursing , Velammal Village, Madurai-Tuticorin Ring Road, Vill.- Anuppanadi, Tehsil- Madurai West, Distt.- Madurai, Tamilnadu, Pin Code- 625009",Velammal Educational Trust,Madurai,Tamilnadu,Private,GNM,50 (Fifty),2025-2026,17,https://online.indiannursingcouncil.org/Reports/YearlyReportByState.aspx,2026-09-11T11:38:43.008965
19,Velammal School Of Nursing,"Velammal School Of Nursing , Velammal Village, Madurai-Tuticorin Ring Road, Vill.- Anuppanadi, Tehsil- Madurai West, Distt.- Madurai, Tamilnadu, Pin Code- 625009",Velammal Educational Trust,Madurai,Tamilnadu,Private,B.Sc(N),100 (One Hundred),2025-2026,17,https://online.indiannursingcouncil.org/Reports/YearlyReportByState.aspx,2026-09-11T11:38:43.008965
19,Velammal School Of Nursing,"Velammal School Of Nursing , Velammal Village, Madurai-Tuticorin Ring Road, Vill.- Anuppanadi, Tehsil- Madurai West, Distt.- Madurai, Tamilnadu, Pin Code- 625009",Velammal Educational Trust,Madurai,Tamilnadu,Private,M. Sc (N),12 (Twelve) Med Surg-04 Psy-02 Obg-02 Chn-02 Paed-02,2025-2026,17,https://online.indiannursingcouncil.org/Reports/YearlyReportByState.aspx,2026-09-11T11:38:43.008965
20,Vellalar College Of Nursing,"Vellalar College Of Nursing, Maruthi Nagar Thindal , Vill.- Villarasampatti, Thindal, Tehsil- Erode, Distt.- Erode, Tamilnadu, Pin Code- 638012",Vellalar Educational Trust,Erode,Tamilnadu,Private,B.Sc(N),60 (Sixty),2025-2026,17,https://online.indiannursingcouncil.org/Reports/YearlyReportByState.aspx,2026-09-11T11:38:43.008965
1,Venkateswara Nursing College,"Venkateswara Nursing College , Off Omr, Near Navalur, Thalambur, Chennai , Distt.- Kancheepuram, Tamilnadu, Pin Code- 600130",Vel's Institute Of Science Technology And Advanced Studies Vistas,Kancheepuram,Tamilnadu,Private,B.Sc(N),60 (Sixty),2025-2026,18,https://online.indiannursingcouncil.org/Reports/YearlyReportByState.aspx,2026-09-11T11:38:48.940082
1,Venkateswara Nursing College,"Venkateswara Nursing College , Off Omr, Near Navalur, Thalambur, Chennai , Distt.- Kancheepuram, Tamilnadu, Pin Code- 600130",Vel's Institute Of Science Technology And Advanced Studies Vistas,Kancheepuram,Tamilnadu,Private,M. Sc (N),20 (Twenty) 4 In Each Speciality,2025-2026,18,https://online.indiannursingcouncil.org/Reports/YearlyReportByState.aspx,2026-09-11T11:38:48.940082
2,Venkateswara School Of Nursing,"Venkateswara School Of Nursing, Kumbakonam Chnnai Main Road, Anaikkarai (Po),, Thiruvidaimaruthur, Distt.- Thanjavur, Tamilnadu, Pin Code- 612502",Isai Velalar Educational Trust,Thanjavur,Tamilnadu,Private,GNM,20 (Twenty),2025-2026,18,https://online.indiannursingcouncil.org/Reports/YearlyReportByState.aspx,2026-09-11T11:38:48.940082
3,Vignesh Nursing College,"Vignesh Nursing College, No 131, Manalurpet Road, Kizhannaikkarai, Tiruvannamalai, Distt.- Tiruvannamalai, Tamilnadu, Pin Code- 606603",Sree Selvavinayagar Trust,Tiruvannamalai,Tamilnadu,Private,M. Sc (N),"20 (Twenty) Med-Sg-4, Psy-4, Chn-4, Paed-4, Obg-4",2025-2026,18,https://online.indiannursingcouncil.org/Reports/YearlyReportByState.aspx,2026-09-11T11:38:48.940082
3,Vignesh Nursing College,"Vignesh Nursing College, No 131, Manalurpet Road, Kizhannaikkarai, Tiruvannamalai, Distt.- Tiruvannamalai, Tamilnadu, Pin Code- 606603",Sree Selvavinayagar Trust,Tiruvannamalai,Tamilnadu,Private,B.Sc(N),60 (Sixty),2025-2026,18,https://online.indiannursingcouncil.org/Reports/YearlyReportByState.aspx,2026-09-11T11:38:48.940082
3,Vignesh Nursing College,"Vignesh Nursing College, No 131, Manalurpet Road, Kizhannaikkarai, Tiruvannamalai, Distt.- Tiruvannamalai, Tamilnadu, Pin Code- 606603",Sree Selvavinayagar Trust,Tiruvannamalai,Tamilnadu,Private,P B B.Sc(N),30 (Thirty),2025-2026,18,https://online.indiannursingcouncil.org/Reports/YearlyReportByState.aspx,2026-09-11T11:38:48.940082
4,Vikram College Of Nursing,"Vikram College Of Nursing, 3/424, Ring Road Junction Road, Sivagangai Ring Road, Madurai, Distt.- Madurai, Tamilnadu, Pin Code- 625020",Vikram Trust,Madurai,Tamilnadu,Private,B.Sc(N),60 (Sixty),2025-2026,18,https://online.indiannursingcouncil.org/Reports/YearlyReportByState.aspx,2026-09-11T11:38:48.940082
4,Vikram College Of Nursing,"Vikram College Of Nursing, 3/424, Ring Road Junction Road, Sivagangai Ring Road, Madurai, Distt.- Madurai, Tamilnadu, Pin Code- 625020",Vikram Trust,Madurai,Tamilnadu,Private,GNM,40 (Forty),2025-2026,18,https://online.indiannursingcouncil.org/Reports/YearlyReportByState.aspx,2026-09-11T11:38:48.940082
5,Vinayaka Mission's Annapoorna School Of Nursing,"Vinayaka Mission's Annapoorna School Of Nursing, Nh-47, Sankari Main Road, Chinnaseeragapadi Post, Salem, Distt.- Salem, Tamilnadu, Pin Code- 636308",Vinayaka Missions University,Salem,Tamilnadu,Private,GNM,20 (Twenty),2025-2026,18,https://online.indiannursingcouncil.org/Reports/YearlyReportByState.aspx,2026-09-11T11:38:48.940082
5,Vinayaka Mission's Annapoorna School Of Nursing,"Vinayaka Mission's Annapoorna School Of Nursing, Nh-47, Sankari Main Road, Chinnaseeragapadi Post, Salem, Distt.- Salem, Tamilnadu, Pin Code- 636308",Vinayaka Missions University,Salem,Tamilnadu,Private,B.Sc(N),100 (One Hundred),2025-2026,18,https://online.indiannursingcouncil.org/Reports/YearlyReportByState.aspx,2026-09-11T11:38:48.940082
5,Vinayaka Mission's Annapoorna School Of Nursing,"Vinayaka Mission's Annapoorna School Of Nursing, Nh-47, Sankari Main Road, Chinnaseeragapadi Post, Salem, Distt.- Salem, Tamilnadu, Pin Code- 636308",Vinayaka Missions University,Salem,Tamilnadu,Private,M. Sc (N),20 (Twenty),2025-2026,18,https://online.indiannursingcouncil.org/Reports/YearlyReportByState.aspx,2026-09-11T11:38:48.940082
6,Vinayaka School Of Nursing,"Vinayaka School Of Nursing, 44- A, Second Agraharam, Salem , Distt.- Salem, Tamilnadu, Pin Code- 636001",Thirumuruga Kirupananda Variyar Thavathiru Sundara Swamigal Medical Educational And Charitable Trust,Salem,Tamilnadu,Private,GNM,20 (Twenty),2025-2026,18,https://online.indiannursingcouncil.org/Reports/YearlyReportByState.aspx,2026-09-11T11:38:48.940082
7,Vivekanandha Anm School,"Vivekanandha Anm School, Veerachipalayam, Sankari West Post, Sankari Taluk, Sankari, Distt.- Salem, Tamilnadu, Pin Code- 637303",Rabindharanath Tagore Educational Charitable Trust,Salem,Tamilnadu,Private,ANM,20 (Twenty),2025-2026,18,https://online.indiannursingcouncil.org/Reports/YearlyReportByState.aspx,2026-09-11T11:38:48.940082
7,Vivekanandha Anm School,"Vivekanandha Anm School, Veerachipalayam, Sankari West Post, Sankari Taluk, Sankari, Distt.- Salem, Tamilnadu, Pin Code- 637303",Rabindharanath Tagore Educational Charitable Trust,Salem,Tamilnadu,Private,GNM,40 (Forty),2025-2026,18,https://online.indiannursingcouncil.org/Reports/YearlyReportByState.aspx,2026-09-11T11:38:48.940082
7,Vivekanandha Anm School,"Vivekanandha Anm School, Veerachipalayam, Sankari West Post, Sankari Taluk, Sankari, Distt.- Salem, Tamilnadu, Pin Code- 637303",Rabindharanath Tagore Educational Charitable Trust,Salem,Tamilnadu,Private,B.Sc(N),100 (One Hundred),2025-2026,18,https://online.indiannursingcouncil.org/Reports/YearlyReportByState.aspx,2026-09-11T11:38:48.940082
8,Vivekanandha School Of Anm,"Vivekanandha School Of Anm, Elayampalayam, Tiruchengode, Distt.- Namakkal, Tamilnadu, Pin Code- 637205",Angammal Educational Trust,Namakkal,Tamilnadu,Private,ANM,40 (Forty),2025-2026,18,https://online.indiannursingcouncil.org/Reports/YearlyReportByState.aspx,2026-09-11T11:38:48.940082
8,Vivekanandha School Of Anm,"Vivekanandha School Of Anm, Elayampalayam, Tiruchengode, Distt.- Namakkal, Tamilnadu, Pin Code- 637205",Angammal Educational Trust,Namakkal,Tamilnadu,Private,GNM,60 (Sixty),2025-2026,18,https://online.indiannursingcouncil.org/Reports/YearlyReportByState.aspx,2026-09-11T11:38:48.940082
8,Vivekanandha School Of Anm,"Vivekanandha School Of Anm, Elayampalayam, Tiruchengode, Distt.- Namakkal, Tamilnadu, Pin Code- 637205",Angammal Educational Trust,Namakkal,Tamilnadu,Private,M. Sc (N),"20 (Twenty) Paed-4, Chn-4, Med Surg-6, Obg-4, Psy-2",2025-2026,18,https://online.indiannursingcouncil.org/Reports/YearlyReportByState.aspx,2026-09-11T11:38:48.940082
8,Vivekanandha School Of Anm,"Vivekanandha School Of Anm, Elayampalayam, Tiruchengode, Distt.- Namakkal, Tamilnadu, Pin Code- 637205",Angammal Educational Trust,Namakkal,Tamilnadu,Private,B.Sc(N),100 (One Hundred),2025-2026,18,https://online.indiannursingcouncil.org/Reports/YearlyReportByState.aspx,2026-09-11T11:38:48.940082
8,Vivekanandha School Of Anm,"Vivekanandha School Of Anm, Elayampalayam, Tiruchengode, Distt.- Namakkal, Tamilnadu, Pin Code- 637205",Angammal Educational Trust,Namakkal,Tamilnadu,Private,P B B.Sc(N),40 (Forty),2025-2026,18,https://online.indiannursingcouncil.org/Reports/YearlyReportByState.aspx,2026-09-11T11:38:48.940082
9,White Memorial College Of Nursing,"White Memorial College Of Nursing, Veeyannoor P.O., Attoor, Distt.- Kanyakumari, Tamilnadu, Pin Code- 629177",White Memorial Educational Society,Kanyakumari,Tamilnadu,Private,GNM,20 (Twenty),2025-2026,18,https://online.indiannursingcouncil.org/Reports/YearlyReportByState.aspx,2026-09-11T11:38:48.940082
10,William's School Of Nursing,"William's School Of Nursing, William Hosp. Campus, Krishnancoil, M S Rd, Nagercoil, Distt.- Kanyakumari, Tamilnadu, Pin Code- 62900",Grace William Medical Educational Trust,Kanyakumari,Tamilnadu,Private,GNM,20 (Twenty),2025-2026,18,https://online.indiannursingcouncil.org/Reports/YearlyReportByState.aspx,2026-09-11T11:38:48.940082
