inc_institution_key,institution_name,institution_address,trust_name,district_name,state,sector,programmes,annual_intakes,total_intake,pin_code,academic_year,source,source_url,extraction_timestamp
West Bengal|Purulia|A N M (R) TRAINING SCHOOL,A N M (R) Training School,"A N M (R) Training School , Raghunathpur Sd/Ss Hospital, Barakar Road, Purulia, Distt.- Purulia, West Bengal, Pin Code- 723133",Govt. Of West Bengal,Purulia,West Bengal,Government,ANM | GNM,60 (Sixty) | 65 (Sixty Five),125,723133,2025-2026,INC Yearly Report,https://online.indiannursingcouncil.org/Reports/YearlyReportByState.aspx,2026-09-11T11:43:56.143278
West Bengal|Murshidabad|A N M (R) NURSING TRAINING SCHOOL,A N M (R) Nursing Training School,"A N M (R) Nursing Training School, Domkal S D & S S H, Domkal, Domkal, Distt.- Murshidabad, West Bengal, Pin Code- 742303",Government Of West Bengal,Murshidabad,West Bengal,Government,ANM,50 (Fifty),50,742303,2025-2026,INC Yearly Report,https://online.indiannursingcouncil.org/Reports/YearlyReportByState.aspx,2026-09-11T11:43:56.143278
West Bengal|South 24 Parganas|A N M (R) TRAINING SCHOOL,A N M (R) Training School,"A N M (R) Training School, Diamond Harbour Government Medical College, Newtown, Diamond Harbour, Ward No-4, Diamond Harbour, Distt.- South 24 Parganas, West Bengal, Pin Code- 743331",Government Of West Bengal,South 24 Parganas,West Bengal,Government,ANM,50 (Fifty),50,743331,2025-2026,INC Yearly Report,https://online.indiannursingcouncil.org/Reports/YearlyReportByState.aspx,2026-09-11T11:43:56.143278
West Bengal|Murshidabad|A N M (R) TRAINING SCHOOL,A N M (R) Training School,"A N M (R) Training School, Jangipur S D Hospital, P.O.- Raghunathganj, Jangipur, Distt.- Murshidabad, West Bengal, Pin Code- 742225",Govt. Of West Bengal,Murshidabad,West Bengal,Government,ANM | GNM,50 (Fifty) | 60 (Sixty),110,742225,2025-2026,INC Yearly Report,https://online.indiannursingcouncil.org/Reports/YearlyReportByState.aspx,2026-09-11T11:43:56.143278
West Bengal|Kolkata|A N M (R) TRAINING SCHOOL,A N M (R) Training School,"A N M (R) Training School, Vidyasagar S G Hospital, Behala , Distt.- Kolkata, West Bengal, Pin Code- 700034",Govt. Of West Bengal,Kolkata,West Bengal,Government,ANM,60 (Sixty),60,700034,2025-2026,INC Yearly Report,https://online.indiannursingcouncil.org/Reports/YearlyReportByState.aspx,2026-09-11T11:43:56.143278
West Bengal|South 24 Parganas|A N M TRAINING SCHOOL,A N M Training School,"A N M Training School, Kakdwip Sub-Divisional Hospital, Village + Post- Subhasnagar, Vill.- Subhasnagar, Tehsil- Kakdwip, Distt.- South 24 Parganas, West Bengal, Pin Code- 743347",Govt. Of West Bengal,South 24 Parganas,West Bengal,Government,ANM,60 (Sixty),60,743347,2025-2026,INC Yearly Report,https://online.indiannursingcouncil.org/Reports/YearlyReportByState.aspx,2026-09-11T11:43:56.143278
West Bengal|Paschim Bardhaman|ABS ACADEMY OF NURSING AND HEALTH SCIENCES,Abs Academy Of Nursing And Health Sciences,"Abs Academy Of Nursing And Health Sciences, J.P Avenue, Sagarbhanga, Durgapur, Durgapur, Distt.- Paschim Bardhaman, West Bengal, Pin Code- 713211",Sarthak Educational Trust,Paschim Bardhaman,West Bengal,Private,GNM,60 (Sixty),60,713211,2025-2026,INC Yearly Report,https://online.indiannursingcouncil.org/Reports/YearlyReportByState.aspx,2026-09-11T11:43:56.143278
West Bengal|Darjeeling|ADAN INSTITUE OF NURSING SCIENCE,Adan Institue Of Nursing Science,"Adan Institue Of Nursing Science, Milan More, Sisbari, P.O.-Champasari, P.S.-Pradhannagr, Dist-Darjeeling, Pin-734003, Siliguri, Distt.- Darjeeling, West Bengal, Pin Code- 734003",Hosana Welfare Society,Darjeeling,West Bengal,Private,GNM | B.Sc(N),60 (Sixty) | 40 (Forty),100,734003,2025-2026,INC Yearly Report,https://online.indiannursingcouncil.org/Reports/YearlyReportByState.aspx,2026-09-11T11:43:56.143278
West Bengal|Howrah|AGRAGATI INSTITUTE OF HEALTH SCIENCES NURSING EDUCATION UNIT,Agragati Institute Of Health Sciences Nursing Education Unit,"Agragati Institute Of Health Sciences Nursing Education Unit, Village P.O.-Rashpur, P.S.-Amta, , Distt.- Howrah, West Bengal, Pin Code- 711401",Agragati,Howrah,West Bengal,Private,GNM | B.Sc(N),60 (Sixty) | 60 (Sixty),120,711401,2025-2026,INC Yearly Report,https://online.indiannursingcouncil.org/Reports/YearlyReportByState.aspx,2026-09-11T11:43:56.143278
West Bengal|Kolkata|ALIAH UNIVERSITY,Aliah University,"Aliah University, Department Of Nursing, 17, Gora Chand Road, Park Circus, Kolkata , Distt.- Kolkata, West Bengal, Pin Code- 700014",Government Of West Bengal,Kolkata,West Bengal,Government,B.Sc(N),60 (Sixty),60,700014,2025-2026,INC Yearly Report,https://online.indiannursingcouncil.org/Reports/YearlyReportByState.aspx,2026-09-11T11:43:56.143278
West Bengal|Darjeeling|ANANDALOKE INSTITUTE OF NURSING EDUCATION,Anandaloke Institute Of Nursing Education,"Anandaloke Institute Of Nursing Education, Green Park Tea, Auction Road, Mallaguri, Siliguri, Distt.- Darjeeling, West Bengal, Pin Code- 734001",Skr Educational Foundation,Darjeeling,West Bengal,Private,GNM | B.Sc(N),60 (Sixty) | 55 (Fifty Five),115,734001,2025-2026,INC Yearly Report,https://online.indiannursingcouncil.org/Reports/YearlyReportByState.aspx,2026-09-11T11:43:56.143278
West Bengal|North 24 Parganas|ANGEL DAY SCHOOL OF NURSING,Angel Day School Of Nursing,"Angel Day School Of Nursing, Vill: Rahana (2Nd More), P.O. Sadhanpur, P.S. Amdanga, Dist. North 24 Parganas, Pin: 743221, West Bengal, Barasat, Distt.- North 24 Parganas, West Bengal, Pin Code- 74",Angel Day School Trust,North 24 Parganas,West Bengal,Private,GNM,60 (Sixty),60,743221,2025-2026,INC Yearly Report,https://online.indiannursingcouncil.org/Reports/YearlyReportByState.aspx,2026-09-11T11:43:56.143278
West Bengal|Paschim Bardhaman|ANNAPURNA NURSING INSTITUTE,Annapurna Nursing Institute,"Annapurna Nursing Institute, Rajbandh (Near Bankali Mandir) , P.S-Kanksha , P.O-Rajbandh , Durgapur, Distt.- Paschim Bardhaman, West Bengal, Pin Code- 713212",Annapurna Trust,Paschim Bardhaman,West Bengal,Private,GNM,40 (Forty),40,713212,2025-2026,INC Yearly Report,https://online.indiannursingcouncil.org/Reports/YearlyReportByState.aspx,2026-09-11T11:43:56.143278
West Bengal|Kolkata|APOLLO COLLEGE OF NURSING,Apollo College Of Nursing,"Apollo College Of Nursing, Rgn/6/A/S/1044, Gopalpur Narayanpur, Battala, Battala, Distt.- Kolkata, West Bengal, Pin Code- 700136",Apollo Hospitals Educational Trust,Kolkata,West Bengal,Private,B.Sc(N) | M. Sc (N) | P B B.Sc(N) | Post Basic Diploma in Critical care nursing,100 (One Hundred) | 25 (Twenty Five) | 20 (Twenty) | 10 (Ten),155,700136,2025-2026,INC Yearly Report,https://online.indiannursingcouncil.org/Reports/YearlyReportByState.aspx,2026-09-11T11:43:56.143278
West Bengal|South 24 Parganas|ASHSHEEFA INSTITUTE OF NURSING,Ashsheefa Institute Of Nursing,"Ashsheefa Institute Of Nursing, Jaganathpur, Sahararhat, Falta, 24 Pgs(S), Sahararhat, Distt.- South 24 Parganas, West Bengal, Pin Code- 743504",Ashsheefa Group,South 24 Parganas,West Bengal,Private,GNM,60 (Sixty),60,743504,2025-2026,INC Yearly Report,https://online.indiannursingcouncil.org/Reports/YearlyReportByState.aspx,2026-09-11T11:43:56.143278
West Bengal|Kolkata|B M BIRLA COLLEGE OF NURSING,B M Birla College Of Nursing,"B M Birla College Of Nursing, P.O.- Rasapunja, Near Military Camp, Bakhrahat Road, P.S.- Bishnupur, Kolkata, Distt.- Kolkata, West Bengal, Pin Code- 700104",The Calcutta Medical Research Institute,Kolkata,West Bengal,Private,B.Sc(N) | M. Sc (N),"50 (Fifty) | 27; Obg-5, Paed-5, Chn-5, Med-Srug-8, Psy-4",77,700104,2025-2026,INC Yearly Report,https://online.indiannursingcouncil.org/Reports/YearlyReportByState.aspx,2026-09-11T11:43:56.143278
West Bengal|Kolkata|B P PODDAR PARVATI DEVI ACADEMY OF NURSING,B P Poddar Parvati Devi Academy Of Nursing,"B P Poddar Parvati Devi Academy Of Nursing, 46, Manujendra Dutta Road, Gorabazar , Kolkata, Distt.- Kolkata, West Bengal, Pin Code- 700028",B.P. Poddar And Parvati Devi Foundation For Education,Kolkata,West Bengal,Private,GNM | B.Sc(N),60 (Sixty) | 60 (Sixty),120,700028,2025-2026,INC Yearly Report,https://online.indiannursingcouncil.org/Reports/YearlyReportByState.aspx,2026-09-11T11:43:56.143278
West Bengal|Murshidabad|BASUMATI INSTITUTE OF NURSING,Basumati Institute Of Nursing,"Basumati Institute Of Nursing, P.O.- Bokhara, P.S.- Sagardighi, Vill.- Bokhara, Tehsil- Sagardighi, Distt.- Murshidabad, West Bengal, Pin Code- 742226",Florence Nightingale Welfare Trust,Murshidabad,West Bengal,Private,GNM,60 (Sixty),60,742226,2025-2026,INC Yearly Report,https://online.indiannursingcouncil.org/Reports/YearlyReportByState.aspx,2026-09-11T11:43:56.143278
West Bengal|Paschim Bardhaman|BCET INSTITUTE OF NURSING SCIENCES,Bcet Institute Of Nursing Sciences,"Bcet Institute Of Nursing Sciences, Shilpo Kanon Road, Bidhannagar (Near Hudco More), Durgapur, Distt.- Paschim Bardhaman, West Bengal, Pin Code- 713212",S K S Educational And Social Trust,Paschim Bardhaman,West Bengal,Private,GNM | B.Sc(N),30 (Thirty) | 30 (Thirty),60,713212,2025-2026,INC Yearly Report,https://online.indiannursingcouncil.org/Reports/YearlyReportByState.aspx,2026-09-11T11:43:56.143278
West Bengal|Bankura|BELARANI INSTITUTE OF NURSING,Belarani Institute Of Nursing,"Belarani Institute Of Nursing, Nh-60, Vivekanandanagar, P.O- Damodarbati, P.S- Onda, Bankura, Distt.- Bankura, West Bengal, Pin Code- 722144",Belarani Education Trust,Bankura,West Bengal,Private,B.Sc(N) | GNM,60 (Sixty) | 60 (Sixty),120,722144,2025-2026,INC Yearly Report,https://online.indiannursingcouncil.org/Reports/YearlyReportByState.aspx,2026-09-11T11:44:02.464237
West Bengal|Murshidabad|BHAGWANGOLA NURSING INSTITUTE,Bhagwangola Nursing Institute,"Bhagwangola Nursing Institute, Vill-Kanapukur, P.O. &Amp; P.S.-Bhagwangola, Bhagwangola, Distt.- Murshidabad, West Bengal, Pin Code- 742135",Fajila Begum Educational And Welfare Trust,Murshidabad,West Bengal,Private,GNM | B.Sc(N),60 (Sixty) | 60 (Sixty),120,742135,2025-2026,INC Yearly Report,https://online.indiannursingcouncil.org/Reports/YearlyReportByState.aspx,2026-09-11T11:44:02.464237
West Bengal|South 24 Parganas|BHARAT SEVASHRAM SANGHA SCHOOL OF NURSING,Bharat Sevashram Sangha School Of Nursing,"Bharat Sevashram Sangha School Of Nursing, Bharat Sevashram Sangha Hospital, Diamond Harbour Road, P.O. Pailan, Kolkata, Distt.- South 24 Parganas, West Bengal, Pin Code- 700104",Bharat Sevashram Sangha,South 24 Parganas,West Bengal,Private,GNM,20 (Twenty),20,700104,2025-2026,INC Yearly Report,https://online.indiannursingcouncil.org/Reports/YearlyReportByState.aspx,2026-09-11T11:44:02.464237
West Bengal|Bankura|BISHNUPUR PUBLIC SCHOOL AND COLLEGE OF NURSING,Bishnupur Public School And College Of Nursing,"Bishnupur Public School And College Of Nursing, Vill- Ramananda Nagar (Chougan), P.O. &Amp; P.S.- Bishnupur, Bishnupur, Distt.- Bankura, West Bengal, Pin Code- 722122",Bishnupur Public Education Society,Bankura,West Bengal,Private,B.Sc(N) | GNM,60 (Sixty) | 60 (Sixty),120,722122,2025-2026,INC Yearly Report,https://online.indiannursingcouncil.org/Reports/YearlyReportByState.aspx,2026-09-11T11:44:02.464237
West Bengal|South 24 Parganas|BUDGE BUDGE INSTITUTE OF NURSING,Budge Budge Institute Of Nursing,"Budge Budge Institute Of Nursing, Chandipur More, Birlapur Road, P.S.: Nodakhali, P.O.: B Chandipur, Kolkata, Distt.- South 24 Parganas, West Bengal, Pin Code- 700137",Amanat Foundation,South 24 Parganas,West Bengal,Private,GNM,60 (Sixty),60,700137,2025-2026,INC Yearly Report,https://online.indiannursingcouncil.org/Reports/YearlyReportByState.aspx,2026-09-11T11:44:02.464237
West Bengal|North 24 Parganas|CARE AND CURE INSTITUTION OF NURSING AND RESEARCH,Care And Cure Institution Of Nursing And Research,"Care And Cure Institution Of Nursing And Research , S.N. Road, Nabapally, Barasat, Barasat, Distt.- North 24 Parganas, West Bengal, Pin Code- 700126",Ccnr,North 24 Parganas,West Bengal,Private,GNM | B.Sc(N),60 (Sixty) | 60 (Sixty),120,700126,2025-2026,INC Yearly Report,https://online.indiannursingcouncil.org/Reports/YearlyReportByState.aspx,2026-09-11T11:44:02.464237
West Bengal|South 24 Parganas|CHANDRAKANT INSTITUTE OF NURSING AND HEALTH SCIENCES,Chandrakant Institute Of Nursing And Health Sciences,"Chandrakant Institute Of Nursing And Health Sciences, Sitala (East), Malipukuria, P.O Sonarpur, Kolkata, Distt.- South 24 Parganas, West Bengal, Pin Code- 700150","Liver Foundation, West Bengal",South 24 Parganas,West Bengal,Private,GNM,50 (Fifty),50,700150,2025-2026,INC Yearly Report,https://online.indiannursingcouncil.org/Reports/YearlyReportByState.aspx,2026-09-11T11:44:02.464237
West Bengal|North 24 Parganas|CHARNOCK SCHOOL OF NURSING CHARNOCK HEALTH CARE INSTITUTE,Charnock School Of Nursing Charnock Health Care Institute,"Charnock School Of Nursing Charnock Health Care Institute, Synthesis Building Unit 4, Cbd 1, Action Area Ii, New Town , Kolkata, Distt.- North 24 Parganas, West Bengal, Pin Code- 700156",Charnock Healthcare Institute,North 24 Parganas,West Bengal,Private,GNM | B.Sc(N) | M. Sc (N),"100 (One Hundred) | 100 (One Hundred) | 25 (Twenty Five) OBG-05, CHN-05, MED-SURG.-11, PEAD- 02, PSY- 02",225,700156,2025-2026,INC Yearly Report,https://online.indiannursingcouncil.org/Reports/YearlyReportByState.aspx,2026-09-11T11:44:02.464237
West Bengal|Kolkata|CHITTARANJAN NATIONAL CANCER INSTITUTE,Chittaranjan National Cancer Institute,"Chittaranjan National Cancer Institute, Street No.299, Plot No. Dj – 01, Premises No. 02-0321, Action Area Id, New Town, Kolkata, Distt.- Kolkata, West Bengal, Pin Code- 700160",Chittaranjan National Cancer Institute,Kolkata,West Bengal,Government,Post Basic Diploma in Oncology Nursing,10 (Ten),10,700160,2025-2026,INC Yearly Report,https://online.indiannursingcouncil.org/Reports/YearlyReportByState.aspx,2026-09-11T11:44:02.464237
West Bengal|Murshidabad|CLARA BARTON SCHOOL OF NURSING,Clara Barton School Of Nursing,"Clara Barton School Of Nursing, Pwd Road, P.O. + P.S.- Jiaganj, Jiaganj, Distt.- Murshidabad, West Bengal, Pin Code- 742123",Baluchar Educational And Welfare Trust,Murshidabad,West Bengal,Private,GNM,60 (Sixty),60,742123,2025-2026,INC Yearly Report,https://online.indiannursingcouncil.org/Reports/YearlyReportByState.aspx,2026-09-11T11:44:02.464237
West Bengal|Kolkata|COLLEGE AND SCHOOL OF NURSING,College And School Of Nursing,"College And School Of Nursing, R.N. Tagore Hospital, A Unit Of Asia Heart Foundation, Ukhila-2, Paikpara, Narendrapur, Kolkata, Distt.- Kolkata, West Bengal, Pin Code- 700103",Asia Heart Foundation,Kolkata,West Bengal,Private,B.Sc(N) | GNM | Post Basic Diploma in Cardio Thoracic Nursing | P B B.Sc(N) | M. Sc (N) | Post Basic Diploma in Neurology Nursing | NURSE PRACTITIONER IN CRITICAL CARE(NPCC),"100 (One Hundred) | 100 (One Hundred) | 20 (TWENTY) | 40 (Forty) | 25 (Twenty Five) :Med Surg-5,Obg-5,Chn-5,Paed-5,Psy-5 | 15 (Fifteen) | 10 (Ten)",310,700103,2025-2026,INC Yearly Report,https://online.indiannursingcouncil.org/Reports/YearlyReportByState.aspx,2026-09-11T11:44:02.464237
West Bengal|Paschim Bardhaman|COLLEGE OF NURSING,College Of Nursing,"College Of Nursing , E.S.I. Hospital Asansol, Sen Raleigh Road, Asansol, Distt.- Paschim Bardhaman, West Bengal, Pin Code- 713305",Govt. Of West Bengal,Paschim Bardhaman,West Bengal,Government,B.Sc(N),50 (Fifty),50,713305,2025-2026,INC Yearly Report,https://online.indiannursingcouncil.org/Reports/YearlyReportByState.aspx,2026-09-11T11:44:02.464237
West Bengal|Kolkata|COLLEGE OF NURSING AND SCHOOL OF NURSING,College Of Nursing And School Of Nursing,"College Of Nursing And School Of Nursing, Techno India University, Em-4, Sector-V, Salt Lake, Bidhannagar, Salt Lake, Distt.- Kolkata, West Bengal, Pin Code- 700091","Techno India University, West Bengal",Kolkata,West Bengal,Private,P B B.Sc(N) | B.Sc(N) | GNM,40 (Forty) | 60 (Sixty) | 60 (Sixty),160,700091,2025-2026,INC Yearly Report,https://online.indiannursingcouncil.org/Reports/YearlyReportByState.aspx,2026-09-11T11:44:02.464237
West Bengal|Nadia|COLLEGE OF NURSING,College Of Nursing,"College Of Nursing, All India Institute Of Medical Sciences, Nh-34, Basantapur, Saguna, Kalyani, Distt.- Nadia, West Bengal, Pin Code- 741245",Ministry Of Health And Family Welfare,Nadia,West Bengal,Government,B.Sc(N) | M. Sc (N),60 (Sixty) | 6 (Six),66,741245,2025-2026,INC Yearly Report,https://online.indiannursingcouncil.org/Reports/YearlyReportByState.aspx,2026-09-11T11:44:02.464237
West Bengal|Kolkata|COLLEGE OF NURSING,College Of Nursing,"College Of Nursing, Command Hospital (Eastern Command), Alipore Road., Kolkata, Distt.- Kolkata, West Bengal, Pin Code- 700027",Ministry Of Defence,Kolkata,West Bengal,Government,B.Sc(N) | M. Sc (N) | Post Basic Diploma in Psychiatric nsg. | P B B.Sc(N),30 (Thirty) | 15 Chn-2 Obg-2 Psy-4 Med-Surg-4 Paed-3 | 20 (Twenty) | 60 (Sixty),125,700027,2025-2026,INC Yearly Report,https://online.indiannursingcouncil.org/Reports/YearlyReportByState.aspx,2026-09-11T11:44:09.181753
West Bengal|Pashchim Midnapore|COLLEGE OF NURSING,College Of Nursing,"College Of Nursing, Midnapore Medical College & Hospital Campus, Midnapore, Distt.- Pashchim Midnapore, West Bengal, Pin Code- 721101",Govt. Of West Bengal,Pashchim Midnapore,West Bengal,Government,B.Sc(N),50 (Fifty),50,721101,2025-2026,INC Yearly Report,https://online.indiannursingcouncil.org/Reports/YearlyReportByState.aspx,2026-09-11T11:44:09.181753
West Bengal|Darjeeling|COLLEGE OF NURSING,College Of Nursing,"College Of Nursing, North Bengal Medical College & Hospital, Sushruta Nagar, Siliguri, Distt.- Darjeeling, West Bengal, Pin Code- 734012",Govt. Of West Bengal,Darjeeling,West Bengal,Government,B.Sc(N) | M. Sc (N) | P B B.Sc(N),50 (Fifty) | 30 (Thirty) | 60 (Sixty),140,734012,2025-2026,INC Yearly Report,https://online.indiannursingcouncil.org/Reports/YearlyReportByState.aspx,2026-09-11T11:44:09.181753
West Bengal|Purba Bardhaman|D M B H SCHOOL OF NURSING,D M B H School Of Nursing,"D M B H School Of Nursing, Vill-Palla, Rasulpur Road, Masagram, P.S.-Jamalpur, Vill.- Palla, Tehsil- Jamalpur, Distt.- Purba Bardhaman, West Bengal, Pin Code- 713401",Haji Mahammed Ali Mondal Educational And Socio Welfare Trust,Purba Bardhaman,West Bengal,Private,GNM,60 (Sixty),60,713401,2025-2026,INC Yearly Report,https://online.indiannursingcouncil.org/Reports/YearlyReportByState.aspx,2026-09-11T11:44:09.181753
West Bengal|Paschim Bardhaman|D S M S INSTITUTE OF NURSING,D S M S Institute Of Nursing,"D S M S Institute Of Nursing, Dr Zakir Hussain Avenue, Bidhannagar, Durgapur, Distt.- Paschim Bardhaman, West Bengal, Pin Code- 713206",Durgapur Society Of Management Science,Paschim Bardhaman,West Bengal,Private,GNM | B.Sc(N),44 (Forty Four) | 60 (Sixty),104,713206,2025-2026,INC Yearly Report,https://online.indiannursingcouncil.org/Reports/YearlyReportByState.aspx,2026-09-11T11:44:09.181753
West Bengal|Hooghly|DEBNATH NURSING TRAINING INSTITUTE,Debnath Nursing Training Institute,"Debnath Nursing Training Institute, Amtola, Arambagh, Arambagh, Distt.- Hooghly, West Bengal, Pin Code- 712601",Debnath Education And Social Development Trust,Hooghly,West Bengal,Private,GNM,60 (Sixty),60,712601,2025-2026,INC Yearly Report,https://online.indiannursingcouncil.org/Reports/YearlyReportByState.aspx,2026-09-11T11:44:09.181753
West Bengal|Pashchim Midnapore|DEBRA INSTITUTE OF NURSING SCIENCE,Debra Institute Of Nursing Science,"Debra Institute Of Nursing Science, Debra Bazar(North), Post- Debra, Debra, Distt.- Pashchim Midnapore, West Bengal, Pin Code- 721126",S R Education And Research Foundation,Pashchim Midnapore,West Bengal,Private,GNM,60 (Sixty),60,721126,2025-2026,INC Yearly Report,https://online.indiannursingcouncil.org/Reports/YearlyReportByState.aspx,2026-09-11T11:44:09.181753
West Bengal|North 24 Parganas|DESUN COLLEGE OF NURSING,Desun College Of Nursing,"Desun College Of Nursing, Jl No.44, Gram Panchayat - Chandpur; Mouza - Bishnupur, P.S. - Rajarhat, Rajarhat, Distt.- North 24 Parganas, West Bengal, Pin Code- 700135",P N Memorial Neurocentre And Research Institute Ltd.,North 24 Parganas,West Bengal,Private,B.Sc(N) | GNM,100 (One Hundred) | 100 (One Hundred),200,700135,2025-2026,INC Yearly Report,https://online.indiannursingcouncil.org/Reports/YearlyReportByState.aspx,2026-09-11T11:44:09.181753
West Bengal|Jalpaiguri|DESUN NURSING SCHOOL AND COLLEGE (A UNIT OF DESUN HEALTH CITY FOUNDATION),Desun Nursing School And College (A Unit Of Desun Health City Foundation),"Desun Nursing School And College (A Unit Of Desun Health City Foundation), Jorapakuri, New Jalpaiguri, P.O: Sahudangi Hat, Jalpaiguri, Distt.- Jalpaiguri, West Bengal, Pin Code- 735135",Desun Health City Foundation,Jalpaiguri,West Bengal,Private,GNM,40 (Forty),40,735135,2025-2026,INC Yearly Report,https://online.indiannursingcouncil.org/Reports/YearlyReportByState.aspx,2026-09-11T11:44:09.181753
West Bengal|Bankura|DISHA NURSING INSTITUTE,Disha Nursing Institute,"Disha Nursing Institute, Baraja Radha Nagar, Post Office - Gossaipur, P.S- Bishnupur, Bishnupur, Distt.- Bankura, West Bengal, Pin Code- 722122",Disha Social Wellfare Educational Trust,Bankura,West Bengal,Private,B.Sc(N) | GNM,60 (Sixty) | 60 (Sixty),120,722122,2025-2026,INC Yearly Report,https://online.indiannursingcouncil.org/Reports/YearlyReportByState.aspx,2026-09-11T11:44:09.181753
West Bengal|Malda|DISHARI INSTITUTE OF NURSING SCIENCE,Dishari Institute Of Nursing Science,"Dishari Institute Of Nursing Science, N.H- 34, Sujapur Bypass, P.O- Madhaipur, P.S- Malda,, Malda, Distt.- Malda, West Bengal, Pin Code- 732142",Dishari Academic Trust,Malda,West Bengal,Private,GNM | B.Sc(N),60 (Sixty) | 60 (Sixty),120,732142,2025-2026,INC Yearly Report,https://online.indiannursingcouncil.org/Reports/YearlyReportByState.aspx,2026-09-11T11:44:09.181753
West Bengal|Purba Medinipur|DR. BETHUNE INSTITUTE OF NURSING,Dr. Bethune Institute Of Nursing,"Dr. Bethune Institute Of Nursing, Vill- Kalikakhali P.O-Math Chandipur P.S- Chandipur, Chandipur, Distt.- Purba Medinipur, West Bengal, Pin Code- 721659",Sahid Kshudiram Memorial,Purba Medinipur,West Bengal,Private,GNM,60 (Sixty),60,721659,2025-2026,INC Yearly Report,https://online.indiannursingcouncil.org/Reports/YearlyReportByState.aspx,2026-09-11T11:44:09.181753
West Bengal|Hooghly|DR. H C MUKERJEE MEMORIAL HEALTH SCHOOL,Dr. H C Mukerjee Memorial Health School,"Dr. H C Mukerjee Memorial Health School, P.O.- Singur, Singur, Distt.- Hooghly, West Bengal, Pin Code- 712409",Govt. Of West Bengal,Hooghly,West Bengal,Government,ANM,150 (One Hundred Fifty),150,712409,2025-2026,INC Yearly Report,https://online.indiannursingcouncil.org/Reports/YearlyReportByState.aspx,2026-09-11T11:44:09.181753
West Bengal|North 24 Parganas|DR. KADAMBINI GANGULY INSTITUTE OF NURSING,Dr. Kadambini Ganguly Institute Of Nursing,"Dr. Kadambini Ganguly Institute Of Nursing, Ams Town, Rangapur, Nilgunj Bazar, Barasat, Distt.- North 24 Parganas, West Bengal, Pin Code- 700121",Ams Educational Trust,North 24 Parganas,West Bengal,Private,GNM,60 (Sixty),60,700121,2025-2026,INC Yearly Report,https://online.indiannursingcouncil.org/Reports/YearlyReportByState.aspx,2026-09-11T11:44:09.181753
West Bengal|Paschim Bardhaman|DURGAPUR INSTITUTE OF NURSING SCIENCES,Durgapur Institute Of Nursing Sciences,"Durgapur Institute Of Nursing Sciences, City Centre Ph-2, Surya Sen Sarani, Near Gandhimore, Durgapur, Distt.- Paschim Bardhaman, West Bengal, Pin Code- 713208",Durgapur Social And Educational Trust,Paschim Bardhaman,West Bengal,Private,B.Sc(N) | GNM,60 (Sixty) | 60 (Sixty),120,713208,2025-2026,INC Yearly Report,https://online.indiannursingcouncil.org/Reports/YearlyReportByState.aspx,2026-09-11T11:44:09.181753
West Bengal|Paschim Bardhaman|DURGAPUR SCHOOL OF NURSING,Durgapur School Of Nursing,"Durgapur School Of Nursing, Dsp Main Hospital Complex, Edison Road, B-Zone, Durgapur, Distt.- Paschim Bardhaman, West Bengal, Pin Code- 713205",Durgapur Steel City Society For Education,Paschim Bardhaman,West Bengal,Private,GNM,60 (Sixty),60,713205,2025-2026,INC Yearly Report,https://online.indiannursingcouncil.org/Reports/YearlyReportByState.aspx,2026-09-11T11:44:16.579125
West Bengal|Purba Bardhaman|EAST WEST EDUCATION INSTITUTE,East West Education Institute,"East West Education Institute, Talit-Suri Road, P.O.-Talit, P.S.-Purba Barddhaman, , Distt.- Purba Bardhaman, West Bengal, Pin Code- 713141",East West Model School Education Society,Purba Bardhaman,West Bengal,Private,GNM | B.Sc(N),60 (Sixty) | 60 (Sixty),120,713141,2025-2026,INC Yearly Report,https://online.indiannursingcouncil.org/Reports/YearlyReportByState.aspx,2026-09-11T11:44:16.579125
West Bengal|South 24 Parganas|FALTA J I S NURSING INSTITUTE,Falta J I S Nursing Institute,"Falta J I S Nursing Institute, Vill- Dakshin Sargoria, P.O.- Chaberia, P.S.- Falta, , Distt.- South 24 Parganas, West Bengal, Pin Code- 743504",Sahararhat Dr Sk Sheraboth Ali Memorial Foundation,South 24 Parganas,West Bengal,Private,GNM | B.Sc(N),60 (Sixty) | 60 (Sixty),120,743504,2025-2026,INC Yearly Report,https://online.indiannursingcouncil.org/Reports/YearlyReportByState.aspx,2026-09-11T11:44:16.579125
West Bengal|Pashchim Midnapore|G N M NURSING TRAINING SCHOOL,G N M Nursing Training School,"G N M Nursing Training School, Jhargram Government Medical College & Hospital, Jhargram, Distt.- Pashchim Midnapore, West Bengal, Pin Code- 721507",Govt. Of West Bengal,Pashchim Midnapore,West Bengal,Government,GNM,90 (Ninety),90,721507,2025-2026,INC Yearly Report,https://online.indiannursingcouncil.org/Reports/YearlyReportByState.aspx,2026-09-11T11:44:16.579125
West Bengal|Kolkata|G N M NURSING TRAINING SCHOOL,G N M Nursing Training School,"G N M Nursing Training School, M R Bangur Hospital, School Of Nursing 241, D P S Road, Tollygunge, Kolkata, Distt.- Kolkata, West Bengal, Pin Code- 700033",Government Of West Bengal,Kolkata,West Bengal,Government,GNM,40 (Forty),40,700033,2025-2026,INC Yearly Report,https://online.indiannursingcouncil.org/Reports/YearlyReportByState.aspx,2026-09-11T11:44:16.579125
West Bengal|Kolkata|G N M SCHOOL OF NURSING,G N M School Of Nursing,"G N M School Of Nursing, S S K M Hospital Campus, 244, Acharya Jagadish Chandra Bose Road, Kolkata, Distt.- Kolkata, West Bengal, Pin Code- 700020",Govt. Of West Bengal,Kolkata,West Bengal,Government,GNM,100 (One Hundred),100,700020,2025-2026,INC Yearly Report,https://online.indiannursingcouncil.org/Reports/YearlyReportByState.aspx,2026-09-11T11:44:16.579125
West Bengal|Purulia|G N M TRAINING CENTRE,G N M Training Centre,"G N M Training Centre, D M Sadar Hospital, Ranchi Road, P O-Purulia, , Distt.- Purulia, West Bengal, Pin Code- 723101",Government Of West Bengal,Purulia,West Bengal,Government,GNM,100 (One Hundred),100,723101,2025-2026,INC Yearly Report,https://online.indiannursingcouncil.org/Reports/YearlyReportByState.aspx,2026-09-11T11:44:16.579125
West Bengal|South 24 Parganas|G N M TRAINING SCHOOL,G N M Training School,"G N M Training School, Baghajatin S.G. Hospital, Jadavpur, Kolkata, Distt.- South 24 Parganas, West Bengal, Pin Code- 700092",Govt. Of West Bengal,South 24 Parganas,West Bengal,Government,GNM,35 (Thirty Five),35,700092,2025-2026,INC Yearly Report,https://online.indiannursingcouncil.org/Reports/YearlyReportByState.aspx,2026-09-11T11:44:16.579125
West Bengal|North 24 Parganas|G N M TRAINING SCHOOL,G N M Training School,"G N M Training School, Barasat District Hospital, Barasat , Distt.- North 24 Parganas, West Bengal, Pin Code- 700124",Govt. Of West Bengal,North 24 Parganas,West Bengal,Government,GNM | ANM,75 (Seventy Five) | 75 (Seventy Five),150,700124,2025-2026,INC Yearly Report,https://online.indiannursingcouncil.org/Reports/YearlyReportByState.aspx,2026-09-11T11:44:16.579125
West Bengal|Nadia|G N M TRAINING SCHOOL,G N M Training School,"G N M Training School, District Hospital Krishnagar , Krishnagar , Distt.- Nadia, West Bengal, Pin Code- 711102","Govt Of West Bengal,",Nadia,West Bengal,Government,GNM,60 (Sixty),60,711102,2025-2026,INC Yearly Report,https://online.indiannursingcouncil.org/Reports/YearlyReportByState.aspx,2026-09-11T11:44:16.579125
West Bengal|Pashchim Midnapore|G N M TRAINING SCHOOL,G N M Training School,"G N M Training School, Ghatal S.D. Hospital, Kushpata , Ghatal, Distt.- Pashchim Midnapore, West Bengal, Pin Code- 721212",Government Of West Bengal,Pashchim Midnapore,West Bengal,Government,GNM,60 (Sixty),60,721212,2025-2026,INC Yearly Report,https://online.indiannursingcouncil.org/Reports/YearlyReportByState.aspx,2026-09-11T11:44:16.579125
West Bengal|Purba Bardhaman|GENEX NURSING INSTITUTE,Genex Nursing Institute,"Genex Nursing Institute, Village- Mulkathi, P.O.- Machkhanda, P.S.- Raina-1, Vill.- Mulkathi, Tehsil- Burdwan-1, Distt.- Purba Bardhaman, West Bengal, Pin Code- 713103",Genex Management And It Society,Purba Bardhaman,West Bengal,Private,GNM,60 (Sixty),60,713103,2025-2026,INC Yearly Report,https://online.indiannursingcouncil.org/Reports/YearlyReportByState.aspx,2026-09-11T11:44:16.579125
West Bengal|Birbhum|GITANJALI INSTITUTE OF NURSING,Gitanjali Institute Of Nursing,"Gitanjali Institute Of Nursing, P.O-Lohapur, P.S- Nalhati, Vill.- Lohapur, Tehsil- Nalhati-2, Distt.- Birbhum, West Bengal, Pin Code- 731237",Gitanjali Foundation,Birbhum,West Bengal,Private,GNM | B.Sc(N),60 (Sixty) | 60 (Sixty),120,731237,2025-2026,INC Yearly Report,https://online.indiannursingcouncil.org/Reports/YearlyReportByState.aspx,2026-09-11T11:44:16.579125
West Bengal|Murshidabad|GITARAM COLLEGE OF NURSING,Gitaram College Of Nursing,"Gitaram College Of Nursing, Nh-34, P.O.- Radharghat, Berhampore, Murshidabad, Distt.- Murshidabad, West Bengal, Pin Code- 752187",Gitaram Education And Health Foundation,Murshidabad,West Bengal,Private,B.Sc(N) | GNM | P B B.Sc(N),60 (Sixty) | 60 (Sixty) | 50 (Fifty),170,752187,2025-2026,INC Yearly Report,https://online.indiannursingcouncil.org/Reports/YearlyReportByState.aspx,2026-09-11T11:44:16.579125
West Bengal|Nadia|GLOBAL HIRAMONI MEMORIAL NURSING INSTITUTION,Global Hiramoni Memorial Nursing Institution,"Global Hiramoni Memorial Nursing Institution, Palpara More, Nh-34, Krishnagar, Palpara More, Distt.- Nadia, West Bengal, Pin Code- 741102",National Centre For Development Of Technical Education,Nadia,West Bengal,Private,B.Sc(N) | GNM,60 (Sixty) | 60 (Sixty),120,741102,2025-2026,INC Yearly Report,https://online.indiannursingcouncil.org/Reports/YearlyReportByState.aspx,2026-09-11T11:44:16.579125
West Bengal|Birbhum|GLORIOUS INSTITUTE OF NURSING,Glorious Institute Of Nursing,"Glorious Institute Of Nursing, Village-Madain (Manajar Para), Po: Gonpur, Ps: Mallarpur, Vill.- Madain , Tehsil- Mayureswar-1, Distt.- Birbhum, West Bengal, Pin Code- 731216",Na Hanyate Foundation,Birbhum,West Bengal,Private,B.Sc(N) | GNM,60 (Sixty) | 60 (Sixty),120,731216,2025-2026,INC Yearly Report,https://online.indiannursingcouncil.org/Reports/YearlyReportByState.aspx,2026-09-11T11:44:16.579125
West Bengal|North 24 Parganas|GOKUL INSTITUTE OF NURSING,Gokul Institute Of Nursing,"Gokul Institute Of Nursing, Badu Road, Digberia, (Near Camellia Institute Of Technology), Madhyamgram, Distt.- North 24 Parganas, West Bengal, Pin Code- 700129",Barasat Educational And Welfare Trust.,North 24 Parganas,West Bengal,Private,B.Sc(N) | GNM,60 (Sixty) | 60 (Sixty),120,700129,2025-2026,INC Yearly Report,https://online.indiannursingcouncil.org/Reports/YearlyReportByState.aspx,2026-09-11T11:44:16.579125
West Bengal|Paschim Bardhaman|GOURI DEVI NURSING ACADEMY,Gouri Devi Nursing Academy,"Gouri Devi Nursing Academy, G.T. Road, Rajbandh, Durgapur, Distt.- Paschim Bardhaman, West Bengal, Pin Code- 713212",Durgapur Institute Of Advanced Technology And Management,Paschim Bardhaman,West Bengal,Private,GNM | B.Sc(N),100 (Hundred) | 100 (Hundred),200,713212,2025-2026,INC Yearly Report,https://online.indiannursingcouncil.org/Reports/YearlyReportByState.aspx,2026-09-11T11:44:16.579125
West Bengal|Kolkata|GOVERNMENT COLLEGE OF NURSING,Government College Of Nursing,"Government College Of Nursing , Nil Ratan Sircar Medical College & Hospital, 138, A J C Bose Road. , Kolkata, Distt.- Kolkata, West Bengal, Pin Code- 700014",Govt. Of West Bengal,Kolkata,West Bengal,Government,M. Sc (N) | B.Sc(N) | Post Basic Diploma in Cardio Thoracic Nursing | P B B.Sc(N) | Nurse Practitioner in Midwifery,"30 (Thirty) Med-Surg-8, Chn-8, Paed-5, Obg-5, Psy-4 | 50 (Fifty) | 15 (Fifteen) | 60 (Sixty) | 30 (Thirty)",185,700014,2025-2026,INC Yearly Report,https://online.indiannursingcouncil.org/Reports/YearlyReportByState.aspx,2026-09-11T11:44:22.753159
West Bengal|Kolkata|GOVERNMENT COLLEGE OF NURSING CNMCH,Government College Of Nursing Cnmch,"Government College Of Nursing Cnmch, Calcutta National Medical College & Hospital, 24, Gorachand Road, Kolkata, Distt.- Kolkata, West Bengal, Pin Code- 700014",Government Of West Bengal,Kolkata,West Bengal,Government,B.Sc(N) | P B B.Sc(N),50 (Fifty) | 60 (Sixty),110,700014,2025-2026,INC Yearly Report,https://online.indiannursingcouncil.org/Reports/YearlyReportByState.aspx,2026-09-11T11:44:22.753159
West Bengal|Howrah|GOVERNMENT COLLEGE OF NURSING,Government College Of Nursing,"Government College Of Nursing, , Howrah District Hospital, 10,11 Biplabi Haren, Pratap Ghosh Sarani, Howrah, Distt.- Howrah, West Bengal, Pin Code- 711101",Government Of West Bengal,Howrah,West Bengal,Government,B.Sc(N),60 (Sixty),60,711101,2025-2026,INC Yearly Report,https://online.indiannursingcouncil.org/Reports/YearlyReportByState.aspx,2026-09-11T11:44:22.753159
West Bengal|Bankura|GOVERNMENT COLLEGE OF NURSING,Government College Of Nursing,"Government College Of Nursing, Bankura Sammilani Medical College, Lokepur, Post Office- Kenduadihi, Bankura, Distt.- Bankura, West Bengal, Pin Code- 722102",Govt. Of West Bengal,Bankura,West Bengal,Government,B.Sc(N) | M. Sc (N) | P B B.Sc(N),60 (Sixty) | 30 (Thirty) Med Surg-08 Chn-05 Obg-07 Psy-05 Paed-05 | 60 (Sixty),150,722102,2025-2026,INC Yearly Report,https://online.indiannursingcouncil.org/Reports/YearlyReportByState.aspx,2026-09-11T11:44:22.753159
West Bengal|Purba Bardhaman|GOVERNMENT COLLEGE OF NURSING,Government College Of Nursing,"Government College Of Nursing, Burdwan Medical College & Hospital, Aftab Avenue, Rajbati, Burdwan, Distt.- Purba Bardhaman, West Bengal, Pin Code- 713104",Govt. Of West Bengal,Purba Bardhaman,West Bengal,Government,B.Sc(N) | M. Sc (N) | P B B.Sc(N),60 (Sixty) | 10 (Ten) 2 In Each Speciality | 60 (Sixty),130,713104,2025-2026,INC Yearly Report,https://online.indiannursingcouncil.org/Reports/YearlyReportByState.aspx,2026-09-11T11:44:22.753159
West Bengal|North 24 Parganas|GOVERNMENT COLLEGE OF NURSING,Government College Of Nursing,"Government College Of Nursing, College Of Medicine & Sagore Dutta Hospital, 578, B.T. Road, Kamarhati, Kolkata, Distt.- North 24 Parganas, West Bengal, Pin Code- 700058",Government Of West Bengal,North 24 Parganas,West Bengal,Government,B.Sc(N),100 (One Hundred),100,700058,2025-2026,INC Yearly Report,https://online.indiannursingcouncil.org/Reports/YearlyReportByState.aspx,2026-09-11T11:44:22.753159
West Bengal|Purulia|GOVERNMENT COLLEGE OF NURSING,Government College Of Nursing,"Government College Of Nursing, Deben Mahata Government Medical College And Hospital, P.O-Vivekananda Nagar, P.S-Purulia Muffasil, Vill.- Hatuara, Tehsil- Purulia-Ii, Distt.- Purulia, West Bengal,",Govt. Of West Bengal,Purulia,West Bengal,Government,B.Sc(N),100 (One Hundred),100,,2025-2026,INC Yearly Report,https://online.indiannursingcouncil.org/Reports/YearlyReportByState.aspx,2026-09-11T11:44:22.753159
West Bengal|South 24 Parganas|GOVERNMENT COLLEGE OF NURSING,Government College Of Nursing,"Government College Of Nursing, Diamond Harbour Medical College, Diamond Harbour Health District, Diamond Harbour, Distt.- South 24 Parganas, West Bengal, Pin Code- 743331",West Bengal,South 24 Parganas,West Bengal,Government,B.Sc(N),100 (One Hundred),100,743331,2025-2026,INC Yearly Report,https://online.indiannursingcouncil.org/Reports/YearlyReportByState.aspx,2026-09-11T11:44:22.753159
West Bengal|Darjeeling|GOVERNMENT COLLEGE OF NURSING,Government College Of Nursing,"Government College Of Nursing, Kalimpong District Hospital, Kd Pradhan Road, Chotta Bhalukhop, P.O.-Kalimpong, Kalimpong, Distt.- Darjeeling, West Bengal, Pin Code- 734301",Government Of West Bengal,Darjeeling,West Bengal,Government,B.Sc(N) | P B B.Sc(N),60 (Sixty) | 25 (Twenty Five),85,734301,2025-2026,INC Yearly Report,https://online.indiannursingcouncil.org/Reports/YearlyReportByState.aspx,2026-09-11T11:44:22.753159
West Bengal|Pashchim Midnapore|GOVERNMENT COLLEGE OF NURSING,Government College Of Nursing,"Government College Of Nursing, Kharagpur S D Hospital, P. S. Kharagpur, Kharagpur, Distt.- Pashchim Midnapore, West Bengal, Pin Code- 721301",Govt. Of West Bengal,Pashchim Midnapore,West Bengal,Government,B.Sc(N),60 (Sixty),60,721301,2025-2026,INC Yearly Report,https://online.indiannursingcouncil.org/Reports/YearlyReportByState.aspx,2026-09-11T11:44:22.753159
West Bengal|Birbhum|GOVERNMENT COLLEGE OF NURSING,Government College Of Nursing,"Government College Of Nursing, Rampurhat Government Medical College And Hospital, Rampurhat, Distt.- Birbhum, West Bengal, Pin Code- 731224",Government Of West Bengal,Birbhum,West Bengal,Government,B.Sc(N),100 (One Hundred),100,731224,2025-2026,INC Yearly Report,https://online.indiannursingcouncil.org/Reports/YearlyReportByState.aspx,2026-09-11T11:44:22.753159
West Bengal|Hooghly|GOVERNMENT COLLEGE OF NURSING,Government College Of Nursing,"Government College Of Nursing, Serampore Walsh(S.D)/ S.S Hospital, 22/A T C Goswami Street , Serampore, Distt.- Hooghly, West Bengal, Pin Code- 712201",Government Of West Bengal,Hooghly,West Bengal,Government,B.Sc(N),60 (Sixty),60,712201,2025-2026,INC Yearly Report,https://online.indiannursingcouncil.org/Reports/YearlyReportByState.aspx,2026-09-11T11:44:22.753159
West Bengal|Murshidabad|GOVERNMENT COLLEGE OF NURSING,Government College Of Nursing,"Government College Of Nursing, Station Road, Murshidabad Medical College & Hospital, Berhampore, Distt.- Murshidabad, West Bengal, Pin Code- 742101",Government Of West Bengal,Murshidabad,West Bengal,Government,B.Sc(N) | M. Sc (N),100 (One Hundred) | 65 (Sixty Five),165,742101,2025-2026,INC Yearly Report,https://online.indiannursingcouncil.org/Reports/YearlyReportByState.aspx,2026-09-11T11:44:22.753159
West Bengal|Pashchim Midnapore|GOVERNMENT NURSING TRAINING SCHOOL,Government Nursing Training School,"Government Nursing Training School, Lalgarh, Lalgarh, Distt.- Pashchim Midnapore, West Bengal, Pin Code- 721516",Govt. Of West Bengal,Pashchim Midnapore,West Bengal,Government,GNM,100 (One Hundred),100,721516,2025-2026,INC Yearly Report,https://online.indiannursingcouncil.org/Reports/YearlyReportByState.aspx,2026-09-11T11:44:29.053289
West Bengal|North 24 Parganas|GURUKUL INSTITUTE OF NURSING,Gurukul Institute Of Nursing,"Gurukul Institute Of Nursing , Vill-Chaturia, P.O.-Noapara, P.S.-Duttapukur, Dist-North 24 Pgs, Barasat, Distt.- North 24 Parganas, West Bengal, Pin Code- 700125",Gurukul Foundation,North 24 Parganas,West Bengal,Private,GNM,60 (Sixty),60,700125,2025-2026,INC Yearly Report,https://online.indiannursingcouncil.org/Reports/YearlyReportByState.aspx,2026-09-11T11:44:29.053289
West Bengal|Paschim Bardhaman|H L G INSTITUTE OF NURSING,H L G Institute Of Nursing,"H L G Institute Of Nursing, K.S.T.P., Sitla, Dhadka Road, Beside Reliance Market, Asansol, Asansol, Distt.- Paschim Bardhaman, West Bengal, Pin Code- 713305",Hlg Memorial Hospital Pvt. Ltd.,Paschim Bardhaman,West Bengal,Private,GNM,60 (Sixty),60,713305,2025-2026,INC Yearly Report,https://online.indiannursingcouncil.org/Reports/YearlyReportByState.aspx,2026-09-11T11:44:29.053289
West Bengal|Purba Medinipur|HALDIA INSTITUTE OF NURSING SCIENCE,Haldia Institute Of Nursing Science,"Haldia Institute Of Nursing Science, Sector-13, P O Haldia Township, Haldia, Distt.- Purba Medinipur, West Bengal, Pin Code- 721607",Indian Centre For Advancement Of Research And Education,Purba Medinipur,West Bengal,Private,GNM,50 (Fifty),50,721607,2025-2026,INC Yearly Report,https://online.indiannursingcouncil.org/Reports/YearlyReportByState.aspx,2026-09-11T11:44:29.053289
West Bengal|Darjeeling|HILLSIDE SCHOOL OF NURSING,Hillside School Of Nursing,"Hillside School Of Nursing, Siliguri, Sevoke Road Matigara, Siliguri, Distt.- Darjeeling, West Bengal, Pin Code- 734001",Vaishnavi Educational Trust,Darjeeling,West Bengal,Private,GNM,60 (Sixty),60,734001,2025-2026,INC Yearly Report,https://online.indiannursingcouncil.org/Reports/YearlyReportByState.aspx,2026-09-11T11:44:29.053289
West Bengal|Darjeeling|HIMALAYAN NURSING COLLEGE AND HIMALAYAN NURSING SCHOOL,Himalayan Nursing College And Himalayan Nursing School,"Himalayan Nursing College And Himalayan Nursing School, Hill Cart Road, Sukna, Kurseong, Darjeeling, West Bengal-734009, Kurseong, Distt.- Darjeeling, West Bengal, Pin Code- 734009",The Academy Of Engineering And Management Trsut,Darjeeling,West Bengal,Private,B.Sc(N) | GNM,40 (Forty) | 60 (Sixty),100,734009,2025-2026,INC Yearly Report,https://online.indiannursingcouncil.org/Reports/YearlyReportByState.aspx,2026-09-11T11:44:29.053289
West Bengal|Paschim Bardhaman|I Q CITY INSTITUTE OF NURSING SCIENCES,I Q City Institute Of Nursing Sciences,"I Q City Institute Of Nursing Sciences, Sovapur, Jemua, B-Zone, Bijra Road, Durgapur, Distt.- Paschim Bardhaman, West Bengal, Pin Code- 713206",I Q City Foundation,Paschim Bardhaman,West Bengal,Private,B.Sc(N) | M. Sc (N) | GNM,"100 (One Hundred) | 8 (Eight) Med-Surg-4, Pead-4 | 100 (One Hundred)",208,713206,2025-2026,INC Yearly Report,https://online.indiannursingcouncil.org/Reports/YearlyReportByState.aspx,2026-09-11T11:44:29.053289
West Bengal|Nadia|IDEAL INSTITUTE OF NURSING,Ideal Institute Of Nursing,"Ideal Institute Of Nursing, Opposite Kalyani Shilpanchal Railway Station, Kalyani, Distt.- Nadia, West Bengal, Pin Code- 741235",Ideal Science And Research Welfare Hub,Nadia,West Bengal,Private,B.Sc(N) | GNM,60 (Sixty) | 60 (Sixty),120,741235,2025-2026,INC Yearly Report,https://online.indiannursingcouncil.org/Reports/YearlyReportByState.aspx,2026-09-11T11:44:29.053289
West Bengal|Birbhum|ILLAMBAZAR NURSING INSTITUTE,Illambazar Nursing Institute,"Illambazar Nursing Institute, Vill+P.O- Illambazar, P.S- Illambazar, Illambazar, Distt.- Birbhum, West Bengal, Pin Code- 731214",Illambazar Educational And Welfare Foundation,Birbhum,West Bengal,Private,GNM,60 (Sixty),60,731214,2025-2026,INC Yearly Report,https://online.indiannursingcouncil.org/Reports/YearlyReportByState.aspx,2026-09-11T11:44:29.053289
West Bengal|Kolkata|INSTITUTE OF CHILD HEALTH- FACULTY OF NURSING,Institute Of Child Health- Faculty Of Nursing,"Institute Of Child Health- Faculty Of Nursing, 11, Dr Biresh Guha Street, Kolkata, Distt.- Kolkata, West Bengal, Pin Code- 700017",Nirmala Foundation,Kolkata,West Bengal,Private,GNM | B.Sc(N),60 (Sixty) | 60 (Sixty),120,700017,2025-2026,INC Yearly Report,https://online.indiannursingcouncil.org/Reports/YearlyReportByState.aspx,2026-09-11T11:44:29.053289
West Bengal|North 24 Parganas|INSTITUTE OF NURSING,Institute Of Nursing,"Institute Of Nursing, Brainware University, 398 Ramkrishnapur Roadbarasat, Kolkata, Distt.- North 24 Parganas, West Bengal, Pin Code- 700125",Sabita Devi Education Trust,North 24 Parganas,West Bengal,Private,GNM | B.Sc(N),60 (Sixty) | 60 (Sixty),120,700125,2025-2026,INC Yearly Report,https://online.indiannursingcouncil.org/Reports/YearlyReportByState.aspx,2026-09-11T11:44:29.053289
West Bengal|Nadia|INTERNATIONAL INSTITUTE OF NURSING AND RESEARCH,International Institute Of Nursing And Research,"International Institute Of Nursing And Research, Phase-2, Plot No- A-12,A-13,A-14, Kalyani Industrial Estate, Kalyani, Distt.- Nadia, West Bengal, Pin Code- 741235",Nirmala Foundation,Nadia,West Bengal,Private,M. Sc (N) | P B B.Sc(N) | GNM | B.Sc(N),"15 (Fifteen) Med-Surg-10, Paed- 5 | 60 (Sixty) | 100 (Hundred) | 100 (Hundred)",275,741235,2025-2026,INC Yearly Report,https://online.indiannursingcouncil.org/Reports/YearlyReportByState.aspx,2026-09-11T11:44:29.053289
West Bengal|Kolkata|ISLAMIA HOSPITAL SCHOOL OF NURSING,Islamia Hospital School Of Nursing,"Islamia Hospital School Of Nursing, No 26 E, Dr. Biresh Guha Street, Kolkata, Distt.- Kolkata, West Bengal, Pin Code- 700017",Managing Committee,Kolkata,West Bengal,Private,GNM,40 (Forty),40,700017,2025-2026,INC Yearly Report,https://online.indiannursingcouncil.org/Reports/YearlyReportByState.aspx,2026-09-11T11:44:29.053289
West Bengal|South 24 Parganas|JAGANNATH GUPTA INSTITUTE OF NURSING SCIENCES,Jagannath Gupta Institute Of Nursing Sciences,"Jagannath Gupta Institute Of Nursing Sciences, K.P Mondal Road, Buita, Budge Budge, Kolkata, Distt.- South 24 Parganas, West Bengal, Pin Code- 700137",Urmila Devi Jagannath Gupta Charitable Trust,South 24 Parganas,West Bengal,Private,B.Sc(N) | GNM,200 (TWO HUNDRED) | 100 (One Hundred),300,700137,2025-2026,INC Yearly Report,https://online.indiannursingcouncil.org/Reports/YearlyReportByState.aspx,2026-09-11T11:44:29.053289
West Bengal|Purba Medinipur|JANAKALYAN NURSING INSTITUTE,Janakalyan Nursing Institute,"Janakalyan Nursing Institute, Vill-Osmanpur, P.O- Chaknan, P.S- Chandipur, Chandipur, Distt.- Purba Medinipur, West Bengal, Pin Code- 721633",Tapas Bera Educational Trust,Purba Medinipur,West Bengal,Private,GNM,60 (Sixty),60,721633,2025-2026,INC Yearly Report,https://online.indiannursingcouncil.org/Reports/YearlyReportByState.aspx,2026-09-11T11:44:29.053289
West Bengal|Murshidabad|JIAGANJ SCHOOL COLLEGE OF NURSING,Jiaganj School College Of Nursing,"Jiaganj School College Of Nursing, Sadarghat, P.O. - Jiaganj, Jiaganj, Distt.- Murshidabad, West Bengal, Pin Code- 742123",Jiaganj Educational And Welfare Society,Murshidabad,West Bengal,Private,B.Sc(N) | P B B.Sc(N) | GNM,60 (Sixty) | 40 (Forty) | 30 (Thirty),130,742123,2025-2026,INC Yearly Report,https://online.indiannursingcouncil.org/Reports/YearlyReportByState.aspx,2026-09-11T11:44:29.053289
West Bengal|Nadia|JOY WELFARE NURSING INSTITUTE,Joy Welfare Nursing Institute,"Joy Welfare Nursing Institute, M 1-2, I.G.C, W.B.I.I.D.C, Ph-3, P.O P.S:Kalyani, 12 No. Pally (Bhabanipur) Kalyani Expressway, Kalyani, Distt.- Nadia, West Bengal, Pin Code- 741235",Kalyani Joy Welfare Society,Nadia,West Bengal,Private,GNM,60 (Sixty),60,741235,2025-2026,INC Yearly Report,https://online.indiannursingcouncil.org/Reports/YearlyReportByState.aspx,2026-09-11T11:44:35.325641
West Bengal|Birbhum|KABIGURU NURSING INSTITUTE,Kabiguru Nursing Institute,"Kabiguru Nursing Institute, Vill- Gobindapur, P.O-Muluk, P.S- Bolpur, Vill.- Gobindapur, Tehsil- Bolpur Srinekatan, Distt.- Birbhum, West Bengal, Pin Code- 731204",Swatirtha Foundation,Birbhum,West Bengal,Private,GNM | B.Sc(N),60 (Sixty) | 60 (Sixty),120,731204,2025-2026,INC Yearly Report,https://online.indiannursingcouncil.org/Reports/YearlyReportByState.aspx,2026-09-11T11:44:35.325641
West Bengal|Pashchim Midnapore|KADAMBINI DEVI OSG NURSING INSTITUTE,Kadambini Devi Osg Nursing Institute,"Kadambini Devi Osg Nursing Institute, Vill + P.O:Tanua , P.S - Mohanpur, Mohanpur, Distt.- Pashchim Midnapore, West Bengal, Pin Code- 721436",Mohanpur Educational Trust,Pashchim Midnapore,West Bengal,Private,GNM,60 (Sixty),60,721436,2025-2026,INC Yearly Report,https://online.indiannursingcouncil.org/Reports/YearlyReportByState.aspx,2026-09-11T11:44:35.325641
West Bengal|Purba Bardhaman|KALPANA INSTITUTE OF NURSING,Kalpana Institute Of Nursing,"Kalpana Institute Of Nursing, Rathtala, P.O.- Kanchannagar, Burdwan, Distt.- Purba Bardhaman, West Bengal, Pin Code- 713102",Darshan Institute Of Engineering And Management,Purba Bardhaman,West Bengal,Private,B.Sc(N) | GNM,60 (Sixty) | 60 (Sixty),120,713102,2025-2026,INC Yearly Report,https://online.indiannursingcouncil.org/Reports/YearlyReportByState.aspx,2026-09-11T11:44:35.325641
West Bengal|Bankura|KHRISTIYA SEVA NIKETAN NURSING TRAINING SCHOOL,Khristiya Seva Niketan Nursing Training School,"Khristiya Seva Niketan Nursing Training School, P.O.- Sarenga, Vill.- Sarenga, Tehsil- Sarenga, Distt.- Bankura, West Bengal, Pin Code- 722150",Khristiya Seva Niketan,Bankura,West Bengal,Private,GNM,30 (Thirty),30,722150,2025-2026,INC Yearly Report,https://online.indiannursingcouncil.org/Reports/YearlyReportByState.aspx,2026-09-11T11:44:35.325641
West Bengal|North 24 Parganas|KOLKATA INSTITUTE OF NURSING,Kolkata Institute Of Nursing,"Kolkata Institute Of Nursing, Kathgola, 91-Bus Route, P.S- Rajarhat, Rajarhat, Distt.- North 24 Parganas, West Bengal, Pin Code- 700135",Disha Foundation,North 24 Parganas,West Bengal,Private,GNM,60 (Sixty),60,700135,2025-2026,INC Yearly Report,https://online.indiannursingcouncil.org/Reports/YearlyReportByState.aspx,2026-09-11T11:44:35.325641
West Bengal|Kolkata|KOTHARI INSTITUTE OF NURSING,Kothari Institute Of Nursing,"Kothari Institute Of Nursing, 8/3 Alipore Road, 8/3 Alipore Road, Distt.- Kolkata, West Bengal, Pin Code- 700027",Kothari Medical Centre,Kolkata,West Bengal,Private,B.Sc(N) | GNM,70 (Seventy) | 60 (Sixty),130,700027,2025-2026,INC Yearly Report,https://online.indiannursingcouncil.org/Reports/YearlyReportByState.aspx,2026-09-11T11:44:35.325641
West Bengal|Nadia|KRISHNA NURSING INSTITUTE,Krishna Nursing Institute,"Krishna Nursing Institute, Vill: Narapatipara, P.O. Simurali, Chakdaha, Distt.- Nadia, West Bengal, Pin Code- 741248",Jugal Nath Memorial Society,Nadia,West Bengal,Private,GNM,60 (Sixty),60,741248,2025-2026,INC Yearly Report,https://online.indiannursingcouncil.org/Reports/YearlyReportByState.aspx,2026-09-11T11:44:35.325641
West Bengal|Hooghly|LAKSHMI NURSING INSTITUTE,Lakshmi Nursing Institute,"Lakshmi Nursing Institute, Village P.O.- Sugandha, P.S.- Polba, Vill.- Sugandha, Tehsil- Polba Dadpur, Distt.- Hooghly, West Bengal, Pin Code- 712102",Lakshmi Educational Trust,Hooghly,West Bengal,Private,GNM,60 (Sixty),60,712102,2025-2026,INC Yearly Report,https://online.indiannursingcouncil.org/Reports/YearlyReportByState.aspx,2026-09-11T11:44:35.325641
West Bengal|North 24 Parganas|M R INSTITUTE OF NURSING,M R Institute Of Nursing,"M R Institute Of Nursing, Village + P.O.- Balisha, P.S-Ashokenagar, , Distt.- North 24 Parganas, West Bengal, Pin Code- 743702",M.R. Charitable Trust,North 24 Parganas,West Bengal,Private,B.Sc(N) | GNM,60 (Sixty) | 60 (Sixty),120,743702,2025-2026,INC Yearly Report,https://online.indiannursingcouncil.org/Reports/YearlyReportByState.aspx,2026-09-11T11:44:35.325641
West Bengal|Paschim Bardhaman|MAA SARADA INSTITUTE OF NURSING,Maa Sarada Institute Of Nursing,"Maa Sarada Institute Of Nursing, Village P.O. Malandighi, P.S. - Kanksha, Durgapur, Distt.- Paschim Bardhaman, West Bengal, Pin Code- 713212",Sanaka Educational Trusts Group Of Institutions,Paschim Bardhaman,West Bengal,Private,B.Sc(N) | GNM,100 (One Hundred) | 100 (One Hundred),200,713212,2025-2026,INC Yearly Report,https://online.indiannursingcouncil.org/Reports/YearlyReportByState.aspx,2026-09-11T11:44:35.325641
West Bengal|South 24 Parganas|MAHESHTALA MUNICIPAL INSTITUTE OF NURSING SCIENCES,Maheshtala Municipal Institute Of Nursing Sciences,"Maheshtala Municipal Institute Of Nursing Sciences, B1-38/1 New Santoshpur,Block B,P.O.-Santoshpur, P.S.-Maheshtala, Kolkata, Distt.- South 24 Parganas, West Bengal, Pin Code- 700142",Maheshtala Municipality,South 24 Parganas,West Bengal,Private,B.Sc(N) | GNM,60 (Sixty) | 60 (Sixty),120,700142,2025-2026,INC Yearly Report,https://online.indiannursingcouncil.org/Reports/YearlyReportByState.aspx,2026-09-11T11:44:35.325641
West Bengal|Purulia|MANBHUM INSTITUTE OF NURSING AND MEDICAL SCIENCES,Manbhum Institute Of Nursing And Medical Sciences,"Manbhum Institute Of Nursing And Medical Sciences, Plot No. 251,252,255,256, Post. Dulmi-Nadiha, Tata Road, Purulia , Distt.- Purulia, West Bengal, Pin Code- 723102",Manbhum Society For Educational And Cultural Research,Purulia,West Bengal,Private,GNM,60 (Sixty),60,723102,2025-2026,INC Yearly Report,https://online.indiannursingcouncil.org/Reports/YearlyReportByState.aspx,2026-09-11T11:44:35.325641
West Bengal|Paschim Bardhaman|MANISHA NURSING INSTITUTE,Manisha Nursing Institute,"Manisha Nursing Institute, G.T. Road, Rajbandh, Durgapur, Distt.- Paschim Bardhaman, West Bengal, Pin Code- 713212",Rahul Foundation,Paschim Bardhaman,West Bengal,Private,GNM,100 (One Hundred),100,713212,2025-2026,INC Yearly Report,https://online.indiannursingcouncil.org/Reports/YearlyReportByState.aspx,2026-09-11T11:44:35.325641
West Bengal|Murshidabad|MANMOHINI ACADEMIC INSTITUTION,Manmohini Academic Institution,"Manmohini Academic Institution, 24/A/C/22 Shilpataluk, Kalikapur Road, P.S.- Berhampore, Berhampore, Distt.- Murshidabad, West Bengal, Pin Code- 742101",Manmohini Academic Institution,Murshidabad,West Bengal,Private,GNM | B.Sc(N),60 (Sixty) | 60 (Sixty),120,742101,2025-2026,INC Yearly Report,https://online.indiannursingcouncil.org/Reports/YearlyReportByState.aspx,2026-09-11T11:44:35.325641
West Bengal|Jalpaiguri|MARINA INSTITUTION OF NURSING,Marina Institution Of Nursing,"Marina Institution Of Nursing, Paschim Kuamar Para, P.O- Mohitnagar, P.S- Kotwali, Jalpaiguri, Distt.- Jalpaiguri, West Bengal, Pin Code- 735102",Marina Educational Trust,Jalpaiguri,West Bengal,Private,GNM | B.Sc(N),60 (Sixty) | 60 (Sixty),120,735102,2025-2026,INC Yearly Report,https://online.indiannursingcouncil.org/Reports/YearlyReportByState.aspx,2026-09-11T11:44:35.325641
West Bengal|Purba Medinipur|MATANGINI GOVT. COLLEGE OF NURSING,Matangini Govt. College Of Nursing,"Matangini Govt. College Of Nursing, Tamluk Purba Medinipur District Hospital Campus, P.O.-Tamluk, Tamluk, Distt.- Purba Medinipur, West Bengal, Pin Code- 721636",Government Of West Bengal,Purba Medinipur,West Bengal,Government,B.Sc(N),100 (Hundred),100,721636,2025-2026,INC Yearly Report,https://online.indiannursingcouncil.org/Reports/YearlyReportByState.aspx,2026-09-11T11:44:35.325641
West Bengal|Alipurduar|MATHURA NATH MEMORIAL NUSRING INSTITUTION,Mathura Nath Memorial Nusring Institution,"Mathura Nath Memorial Nusring Institution, P.O.-Falakata, Hathkhola, Falakata,, Distt.- Alipurduar, West Bengal, Pin Code- 735211",Mathura Nath Memorial Trust,Alipurduar,West Bengal,Private,B.Sc(N) | GNM,60 (Sixty) | 60 (Sixty),120,735211,2025-2026,INC Yearly Report,https://online.indiannursingcouncil.org/Reports/YearlyReportByState.aspx,2026-09-11T11:44:35.325641
West Bengal|Kolkata|MATRI BHAVAN COLLEGE OF NURSING RAMAKRISHNA SARADA MISSION,Matri Bhavan College Of Nursing Ramakrishna Sarada Mission,"Matri Bhavan College Of Nursing Ramakrishna Sarada Mission, 29, Sree Mohan Lane, Kolkata, Distt.- Kolkata, West Bengal, Pin Code- 700026",Ramakrishna Sarada Mission,Kolkata,West Bengal,Private,B.Sc(N),50 (Fifty),50,700026,2025-2026,INC Yearly Report,https://online.indiannursingcouncil.org/Reports/YearlyReportByState.aspx,2026-09-11T11:44:35.325641
West Bengal|Hooghly|MEDISKY NURSING INSTITUTE,Medisky Nursing Institute,"Medisky Nursing Institute, Gobra, Dankuni, Hooghly, Dankuni, Distt.- Hooghly, West Bengal, Pin Code- 712702",Dankuni Medical &Amp; Educational Trust,Hooghly,West Bengal,Private,GNM | B.Sc(N),40 (Forty) | 40 (Forty),80,712702,2025-2026,INC Yearly Report,https://online.indiannursingcouncil.org/Reports/YearlyReportByState.aspx,2026-09-11T11:44:35.325641
West Bengal|Nadia|MINERVA SCHOOL AND COLLEGE OF NURSING,Minerva School And College Of Nursing,"Minerva School And College Of Nursing, Bhatjangla, Palpara More, Krishnagar, Distt.- Nadia, West Bengal, Pin Code- 741102",Judge Bagan Ma Tara Socal Welfare Society,Nadia,West Bengal,Private,B.Sc(N) | GNM,60 (Sixty) | 100 (One Hundred),160,741102,2025-2026,INC Yearly Report,https://online.indiannursingcouncil.org/Reports/YearlyReportByState.aspx,2026-09-11T11:44:42.161116
West Bengal|Paschim Bardhaman|MISRA NURSING INSTITUTE OF ASANSOL,Misra Nursing Institute Of Asansol,"Misra Nursing Institute Of Asansol, Bagbandi Road, Near Radhyaswami Satsang, P.O- Kalipahari, Asansol, Distt.- Paschim Bardhaman, West Bengal, Pin Code- 713339",Eastern India Educational Trust,Paschim Bardhaman,West Bengal,Private,B.Sc(N) | GNM,60 (Sixty) | 60 (Sixty),120,713339,2025-2026,INC Yearly Report,https://online.indiannursingcouncil.org/Reports/YearlyReportByState.aspx,2026-09-11T11:44:42.161116
West Bengal|Kolkata|MISSION OF MERCY SCHOOL OF NURSING,Mission Of Mercy School Of Nursing,"Mission Of Mercy School Of Nursing, 125/1, Park Street, Kolkata, Distt.- Kolkata, West Bengal, Pin Code- 700017",Mission Of Mercy Hospital And Research Centre,Kolkata,West Bengal,Private,GNM,50 (Fifty),50,700017,2025-2026,INC Yearly Report,https://online.indiannursingcouncil.org/Reports/YearlyReportByState.aspx,2026-09-11T11:44:42.161116
West Bengal|North 24 Parganas|MOTHER MARY INSTITUTE OF NURSING,Mother Mary Institute Of Nursing,"Mother Mary Institute Of Nursing, Nadibhag, Madhyamgram, North 24 Pgs. 700125, Barasat, Distt.- North 24 Parganas, West Bengal, Pin Code- 700125",Dr Shahidullah Memorial Trust,North 24 Parganas,West Bengal,Private,GNM,60 (Sixty),60,700125,2025-2026,INC Yearly Report,https://online.indiannursingcouncil.org/Reports/YearlyReportByState.aspx,2026-09-11T11:44:42.161116
West Bengal|North 24 Parganas|MOTHER RIJIYA INSTITUTE OF NURSING,Mother Rijiya Institute Of Nursing,"Mother Rijiya Institute Of Nursing, Bira, Balisha, Ashokenagar, Balisha, Distt.- North 24 Parganas, West Bengal, Pin Code- 743234",Sahajpath,North 24 Parganas,West Bengal,Private,B.Sc(N) | GNM,60 (Sixty) | 60 (Sixty),120,743234,2025-2026,INC Yearly Report,https://online.indiannursingcouncil.org/Reports/YearlyReportByState.aspx,2026-09-11T11:44:42.161116
West Bengal|North 24 Parganas|MOTHER TERESA INSTITUTE OF NURSING,Mother Teresa Institute Of Nursing,"Mother Teresa Institute Of Nursing , Vill-Nadibhag, P.O-Kazipara, P.S-Madhyamgram, Vill.- Nadibhag, Tehsil- Barasat-Ii, Distt.- North 24 Parganas, West Bengal, Pin Code- 700125",Mother Teresa Charitable Trust,North 24 Parganas,West Bengal,Private,B.Sc(N) | GNM,60 (Sixty) | 60 (Sixty),120,700125,2025-2026,INC Yearly Report,https://online.indiannursingcouncil.org/Reports/YearlyReportByState.aspx,2026-09-11T11:44:42.161116
West Bengal|Birbhum|MRINALINI DEVI COLLEGE OF NURSING,Mrinalini Devi College Of Nursing,"Mrinalini Devi College Of Nursing, Bahiri Nimtala, Bolpur, Bolpur, Distt.- Birbhum, West Bengal, Pin Code- 731240",Tagore Mission International Education Trust,Birbhum,West Bengal,Private,GNM | B.Sc(N),60 (Sixty) | 60 (Sixty),120,731240,2025-2026,INC Yearly Report,https://online.indiannursingcouncil.org/Reports/YearlyReportByState.aspx,2026-09-11T11:44:42.161116
West Bengal|Bankura|MUKTADHARA NURSING INSTITUTION,Muktadhara Nursing Institution,"Muktadhara Nursing Institution, P.O.-Rasulpur, P.S.-Patrasayer, Vill.- Rasulpur, Tehsil- Patrasayer, Distt.- Bankura, West Bengal, Pin Code- 722205",Muktadhara,Bankura,West Bengal,Private,GNM | B.Sc(N),60 (Sixty) | 60 (Sixty),120,722205,2025-2026,INC Yearly Report,https://online.indiannursingcouncil.org/Reports/YearlyReportByState.aspx,2026-09-11T11:44:42.161116
West Bengal|Murshidabad|MURSHIDABAD NURSING INSTITUTE,Murshidabad Nursing Institute,"Murshidabad Nursing Institute, Berhampore Industrial Estate, Plot No-B-19, 24/A, Kalikapur Road, Berhampore , Distt.- Murshidabad, West Bengal, Pin Code- 742101",Shree Durga Skill Development Centre,Murshidabad,West Bengal,Private,B.Sc(N) | GNM,60 (Sixty) | 60 (Sixty),120,742101,2025-2026,INC Yearly Report,https://online.indiannursingcouncil.org/Reports/YearlyReportByState.aspx,2026-09-11T11:44:42.161116
West Bengal|Paschim Bardhaman|N S H M INSTITUTE OF NURSING,N S H M Institute Of Nursing,"N S H M Institute Of Nursing, N S H M Accademy, Arrah, Shibtala, Via Muchipara, Durgapur, Distt.- Paschim Bardhaman, West Bengal, Pin Code- 713212",Nshm Academy,Paschim Bardhaman,West Bengal,Private,B.Sc(N) | GNM,50 (Fifty) | 50 (Fifty),100,713212,2025-2026,INC Yearly Report,https://online.indiannursingcouncil.org/Reports/YearlyReportByState.aspx,2026-09-11T11:44:42.161116
West Bengal|Paschim Bardhaman|N S M S NURSING INSTITUTE,N S M S Nursing Institute,"N S M S Nursing Institute, Nachan Road, Kamalpur, Durgapur, Distt.- Paschim Bardhaman, West Bengal, Pin Code- 713204",National School Of Management Studies Durgapur Chapter,Paschim Bardhaman,West Bengal,Private,GNM | B.Sc(N),60 (Sixty) | 60 (Sixty),120,713204,2025-2026,INC Yearly Report,https://online.indiannursingcouncil.org/Reports/YearlyReportByState.aspx,2026-09-11T11:44:42.161116
West Bengal|North 24 Parganas|N T S BASIRHAT DISTRICT HOSPITAL,N T S Basirhat District Hospital,"N T S Basirhat District Hospital, Village- Badartala, Naihati, Basirhat, , Distt.- North 24 Parganas, West Bengal, Pin Code- 743292",Government Of West Bengal,North 24 Parganas,West Bengal,Government,GNM,65 (Sixty Five),65,743292,2025-2026,INC Yearly Report,https://online.indiannursingcouncil.org/Reports/YearlyReportByState.aspx,2026-09-11T11:44:42.161116
West Bengal|Nadia|NABADWIP SCHOOL AND COLLEGE OF NURSING,Nabadwip School And College Of Nursing,"Nabadwip School And College Of Nursing, 77/9 Sarkar Para Road, Ward #16, Nabadwip, Distt.- Nadia, West Bengal, Pin Code- 741302",Judge Bagan Ma Tara Social Welfare Society,Nadia,West Bengal,Private,GNM,60 (Sixty),60,741302,2025-2026,INC Yearly Report,https://online.indiannursingcouncil.org/Reports/YearlyReportByState.aspx,2026-09-11T11:44:42.161116
West Bengal|Bankura|NAKSHATRA INSTITUTE OF NURSING,Nakshatra Institute Of Nursing,"Nakshatra Institute Of Nursing, Vill & Po-Rasulpur, Ps-Patrasayer, Rasulpur, Distt.- Bankura, West Bengal, Pin Code- 722205",Nakshatra Educational Trust,Bankura,West Bengal,Private,GNM | B.Sc(N),60 (Sixty) | 60 (Sixty),120,722205,2025-2026,INC Yearly Report,https://online.indiannursingcouncil.org/Reports/YearlyReportByState.aspx,2026-09-11T11:44:42.161116
West Bengal|Paschim Bardhaman|NALANDA NURSING INSTITUTE,Nalanda Nursing Institute,"Nalanda Nursing Institute, Gt Road, Andal More, P.O- Andal, Durgapur, Distt.- Paschim Bardhaman, West Bengal, Pin Code- 713321",Green Education And Welefare Trust,Paschim Bardhaman,West Bengal,Private,B.Sc(N) | GNM,60 (Sixty) | 40 (Forty),100,713321,2025-2026,INC Yearly Report,https://online.indiannursingcouncil.org/Reports/YearlyReportByState.aspx,2026-09-11T11:44:42.161116
West Bengal|North 24 Parganas|NATIONAL INSTITUTE FOR LOCOMOTOR DISABILITIES (DIVYANGJAN),National Institute For Locomotor Disabilities (Divyangjan),"National Institute For Locomotor Disabilities (Divyangjan), B T Road, Boh Hooghly, Kolkata, Distt.- North 24 Parganas, West Bengal, Pin Code- 700090",Dept. Of Empowerment Of Person With Disabilities,North 24 Parganas,West Bengal,Government,M. Sc (N),10 ;Med-Surg- 10 (Ten),10,700090,2025-2026,INC Yearly Report,https://online.indiannursingcouncil.org/Reports/YearlyReportByState.aspx,2026-09-11T11:44:42.161116
West Bengal|Darjeeling|NAVJEEVAN COLLEGE OF NURSING,Navjeevan College Of Nursing,"Navjeevan College Of Nursing, Gayaganga, Po- Kamala Bagan, Siliguri, Distt.- Darjeeling, West Bengal, Pin Code- 734426",Gayaganga Navjeevan Rural Health And Development Society,Darjeeling,West Bengal,Private,B.Sc(N) | GNM,40 (Forty) | 40 (Forty),80,734426,2025-2026,INC Yearly Report,https://online.indiannursingcouncil.org/Reports/YearlyReportByState.aspx,2026-09-11T11:44:42.161116
West Bengal|North 24 Parganas|NAWJAN INSTITUTE OF NURSING,Nawjan Institute Of Nursing,"Nawjan Institute Of Nursing, Vill-Tona, P.O- Baidyapur, P.S. - Shason, Barasat, Distt.- North 24 Parganas, West Bengal, Pin Code- 743423",Rizia Bibi Foundation,North 24 Parganas,West Bengal,Private,GNM,40 (Forty),40,743423,2025-2026,INC Yearly Report,https://online.indiannursingcouncil.org/Reports/YearlyReportByState.aspx,2026-09-11T11:44:49.000454
West Bengal|Kolkata|NEOTIA ACADEMY NURSING TRAINING INSTITUTE,Neotia Academy Nursing Training Institute,"Neotia Academy Nursing Training Institute, 2052, Chakgaria, Ward No 109, Borough No 12, Kolkata, Distt.- Kolkata, West Bengal, Pin Code- 700084",Park Hospitals,Kolkata,West Bengal,Private,GNM | B.Sc(N) | M. Sc (N),60 (Sixty) | 60 (Sixty) | 15 (Fifteen) Med Sur-04 Paed-03 Obg-03 Chn-02 Psy-03,135,700084,2025-2026,INC Yearly Report,https://online.indiannursingcouncil.org/Reports/YearlyReportByState.aspx,2026-09-11T11:44:49.000454
West Bengal|South 24 Parganas|NEWTOWN INSTITUTE OF NURSING SCIENCE,Newtown Institute Of Nursing Science,"Newtown Institute Of Nursing Science, Village + P.O.-Shonepur, P.S.-Kashipur, Bhangar Phase-2, Kolkata, Distt.- South 24 Parganas, West Bengal, Pin Code- 700135",Bookleaf Educational Trust,South 24 Parganas,West Bengal,Private,GNM | B.Sc(N),60 (Sixty) | 60 (Sixty),120,700135,2025-2026,INC Yearly Report,https://online.indiannursingcouncil.org/Reports/YearlyReportByState.aspx,2026-09-11T11:44:49.000454
West Bengal|Nadia|NILACHAL INSTITUTE OF NURSING AND HEALTH SCIENCES,Nilachal Institute Of Nursing And Health Sciences,"Nilachal Institute Of Nursing And Health Sciences , Vill-Kanthalberia (Dakshinpara), P.O-Bethuadahari, P.S-Nakashipara, Bethuadahari, Distt.- Nadia, West Bengal, Pin Code- 741126",Florence Nightingale Educational And Welfare Trust,Nadia,West Bengal,Private,B.Sc(N) | GNM,60 (Sixty) | 60 (Sixty),120,741126,2025-2026,INC Yearly Report,https://online.indiannursingcouncil.org/Reports/YearlyReportByState.aspx,2026-09-11T11:44:49.000454
West Bengal|Jalpaiguri|NILANJANA MEMORIAL NURSING ACADEMY,Nilanjana Memorial Nursing Academy,"Nilanjana Memorial Nursing Academy, Telanipara, Besides P.K. Roy High School, Binnagudi Mouza, P.O.- Sahudangi, Sahudangi, Distt.- Jalpaiguri, West Bengal, Pin Code- 735135",Careernext Welfare Society,Jalpaiguri,West Bengal,Private,GNM,60 (Sixty),60,735135,2025-2026,INC Yearly Report,https://online.indiannursingcouncil.org/Reports/YearlyReportByState.aspx,2026-09-11T11:44:49.000454
West Bengal|Jalpaiguri|NIVEDITA INSTITUTE OF NURSING,Nivedita Institute Of Nursing,"Nivedita Institute Of Nursing, Bankim Nagar, P.S.-Bhakti Nagar, Sevoke Road, Siliguri, Distt.- Jalpaiguri, West Bengal, Pin Code- 734001",Nivedita Foundation,Jalpaiguri,West Bengal,Private,GNM,60 (Sixty),60,734001,2025-2026,INC Yearly Report,https://online.indiannursingcouncil.org/Reports/YearlyReportByState.aspx,2026-09-11T11:44:49.000454
West Bengal|Koch Behar|NIVEDITA NURSING INSTITUTE,Nivedita Nursing Institute,"Nivedita Nursing Institute, Dawaguri, Kalerpar, Cooch Behar, Distt.- Koch Behar, West Bengal, Pin Code- 736101",Sister Nivedita Public Charitable Trust,Koch Behar,West Bengal,Private,GNM,60 (Sixty),60,736101,2025-2026,INC Yearly Report,https://online.indiannursingcouncil.org/Reports/YearlyReportByState.aspx,2026-09-11T11:44:49.000454
West Bengal|South 24 Parganas|NORTH POINT NURSING INSTITUTE,North Point Nursing Institute,"North Point Nursing Institute, Beliachandi, Gocharan, Joynagar, Distt.- South 24 Parganas, West Bengal, Pin Code- 743391",Bankim Hazra Educational And Social Welfare Trustturst,South 24 Parganas,West Bengal,Private,GNM,60 (Sixty),60,743391,2025-2026,INC Yearly Report,https://online.indiannursingcouncil.org/Reports/YearlyReportByState.aspx,2026-09-11T11:44:49.000454
West Bengal|Darjeeling|NOVENA SCHOOL OF NURSING,Novena School Of Nursing,"Novena School Of Nursing, Himacha Vihar, Phase 3, Matigara, Darjiling, Distt.- Darjeeling, West Bengal, Pin Code- 734010",Dr. Chhang's Super Specialty Hospital Pvt. Ltd.,Darjeeling,West Bengal,Private,GNM | B.Sc(N),50 (Fifty) | 60 (Sixty),110,734010,2025-2026,INC Yearly Report,https://online.indiannursingcouncil.org/Reports/YearlyReportByState.aspx,2026-09-11T11:44:49.000454
West Bengal|Kolkata|NURSES TRAINING CENTRE,Nurses Training Centre,"Nurses Training Centre, 93 Bagmari Road, E.S.I. Hospital, Manicktala, Vill.- Manicktala, Tehsil- Kolkata, Distt.- Kolkata, West Bengal, Pin Code- 700005",Govt. Of West Bengal,Kolkata,West Bengal,Government,GNM,50 (Fifty),50,700005,2025-2026,INC Yearly Report,https://online.indiannursingcouncil.org/Reports/YearlyReportByState.aspx,2026-09-11T11:44:49.000454
West Bengal|Kolkata|NURSING TRAINING SCHOOL ( ANMR),Nursing Training School ( Anmr),"Nursing Training School ( Anmr), I D & B G Hospital, 57 Beliaghata Main Road, Kolkata, Distt.- Kolkata, West Bengal, Pin Code- 700010",Govt. Of West Bengal,Kolkata,West Bengal,Government,ANM,100 (One Hundred),100,700010,2025-2026,INC Yearly Report,https://online.indiannursingcouncil.org/Reports/YearlyReportByState.aspx,2026-09-11T11:44:49.000454
West Bengal|North 24 Parganas|NURSING TRAINING SCHOOL,Nursing Training School,"Nursing Training School , Ashok Nagar State General Hospital, P.O.- Ashok Nagar, Ashoknagar, Distt.- North 24 Parganas, West Bengal, Pin Code- 743222",Government Of West Bengal,North 24 Parganas,West Bengal,Government,GNM,85 (Eighty Five),85,743222,2025-2026,INC Yearly Report,https://online.indiannursingcouncil.org/Reports/YearlyReportByState.aspx,2026-09-11T11:44:49.000454
West Bengal|Paschim Bardhaman|NURSING TRAINING SCHOOL,Nursing Training School,"Nursing Training School, Asansol District Hospital, Old L M Hospital, N S Road, Asansol, Distt.- Paschim Bardhaman, West Bengal, Pin Code- 713301",Govt. Of West Bengal,Paschim Bardhaman,West Bengal,Government,ANM | GNM,60 (Sixty) | 30 (Thirty),90,713301,2025-2026,INC Yearly Report,https://online.indiannursingcouncil.org/Reports/YearlyReportByState.aspx,2026-09-11T11:44:49.000454
West Bengal|Dakshin Dinajpur|NURSING TRAINING SCHOOL,Nursing Training School,"Nursing Training School, Balurghat District Hospital, Vill.- Raghunathpur, Tehsil- Balurghat, Distt.- Dakshin Dinajpur, West Bengal, Pin Code- 733103",Govt. Of West Bengal,Dakshin Dinajpur,West Bengal,Government,GNM,65 (Sixty Five),65,733103,2025-2026,INC Yearly Report,https://online.indiannursingcouncil.org/Reports/YearlyReportByState.aspx,2026-09-11T11:44:49.000454
West Bengal|Bankura|NURSING TRAINING SCHOOL,Nursing Training School,"Nursing Training School, Bankura Sammilani Medical College Hospital, Gobindanagar, Bankura, Bankura, Distt.- Bankura, West Bengal, Pin Code- 722102",Govt. Of West Bengal,Bankura,West Bengal,Government,GNM,95 (Ninety Five),95,722102,2025-2026,INC Yearly Report,https://online.indiannursingcouncil.org/Reports/YearlyReportByState.aspx,2026-09-11T11:44:49.000454
West Bengal|Koch Behar|NURSING TRAINING SCHOOL,Nursing Training School,"Nursing Training School, Biswa Singha Road, Attached To Mjn Hospital, Cooch Behar, Distt.- Koch Behar, West Bengal, Pin Code- 736101",Govt. Of West Bengal,Koch Behar,West Bengal,Government,GNM,50 (Fifty),50,736101,2025-2026,INC Yearly Report,https://online.indiannursingcouncil.org/Reports/YearlyReportByState.aspx,2026-09-11T11:44:49.000454
West Bengal|Purba Bardhaman|NURSING TRAINING SCHOOL,Nursing Training School,"Nursing Training School, Burdwan Medical College Hospital, Rajbati, , Distt.- Purba Bardhaman, West Bengal, Pin Code- 713104",Govt. Of West Bengal,Purba Bardhaman,West Bengal,Government,GNM,100 (One Hundred),100,713104,2025-2026,INC Yearly Report,https://online.indiannursingcouncil.org/Reports/YearlyReportByState.aspx,2026-09-11T11:44:49.000454
West Bengal|Kolkata|NURSING TRAINING SCHOOL,Nursing Training School,"Nursing Training School, Chittaranjan Seva Sadan & Sishu Sadan Hospital, 37, S.P. Mukherjee Road, Kolkata, Distt.- Kolkata, West Bengal, Pin Code- 700026",Govt. Of West Bengal,Kolkata,West Bengal,Government,GNM,56 (Fifty) Six,56,700026,2025-2026,INC Yearly Report,https://online.indiannursingcouncil.org/Reports/YearlyReportByState.aspx,2026-09-11T11:44:49.000454
West Bengal|Nadia|NURSING TRAINING SCHOOL,Nursing Training School,"Nursing Training School, College Of Medicine J.N.M Hospital, Kalyani, Distt.- Nadia, West Bengal, Pin Code- 741235",Govt. Of West Bengal,Nadia,West Bengal,Government,GNM | ANM,60 (Sixty) | 50 (Fifty),110,741235,2025-2026,INC Yearly Report,https://online.indiannursingcouncil.org/Reports/YearlyReportByState.aspx,2026-09-11T11:44:49.000454
West Bengal|Hooghly|NURSING TRAINING SCHOOL,Nursing Training School,"Nursing Training School, District Hospital, Chinsurah, Distt.- Hooghly, West Bengal, Pin Code- 712101",Govt. Of West Bengal,Hooghly,West Bengal,Government,GNM,60 (Sixty),60,712101,2025-2026,INC Yearly Report,https://online.indiannursingcouncil.org/Reports/YearlyReportByState.aspx,2026-09-11T11:44:49.000454
West Bengal|Darjeeling|NURSING TRAINING SCHOOL,Nursing Training School,"Nursing Training School, District Hospital, Darjeeling, Distt.- Darjeeling, West Bengal, Pin Code- 734101",Govt. Of West Bengal,Darjeeling,West Bengal,Government,GNM | ANM,75 (Seventy Five) | 50 (Fifty),125,734101,2025-2026,INC Yearly Report,https://online.indiannursingcouncil.org/Reports/YearlyReportByState.aspx,2026-09-11T11:44:49.000454
West Bengal|Howrah|NURSING TRAINING SCHOOL,Nursing Training School,"Nursing Training School, District Hospital, 8, Biplabi Haren Ghosh Sarani, P.O.- Howrah, Howrah, Distt.- Howrah, West Bengal, Pin Code- 711101",Govt Of West Bengal,Howrah,West Bengal,Government,GNM,50 ( Fifty),50,711101,2025-2026,INC Yearly Report,https://online.indiannursingcouncil.org/Reports/YearlyReportByState.aspx,2026-09-11T11:44:49.000454
West Bengal|Malda|NURSING TRAINING SCHOOL,Nursing Training School,"Nursing Training School, District Hospital, Malda Medical College & Hospital, P.S. English Bazar, Malda, Distt.- Malda, West Bengal, Pin Code- 732101",Govt. Of West Bengal,Malda,West Bengal,Government,GNM,50 (Fifty),50,732101,2025-2026,INC Yearly Report,https://online.indiannursingcouncil.org/Reports/YearlyReportByState.aspx,2026-09-11T11:44:49.000454
West Bengal|Jalpaiguri|NURSING TRAINING SCHOOL,Nursing Training School,"Nursing Training School, District Hospital, P.S-Kotwali, Jalpaiguri, Distt.- Jalpaiguri, West Bengal, Pin Code- 735101",Govt. Of West Bengal,Jalpaiguri,West Bengal,Government,GNM,80 (Eighty),80,735101,2025-2026,INC Yearly Report,https://online.indiannursingcouncil.org/Reports/YearlyReportByState.aspx,2026-09-11T11:44:49.000454
West Bengal|Uttar Dinajpur|NURSING TRAINING SCHOOL,Nursing Training School,"Nursing Training School, Kaliyaganj State General Hospital, Kaliyaganj, Distt.- Uttar Dinajpur, West Bengal, Pin Code- 733129",Govt. Of West Bengal,Uttar Dinajpur,West Bengal,Government,ANM,50 (Fifty),50,733129,2025-2026,INC Yearly Report,https://online.indiannursingcouncil.org/Reports/YearlyReportByState.aspx,2026-09-11T11:44:56.004098
West Bengal|Alipurduar|NURSING TRAINING SCHOOL,Nursing Training School,"Nursing Training School, Lipurduar District Hospital, Hospital Road, Alipurduar, Distt.- Alipurduar, West Bengal, Pin Code- 736121",Government Of West Bengal,Alipurduar,West Bengal,Government,ANM | GNM,30 (Thirty) | 50 (Fifty),80,736121,2025-2026,INC Yearly Report,https://online.indiannursingcouncil.org/Reports/YearlyReportByState.aspx,2026-09-11T11:44:56.004098
West Bengal|Pashchim Midnapore|NURSING TRAINING SCHOOL,Nursing Training School,"Nursing Training School, Medinipur Medical College And Hospital, Medinipur, Distt.- Pashchim Midnapore, West Bengal, Pin Code- 721101",Govt. Of West Bengal,Pashchim Midnapore,West Bengal,Government,GNM,60 (Sixty),60,721101,2025-2026,INC Yearly Report,https://online.indiannursingcouncil.org/Reports/YearlyReportByState.aspx,2026-09-11T11:44:56.004098
West Bengal|Murshidabad|NURSING TRAINING SCHOOL,Nursing Training School,"Nursing Training School, Murshidabad Medical College & Hospital, Station Road, Berhampore, Distt.- Murshidabad, West Bengal, Pin Code- 742101",Govt. Of West Bengal,Murshidabad,West Bengal,Government,ANM | GNM,50 (Fifty) | 60 (Sixty),110,742101,2025-2026,INC Yearly Report,https://online.indiannursingcouncil.org/Reports/YearlyReportByState.aspx,2026-09-11T11:44:56.004098
West Bengal|Birbhum|NURSING TRAINING SCHOOL,Nursing Training School,"Nursing Training School, Suri Sadar Hospital, P O-Suri, Suri, Distt.- Birbhum, West Bengal, Pin Code- 731101",Government Of Health And Family Welfare,Birbhum,West Bengal,Government,ANM | GNM,50 (Fifty) | 100 (Hundred),150,731101,2025-2026,INC Yearly Report,https://online.indiannursingcouncil.org/Reports/YearlyReportByState.aspx,2026-09-11T11:44:56.004098
West Bengal|Purba Medinipur|NURSING TRAINING SCHOOL,Nursing Training School,"Nursing Training School, Tamrolipto Government Medical College & Hospital, Tamluk, Distt.- Purba Medinipur, West Bengal, Pin Code- 721636",Govt. Of West Bengal,Purba Medinipur,West Bengal,Government,GNM,100 (One Hundred),100,721636,2025-2026,INC Yearly Report,https://online.indiannursingcouncil.org/Reports/YearlyReportByState.aspx,2026-09-11T11:44:56.004098
West Bengal|Murshidabad|PARBATIPUR NURSING INSTITUTE,Parbatipur Nursing Institute,"Parbatipur Nursing Institute, Vill - Parbatipur, P.S - Khargram, Eroali, Distt.- Murshidabad, West Bengal, Pin Code- 742147",Parbatipur Educational Trust,Murshidabad,West Bengal,Private,GNM,60 (Sixty),60,742147,2025-2026,INC Yearly Report,https://online.indiannursingcouncil.org/Reports/YearlyReportByState.aspx,2026-09-11T11:44:56.004098
West Bengal|Kolkata|PEERLESS INSTITUTE OF NURSING,Peerless Institute Of Nursing,"Peerless Institute Of Nursing, Peerless Hospital B. K. Roy Research Centre, 360 Panchasayar , Kolkata, Distt.- Kolkata, West Bengal, Pin Code- 700094",Peerless Hospitex Hospital And Research Center Limited,Kolkata,West Bengal,Private,B.Sc(N) | P B B.Sc(N) | GNM,30 (Thirty) | 40 (Forty) | 40 (Forty),110,700094,2025-2026,INC Yearly Report,https://online.indiannursingcouncil.org/Reports/YearlyReportByState.aspx,2026-09-11T11:44:56.004098
West Bengal|Darjeeling|PRAGATI NURSING COLLEGE & PRAGATI NURSING SCHOOLL,Pragati Nursing College & Pragati Nursing Schooll,"Pragati Nursing College & Pragati Nursing Schooll, Vill-Kalaram Phansi Dewa Road, P.S- Phansi Dewa, P.O-Rangapani, Siliguri, Distt.- Darjeeling, West Bengal, Pin Code- 734434",Pragati Educational Trust,Darjeeling,West Bengal,Private,GNM | B.Sc(N),60 (Sixty) | 60 (Sixty),120,734434,2025-2026,INC Yearly Report,https://online.indiannursingcouncil.org/Reports/YearlyReportByState.aspx,2026-09-11T11:44:56.004098
West Bengal|Paschim Bardhaman|PRAMOTH NATH DAS ACADEMY OF NURSING,Pramoth Nath Das Academy Of Nursing,"Pramoth Nath Das Academy Of Nursing, Burnpur Riverside Road, Post- Hirapur, , Distt.- Paschim Bardhaman, West Bengal, Pin Code- 713325",Pramoth Nath Memorial Trust,Paschim Bardhaman,West Bengal,Private,GNM | B.Sc(N),60 (Sixty) | 60 (Sixty),120,713325,2025-2026,INC Yearly Report,https://online.indiannursingcouncil.org/Reports/YearlyReportByState.aspx,2026-09-11T11:44:56.004098
West Bengal|Pashchim Midnapore|PRATIMA INSTITUTE OF NURSING AND HEALTH SCIENCE,Pratima Institute Of Nursing And Health Science,"Pratima Institute Of Nursing And Health Science, Rangamati, P.O.- Vidyasagar University, P.S.- Kotwali, Midnapore, Distt.- Pashchim Midnapore, West Bengal, Pin Code- 721102",Jangalmahal Educational And Welfare Trust,Pashchim Midnapore,West Bengal,Private,GNM | B.Sc(N),60 (Sixty) | 60 (Sixty),120,721102,2025-2026,INC Yearly Report,https://online.indiannursingcouncil.org/Reports/YearlyReportByState.aspx,2026-09-11T11:44:56.004098
West Bengal|North 24 Parganas|PRIYAMVADA BIRLA INSTITUTE OF NURSING,Priyamvada Birla Institute Of Nursing,"Priyamvada Birla Institute Of Nursing, I.I.F/9, A.A-I.I.F, Newtown, Rajarhat, Kolkata, Distt.- North 24 Parganas, West Bengal, Pin Code- 700156",Belle Vue Clinic,North 24 Parganas,West Bengal,Private,M. Sc (N) | B.Sc(N) | GNM | P B B.Sc(N),"10 (Ten): MED-SURG.-05, PAED-05 | 100 (One Hundred) | 100 (One Hundred) | 50 (Fifty)",260,700156,2025-2026,INC Yearly Report,https://online.indiannursingcouncil.org/Reports/YearlyReportByState.aspx,2026-09-11T11:45:02.319582
West Bengal|Purba Bardhaman|PROMOTEES TRAINING SCHOOL,Promotees Training School,"Promotees Training School, Jagatberh, P.O.-Sripally , P.S.-Barddhaman Sadar, Barddhaman, Distt.- Purba Bardhaman, West Bengal, Pin Code- 713103",Government Of West Bengal,Purba Bardhaman,West Bengal,Government,ANM,60 (Sixty),60,713103,2025-2026,INC Yearly Report,https://online.indiannursingcouncil.org/Reports/YearlyReportByState.aspx,2026-09-11T11:45:02.319582
West Bengal|Howrah|QUEENSLAND ACADEMY OF NURSING,Queensland Academy Of Nursing,"Queensland Academy Of Nursing, Fuleswar Beltola More, Near Fuleswar Railway Station(North Side),Fuleswar, Uluberia,Howrah, Howrah, Distt.- Howrah, West Bengal, Pin Code- 711316",Queensland Academy Of Nursing Foundation,Howrah,West Bengal,Private,GNM | B.Sc(N),60 (Sixty) | 60 (Sixty),120,711316,2025-2026,INC Yearly Report,https://online.indiannursingcouncil.org/Reports/YearlyReportByState.aspx,2026-09-11T11:45:02.319582
West Bengal|Uttar Dinajpur|RAIGANJ NIGHTINGALE INSTITUTE OF NURSING SCIENCES,Raiganj Nightingale Institute Of Nursing Sciences,"Raiganj Nightingale Institute Of Nursing Sciences, P.O.-Khalshi, P.S.-Raiganj, Vill.- Gobindapur, Tehsil- Raiganj, Distt.- Uttar Dinajpur, West Bengal, Pin Code- 733134",Mother Teresa Educational And Welfare Trust,Uttar Dinajpur,West Bengal,Private,B.Sc(N) | GNM,60 (Sixty) | 60 (Sixty),120,733134,2025-2026,INC Yearly Report,https://online.indiannursingcouncil.org/Reports/YearlyReportByState.aspx,2026-09-11T11:45:02.319582
West Bengal|Purba Bardhaman|RAIPUR RABINDRA VIVEK NURSING INSTITUTE,Raipur Rabindra Vivek Nursing Institute,"Raipur Rabindra Vivek Nursing Institute, Vill - Sapar, P.O.- Chandrahati, P.S. - Dewandighi, Bardhaman, Distt.- Purba Bardhaman, West Bengal, Pin Code- 713102",Radha Krishna Educational Charitable Trust,Purba Bardhaman,West Bengal,Private,B.Sc(N) | GNM,60 (Sixty) | 60 (Sixty),120,713102,2025-2026,INC Yearly Report,https://online.indiannursingcouncil.org/Reports/YearlyReportByState.aspx,2026-09-11T11:45:02.319582
West Bengal|North 24 Parganas|RAJIB GANDHI NURSING TRAINING SCHOOL,Rajib Gandhi Nursing Training School,"Rajib Gandhi Nursing Training School, 167, Badamtala, P.O-Fingapara, P.S-Jagaddal, , Distt.- North 24 Parganas, West Bengal, Pin Code- 743129",Sarada Educational Society,North 24 Parganas,West Bengal,Private,GNM,60 (Sixty),60,743129,2025-2026,INC Yearly Report,https://online.indiannursingcouncil.org/Reports/YearlyReportByState.aspx,2026-09-11T11:45:02.319582
West Bengal|Kolkata|RAMKRISHNA MISSION SEVA PRATISTHAN,Ramkrishna Mission Seva Pratisthan,"Ramkrishna Mission Seva Pratisthan, 99, Sarat Bose Road, Kolkata, Distt.- Kolkata, West Bengal, Pin Code- 700026",Ramakrishna Mission Seva Pratishthan,Kolkata,West Bengal,Private,GNM | B.Sc(N) | P B B.Sc(N),40 (Forty) | 40 (Forty) | 25 (Twenty Five),105,700026,2025-2026,INC Yearly Report,https://online.indiannursingcouncil.org/Reports/YearlyReportByState.aspx,2026-09-11T11:45:02.319582
West Bengal|Birbhum|RAMPURHAT NURSING INSTITUTION,Rampurhat Nursing Institution,"Rampurhat Nursing Institution, Vill- Krishnanagar, P.O-Mahurapur, P.S- Mollarpur, , Distt.- Birbhum, West Bengal, Pin Code- 731213",Mallarpur Integrated Village Development Society,Birbhum,West Bengal,Private,GNM | B.Sc(N),60 (Sixty) | 40 (Forty),100,731213,2025-2026,INC Yearly Report,https://online.indiannursingcouncil.org/Reports/YearlyReportByState.aspx,2026-09-11T11:45:02.319582
West Bengal|Birbhum|RANGAMATI INSTITUTE OF NURSING,Rangamati Institute Of Nursing,"Rangamati Institute Of Nursing, Village + P.O- Banior, P.S- Nalhati, Nalhati, Distt.- Birbhum, West Bengal, Pin Code- 731243",Rangamati Unnayan Trust,Birbhum,West Bengal,Private,GNM,60 (Sixty),60,731243,2025-2026,INC Yearly Report,https://online.indiannursingcouncil.org/Reports/YearlyReportByState.aspx,2026-09-11T11:45:02.319582
West Bengal|Bankura|RASULPUR PROTIK NURSING INSTITUTION,Rasulpur Protik Nursing Institution,"Rasulpur Protik Nursing Institution, Vill. Po-Rasulpur, Ps-Patrasayer, Rasulpur, Distt.- Bankura, West Bengal, Pin Code- 722205",Rasulpur Protik,Bankura,West Bengal,Private,GNM | B.Sc(N),60 (Sixty) | 60 (Sixty),120,722205,2025-2026,INC Yearly Report,https://online.indiannursingcouncil.org/Reports/YearlyReportByState.aspx,2026-09-11T11:45:02.319582
West Bengal|Kolkata|RAVEL INSTITUTE OF NURSING,Ravel Institute Of Nursing,"Ravel Institute Of Nursing, Rajarhat Kamarbari, P.O.-Bishnupur, P.S.- Rajarhat, Kolkata, Distt.- Kolkata, West Bengal, Pin Code- 700135",Sudama Educational Trust,Kolkata,West Bengal,Private,B.Sc(N) | GNM,60 (Sixty) | 60 (Sixty),120,700135,2025-2026,INC Yearly Report,https://online.indiannursingcouncil.org/Reports/YearlyReportByState.aspx,2026-09-11T11:45:02.319582
West Bengal|Paschim Bardhaman|ROYAL INSTITUTE OF NURSING AND MEDICAL SCIENCES,Royal Institute Of Nursing And Medical Sciences,"Royal Institute Of Nursing And Medical Sciences, Nh-2, Banskopa, Post-Rajbandh, P.S.-Kanksa, Durgapur, Distt.- Paschim Bardhaman, West Bengal, Pin Code- 713212",Durgapur Himu Educational And Welfare Society,Paschim Bardhaman,West Bengal,Private,GNM | B.Sc(N),50 (Fifty) | 100 (One Hundred),150,713212,2025-2026,INC Yearly Report,https://online.indiannursingcouncil.org/Reports/YearlyReportByState.aspx,2026-09-11T11:45:02.319582
West Bengal|Uttar Dinajpur|S B SCHOOL OF NURSING,S B School Of Nursing,"S B School Of Nursing, Village: Ratanpur, P.O.-Bindole, P.S.-Raiganj, , Distt.- Uttar Dinajpur, West Bengal, Pin Code- 733156",Netajee Subhash Chandra Bose Institute Of Education,Uttar Dinajpur,West Bengal,Private,GNM,60 (Sixty),60,733156,2025-2026,INC Yearly Report,https://online.indiannursingcouncil.org/Reports/YearlyReportByState.aspx,2026-09-11T11:45:02.319582
West Bengal|Kolkata|SADHANA MEMORIAL SCHOOL OF NURSING,Sadhana Memorial School Of Nursing,"Sadhana Memorial School Of Nursing, K P C Medical College Hospital, 1F, Raja Subodh Mullick Road, Jadavpur , Kolkata, Distt.- Kolkata, West Bengal, Pin Code- 700032",K P C Medical College And Hospital Society,Kolkata,West Bengal,Private,GNM,60 (Sixty),60,700032,2025-2026,INC Yearly Report,https://online.indiannursingcouncil.org/Reports/YearlyReportByState.aspx,2026-09-11T11:45:02.319582
West Bengal|Birbhum|SAINTHIA NURSING INSTITUTE,Sainthia Nursing Institute,"Sainthia Nursing Institute, P.O.-Deriapur, P.S.-Sainthia, Vill.- Daikota, Tehsil- Suri-I, Distt.- Birbhum, West Bengal, Pin Code- 731234",Gitanjali Foundation New,Birbhum,West Bengal,Private,B.Sc(N) | GNM,60 (Sixty) | 60 (Sixty),120,731234,2025-2026,INC Yearly Report,https://online.indiannursingcouncil.org/Reports/YearlyReportByState.aspx,2026-09-11T11:45:02.319582
West Bengal|Pashchim Midnapore|SALBONI INSTITUTE OF NURSING,Salboni Institute Of Nursing,"Salboni Institute Of Nursing, Bankibandh, P.O. Saiyedpur , Salboni, Distt.- Pashchim Midnapore, West Bengal, Pin Code- 741127",Salbani Institute Of Technology,Pashchim Midnapore,West Bengal,Private,B.Sc(N) | GNM,60 (Sixty) | 60 (Sixty),120,741127,2025-2026,INC Yearly Report,https://online.indiannursingcouncil.org/Reports/YearlyReportByState.aspx,2026-09-11T11:45:02.319582
West Bengal|Purba Medinipur|SAMAJKALYAN NURSING INSTITUTE,Samajkalyan Nursing Institute,"Samajkalyan Nursing Institute, Vill- Chatra, P.O.&#8211; Ramtarakhat, P.S.&#8211;Tamluk, Tamluk, Distt.- Purba Medinipur, West Bengal, Pin Code- 721151",Midnapore District Council For Social Welfare,Purba Medinipur,West Bengal,Private,B.Sc(N) | GNM,60 (Sixty) | 60 (Sixty),120,721151,2025-2026,INC Yearly Report,https://online.indiannursingcouncil.org/Reports/YearlyReportByState.aspx,2026-09-11T11:45:08.678994
West Bengal|Purba Bardhaman|SAMRIDDHI INSTITUTE OF NURSING,Samriddhi Institute Of Nursing,"Samriddhi Institute Of Nursing, Vill-Saraitika, P.O.-Rajbati, Burdwan, Distt.- Purba Bardhaman, West Bengal, Pin Code- 713104",Samriddhi Welfare Trust,Purba Bardhaman,West Bengal,Private,GNM,60 (Sixty),60,713104,2025-2026,INC Yearly Report,https://online.indiannursingcouncil.org/Reports/YearlyReportByState.aspx,2026-09-11T11:45:08.678994
West Bengal|Howrah|SANJIBAN COLLEGE OF NURSING,Sanjiban College Of Nursing,"Sanjiban College Of Nursing, Fuleswar, P.O.-Sijberia, P.S.-Uluberia, Howrah, Distt.- Howrah, West Bengal, Pin Code- 711316",Chikitsabrati Udyog,Howrah,West Bengal,Private,B.Sc(N) | GNM,60 (Sixty) | 100 (One Hundred),160,711316,2025-2026,INC Yearly Report,https://online.indiannursingcouncil.org/Reports/YearlyReportByState.aspx,2026-09-11T11:45:08.678994
West Bengal|Nadia|SANJOY MEMORIAL ACADEMY OF NURSING AND RESEARCH,Sanjoy Memorial Academy Of Nursing And Research,"Sanjoy Memorial Academy Of Nursing And Research, Gate No 7, Balindi, Near Bsf Camp, Kalyani More, Haringhata, Kalyani, Distt.- Nadia, West Bengal, Pin Code- 741246",Bhattacharya Engineering Education And Research Trust,Nadia,West Bengal,Private,GNM | B.Sc(N),60 (Sixty) | 60 (Sixty),120,741246,2025-2026,INC Yearly Report,https://online.indiannursingcouncil.org/Reports/YearlyReportByState.aspx,2026-09-11T11:45:08.678994
West Bengal|Birbhum|SANTINIKETAN GOVERNMENT COLLEGE OF NURSING,Santiniketan Government College Of Nursing,"Santiniketan Government College Of Nursing, Bolpur Sd Hospital, Bolpur, Distt.- Birbhum, West Bengal, Pin Code- 731204",Government Of West Bengal,Birbhum,West Bengal,Government,B.Sc(N),100 (One Hundred),100,731204,2025-2026,INC Yearly Report,https://online.indiannursingcouncil.org/Reports/YearlyReportByState.aspx,2026-09-11T11:45:08.678994
West Bengal|Birbhum|SANTINIKETAN NURSING INSTITUTE,Santiniketan Nursing Institute,"Santiniketan Nursing Institute, Duttapukur Para, Suri, Suri, Distt.- Birbhum, West Bengal, Pin Code- 731101",Tagore Foundation,Birbhum,West Bengal,Private,B.Sc(N) | GNM,60 (Sixty) | 60 (Sixty),120,731101,2025-2026,INC Yearly Report,https://online.indiannursingcouncil.org/Reports/YearlyReportByState.aspx,2026-09-11T11:45:08.678994
West Bengal|Birbhum|SANTINIKETAN SEBANIKETAN NURSING INSTITUTE,Santiniketan Sebaniketan Nursing Institute,"Santiniketan Sebaniketan Nursing Institute, Vill-Tatarpur, P.O- Muluk, P.S.- Bolpur, Bolpur, Distt.- Birbhum, West Bengal, Pin Code- 731204",Swadhin,Birbhum,West Bengal,Private,GNM | B.Sc(N),60 (Sixty) | 60 (Sixty),120,731204,2025-2026,INC Yearly Report,https://online.indiannursingcouncil.org/Reports/YearlyReportByState.aspx,2026-09-11T11:45:08.678994
West Bengal|Malda|SARASWATI SCHOOL OF NURSING-MALDA,Saraswati School Of Nursing-Malda,"Saraswati School Of Nursing-Malda , Laxmipur, P.O.-Maliha, English Bazaar, Malda, Distt.- Malda, West Bengal, Pin Code- 732102",Saraswati Education Welfare And Research Foundation-Malda,Malda,West Bengal,Private,GNM,60 (Sixty),60,732102,2025-2026,INC Yearly Report,https://online.indiannursingcouncil.org/Reports/YearlyReportByState.aspx,2026-09-11T11:45:08.678994
West Bengal|Bankura|SAROJINI INSTITUTE OF NURSING,Sarojini Institute Of Nursing,"Sarojini Institute Of Nursing, Vill- Ikra, P.O- Sripatpurnia, P.S- Mejia, Ikra, Distt.- Bankura, West Bengal, Pin Code- 722143",Sristi Educational Trust,Bankura,West Bengal,Private,GNM | B.Sc(N),60 (Sixty) | 60 (Sixty),120,722143,2025-2026,INC Yearly Report,https://online.indiannursingcouncil.org/Reports/YearlyReportByState.aspx,2026-09-11T11:45:08.678994
West Bengal|Kolkata|SCHOOL OF NURSING,School Of Nursing,"School Of Nursing, Medical College & Hospital, 88, College Street, Kolkata, Distt.- Kolkata, West Bengal, Pin Code- 700073",Govt. Of West Bengal,Kolkata,West Bengal,Government,GNM | B.Sc(N),60 (Sixty) | 30 (Thirty),90,700073,2025-2026,INC Yearly Report,https://online.indiannursingcouncil.org/Reports/YearlyReportByState.aspx,2026-09-11T11:45:08.678994
West Bengal|North 24 Parganas|SCHOOL OF NURSING,School Of Nursing,"School Of Nursing, Sister Nivedita University, Block-Dg-1/2, New Town, Rajarhat, Kolkata, Distt.- North 24 Parganas, West Bengal, Pin Code- 700156",The Institute Of Computer Engineers India,North 24 Parganas,West Bengal,Private,GNM | B.Sc(N) | M. Sc (N) | P B B.Sc(N),"60 (Sixty) | 60 (Sixty) | 15 (Fifteen) Chn-05, Med-Surg-05, Obg-05 | 60 (Sixty)",195,700156,2025-2026,INC Yearly Report,https://online.indiannursingcouncil.org/Reports/YearlyReportByState.aspx,2026-09-11T11:45:08.678994
West Bengal|Birbhum|SEBA INSTITUTE OF NURSING,Seba Institute Of Nursing,"Seba Institute Of Nursing, Ballavpur, P.O- Sattore, P.S -Panrui, Vill.- Ballavpur, Tehsil- Bolpur Srinekatan, Distt.- Birbhum, West Bengal, Pin Code- 731236",Seba Foundation,Birbhum,West Bengal,Private,B.Sc(N) | GNM,60 (Sixty) | 60 (Sixty),120,731236,2025-2026,INC Yearly Report,https://online.indiannursingcouncil.org/Reports/YearlyReportByState.aspx,2026-09-11T11:45:08.678994
West Bengal|Howrah|SEBABRATA INSTITUTE OF NURSING,Sebabrata Institute Of Nursing,"Sebabrata Institute Of Nursing , Hatgacha, Uluberia, Howrah, Uluberia, Distt.- Howrah, West Bengal, Pin Code- 711316",Sebabrata Educational Trust,Howrah,West Bengal,Private,GNM | B.Sc(N),60 (Sixty) | 60 (Sixty),120,711316,2025-2026,INC Yearly Report,https://online.indiannursingcouncil.org/Reports/YearlyReportByState.aspx,2026-09-11T11:45:08.678994
West Bengal|Purba Bardhaman|SEPHALI MEMORIAL NURSING INSTITUTE,Sephali Memorial Nursing Institute,"Sephali Memorial Nursing Institute, Vill- Gobindapur, P.O- Keleti, P.S- Ausgram, Vill.- Gobindapur, Tehsil- Ausgram-I, Distt.- Purba Bardhaman, West Bengal, Pin Code- 713128",Gobindapur Shapali Memorial Samajseba Samity,Purba Bardhaman,West Bengal,Private,B.Sc(N) | GNM,60 (Sixty) | 60 (Sixty),120,713128,2025-2026,INC Yearly Report,https://online.indiannursingcouncil.org/Reports/YearlyReportByState.aspx,2026-09-11T11:45:08.678994
West Bengal|Hooghly|SEVEN RANGERS INSTITUTE OF NURSING,Seven Rangers Institute Of Nursing,"Seven Rangers Institute Of Nursing, Dankuni Ward No-4, Durgapur Expressway, Dankuni, Distt.- Hooghly, West Bengal, Pin Code- 712310",Pratya Foundation Trust,Hooghly,West Bengal,Private,GNM,60 (Sixty),60,712310,2025-2026,INC Yearly Report,https://online.indiannursingcouncil.org/Reports/YearlyReportByState.aspx,2026-09-11T11:45:08.678994
West Bengal|Purba Bardhaman|SHARANYA SCHOOL OF NURSING,Sharanya School Of Nursing,"Sharanya School Of Nursing, Bamchandaipur, N.H-2, P.O.-Jotram, P.S.-Bardhaman, Bardhaman, Distt.- Purba Bardhaman, West Bengal, Pin Code- 713104",Sharanya Foundation,Purba Bardhaman,West Bengal,Private,GNM,60 (Sixty),60,713104,2025-2026,INC Yearly Report,https://online.indiannursingcouncil.org/Reports/YearlyReportByState.aspx,2026-09-11T11:45:08.678994
West Bengal|Kolkata|SHOVA RANI NURSING COLLEGE,Shova Rani Nursing College,"Shova Rani Nursing College, K P C Medical College & Hospital, 1F, Raja Subodh Mullick Road, Jadavpur, Kolkata, Distt.- Kolkata, West Bengal, Pin Code- 700032",Kpc Medical College And Hospital,Kolkata,West Bengal,Private,P B B.Sc(N) | B.Sc(N),30 (Thirty) | 80 (Eighty),110,700032,2025-2026,INC Yearly Report,https://online.indiannursingcouncil.org/Reports/YearlyReportByState.aspx,2026-09-11T11:45:15.241822
West Bengal|Jalpaiguri|SILIGURI INSTITUTE OF NURSING,Siliguri Institute Of Nursing,"Siliguri Institute Of Nursing, Dabgram,Fulbari,Dist-Jalpaiguri,Pin-734004, Siliguri, Distt.- Jalpaiguri, West Bengal, Pin Code- 734004",Duars Charitable Trust,Jalpaiguri,West Bengal,Private,GNM,60 (Sixty),60,734004,2025-2026,INC Yearly Report,https://online.indiannursingcouncil.org/Reports/YearlyReportByState.aspx,2026-09-11T11:45:15.241822
West Bengal|Kolkata|SISTER FLORENCE COLLEGE OF NURSING,Sister Florence College Of Nursing,"Sister Florence College Of Nursing, 81, Diamond Harbour Road, Barisha, Kolkata, Distt.- Kolkata, West Bengal, Pin Code- 700008",Calcutta Diocesan Trust Association,Kolkata,West Bengal,Private,B.Sc(N),50 (Fifty),50,700008,2025-2026,INC Yearly Report,https://online.indiannursingcouncil.org/Reports/YearlyReportByState.aspx,2026-09-11T11:45:15.241822
West Bengal|North 24 Parganas|SISTER NIVEDITA NURSING ACADEMY,Sister Nivedita Nursing Academy,"Sister Nivedita Nursing Academy, H C-4, Sector - 3, Bidhan Nagar, Salt Lake, Kolkata, Distt.- North 24 Parganas, West Bengal, Pin Code- 700106",The Calcutta Heart Clinic And Hospital Society,North 24 Parganas,West Bengal,Private,GNM,50 (Fifty),50,700106,2025-2026,INC Yearly Report,https://online.indiannursingcouncil.org/Reports/YearlyReportByState.aspx,2026-09-11T11:45:15.241822
West Bengal|Howrah|SKYLARK INSTITUTE OF NURSING,Skylark Institute Of Nursing,"Skylark Institute Of Nursing, Village P.O.-Jhikira, P.S.-Joypur, , Distt.- Howrah, West Bengal, Pin Code- 711401",Skylark Private Trust,Howrah,West Bengal,Private,GNM | B.Sc(N),60 (Sixty) | 60 (Sixty),120,711401,2025-2026,INC Yearly Report,https://online.indiannursingcouncil.org/Reports/YearlyReportByState.aspx,2026-09-11T11:45:15.241822
West Bengal|Kolkata|SRI AUROBINDO SEVA KENDRA SCHOOL OF NURSING,Sri Aurobindo Seva Kendra School Of Nursing,"Sri Aurobindo Seva Kendra School Of Nursing, 84/A, Sarat Ghosh Garden Road, Kolkata, Distt.- Kolkata, West Bengal, Pin Code- 700031",E E D F Medicare Centre,Kolkata,West Bengal,Private,GNM,25 (Twenty Five),25,700031,2025-2026,INC Yearly Report,https://online.indiannursingcouncil.org/Reports/YearlyReportByState.aspx,2026-09-11T11:45:15.241822
West Bengal|Pashchim Midnapore|ST. JOSEPH'S NURSING SCHOOL,St. Joseph's Nursing School,"St. Joseph's Nursing School, St. Joseph's Hospital, Phulpahari, P.O.-Vidyasagar University, Medinipur, Distt.- Pashchim Midnapore, West Bengal, Pin Code- 721102",Seva Kendra Calcutta,Pashchim Midnapore,West Bengal,Private,GNM,60 (Sixty),60,721102,2025-2026,INC Yearly Report,https://online.indiannursingcouncil.org/Reports/YearlyReportByState.aspx,2026-09-11T11:45:15.241822
West Bengal|Koch Behar|SUBHAM NURSING INSTITUTE,Subham Nursing Institute,"Subham Nursing Institute, W No :- 16 , Harendra Narayan Road, Hazrapara, Cooch Behar, Distt.- Koch Behar, West Bengal, Pin Code- 736101",Cooch Behar Biren Kundu Welfare Organization,Koch Behar,West Bengal,Private,GNM,60 (Sixty),60,736101,2025-2026,INC Yearly Report,https://online.indiannursingcouncil.org/Reports/YearlyReportByState.aspx,2026-09-11T11:45:15.241822
West Bengal|Dakshin Dinajpur|SUSPARSHA INSTITUTE OF NURSING,Susparsha Institute Of Nursing,"Susparsha Institute Of Nursing, College More, Gangarampur, Distt.- Dakshin Dinajpur, West Bengal, Pin Code- 733124",Susparsha Educare Foundation,Dakshin Dinajpur,West Bengal,Private,GNM,60 (Sixty),60,733124,2025-2026,INC Yearly Report,https://online.indiannursingcouncil.org/Reports/YearlyReportByState.aspx,2026-09-11T11:45:15.241822
West Bengal|Birbhum|SWADHIN NURSING INSTITUTE,Swadhin Nursing Institute,"Swadhin Nursing Institute, Vill- Tatarpur, P.O- Muluk, P.S- Bolpur, Vill.- Tatarpur, Tehsil- Bolpur Srinekatan, Distt.- Birbhum, West Bengal, Pin Code- 731204",Swatirtha Charitable Trust,Birbhum,West Bengal,Private,GNM | B.Sc(N),60 (Sixty) | 60 (Sixty),120,731204,2025-2026,INC Yearly Report,https://online.indiannursingcouncil.org/Reports/YearlyReportByState.aspx,2026-09-11T11:45:15.241822
West Bengal|Purba Bardhaman|SWAMI VIVEKANANDA INSTITUTE OF NURSING,Swami Vivekananda Institute Of Nursing,"Swami Vivekananda Institute Of Nursing, Vill + P.O- Kurhmun, P.S- Dewandighi, Burdwan, Distt.- Purba Bardhaman, West Bengal, Pin Code- 713102",Eklobbho Memorial Trust,Purba Bardhaman,West Bengal,Private,B.Sc(N) | GNM,60 (Sixty) | 60 (Sixty),120,713102,2025-2026,INC Yearly Report,https://online.indiannursingcouncil.org/Reports/YearlyReportByState.aspx,2026-09-11T11:45:15.241822
West Bengal|Hooghly|TARAKESWAR VIVEKANANDA PALLY SEVA KENDRA SCHOOL OF NURSING,Tarakeswar Vivekananda Pally Seva Kendra School Of Nursing,"Tarakeswar Vivekananda Pally Seva Kendra School Of Nursing, T C Road, J K Bazar, P.O. P.S. - Tarakeswar, Tarakeswar, Distt.- Hooghly, West Bengal, Pin Code- 712410",Tarakeswar Vivekananda Pally Seva Kendra,Hooghly,West Bengal,Private,GNM,30 (Thirty),30,712410,2025-2026,INC Yearly Report,https://online.indiannursingcouncil.org/Reports/YearlyReportByState.aspx,2026-09-11T11:45:15.241822
West Bengal|Kolkata|TATA MEDICAL CENTER,Tata Medical Center,"Tata Medical Center, 14 Major Arterial Road (Ew) Newtown, Rajarhat, Kolkata, Distt.- Kolkata, West Bengal, Pin Code- 700156",Tata Medical Center Trust,Kolkata,West Bengal,Private,M. Sc (N),15 (Fiveteen)) Med-Surg-15(Oncology Nursing),15,700156,2025-2026,INC Yearly Report,https://online.indiannursingcouncil.org/Reports/YearlyReportByState.aspx,2026-09-11T11:45:15.241822
West Bengal|Darjeeling|TEESTA NURSING INSTITUTE,Teesta Nursing Institute,"Teesta Nursing Institute, Tcp Milan More Sainikpuri Champasari West Bengal 734009, Siliguri, Distt.- Darjeeling, West Bengal, Pin Code- 734009",Swami Vivekananda Charitable Trust,Darjeeling,West Bengal,Private,GNM,60 (Sixty),60,734009,2025-2026,INC Yearly Report,https://online.indiannursingcouncil.org/Reports/YearlyReportByState.aspx,2026-09-11T11:45:15.241822
West Bengal|Darjeeling|TERAI NURSING INSTITUTE,Terai Nursing Institute,"Terai Nursing Institute, Dudha Jote, Thahjhora Bagan, Kharibari, Siliguri, Distt.- Darjeeling, West Bengal, Pin Code- 734427",Siliguri Tarai Educational Welfare Society,Darjeeling,West Bengal,Private,GNM,60 (Sixty),60,734427,2025-2026,INC Yearly Report,https://online.indiannursingcouncil.org/Reports/YearlyReportByState.aspx,2026-09-11T11:45:15.241822
West Bengal|South 24 Parganas|THE CALCUTTA MEDICAL RESEARCH INSTITUTE SCHOOL OF NURSING,The Calcutta Medical Research Institute School Of Nursing,"The Calcutta Medical Research Institute School Of Nursing, P.O.-Rasapunja, Kolkata , Distt.- South 24 Parganas, West Bengal, Pin Code- 700104",The Calcutta Medical Research Institute,South 24 Parganas,West Bengal,Private,GNM,50 (Fifty),50,700104,2025-2026,INC Yearly Report,https://online.indiannursingcouncil.org/Reports/YearlyReportByState.aspx,2026-09-11T11:45:15.241822
West Bengal|South 24 Parganas|THE NEOTIA UNIVERSITY INSTITUTE OF NURSING,The Neotia University Institute Of Nursing,"The Neotia University Institute Of Nursing, The Neotia University, Sarisha, Diamond Harbour Road, Sarisha, Distt.- South 24 Parganas, West Bengal, Pin Code- 743368",The Neotia University,South 24 Parganas,West Bengal,Private,GNM | B.Sc(N),60 (Sixty) | 60 (Sixty),120,743368,2025-2026,INC Yearly Report,https://online.indiannursingcouncil.org/Reports/YearlyReportByState.aspx,2026-09-11T11:45:15.241822
West Bengal|Uttar Dinajpur|UPASAM NURSING ACADEMY,Upasam Nursing Academy,"Upasam Nursing Academy, N.H 34 College Para, Raiganj, Distt.- Uttar Dinajpur, West Bengal, Pin Code- 733134",Upasam Nursing Academy,Uttar Dinajpur,West Bengal,Private,GNM,60 (Sixty),60,733134,2025-2026,INC Yearly Report,https://online.indiannursingcouncil.org/Reports/YearlyReportByState.aspx,2026-09-11T11:45:15.241822
West Bengal|Purba Medinipur|VIVEKANANDA NURSING INSTITUTE,Vivekananda Nursing Institute,"Vivekananda Nursing Institute, At- Faridpur, P.O.- Dakshin Dauki, P.S.- Junput Coastal,, Contai, Distt.- Purba Medinipur, West Bengal, Pin Code- 721450",Vivekananda Loksiksha Niketan,Purba Medinipur,West Bengal,Private,GNM | B.Sc(N),60 (Sixty) | 60 (Sixty),120,721450,2025-2026,INC Yearly Report,https://online.indiannursingcouncil.org/Reports/YearlyReportByState.aspx,2026-09-11T11:45:15.241822
West Bengal|North 24 Parganas|VIVODHANANDA SARASWATI NURSING INSTITUTE,Vivodhananda Saraswati Nursing Institute,"Vivodhananda Saraswati Nursing Institute, Vill-Chandanhati, Ghola Road, P.O.- Badu, P.S.-Barasat, North 24 Paraganas, Distt.- North 24 Parganas, West Bengal, Pin Code- 700128",Sankar Vedanta Math-O-Mission Trust,North 24 Parganas,West Bengal,Private,GNM | B.Sc(N),60 (Sixty) | 60 (Sixty),120,700128,2025-2026,INC Yearly Report,https://online.indiannursingcouncil.org/Reports/YearlyReportByState.aspx,2026-09-11T11:45:15.241822
West Bengal|Howrah|WEST BANK SCHOOL OF NURSING,West Bank School Of Nursing,"West Bank School Of Nursing, Chunabhati, Podrah, Andul Road, Howrah, Distt.- Howrah, West Bengal, Pin Code- 711109",Asia Heart Foundation,Howrah,West Bengal,Private,GNM | B.Sc(N) | Post Basic Diploma in Oncology Nursing,30 (Thirty) | 60 (Sixty) | 20 (Twenty),110,711109,2025-2026,INC Yearly Report,https://online.indiannursingcouncil.org/Reports/YearlyReportByState.aspx,2026-09-11T11:45:15.241822
West Bengal|South 24 Parganas|WOODLANDS COLLEGE OF NURSING,Woodlands College Of Nursing,"Woodlands College Of Nursing, Plot No 14, Diamond Harbour Road, Bhasa, Distt.- South 24 Parganas, West Bengal, Pin Code- 743503",Woodlands Multispeciality Hospital Limited,South 24 Parganas,West Bengal,Private,B.Sc(N) | GNM,50 (Fifty) | 50 (Fifty),100,743503,2025-2026,INC Yearly Report,https://online.indiannursingcouncil.org/Reports/YearlyReportByState.aspx,2026-09-11T11:45:20.334932
West Bengal|North 24 Parganas|ZENITH INSTITUTE OF NURSING SCIENCES,Zenith Institute Of Nursing Sciences,"Zenith Institute Of Nursing Sciences , 26/1, Nilgunj Road, Belghoria, Kolkata, Distt.- North 24 Parganas, West Bengal, Pin Code- 700056",Jyotishman Medical And Educational Foundation,North 24 Parganas,West Bengal,Private,GNM | B.Sc(N),60 (Sixty) | 60 (Sixty),120,700056,2025-2026,INC Yearly Report,https://online.indiannursingcouncil.org/Reports/YearlyReportByState.aspx,2026-09-11T11:45:20.334932
