inc_institution_key,institution_name,institution_address,trust_name,district_name,state,sector,programmes,annual_intakes,total_intake,pin_code,academic_year,source,source_url,extraction_timestamp
Kerala|Thiruvananthapuram|A J SCHOOLOF NURSING,A J Schoolof Nursing,"A J Schoolof Nursing,, A J Hospital, Kazhakootam, Distt.- Thiruvananthapuram, Kerala, Pin Code- 695582",Ramlath Memorial Charitable Trust,Thiruvananthapuram,Kerala,Private,GNM,25 (Twenty Five),25,695582,2025-2026,INC Yearly Report,https://online.indiannursingcouncil.org/Reports/YearlyReportByState.aspx,2026-09-11T11:23:29.305392
Kerala|Kannur|A K G MEMORIAL CO- OPERATIVE SCHOOL OF NURSING,A K G Memorial Co- Operative School Of Nursing,"A K G Memorial Co- Operative School Of Nursing, Mavilayi Post, Near Gurukkenmarkavu, , Distt.- Kannur, Kerala, Pin Code- 670622",Kannur Cooperative Hospital Society Ltd,Kannur,Kerala,Private,GNM | B.Sc(N),50 (Fifty) | 80 (Eighty),130,670622,2025-2026,INC Yearly Report,https://online.indiannursingcouncil.org/Reports/YearlyReportByState.aspx,2026-09-11T11:23:29.305392
Kerala|Thrissur|ABDUL WAHAB MEMORIAL RAJAH SCHOOL OF NURSING,Abdul Wahab Memorial Rajah School Of Nursing,"Abdul Wahab Memorial Rajah School Of Nursing,, Muthuvattoor, Chavakkad, Distt.- Thrissur, Kerala, Pin Code- 680506",Rajah Charitable Medical Trust,Thrissur,Kerala,Private,GNM,20 (Twenty),20,680506,2025-2026,INC Yearly Report,https://online.indiannursingcouncil.org/Reports/YearlyReportByState.aspx,2026-09-11T11:23:29.305392
Kerala|Palakkad|AHALIA COLLEGE OF NURSING,Ahalia College Of Nursing,"Ahalia College Of Nursing, Ahalia Campus, Kozhippara Post, Palakkad, Distt.- Palakkad, Kerala, Pin Code- 678557",Ahalia International Foundation,Palakkad,Kerala,Private,B.Sc(N),40 (Forty),40,678557,2025-2026,INC Yearly Report,https://online.indiannursingcouncil.org/Reports/YearlyReportByState.aspx,2026-09-11T11:23:29.305392
Kerala|Malappuram|AL SHIFA COLLEGE OF NURSING,Al Shifa College Of Nursing,"Al Shifa College Of Nursing, Lemon Valley, Angadipuram Post, Perintalmanna, Distt.- Malappuram, Kerala, Pin Code- 679321",Shifa Medicare Trust,Malappuram,Kerala,Private,B.Sc(N) | M. Sc (N),90 (Ninety) | 15 (Fifteen),105,679321,2025-2026,INC Yearly Report,https://online.indiannursingcouncil.org/Reports/YearlyReportByState.aspx,2026-09-11T11:23:29.305392
Kerala|Iddukki|AL-AZHAR SCHOOL OF NURSING,Al-Azhar School Of Nursing,"Al-Azhar School Of Nursing, Ezhalloor, Perumpillichira, Thodupuzha, Distt.- Iddukki, Kerala, Pin Code- 685605",Noorul Islam Trust,Iddukki,Kerala,Private,GNM | B.Sc(N),60 (Sixty) | 100 (ONE HUNDRED),160,685605,2025-2026,INC Yearly Report,https://online.indiannursingcouncil.org/Reports/YearlyReportByState.aspx,2026-09-11T11:23:29.305392
Kerala|Malappuram|ALMAS COLLEGE OF NURSING,Almas College Of Nursing,"Almas College Of Nursing, Po - Puthoor, Kottakkal, Distt.- Malappuram, Kerala, Pin Code- 676503",Almas Medical Educational And Charitable Trust,Malappuram,Kerala,Private,B.Sc(N),60 (Sixty),60,676503,2025-2026,INC Yearly Report,https://online.indiannursingcouncil.org/Reports/YearlyReportByState.aspx,2026-09-11T11:23:29.305392
Kerala|Iddukki|ALPHONSA COLLEGE OF NURSING MURICKASSERY,Alphonsa College Of Nursing Murickassery,"Alphonsa College Of Nursing Murickassery, Murickassery P.O, Idukki(Dist), Kerala, Murickassery, Distt.- Iddukki, Kerala, Pin Code- 685604",Alphonsa Social Service Society,Iddukki,Kerala,Private,B.Sc(N),40 (Forty),40,685604,2025-2026,INC Yearly Report,https://online.indiannursingcouncil.org/Reports/YearlyReportByState.aspx,2026-09-11T11:23:29.305392
Kerala|Thrissur|AMALA CANCER HOSPITAL AND RESEARCH CENTRE,Amala Cancer Hospital And Research Centre,"Amala Cancer Hospital And Research Centre, Amalanagar, Thrissur, Distt.- Thrissur, Kerala, Pin Code- 680555",Amala Cancer Hospital Society,Thrissur,Kerala,Private,GNM,40 (Forty),40,680555,2025-2026,INC Yearly Report,https://online.indiannursingcouncil.org/Reports/YearlyReportByState.aspx,2026-09-11T11:23:29.305392
Kerala|Thrissur|AMALA COLLEGE OF NURSING,Amala College Of Nursing,"Amala College Of Nursing,, Amala Instt Of Medical Sciences, Amalanagar P O, Thrissur, Distt.- Thrissur, Kerala, Pin Code- 680555",Amala Cancer Hospital Society,Thrissur,Kerala,Private,B.Sc(N) | M. Sc (N),90 (Ninety) | 20 (Twenty),110,680555,2025-2026,INC Yearly Report,https://online.indiannursingcouncil.org/Reports/YearlyReportByState.aspx,2026-09-11T11:23:29.305392
Kerala|Eranakulam|AMRITA COLLEGE OF NURSING,Amrita College Of Nursing,"Amrita College Of Nursing, Amrita Vishwa Vidyapeetham ( Deemed Uty) A I M S Campus, Kochi, Distt.- Eranakulam, Kerala, Pin Code- 682041",Mata Amritanandamayi Math,Eranakulam,Kerala,Private,B.Sc(N) | M. Sc (N),100 (One Hundred) | 40 (Forty) Med-Surg-17 Paed-9 Psy-7 Obg-7,140,682041,2025-2026,INC Yearly Report,https://online.indiannursingcouncil.org/Reports/YearlyReportByState.aspx,2026-09-11T11:23:29.305392
Kerala|Thrissur|ANSAR SCHOOL OF NURSING,Ansar School Of Nursing,"Ansar School Of Nursing, Ansar Hospital, Perumpilavu, Perumpilavu, Distt.- Thrissur, Kerala, Pin Code- 680519",Ansari Charitable Trust,Thrissur,Kerala,Private,GNM,30 (THIRTY),30,680519,2025-2026,INC Yearly Report,https://online.indiannursingcouncil.org/Reports/YearlyReportByState.aspx,2026-09-11T11:23:29.305392
Kerala|Pathanamthitta|ARCHANA COLLEGE OF NURSING,Archana College Of Nursing,"Archana College Of Nursing, Archana Hospital Complex, , Distt.- Pathanamthitta, Kerala, Pin Code- 689501",Mahalakshmi Edu Scientific And Char Trust,Pathanamthitta,Kerala,Private,B.Sc(N),60 (Sixty),60,689501,2025-2026,INC Yearly Report,https://online.indiannursingcouncil.org/Reports/YearlyReportByState.aspx,2026-09-11T11:23:29.305392
Kerala|Kottayam|ASSISI COLLEGE OF NURSING,Assisi College Of Nursing,"Assisi College Of Nursing, Propose P O, Erumely, Distt.- Kottayam, Kerala, Pin Code- 686509",Assisi Hospital Society,Kottayam,Kerala,Private,B.Sc(N),50 (Fifty),50,686509,2025-2026,INC Yearly Report,https://online.indiannursingcouncil.org/Reports/YearlyReportByState.aspx,2026-09-11T11:23:29.305392
Kerala|Kollam|ASSISSI FHW SCHOOL OF NURSING,Assissi Fhw School Of Nursing,"Assissi Fhw School Of Nursing, Channapetta, Quilon, Anchal, Distt.- Kollam, Kerala, Pin Code- 691311",Franciscan Sisters Of The Immaculate Heart Of Mary,Kollam,Kerala,Private,ANM,20 (Twenty),20,691311,2025-2026,INC Yearly Report,https://online.indiannursingcouncil.org/Reports/YearlyReportByState.aspx,2026-09-11T11:23:29.305392
Kerala|Wayanad|ASSUMPTION COLLEGE OF NURSING,Assumption College Of Nursing,"Assumption College Of Nursing, Assumption College Of Nursing,Sulthan Bathery,Wayanad,Kerala,Pin-673592, Sulthan Bathery, Distt.- Wayanad, Kerala, Pin Code- 673592","Bathery Assumption Hospital,Charitable Society",Wayanad,Kerala,Private,Upgraded College of Nursing,40 (Forty),40,673592,2025-2026,INC Yearly Report,https://online.indiannursingcouncil.org/Reports/YearlyReportByState.aspx,2026-09-11T11:23:29.305392
Kerala|Palakkad|ASSUMPTION SCHOOL OF NURSING,Assumption School Of Nursing,"Assumption School Of Nursing, Assumption School Of Nursing Assumption Hospital Kanhirapuzha Palakkad Pin 678591, Kanhirapuzha, Distt.- Palakkad, Kerala, Pin Code- 678591",Assumption Hospital Trust,Palakkad,Kerala,Private,GNM,20 (Twenty),20,678591,2025-2026,INC Yearly Report,https://online.indiannursingcouncil.org/Reports/YearlyReportByState.aspx,2026-09-11T11:23:29.305392
Kerala|Thrissur|ASWINI COLLEGE OF NURSING,Aswini College Of Nursing,"Aswini College Of Nursing,, Minor Road, Nadathara Post,, Thrissur, Distt.- Thrissur, Kerala, Pin Code- 680751",Aswini Private Ltd.,Thrissur,Kerala,Private,B.Sc(N),80 (Eighty),80,680751,2025-2026,INC Yearly Report,https://online.indiannursingcouncil.org/Reports/YearlyReportByState.aspx,2026-09-11T11:23:29.305392
Kerala|Kollam|AZEEZIA NURSING COLLEGE,Azeezia Nursing College,"Azeezia Nursing College,, Diamond Hills, Meeyyannoor,, Meeyannoor, Distt.- Kollam, Kerala, Pin Code- 691537",Podikunju Musaliar Memorial Charitable Educational Trust,Kollam,Kerala,Private,B.Sc(N),50 (Fifty),50,691537,2025-2026,INC Yearly Report,https://online.indiannursingcouncil.org/Reports/YearlyReportByState.aspx,2026-09-11T11:23:29.305392
Kerala|Kottayam|B C F COLLEGE OF NURSING,B C F College Of Nursing,"B C F College Of Nursing, Chemmanakary, Akkarapadam P O, Vaikom, Distt.- Kottayam, Kerala, Pin Code- 686143",Bahuleyan Charitable Foundation,Kottayam,Kerala,Private,B.Sc(N),60 (Sixty),60,686143,2025-2026,INC Yearly Report,https://online.indiannursingcouncil.org/Reports/YearlyReportByState.aspx,2026-09-11T11:23:29.305392
Kerala|Kannur|B K J M SCHOOL OF NURSING,B K J M School Of Nursing,"B K J M School Of Nursing,, Josgiri Hospital,, Thalassery, Distt.- Kannur, Kerala, Pin Code- 670101",Josgiri Hospital Society,Kannur,Kerala,Private,GNM,25 (Twenty Five),25,670101,2025-2026,INC Yearly Report,https://online.indiannursingcouncil.org/Reports/YearlyReportByState.aspx,2026-09-11T11:23:29.305392
Kerala|Thiruvananthapuram|B N V SCHOOL OF NURSING,B N V School Of Nursing,"B N V School Of Nursing, Thiruvallam, Thiruvananthapuram, Distt.- Thiruvananthapuram, Kerala, Pin Code- 695027",B N V Trust,Thiruvananthapuram,Kerala,Private,GNM,20 (Twenty),20,695027,2025-2026,INC Yearly Report,https://online.indiannursingcouncil.org/Reports/YearlyReportByState.aspx,2026-09-11T11:23:29.305392
Kerala|Kozhikode|BABY MEMORIAL COLLEGE OF NURSING BABY MEMORIAL HOSPITAL,Baby Memorial College Of Nursing Baby Memorial Hospital,"Baby Memorial College Of Nursing Baby Memorial Hospital, Green View Villa Colony Road, Kuthiravattom Po , Kozhikode, Distt.- Kozhikode, Kerala, Pin Code- 673016",Baby Memorial Hospital Ltd,Kozhikode,Kerala,Private,GNM | B.Sc(N) | M. Sc (N) | P B B.Sc(N),"60 (Sixty) | 90 (Ninety) | 20 (Twenty) Med-Surg-8, Psy-2, Obg-4, Paed-4, Chn-2 | 30 (Thirty)",200,673016,2025-2026,INC Yearly Report,https://online.indiannursingcouncil.org/Reports/YearlyReportByState.aspx,2026-09-11T11:23:29.305392
Kerala|Kollam|BENZIGER SCHOOL OF NURSING,Benziger School Of Nursing,"Benziger School Of Nursing, Bishop Benziger College Of Nursing Campus, Sasthri Jn , Kollam, Distt.- Kollam, Kerala, Pin Code- 691001",Benziger Society,Kollam,Kerala,Private,GNM,60 (SIXTY),60,691001,2025-2026,INC Yearly Report,https://online.indiannursingcouncil.org/Reports/YearlyReportByState.aspx,2026-09-11T11:23:39.084853
Kerala|Kollam|BISHOP BENZIGER COLLEGE OF NURSING,Bishop Benziger College Of Nursing,"Bishop Benziger College Of Nursing, Sastri Jn, Kollam, Kollan, Distt.- Kollam, Kerala, Pin Code- 691001",Bishop Benziger Hospital Society,Kollam,Kerala,Private,B.Sc(N) | M. Sc (N),60 (Sixty) | 19 (Nineteen) Med Surg-05 Paed-05 Psy-03 Chn-03 Obg-03,79,691001,2025-2026,INC Yearly Report,https://online.indiannursingcouncil.org/Reports/YearlyReportByState.aspx,2026-09-11T11:23:39.084853
Kerala|Kannur|CANOSSA COLLEGE OF NURSING,Canossa College Of Nursing,"Canossa College Of Nursing,, St Martin De Porres Hospital, Cherukunnu, Distt.- Kannur, Kerala, Pin Code- 670301",Conossian Charitable Instt. Society,Kannur,Kerala,Private,B.Sc(N),50 (Fifty),50,670301,2025-2026,INC Yearly Report,https://online.indiannursingcouncil.org/Reports/YearlyReportByState.aspx,2026-09-11T11:23:39.084853
Kerala|Alappuzha|CAPE COLLEGE OF NURSING ALAPPUZHA,Cape College Of Nursing Alappuzha,"Cape College Of Nursing Alappuzha, Bypass Junction,Kalarcode,Vadackal P O,Alappuzha, Alappuzha, Distt.- Alappuzha, Kerala, Pin Code- 688003",Co-Operative Academy Of Professional Education,Alappuzha,Kerala,Government,B.Sc(N),50 (Fifty),50,688003,2025-2026,INC Yearly Report,https://online.indiannursingcouncil.org/Reports/YearlyReportByState.aspx,2026-09-11T11:23:39.084853
Kerala|Kollam|CAPE COLLEGE OF NURSING PATHANAPURAM,Cape College Of Nursing Pathanapuram,"Cape College Of Nursing Pathanapuram, Principalcape College Of Nursing Pathanapuramelikkattoor P.O., Piravanthoor, Kollam, Pathanapuram, Distt.- Kollam, Kerala, Pin Code- 689696",Co-Operative Academy Of Professional Education,Kollam,Kerala,Government,B.Sc(N),60 (Sixty),60,689696,2025-2026,INC Yearly Report,https://online.indiannursingcouncil.org/Reports/YearlyReportByState.aspx,2026-09-11T11:23:39.084853
Kerala|Pathanamthitta|CAPE COLLEGE OF NURSING,Cape College Of Nursing,"Cape College Of Nursing, Aranmula, College Of Nursing, Aranmula P O, Pathanamthitta, Kerala, Aranmula, Distt.- Pathanamthitta, Kerala, Pin Code- 689533",Kerala,Pathanamthitta,Kerala,Government,B.Sc(N),30 (Thirty),30,689533,2025-2026,INC Yearly Report,https://online.indiannursingcouncil.org/Reports/YearlyReportByState.aspx,2026-09-11T11:23:39.084853
Kerala|Kasaragode|CAREWELL SCHOOL OF NURSING,Carewell School Of Nursing,"Carewell School Of Nursing,, Nullippady, Kasargod-,, Kasaragod, Distt.- Kasaragode, Kerala, Pin Code- 671121",Carewell Hospital And Research Centre Pvt Ltd,Kasaragode,Kerala,Private,GNM,20 (Twenty),20,671121,2025-2026,INC Yearly Report,https://online.indiannursingcouncil.org/Reports/YearlyReportByState.aspx,2026-09-11T11:23:39.084853
Kerala|Kottayam|CARITAS COLLEGE OF NURSING,Caritas College Of Nursing,"Caritas College Of Nursing, Caritas Hospital, Kottayam, Distt.- Kottayam, Kerala, Pin Code- 686630",Caritas Hospital,Kottayam,Kerala,Private,B.Sc(N) | P B B.Sc(N),85 (Eighty Five) | 15 (Fifteen),100,686630,2025-2026,INC Yearly Report,https://online.indiannursingcouncil.org/Reports/YearlyReportByState.aspx,2026-09-11T11:23:39.084853
Kerala|Eranakulam|CARMEL COLLEGE OF NURSING,Carmel College Of Nursing,"Carmel College Of Nursing, Chunangamvely, Aluva, Distt.- Eranakulam, Kerala, Pin Code- 683112",Carmel Medical Society,Eranakulam,Kerala,Private,B.Sc(N),50 (Fifty),50,683112,2025-2026,INC Yearly Report,https://online.indiannursingcouncil.org/Reports/YearlyReportByState.aspx,2026-09-11T11:23:39.084853
Kerala|Pathanamthitta|CHITRA COLLEGE OF NURSING,Chitra College Of Nursing,"Chitra College Of Nursing, Chitra College Of Nursing.Chitra Multispeciality Hospital Complex. M C Road,Pandalam,Pathanamthitt, Pandalam, Distt.- Pathanamthitta, Kerala, Pin Code- 689501",Chitra Institute Of Medical Sciences And Research Centre,Pathanamthitta,Kerala,Private,B.Sc(N),40 (Forty),40,689501,2025-2026,INC Yearly Report,https://online.indiannursingcouncil.org/Reports/YearlyReportByState.aspx,2026-09-11T11:23:39.084853
Kerala|Kannur|CHRISTU RAJ SCHOOL OF NURSING,Christu Raj School Of Nursing,"Christu Raj School Of Nursing,, Christu Raj Hospital, Thokkilangadi,, Kuthuparamba, Distt.- Kannur, Kerala, Pin Code- 670701",Sh Medical Trust,Kannur,Kerala,Private,GNM,40 (Forty),40,670701,2025-2026,INC Yearly Report,https://online.indiannursingcouncil.org/Reports/YearlyReportByState.aspx,2026-09-11T11:23:39.084853
Kerala|Eranakulam|COCHIN PORT TRUST HOSPITAL,Cochin Port Trust Hospital,"Cochin Port Trust Hospital, School Of Nursing, W- Island, Cochin, Distt.- Eranakulam, Kerala, Pin Code- 682003",Cochin Port Trust Educational Society,Eranakulam,Kerala,Government,GNM,20 (Twenty),20,682003,2025-2026,INC Yearly Report,https://online.indiannursingcouncil.org/Reports/YearlyReportByState.aspx,2026-09-11T11:23:39.084853
Kerala|Kasaragode|COLLEGE OF NURSING (SIMET),College Of Nursing (Simet),"College Of Nursing (Simet), Ayyampara, Periye Post, Kasargode, Distt.- Kasaragode, Kerala, Pin Code- 671320",State Institute Of Medical Edun And Tech,Kasaragode,Kerala,Government,B.Sc(N),60 (Sixty),60,671320,2025-2026,INC Yearly Report,https://online.indiannursingcouncil.org/Reports/YearlyReportByState.aspx,2026-09-11T11:23:39.084853
Kerala|Palakkad|COLLEGE OF NURSING SEVENTH DAY ADVENTIST HOSPITAL,College Of Nursing Seventh Day Adventist Hospital,"College Of Nursing Seventh Day Adventist Hospital, Kanniyampuram, Ottapalam, Ottapalam, Distt.- Palakkad, Kerala, Pin Code- 679104",Medical Trust Of Seventh Day Adventists,Palakkad,Kerala,Private,B.Sc(N),40 (Forty),40,679104,2025-2026,INC Yearly Report,https://online.indiannursingcouncil.org/Reports/YearlyReportByState.aspx,2026-09-11T11:23:39.084853
Kerala|Thiruvananthapuram|COLLEGE OF NURSING,College Of Nursing,"College Of Nursing, Ananthapuri Hospitals,, 31/1424, Chacka, National Highway, Pettah P O, Thiruvananthapuram, Distt.- Thiruvananthapuram, Kerala, Pin Code- 695024",Ananthapuri Educational Trust,Thiruvananthapuram,Kerala,Private,B.Sc(N) | M. Sc (N),60 (Sixty) | 25 ; 5 In Each Speciality,85,695024,2025-2026,INC Yearly Report,https://online.indiannursingcouncil.org/Reports/YearlyReportByState.aspx,2026-09-11T11:23:39.084853
Kerala|Malappuram|COLLEGE OF NURSING,College Of Nursing,"College Of Nursing, E M S Memorial Co-Operative Hosp &, Panambi Perinthalmanna, , Perinthalmanna, Distt.- Malappuram, Kerala, Pin Code- 679322",E M S Memorial Co-Operative Society,Malappuram,Kerala,Private,B.Sc(N),100 (One Hundred),100,679322,2025-2026,INC Yearly Report,https://online.indiannursingcouncil.org/Reports/YearlyReportByState.aspx,2026-09-11T11:23:39.084853
Kerala|Pathanamthitta|COLLEGE OF NURSING,College Of Nursing,"College Of Nursing, Guru Education Trust, Building No.32/2(1), Gospel For Asia, Kuttapuzha Po, Thiruvalla, Pathnamthitta, Distt.- Pathanamthitta, Kerala, Pin Code- 689103",Guru Education Trust,Pathanamthitta,Kerala,Private,B.Sc(N),60 (Sixty),60,689103,2025-2026,INC Yearly Report,https://online.indiannursingcouncil.org/Reports/YearlyReportByState.aspx,2026-09-11T11:23:39.084853
Kerala|Eranakulam|COLLEGE OF NURSING,College Of Nursing,"College Of Nursing, Najath Superspeciality Hospital, Purayar, Desom Po, Aluva, Aluva, Distt.- Eranakulam, Kerala, Pin Code- 683102",The School Of Nursing Najath Superspeciality Hospital,Eranakulam,Kerala,Private,B.Sc(N) | GNM,40 (Forty) | 30 (Thirty),70,683102,2025-2026,INC Yearly Report,https://online.indiannursingcouncil.org/Reports/YearlyReportByState.aspx,2026-09-11T11:23:39.084853
Kerala|Kannur|COLLEGE OF NURSING,College Of Nursing,"College Of Nursing, Thalassery, College Of Nursing Thalassery, Netturp.O, Thalassery-670105, , Distt.- Kannur, Kerala, Pin Code- 670105",Kerala -Co-Operative Hospital Fedration,Kannur,Kerala,Private,B.Sc(N) | M. Sc (N),"60 (Sixty) | 12 (Twelve) Med Surg-4, Obg-4, Paed-4",72,670105,2025-2026,INC Yearly Report,https://online.indiannursingcouncil.org/Reports/YearlyReportByState.aspx,2026-09-11T11:23:39.084853
Kerala|Kannur|CO-OPERATIVE COLLEGE OF NURSING PAYYANUR,Co-Operative College Of Nursing Payyanur,"Co-Operative College Of Nursing Payyanur, Co-Operative College Of Nursing Payyanur, Near Ksrtc Bus Stand,, Payyanur, Distt.- Kannur, Kerala, Pin Code- 670307",Payyanur Co Operative Hospital Society Ltd,Kannur,Kerala,Private,B.Sc(N),60 (Sixty),60,670307,2025-2026,INC Yearly Report,https://online.indiannursingcouncil.org/Reports/YearlyReportByState.aspx,2026-09-11T11:23:39.084853
Kerala|Thiruvananthapuram|CO-OPERATIVE COLLEGE OF NURSING,Co-Operative College Of Nursing,"Co-Operative College Of Nursing, Karakulam P O, Thiruvananthapuram, Distt.- Thiruvananthapuram, Kerala, Pin Code- 695564",G Karunakaran Memorial Educational Society,Thiruvananthapuram,Kerala,Private,B.Sc(N) | P B B.Sc(N),90 (Ninety) | 40 (Forty),130,695564,2025-2026,INC Yearly Report,https://online.indiannursingcouncil.org/Reports/YearlyReportByState.aspx,2026-09-11T11:23:47.535315
Kerala|Pathanamthitta|CPAS INSTITUTE OF NURSING EDUCATION SME SEETHATHODE,Cpas Institute Of Nursing Education Sme Seethathode,"Cpas Institute Of Nursing Education Sme Seethathode, Ine, Sme, Seethathode, Seethathode, Distt.- Pathanamthitta, Kerala, Pin Code- 689667",Kerala,Pathanamthitta,Kerala,Government,B.Sc(N),30 (Thirty),30,689667,2025-2026,INC Yearly Report,https://online.indiannursingcouncil.org/Reports/YearlyReportByState.aspx,2026-09-11T11:23:47.535315
Kerala|Thrissur|CRAFT SCHOOL OF NURSING,Craft School Of Nursing,"Craft School Of Nursing, Craft Hospital And Research Centre,Chandapura,Kodungallur,Thrissur-680664, Kodungallur, Distt.- Thrissur, Kerala, Pin Code- 680664",Craft Hospital And Research Centre,Thrissur,Kerala,Private,GNM,25 (Twenty Five),25,680664,2025-2026,INC Yearly Report,https://online.indiannursingcouncil.org/Reports/YearlyReportByState.aspx,2026-09-11T11:23:47.535315
Kerala|Kannur|CRESCENT COLLEGE OF NURSING,Crescent College Of Nursing,"Crescent College Of Nursing, Ramapuram, P O Payangadi,Kannur District, Kerala State., Payangadi, Distt.- Kannur, Kerala, Pin Code- 670303",North Malabar Development Society,Kannur,Kerala,Private,B.Sc(N),70 (Seventy),70,670303,2025-2026,INC Yearly Report,https://online.indiannursingcouncil.org/Reports/YearlyReportByState.aspx,2026-09-11T11:23:47.535315
Kerala|Thiruvananthapuram|CSI SCHOOL OF NURSING,Csi School Of Nursing,"Csi School Of Nursing, Dr Somervell Memorial Csi Medical College And Hospital Campus, Karakonam, Trivandrum, Trivandrum, Distt.- Thiruvananthapuram, Kerala, Pin Code- 695504",South Kerala Medical Mission Of The South Kerala Diocese Of The Csi,Thiruvananthapuram,Kerala,Private,GNM | B.Sc(N) | M. Sc (N) | Post Basic Diploma in Operation Room Nursing | P B B.Sc(N),40 (Forty) | 100 (One Hundred) | 20 (Twenty) Med Surg-04 Obg-04 Psy-04 Chn-04 Paed-04 | 10 (Ten) | 20 (Twenty),190,695504,2025-2026,INC Yearly Report,https://online.indiannursingcouncil.org/Reports/YearlyReportByState.aspx,2026-09-11T11:23:47.535315
Kerala|Palakkad|DEENABANDHU SCHOOL OF NURSING,Deenabandhu School Of Nursing,"Deenabandhu School Of Nursing, Esaf Hospital And Research Hospital, Thachampara Po, , Distt.- Palakkad, Kerala, Pin Code- 678953",Evangelical Social Action Forum,Palakkad,Kerala,Private,GNM,30 (Thirty),30,678953,2025-2026,INC Yearly Report,https://online.indiannursingcouncil.org/Reports/YearlyReportByState.aspx,2026-09-11T11:23:47.535315
Kerala|Eranakulam|DEVA MATHA HOSPITAL,Deva Matha Hospital,"Deva Matha Hospital, School Of Nursing, Kothathukulam, Koothattukulam, Distt.- Eranakulam, Kerala, Pin Code- 686662","Adoration Medical Trust, Pala",Eranakulam,Kerala,Private,GNM,30 (Thirty),30,686662,2025-2026,INC Yearly Report,https://online.indiannursingcouncil.org/Reports/YearlyReportByState.aspx,2026-09-11T11:23:47.535315
Kerala|Thiruvananthapuram|DR GOVINDANS SCHOOL OF NURSING,Dr Govindans School Of Nursing,"Dr Govindans School Of Nursing, Tc 68/1138(4) Mla Road,Kamaleswaram,Vallakadavu P O, Trivandrum, Vill.- Thiruvananthapuram, Tehsil- Tvpm Corporation, Distt.- Thiruvananthapuram, Kerala, Pin Code-",Dr Govindans Hospital,Thiruvananthapuram,Kerala,Private,GNM,20 (Twenty),20,,2025-2026,INC Yearly Report,https://online.indiannursingcouncil.org/Reports/YearlyReportByState.aspx,2026-09-11T11:23:47.535315
Kerala|Iddukki|DR. A V JOSEPH SCHOOL OF NURSING,Dr. A V Joseph School Of Nursing,"Dr. A V Joseph School Of Nursing, Dr. A V Joseph School Of Nursing, Nedumkandam P.O., Idukki District, Kerala, India Pin - 685553., Nedumkandam, Distt.- Iddukki, Kerala, Pin Code- 685553",Dr. A V Joseph Memorial Charitable Trust,Iddukki,Kerala,Private,GNM,38 (Thirty Eight),38,685553,2025-2026,INC Yearly Report,https://online.indiannursingcouncil.org/Reports/YearlyReportByState.aspx,2026-09-11T11:23:47.535315
Kerala|Wayanad|DR. MOOPEN'S NURSING COLLEGE,Dr. Moopen's Nursing College,"Dr. Moopen's Nursing College, Naseera Nagar, Meppadi Post, Kalpetta, Distt.- Wayanad, Kerala, Pin Code- 673577",D M Education And Research Foundation,Wayanad,Kerala,Private,B.Sc(N),85 (Eighty Five),85,673577,2025-2026,INC Yearly Report,https://online.indiannursingcouncil.org/Reports/YearlyReportByState.aspx,2026-09-11T11:23:47.535315
Kerala|Kollam|DR. NAIRS HOSPITAL,Dr. Nairs Hospital,"Dr. Nairs Hospital, 445 Residency Road, Kollam, Distt.- Kollam, Kerala, Pin Code- 691002",Lakshmi Srinidhi Trust,Kollam,Kerala,Private,GNM,40 (Forty),40,691002,2025-2026,INC Yearly Report,https://online.indiannursingcouncil.org/Reports/YearlyReportByState.aspx,2026-09-11T11:23:47.535315
Kerala|Malappuram|EDAPPAL HOSPITALS NURSING COLLEGE,Edappal Hospitals Nursing College,"Edappal Hospitals Nursing College, Edappal, Edappal, Distt.- Malappuram, Kerala, Pin Code- 679576","Edappal Hospitals Education And Charitable Trust, Edappal",Malappuram,Kerala,Private,B.Sc(N),40 (Forty),40,679576,2025-2026,INC Yearly Report,https://online.indiannursingcouncil.org/Reports/YearlyReportByState.aspx,2026-09-11T11:23:47.535315
Kerala|Thrissur|ELITE MISSION HOSPITAL COLLEGE OF NURSING,Elite Mission Hospital College Of Nursing,"Elite Mission Hospital College Of Nursing, Koorkenchery P.O, Thrissur, Distt.- Thrissur, Kerala, Pin Code- 680007",Elite Mission Hospital,Thrissur,Kerala,Private,B.Sc(N),40 (Forty),40,680007,2025-2026,INC Yearly Report,https://online.indiannursingcouncil.org/Reports/YearlyReportByState.aspx,2026-09-11T11:23:47.535315
Kerala|Wayanad|FATIMA MATA MISSION HOSPITAL,Fatima Mata Mission Hospital,"Fatima Mata Mission Hospital, Kalpeta-21, Kalpetta, Distt.- Wayanad, Kerala, Pin Code- 673121",Fatima Mata Mission Hospital Trust,Wayanad,Kerala,Private,GNM,37 (Thirty Seven),37,673121,2025-2026,INC Yearly Report,https://online.indiannursingcouncil.org/Reports/YearlyReportByState.aspx,2026-09-11T11:23:47.535315
Kerala|Thiruvananthapuram|GG SCHOOL OF NURSING,Gg School Of Nursing,"Gg School Of Nursing, Gg School Of Nursing Chennilode Kumarapuram Medical College.P.O Thiruvananthapuram, Thiruvananthapuram, Distt.- Thiruvananthapuram, Kerala, Pin Code- 695011",A Unit Of Paragon Hospital Kerala Private Limited,Thiruvananthapuram,Kerala,Private,GNM,40 (Forty),40,695011,2025-2026,INC Yearly Report,https://online.indiannursingcouncil.org/Reports/YearlyReportByState.aspx,2026-09-11T11:23:47.535315
Kerala|Eranakulam|GOVERNMENT COLLEGE OF NURSING ERNAKULAM,Government College Of Nursing Ernakulam,"Government College Of Nursing Ernakulam, H M T Colony, Ernakulam, Distt.- Eranakulam, Kerala, Pin Code- 683503",Govt. Of Kerala,Eranakulam,Kerala,Government,B.Sc(N) | M. Sc (N) | P B B.Sc(N),"80 (Eighty) | 16 (Sixteen) Chn-8, Psy- 8 | 40 (Forty)",136,683503,2025-2026,INC Yearly Report,https://online.indiannursingcouncil.org/Reports/YearlyReportByState.aspx,2026-09-11T11:23:47.535315
Kerala|Kasaragode|GOVERNMENT COLLEGE OF NURSING KASARAGOD,Government College Of Nursing Kasaragod,"Government College Of Nursing Kasaragod, Ukkinadka, Perla, Kasaragode, Ukkinadka, Distt.- Kasaragode, Kerala, Pin Code- 671552",Kerala,Kasaragode,Kerala,Government,B.Sc(N),60 (Sixty),60,671552,2025-2026,INC Yearly Report,https://online.indiannursingcouncil.org/Reports/YearlyReportByState.aspx,2026-09-11T11:23:47.535315
Kerala|Wayanad|GOVERNMENT COLLEGE OF NURSING WAYANAD,Government College Of Nursing Wayanad,"Government College Of Nursing Wayanad, Government College Of Nursing, Mananthavadi P.O Wayanad 670645, Wayanad, Distt.- Wayanad, Kerala, Pin Code- 670645",Kerala State Government,Wayanad,Kerala,Government,B.Sc(N),60 (Sixty),60,670645,2025-2026,INC Yearly Report,https://online.indiannursingcouncil.org/Reports/YearlyReportByState.aspx,2026-09-11T11:23:47.535315
Kerala|Thrissur|GOVERNMENT COLLEGE OF NURSING,Government College Of Nursing,"Government College Of Nursing, Medical College Hospital, Thrissur, Distt.- Thrissur, Kerala, Pin Code- 680596",Government Of Kerala,Thrissur,Kerala,Government,B.Sc(N) | M. Sc (N),80 (Eighty) | 20 (Twenty) 4 In Each Speciality,100,680596,2025-2026,INC Yearly Report,https://online.indiannursingcouncil.org/Reports/YearlyReportByState.aspx,2026-09-11T11:23:47.535315
Kerala|Alappuzha|GOVERNMENT COLLEGE OF NURSING,Government College Of Nursing,"Government College Of Nursing, T D Medical College, Vandanam P.O., Alappuzha, Distt.- Alappuzha, Kerala, Pin Code- 688005",Government Of Kerala,Alappuzha,Kerala,Government,B.Sc(N) | M. Sc (N),"80 (Eighty) | 28 (TWENTY EIGHT): MED-SURG-5, OBG-5, CHN-5, PAED-5, PSY-8",108,688005,2025-2026,INC Yearly Report,https://online.indiannursingcouncil.org/Reports/YearlyReportByState.aspx,2026-09-11T11:23:47.535315
Kerala|Kannur|GOVERNMENT NURSING COLLEGE,Government Nursing College,"Government Nursing College, Pariyaram Medical College, Pariyaram, Pariyaram, Distt.- Kannur, Kerala, Pin Code- 670503",Academy Of Medical Sciences,Kannur,Kerala,Government,B.Sc(N) | M. Sc (N),80 (Eighty) | 11 (Eleven),91,670503,2025-2026,INC Yearly Report,https://online.indiannursingcouncil.org/Reports/YearlyReportByState.aspx,2026-09-11T11:23:47.535315
Kerala|Alappuzha|GOVERNMENT SCHOOL OF NURSING,Government School Of Nursing,"Government School Of Nursing, General Hospital Campus Iron Bridge P.O, Alappuzha, Distt.- Alappuzha, Kerala, Pin Code- 688011",Kerala,Alappuzha,Kerala,Private,GNM,30 (THIRTY),30,688011,2025-2026,INC Yearly Report,https://online.indiannursingcouncil.org/Reports/YearlyReportByState.aspx,2026-09-11T11:23:56.105037
Kerala|Iddukki|GOVERNMENT SCHOOL OF NURSING,Government School Of Nursing,"Government School Of Nursing, Govt.School Of Nursing, Muttom.P.O.Idukki, Thodupuzha, Distt.- Iddukki, Kerala, Pin Code- 685587",Kerala,Iddukki,Kerala,Government,GNM,25 (TWENTY FIVE),25,685587,2025-2026,INC Yearly Report,https://online.indiannursingcouncil.org/Reports/YearlyReportByState.aspx,2026-09-11T11:23:56.105037
Kerala|Thiruvananthapuram|GOVERNMENT SCHOOL OF NURSING,Government School Of Nursing,"Government School Of Nursing, Thiruvanthapuram, Thiruvananthapuram, Distt.- Thiruvananthapuram, Kerala, Pin Code- 695011",Government Of Kerala,Thiruvananthapuram,Kerala,Government,GNM | B.Sc(N) | M. Sc (N) | P B B.Sc(N) | Post Basic Diploma in Critical care nursing,"30 (Thirty) | 190 (One Hundred Ninety) | 39 (THIRTY NINE): Med- Surg.- 08, Paed- 08, CHN- 08, OBG- 07, Psy- 08 | 30 (Thirty) | 11 (Eleven)",300,695011,2025-2026,INC Yearly Report,https://online.indiannursingcouncil.org/Reports/YearlyReportByState.aspx,2026-09-11T11:23:56.105037
Kerala|Kozhikode|GOVT SCHOOL OF NURSING,Govt School Of Nursing,"Govt School Of Nursing, Beach P O, Kozhikode, Vill.- Kasaba, Tehsil- Kozhikkode, Distt.- Kozhikode, Kerala, Pin Code- 673032",Kerala,Kozhikode,Kerala,Government,GNM,75 (Seventy Five),75,673032,2025-2026,INC Yearly Report,https://online.indiannursingcouncil.org/Reports/YearlyReportByState.aspx,2026-09-11T11:23:56.105037
Kerala|Palakkad|GOVT COLLEGE OF NURSING,Govt College Of Nursing,"Govt College Of Nursing, Palakkad, Govt College Of Nursing, Kunnathurmedu (Po) , East Yakkara, Palakkad, Kerala, Palakkad, Distt.- Palakkad, Kerala, Pin Code- 678013",Govt Of Kerala,Palakkad,Kerala,Government,B.Sc(N),100 (ONE HUNDRED),100,678013,2025-2026,INC Yearly Report,https://online.indiannursingcouncil.org/Reports/YearlyReportByState.aspx,2026-09-11T11:23:56.105037
Kerala|Malappuram|GOVT COLLEGE OF NURSING,Govt College Of Nursing,"Govt College Of Nursing,Manjeri, Govt College Of Nursing,Medical College, Manjeri,Malappuram District, Manjeri, Distt.- Malappuram, Kerala, Pin Code- 676121",Govt Of Kerala,Malappuram,Kerala,Government,B.Sc(N),60 (Sixty),60,676121,2025-2026,INC Yearly Report,https://online.indiannursingcouncil.org/Reports/YearlyReportByState.aspx,2026-09-11T11:23:56.105037
Kerala|Pathanamthitta|GOVT COLLEGE OF NURSING,Govt College Of Nursing,"Govt College Of Nursing,Pathanamthitta, Makkamkunnu,College Junction, Pathanamthitta Po,Kerala, Pathanamthitta, Distt.- Pathanamthitta, Kerala, Pin Code- 689645",Kerala Govt,Pathanamthitta,Kerala,Government,B.Sc(N),60 (Sixty),60,689645,2025-2026,INC Yearly Report,https://online.indiannursingcouncil.org/Reports/YearlyReportByState.aspx,2026-09-11T11:23:56.105037
Kerala|Iddukki|GOVT JUNIOR PUBLIC HEALTH NURSES TRG. SCH.,Govt Junior Public Health Nurses Trg. Sch.,"Govt Junior Public Health Nurses Trg. Sch., Muttom, , Distt.- Iddukki, Kerala, Pin Code- 685603",,Iddukki,Kerala,Government,ANM,20 (Twenty),20,685603,2025-2026,INC Yearly Report,https://online.indiannursingcouncil.org/Reports/YearlyReportByState.aspx,2026-09-11T11:23:56.105037
Kerala|Kottayam|GOVT JUNIOR PUBLIC HEALTH NURSES TRG. SCH.,Govt Junior Public Health Nurses Trg. Sch.,"Govt Junior Public Health Nurses Trg. Sch., Thalayolaparambu, Thalayolaparambu, Distt.- Kottayam, Kerala, Pin Code- 686605",Government,Kottayam,Kerala,Government,ANM,25 (Twenty Five),25,686605,2025-2026,INC Yearly Report,https://online.indiannursingcouncil.org/Reports/YearlyReportByState.aspx,2026-09-11T11:23:56.105037
Kerala|Pathanamthitta|GOVT SCHOOL OF NURSING PATHANAMTHITTA,Govt School Of Nursing Pathanamthitta,"Govt School Of Nursing Pathanamthitta, Govt School Of Nursing Elanthoor P O Pathanamthitta 689643, Elanthoor, Distt.- Pathanamthitta, Kerala, Pin Code- 689643",Kerala,Pathanamthitta,Kerala,Government,GNM,27 (TWENTY SEVEN),27,689643,2025-2026,INC Yearly Report,https://online.indiannursingcouncil.org/Reports/YearlyReportByState.aspx,2026-09-11T11:23:56.105037
Kerala|Kollam|GOVT SCHOOL OF NURSING,Govt School Of Nursing,"Govt School Of Nursing, District Hospital, Kollam, Distt.- Kollam, Kerala, Pin Code- 691001",Kerala,Kollam,Kerala,Government,GNM,30 (THIRTY),30,691001,2025-2026,INC Yearly Report,https://online.indiannursingcouncil.org/Reports/YearlyReportByState.aspx,2026-09-11T11:23:56.105037
Kerala|Eranakulam|GOVT SCHOOL OF NURSING,Govt School Of Nursing,"Govt School Of Nursing, Ernakulam, Ernakulam, Distt.- Eranakulam, Kerala, Pin Code- 682011",Kerala Government,Eranakulam,Kerala,Government,GNM,40 (Forty),40,682011,2025-2026,INC Yearly Report,https://online.indiannursingcouncil.org/Reports/YearlyReportByState.aspx,2026-09-11T11:23:56.105037
Kerala|Thiruvananthapuram|GOVT SCHOOL OF NURSING,Govt School Of Nursing,"Govt School Of Nursing, General Hospital, Thiruvananthapuram, Distt.- Thiruvananthapuram, Kerala, Pin Code- 695035",Kerala,Thiruvananthapuram,Kerala,Government,GNM,33 (THIRTY THREE),33,695035,2025-2026,INC Yearly Report,https://online.indiannursingcouncil.org/Reports/YearlyReportByState.aspx,2026-09-11T11:23:56.105037
Kerala|Kottayam|GOVT SCHOOL OF NURSING,Govt School Of Nursing,"Govt School Of Nursing, Kottayam, Kottayam, Distt.- Kottayam, Kerala, Pin Code- 686001",Kerala,Kottayam,Kerala,Government,GNM,26 (TWENTY SIX),26,686001,2025-2026,INC Yearly Report,https://online.indiannursingcouncil.org/Reports/YearlyReportByState.aspx,2026-09-11T11:23:56.105037
Kerala|Malappuram|GOVT SCHOOL OF NURSING,Govt School Of Nursing,"Govt School Of Nursing, Manjeri, Malappuram, Govt School Of Nursing Manjeri, Malappuram , Kerala -676121, Manjeri, Distt.- Malappuram, Kerala, Pin Code- 676121",Kerala,Malappuram,Kerala,Government,GNM,26 (Twenty Six),26,676121,2025-2026,INC Yearly Report,https://online.indiannursingcouncil.org/Reports/YearlyReportByState.aspx,2026-09-11T11:23:56.105037
Kerala|Thrissur|GOVT SCHOOL OF NURSING,Govt School Of Nursing,"Govt School Of Nursing, Maternity Hospital Campus, Thrissur, Distt.- Thrissur, Kerala, Pin Code- 680001",Kerala,Thrissur,Kerala,Government,GNM,37 (Thirty Seven),37,680001,2025-2026,INC Yearly Report,https://online.indiannursingcouncil.org/Reports/YearlyReportByState.aspx,2026-09-11T11:23:56.105037
Kerala|Palakkad|GOVT SCHOOL OF NURSING,Govt School Of Nursing,"Govt School Of Nursing, Palakkad, Palakkad, Distt.- Palakkad, Kerala, Pin Code- 678001",Government Of Kerala,Palakkad,Kerala,Government,GNM,30 (Thirty),30,678001,2025-2026,INC Yearly Report,https://online.indiannursingcouncil.org/Reports/YearlyReportByState.aspx,2026-09-11T11:23:56.105037
Kerala|Wayanad|GOVT SCHOOL OF NURSING,Govt School Of Nursing,"Govt School Of Nursing, Wayanad, Panamaram, Distt.- Wayanad, Kerala, Pin Code- 670721",Kerala,Wayanad,Kerala,Government,GNM,25 (TWENTY FIVE),25,670721,2025-2026,INC Yearly Report,https://online.indiannursingcouncil.org/Reports/YearlyReportByState.aspx,2026-09-11T11:23:56.105037
Kerala|Iddukki|GOVT. COLLEGE OF NURSING,Govt. College Of Nursing,"Govt. College Of Nursing, Idukki, Govt. College Of Nursingidukki Colony P O, Idukki&#8211; 685 602, Cheruthoni, Distt.- Iddukki, Kerala, Pin Code- 685602",Govt. Of Kerala,Iddukki,Kerala,Government,B.Sc(N),60 (Sixty),60,685602,2025-2026,INC Yearly Report,https://online.indiannursingcouncil.org/Reports/YearlyReportByState.aspx,2026-09-11T11:23:56.105037
Kerala|Kollam|GOVT. COLLEGE OF NURSING,Govt. College Of Nursing,"Govt. College Of Nursing, Kollam, Govt. College Of Nursing,Parippally,Kollam, Parippally, Distt.- Kollam, Kerala, Pin Code- 691574",Kerala Government,Kollam,Kerala,Government,B.Sc(N),60 (Sixty),60,691574,2025-2026,INC Yearly Report,https://online.indiannursingcouncil.org/Reports/YearlyReportByState.aspx,2026-09-11T11:23:56.105037
Kerala|Kozhikode|GOVT. COLLEGE OF NURSING,Govt. College Of Nursing,"Govt. College Of Nursing, Kozhicode Medical College, Kozhikode, Distt.- Kozhikode, Kerala, Pin Code- 673008",Kerala,Kozhikode,Kerala,Government,GNM | B.Sc(N) | M. Sc (N),"30 (Thirty) | 100 (One Hundred) | 30 (Thirty) Med Surg-6, Psy-6, Obg-6, Paed-6, Chn-6",160,673008,2025-2026,INC Yearly Report,https://online.indiannursingcouncil.org/Reports/YearlyReportByState.aspx,2026-09-11T11:23:56.105037
Kerala|Palakkad|GOVT. JN. PUBLIC HEALTH NURSES TRG. CEN.,Govt. Jn. Public Health Nurses Trg. Cen.,"Govt. Jn. Public Health Nurses Trg. Cen., Mundur, , Distt.- Palakkad, Kerala, Pin Code- 0",,Palakkad,Kerala,Government,ANM,20 (Twenty),20,,2025-2026,INC Yearly Report,https://online.indiannursingcouncil.org/Reports/YearlyReportByState.aspx,2026-09-11T11:23:56.105037
Kerala|Kasaragode|GOVT. SCHOOL OF NURSING KASARGOD,Govt. School Of Nursing Kasargod,"Govt. School Of Nursing Kasargod , Pin 671315, Kanhangad, Distt.- Kasaragode, Kerala, Pin Code- 671315",Kerala,Kasaragode,Kerala,Private,GNM,25 (Twenty Five),25,671315,2025-2026,INC Yearly Report,https://online.indiannursingcouncil.org/Reports/YearlyReportByState.aspx,2026-09-11T11:23:56.105037
Kerala|Kottayam|GOVT.COLLEGE OF NURSING,Govt.College Of Nursing,"Govt.College Of Nursing , Govt.College Of Nursing, Gandhinagar P.O. Kottayam 686008, Kottayam, Distt.- Kottayam, Kerala, Pin Code- 686008",Govt.Of Kerala,Kottayam,Kerala,Government,P B B.Sc(N) | GNM | B.Sc(N) | M. Sc (N),"19 (Nineteen) | 30 (Thirty) | 80 (Eighty) | 22 (Twenty Two) Med-Surg-6, Paed-4, Psy-4, Chn-4, Obg-4",151,686008,2025-2026,INC Yearly Report,https://online.indiannursingcouncil.org/Reports/YearlyReportByState.aspx,2026-09-11T11:24:04.726427
Kerala|Iddukki|HIGHRANGE CO-OPERATIVE HOSPITAL SCHOOL OF NURSING THANKAMANY,Highrange Co-Operative Hospital School Of Nursing Thankamany,"Highrange Co-Operative Hospital School Of Nursing Thankamany, Highrange Co-Operative Hospital School Of Nursing Thankamany, Idukki 685609, Thankamany, Distt.- Iddukki, Kerala, Pin Code- 685609",Highrange Super Speciality Co Operative Hospital Society-Operative,Iddukki,Kerala,Private,GNM,25 (Twenty Five),25,685609,2025-2026,INC Yearly Report,https://online.indiannursingcouncil.org/Reports/YearlyReportByState.aspx,2026-09-11T11:24:04.726427
Kerala|Pathanamthitta|HOLY CROSS COLLEGE OF NURSING,Holy Cross College Of Nursing,"Holy Cross College Of Nursing, Adoor, Adoor, Distt.- Pathanamthitta, Kerala, Pin Code- 691523",Society Of The Sisters Of The Holy Cross,Pathanamthitta,Kerala,Private,B.Sc(N),40 (Forty),40,691523,2025-2026,INC Yearly Report,https://online.indiannursingcouncil.org/Reports/YearlyReportByState.aspx,2026-09-11T11:24:04.726427
Kerala|Iddukki|HOLY FAMILY COLLEGE OF NURSING,Holy Family College Of Nursing,"Holy Family College Of Nursing, Muthalakodam P O, Thodupuzha, Distt.- Iddukki, Kerala, Pin Code- 685585",Holy Family Hospital Trust,Iddukki,Kerala,Private,GNM | B.Sc(N) | M. Sc (N),"35 (Thirty Five) | 80 (Eighty) | 8 (Eight) Med-Surg-4, Chn-4",123,685585,2025-2026,INC Yearly Report,https://online.indiannursingcouncil.org/Reports/YearlyReportByState.aspx,2026-09-11T11:24:04.726427
Kerala|Kottayam|HOLY GHOST MISSION HOSPITAL SCHOOL OF NURSING,Holy Ghost Mission Hospital School Of Nursing,"Holy Ghost Mission Hospital School Of Nursing, Muttuchira P O, Kaduthuruthy, Distt.- Kottayam, Kerala, Pin Code- 686613",Holy Ghost Mission Hospital Trust,Kottayam,Kerala,Private,GNM,35 (Thirty Five),35,686613,2025-2026,INC Yearly Report,https://online.indiannursingcouncil.org/Reports/YearlyReportByState.aspx,2026-09-11T11:24:04.726427
Kerala|Kottayam|I H M HOSPITAL,I H M Hospital,"I H M Hospital, School Of Nursing, Bharananganam P O , Bharananganam, Distt.- Kottayam, Kerala, Pin Code- 686578",Medical Mission Sisters,Kottayam,Kerala,Private,GNM | ANM,30 (Thirty) | 30 (Thirty),60,686578,2025-2026,INC Yearly Report,https://online.indiannursingcouncil.org/Reports/YearlyReportByState.aspx,2026-09-11T11:24:04.726427
Kerala|Malappuram|I.E.T COLLEGE OF NURSING,I.E.T College Of Nursing,"I.E.T College Of Nursing , C/O Ithis Hospital, Vengara Road, Malappuram, Malappuram, Distt.- Malappuram, Kerala, Pin Code- 676505",Ithi Educational Trust,Malappuram,Kerala,Private,B.Sc(N),30 (Thirty),30,676505,2025-2026,INC Yearly Report,https://online.indiannursingcouncil.org/Reports/YearlyReportByState.aspx,2026-09-11T11:24:04.726427
Kerala|Eranakulam|INDIRA GANDHI COLLEGE OF NURSING,Indira Gandhi College Of Nursing,"Indira Gandhi College Of Nursing, Indira Gandhi Cooperative Hospital, P B No 2019, Ernakulam, Distt.- Eranakulam, Kerala, Pin Code- 682020",Indira Gandhi Co Operative Hospitals Society Ltd.,Eranakulam,Kerala,Private,B.Sc(N),50 (Fifty),50,682020,2025-2026,INC Yearly Report,https://online.indiannursingcouncil.org/Reports/YearlyReportByState.aspx,2026-09-11T11:24:04.726427
Kerala|Eranakulam|INDIRA GANDHI MEMORIAL COLLEGE OF NURSING,Indira Gandhi Memorial College Of Nursing,"Indira Gandhi Memorial College Of Nursing, Asamannoor Poodakkali , Perumbavoor, Distt.- Eranakulam, Kerala, Pin Code- 683549",Indira Gandhi Memorial Trust,Eranakulam,Kerala,Private,B.Sc(N),60 (Sixty),60,683549,2025-2026,INC Yearly Report,https://online.indiannursingcouncil.org/Reports/YearlyReportByState.aspx,2026-09-11T11:24:04.726427
Kerala|Iddukki|INSTITUTE OF NURSING EDUCATION SCHOOL OF MEDICAL EDUCATION,Institute Of Nursing Education School Of Medical Education,"Institute Of Nursing Education School Of Medical Education, Chakkanam, Nedumkandam, Distt.- Iddukki, Kerala, Pin Code- 685553",M G University,Iddukki,Kerala,Private,B.Sc(N),60 (Sixty),60,685553,2025-2026,INC Yearly Report,https://online.indiannursingcouncil.org/Reports/YearlyReportByState.aspx,2026-09-11T11:24:04.726427
Kerala|Kottayam|INSTITUTE OF NURSING EDUCATION SME KANJIRAPPALLY,Institute Of Nursing Education Sme Kanjirappally,"Institute Of Nursing Education Sme Kanjirappally, Ine, Sme, Kanjirappally, Kanjirappally, Distt.- Kottayam, Kerala, Pin Code- 686507",Kerala,Kottayam,Kerala,Government,B.Sc(N),40 (Forty),40,686507,2025-2026,INC Yearly Report,https://online.indiannursingcouncil.org/Reports/YearlyReportByState.aspx,2026-09-11T11:24:04.726427
Kerala|Kottayam|INSTITUTE OF NURSING EDUCATION,Institute Of Nursing Education,"Institute Of Nursing Education, Andoor, P.O. - Merangattupilly, Pala, Distt.- Kottayam, Kerala, Pin Code- 686635",Mahatma Gandhi University,Kottayam,Kerala,Private,B.Sc(N),50 (Fifty),50,686635,2025-2026,INC Yearly Report,https://online.indiannursingcouncil.org/Reports/YearlyReportByState.aspx,2026-09-11T11:24:04.726427
Kerala|Eranakulam|INSTITUTE OF NURSING EDUCATION,Institute Of Nursing Education,"Institute Of Nursing Education, Manimalakkunnu, Koothattukulam, Distt.- Eranakulam, Kerala, Pin Code- 686662",Mahatma Gandhi University,Eranakulam,Kerala,Private,B.Sc(N),40 (Forty),40,686662,2025-2026,INC Yearly Report,https://online.indiannursingcouncil.org/Reports/YearlyReportByState.aspx,2026-09-11T11:24:04.726427
Kerala|Pathanamthitta|INSTITUTE OF NURSING EDUCATION,Institute Of Nursing Education,"Institute Of Nursing Education, S M E , Regional Centre, Pathanamthitta, Distt.- Pathanamthitta, Kerala, Pin Code- 689645",Mahatma Gandhi University,Pathanamthitta,Kerala,Government,B.Sc(N),50 (Fifty),50,689645,2025-2026,INC Yearly Report,https://online.indiannursingcouncil.org/Reports/YearlyReportByState.aspx,2026-09-11T11:24:04.726427
Kerala|Kollam|INSTITUTE OF NURSING EDUCATION,Institute Of Nursing Education,"Institute Of Nursing Education, School Of Medical Education, Centre For Professional And Advanced Studies, Diet Hostel Building, Kottarakkara, Distt.- Kollam, Kerala, Pin Code- 691506",Kerala,Kollam,Kerala,Government,B.Sc(N),40 (Forty),40,691506,2025-2026,INC Yearly Report,https://online.indiannursingcouncil.org/Reports/YearlyReportByState.aspx,2026-09-11T11:24:04.726427
Kerala|Kannur|INSTITUTE OF NURSING SCIENCES AND RESEARCH,Institute Of Nursing Sciences And Research,"Institute Of Nursing Sciences And Research, Malabar Cancer Centre. Moozhikkara (P.O), Thalassery, Distt.- Kannur, Kerala, Pin Code- 670103",Malabar Cancer Centre,Kannur,Kerala,Government,B.Sc(N),40 (Forty),40,670103,2025-2026,INC Yearly Report,https://online.indiannursingcouncil.org/Reports/YearlyReportByState.aspx,2026-09-11T11:24:04.726427
Kerala|Thrissur|IRINJALAKUDA CO-OPERATIVE SCHOOL OF NURSING,Irinjalakuda Co-Operative School Of Nursing,"Irinjalakuda Co-Operative School Of Nursing,, Kolothumpadi, Nadavaramba P O,, Irinjalakuda, Distt.- Thrissur, Kerala, Pin Code- 680661",Irinjalakuda Co-Operative Society,Thrissur,Kerala,Private,GNM,25 (Twenty Five),25,680661,2025-2026,INC Yearly Report,https://online.indiannursingcouncil.org/Reports/YearlyReportByState.aspx,2026-09-11T11:24:04.726427
Kerala|Kozhikode|JDT ISLAM SCHOOL OF NURSING,Jdt Islam School Of Nursing,"Jdt Islam School Of Nursing, Jdt Islam School Of Nursing,Vellimadukunnu, Post. Marikunnu, Kozhikode, Distt.- Kozhikode, Kerala, Pin Code- 673012",Jdt Islam Orphanage Committee,Kozhikode,Kerala,Private,GNM | B.Sc(N),40 (Forty) | 75 (Seventy Five),115,673012,2025-2026,INC Yearly Report,https://online.indiannursingcouncil.org/Reports/YearlyReportByState.aspx,2026-09-11T11:24:04.726427
Kerala|Alappuzha|JOSCO COLLEGE OF NURSING,Josco College Of Nursing,"Josco College Of Nursing, Josco Multi-Speciality Hospital, , Distt.- Alappuzha, Kerala, Pin Code- 690558",Good Samaritan Charitable Trust,Alappuzha,Kerala,Private,B.Sc(N),60 (Sixty),60,690558,2025-2026,INC Yearly Report,https://online.indiannursingcouncil.org/Reports/YearlyReportByState.aspx,2026-09-11T11:24:04.726427
Kerala|Alappuzha|JOSCO SCHOOL OF NURSING,Josco School Of Nursing,"Josco School Of Nursing, Josco Hospital ( P) Ltd , Edappan Jun Pandalam, Pandalam, Distt.- Alappuzha, Kerala, Pin Code- 690558",Good Samaritan Charitable Trust,Alappuzha,Kerala,Private,GNM,35 (Thirty Five),35,690558,2025-2026,INC Yearly Report,https://online.indiannursingcouncil.org/Reports/YearlyReportByState.aspx,2026-09-11T11:24:04.726427
Kerala|Thiruvananthapuram|JR. PUBLIC HEALTH NURSES TRAINING CENTRE,Jr. Public Health Nurses Training Centre,"Jr. Public Health Nurses Training Centre, J P H N Thycaud, Thycaud, Distt.- Thiruvananthapuram, Kerala, Pin Code- 695014",Kerala,Thiruvananthapuram,Kerala,Government,ANM,30 (Thirty),30,695014,2025-2026,INC Yearly Report,https://online.indiannursingcouncil.org/Reports/YearlyReportByState.aspx,2026-09-11T11:24:04.726427
Kerala|Thrissur|JUBILEE MISSION COLLEGE OF NURSING,Jubilee Mission College Of Nursing,"Jubilee Mission College Of Nursing, Bishop Alapatt Road, Jubilee Mission P.O., Thrissur East , Thrissur , Distt.- Thrissur, Kerala, Pin Code- 680005",Jubilee Mission Hospital Trust,Thrissur,Kerala,Private,GNM | B.Sc(N) | M. Sc (N) | Post Basic Diploma in Cardio Thoracic Nursing,"50 (Fifty) | 100 (ONE HUNDRED) | 10 (Ten) Med-Surg.- 3, Psy- 2, Obg-3, Paed- 2 | 15 (Fifteen)",175,680005,2025-2026,INC Yearly Report,https://online.indiannursingcouncil.org/Reports/YearlyReportByState.aspx,2026-09-11T11:24:12.802259
Kerala|Malappuram|K P M SCHOOL OF NURSING,K P M School Of Nursing,"K P M School Of Nursing, Downhill.Po,Malappuram, Vill.- Panakkad, Tehsil- Malapuram Muni, Distt.- Malappuram, Kerala, Pin Code- 676519",Orchid Institute Of Health Care And Research,Malappuram,Kerala,Private,GNM,40 (Forty),40,676519,2025-2026,INC Yearly Report,https://online.indiannursingcouncil.org/Reports/YearlyReportByState.aspx,2026-09-11T11:24:12.802259
Kerala|Thiruvananthapuram|K T C T SCHOOL OF NURSING,K T C T School Of Nursing,"K T C T School Of Nursing, Chathanpara, Thottakkadu( P O), Kallambalam, Kallambalam, Distt.- Thiruvananthapuram, Kerala, Pin Code- 695605",Kaduvayil Thangal Charitable Trust,Thiruvananthapuram,Kerala,Private,GNM,50 (Fifty),50,695605,2025-2026,INC Yearly Report,https://online.indiannursingcouncil.org/Reports/YearlyReportByState.aspx,2026-09-11T11:24:12.802259
Kerala|Alappuzha|K VELAYUDHAN MEMORIAL HOSPITAL,K Velayudhan Memorial Hospital,"K Velayudhan Memorial Hospital, K V School Of Nursing, Cherthala, Distt.- Alappuzha, Kerala, Pin Code- 688539",K V M Trust,Alappuzha,Kerala,Private,GNM | ANM | B.Sc(N),60 (Sixty) | 50 (Fifty) | 60 (Sixty),170,688539,2025-2026,INC Yearly Report,https://online.indiannursingcouncil.org/Reports/YearlyReportByState.aspx,2026-09-11T11:24:12.802259
Kerala|Palakkad|KARUNA COLLEGE OF NURSING,Karuna College Of Nursing,"Karuna College Of Nursing, Karuna Medical College Campus, Palakkad, Distt.- Palakkad, Kerala, Pin Code- 678103",Safe Development Alms Trust,Palakkad,Kerala,Private,B.Sc(N),60 (Sixty),60,678103,2025-2026,INC Yearly Report,https://online.indiannursingcouncil.org/Reports/YearlyReportByState.aspx,2026-09-11T11:24:12.802259
Kerala|Thiruvananthapuram|KIMS SCHOOL OF NURSING,Kims School Of Nursing,"Kims School Of Nursing, Koirani Po, Chembakamangalam, Thiruvananthapuram, Distt.- Thiruvananthapuram, Kerala, Pin Code- 695104",Kims Health Care Management Limited,Thiruvananthapuram,Kerala,Private,GNM | B.Sc(N) | M. Sc (N),40 (Forty) | 100 (One Hundred) | 15 (Fifteen),155,695104,2025-2026,INC Yearly Report,https://online.indiannursingcouncil.org/Reports/YearlyReportByState.aspx,2026-09-11T11:24:12.802259
Kerala|Kozhikode|KMCT SCHOOL OF NURSING,Kmct School Of Nursing,"Kmct School Of Nursing, Manassery (Po), Mukkam (Via), 673602, Kozhikode, Distt.- Kozhikode, Kerala, Pin Code- 673602",Kunhitharuvai Memorial Charitable Trust,Kozhikode,Kerala,Private,ANM | GNM | B.Sc(N) | M. Sc (N) | P B B.Sc(N),50 (Fifty) | 85 (Eighty Five) | 125 (One Hundred Twenty Five) | 09 (Nine) | 25 (Twenty Five),294,673602,2025-2026,INC Yearly Report,https://online.indiannursingcouncil.org/Reports/YearlyReportByState.aspx,2026-09-11T11:24:12.802259
Kerala|Kannur|KOYILI COLLEGE OF NURSING,Koyili College Of Nursing,"Koyili College Of Nursing,, Koyili Hospital, Kannadiparamba, Kannur, Distt.- Kannur, Kerala, Pin Code- 670604",Koyili Hospital Institute Of Nursing And Medical Research Centre,Kannur,Kerala,Private,GNM | B.Sc(N),40 (Forty) | 50 (Fifty),90,670604,2025-2026,INC Yearly Report,https://online.indiannursingcouncil.org/Reports/YearlyReportByState.aspx,2026-09-11T11:24:12.802259
Kerala|Kollam|KRISTU JAYANTI SCHOOL OF NURSING,Kristu Jayanti School Of Nursing,"Kristu Jayanti School Of Nursing,, Loka Rakshaka Hospital,, Kollam, Distt.- Kollam, Kerala, Pin Code- 690524",F.I.H Generalate,Kollam,Kerala,Private,GNM,20 (Twenty),20,690524,2025-2026,INC Yearly Report,https://online.indiannursingcouncil.org/Reports/YearlyReportByState.aspx,2026-09-11T11:24:12.802259
Kerala|Thrissur|LAL MEMORIAL HOSPITAL,Lal Memorial Hospital,"Lal Memorial Hospital, School Of Nursing, Madayikonam Post, Irinjalakuda, Distt.- Thrissur, Kerala, Pin Code- 680712",Sree Narayana Chandrika Trust,Thrissur,Kerala,Private,GNM,20 (Twenty),20,680712,2025-2026,INC Yearly Report,https://online.indiannursingcouncil.org/Reports/YearlyReportByState.aspx,2026-09-11T11:24:12.802259
Kerala|Kasaragode|LAXMI MEGHAN COLLEGE OF NURSING,Laxmi Meghan College Of Nursing,"Laxmi Meghan College Of Nursing, Surgicare Centre Hospital, Kanhangad, Vill.- Pullur, Tehsil- Kanhangad, Distt.- Kasaragode, Kerala, Pin Code- 671531",Laxmi Meghan Educational Trust,Kasaragode,Kerala,Private,B.Sc(N),75 (Seventy Five),75,671531,2025-2026,INC Yearly Report,https://online.indiannursingcouncil.org/Reports/YearlyReportByState.aspx,2026-09-11T11:24:12.802259
Kerala|Kottayam|LEYAMMA MEMORIAL COLLEGE OF NURSING,Leyamma Memorial College Of Nursing,"Leyamma Memorial College Of Nursing, Mudakapadam Mandiram Hospital Manganam P O Kottayam, Kottayam, Distt.- Kottayam, Kerala, Pin Code- 686018",Mudakapadam Mandiram Society,Kottayam,Kerala,Private,Upgraded College of Nursing,30 (Thirty) From 22-23 Academic Year,30,686018,2025-2026,INC Yearly Report,https://online.indiannursingcouncil.org/Reports/YearlyReportByState.aspx,2026-09-11T11:24:12.802259
Kerala|Kozhikode|LISA SCHOOL OF NURSING,Lisa School Of Nursing,"Lisa School Of Nursing,, Lisa Hospital, Thiruvampady,, Thiruvambady, Distt.- Kozhikode, Kerala, Pin Code- 673603",Lisa Charitable Trust For Health Science,Kozhikode,Kerala,Private,GNM,30 (Thirty),30,673603,2025-2026,INC Yearly Report,https://online.indiannursingcouncil.org/Reports/YearlyReportByState.aspx,2026-09-11T11:24:12.802259
Kerala|Eranakulam|LISIE HOSPITAL,Lisie Hospital,"Lisie Hospital, School Of Nursing, Cochin, Ernakulam, Distt.- Eranakulam, Kerala, Pin Code- 682018",Lisie Medical And Educational Institutions,Eranakulam,Kerala,Private,GNM | B.Sc(N),30 (Thirty) | 70 (Seventy),100,682018,2025-2026,INC Yearly Report,https://online.indiannursingcouncil.org/Reports/YearlyReportByState.aspx,2026-09-11T11:24:12.802259
Kerala|Eranakulam|LISIEUX COLLEGE OF NURSING,Lisieux College Of Nursing,"Lisieux College Of Nursing, Lisieux College Of Nursing Mookkannoor (P.O)Angamaly-683577, Mookkannoor, Distt.- Eranakulam, Kerala, Pin Code- 683577",M A G J Hospital Trust,Eranakulam,Kerala,Private,B.Sc(N),50 (Fifty),50,683577,2025-2026,INC Yearly Report,https://online.indiannursingcouncil.org/Reports/YearlyReportByState.aspx,2026-09-11T11:24:12.802259
Kerala|Eranakulam|LITTLE FLOWER COLLEGE OF NURSING,Little Flower College Of Nursing,"Little Flower College Of Nursing, Little Flower Hospital & Res Centre, , Distt.- Eranakulam, Kerala, Pin Code- 683572",Little Flower Hospital And Res Centre,Eranakulam,Kerala,Private,GNM | B.Sc(N) | P B B.Sc(N),50 (Fifty) | 75 (Seventy Five) | 20 (Twenty),145,683572,2025-2026,INC Yearly Report,https://online.indiannursingcouncil.org/Reports/YearlyReportByState.aspx,2026-09-11T11:24:12.802259
Kerala|Thiruvananthapuram|LITTLE FLOWER SCHOOL OF NURSING,Little Flower School Of Nursing,"Little Flower School Of Nursing, Monvila, Kulathoor P.O., Thiruvananthapuram, Thiruvananthapuram, Distt.- Thiruvananthapuram, Kerala, Pin Code- 695583",Trivandrum Social Service Society,Thiruvananthapuram,Kerala,Private,GNM | B.Sc(N),30 (Thirty) | 55 (Fifty Five),85,695583,2025-2026,INC Yearly Report,https://online.indiannursingcouncil.org/Reports/YearlyReportByState.aspx,2026-09-11T11:24:21.298457
Kerala|Kottayam|LITTLE LOURDES COLLEGE OF NURSING,Little Lourdes College Of Nursing,"Little Lourdes College Of Nursing, Po - Kidangoor , Kottayam, Kidangoor, Distt.- Kottayam, Kerala, Pin Code- 686572",Little Lourdes Charitable Institutions,Kottayam,Kerala,Private,B.Sc(N),40 (Forty),40,686572,2025-2026,INC Yearly Report,https://online.indiannursingcouncil.org/Reports/YearlyReportByState.aspx,2026-09-11T11:24:21.298457
Kerala|Kollam|LMS BOYS BRIGADE HOSPITAL,Lms Boys Brigade Hospital,"Lms Boys Brigade Hospital, Kundara, Kundara, Distt.- Kollam, Kerala, Pin Code- 691501",Csi.Trust Association,Kollam,Kerala,Private,ANM | GNM,25 (Twenty Five) | 40 (Forty),65,691501,2025-2026,INC Yearly Report,https://online.indiannursingcouncil.org/Reports/YearlyReportByState.aspx,2026-09-11T11:24:21.298457
Kerala|Kannur|LOURDE COLLEGE OF NURSING,Lourde College Of Nursing,"Lourde College Of Nursing, Vellikkeel Road Junction,Pattuvam(Via),Ariyil(Po), Taliparamba, Distt.- Kannur, Kerala, Pin Code- 670143",Kanate Foundation,Kannur,Kerala,Private,B.Sc(N),60 (Sixty),60,670143,2025-2026,INC Yearly Report,https://online.indiannursingcouncil.org/Reports/YearlyReportByState.aspx,2026-09-11T11:24:21.298457
Kerala|Eranakulam|LOURDES HOSPITAL,Lourdes Hospital,"Lourdes Hospital, School Of Nursing, Chembumukku, Thrikkakara P.O Kochi,Kerala, Vill.- Vazhakala, Tehsil- Kochi Corporation, Distt.- Eranakulam, Kerala, Pin Code- 682021",Lourdes Society For Health Care And Research,Eranakulam,Kerala,Private,GNM,50 (Fifty),50,682021,2025-2026,INC Yearly Report,https://online.indiannursingcouncil.org/Reports/YearlyReportByState.aspx,2026-09-11T11:24:21.298457
Kerala|Kollam|LOURDES SCHOOL OF NURSING,Lourdes School Of Nursing,"Lourdes School Of Nursing, Holy Cross Hospital, Kottiyam,, Kollam, Distt.- Kollam, Kerala, Pin Code- 691571",Society Of Sisters Of The Holy Cross,Kollam,Kerala,Private,GNM | B.Sc(N) | P B B.Sc(N),50 (Fifty) | 65 (Sixty Five) | 20 (Twenty),135,691571,2025-2026,INC Yearly Report,https://online.indiannursingcouncil.org/Reports/YearlyReportByState.aspx,2026-09-11T11:24:21.298457
Kerala|Malappuram|M E S COLLEGE OF NURSING,M E S College Of Nursing,"M E S College Of Nursing, Malaparamba, Palachode ( Post), Kolathur(Via), Perinthalmanna, Distt.- Malappuram, Kerala, Pin Code- 679338",Muslim Educational Society,Malappuram,Kerala,Private,GNM | B.Sc(N) | M. Sc (N) | P B B.Sc(N),40 (Forty) | 70 (Seventy) | 19 (Nineteen) | 20 (Twenty),149,679338,2025-2026,INC Yearly Report,https://online.indiannursingcouncil.org/Reports/YearlyReportByState.aspx,2026-09-11T11:24:21.298457
Kerala|Pathanamthitta|M G M MUTHOOT COLLEGE OF NURSING,M G M Muthoot College Of Nursing,"M G M Muthoot College Of Nursing, Mothoot Medical Centre, Kozhencherry, Distt.- Pathanamthitta, Kerala, Pin Code- 689641",Mar Gregorios Memorial Muthoot Med Centre,Pathanamthitta,Kerala,Private,B.Sc(N),60 (Sixty),60,689641,2025-2026,INC Yearly Report,https://online.indiannursingcouncil.org/Reports/YearlyReportByState.aspx,2026-09-11T11:24:21.298457
Kerala|Pathanamthitta|M G M MUTHOOT MEDICAL CENTRE COLLEGE OF NURSING,M G M Muthoot Medical Centre College Of Nursing,"M G M Muthoot Medical Centre College Of Nursing, Ring Road, Pathanamthitta,, Pathanamthitta, Distt.- Pathanamthitta, Kerala, Pin Code- 689645",Margregorious Memorial Pvt. Ltd.,Pathanamthitta,Kerala,Private,B.Sc(N),60 (Sixty),60,689645,2025-2026,INC Yearly Report,https://online.indiannursingcouncil.org/Reports/YearlyReportByState.aspx,2026-09-11T11:24:21.298457
Kerala|Malappuram|M I M S COLLEGE OF NURSING,M I M S College Of Nursing,"M I M S College Of Nursing,, Vadakkedath Paramba, Puthukode ( Po), Vazhayur,, Ramanattukara, Distt.- Malappuram, Kerala, Pin Code- 673633",Malabar Instt Of Medical Sciences Ltd,Malappuram,Kerala,Private,B.Sc(N) | M. Sc (N) | NURSE PRACTITIONER IN CRITICAL CARE(NPCC),"80 (Eighty) | 23 (Twenty Three) Chn-3 Obg-5, Med-Surg-5, Paed-5, Psy-5 | 20 (Twenty)",123,673633,2025-2026,INC Yearly Report,https://online.indiannursingcouncil.org/Reports/YearlyReportByState.aspx,2026-09-11T11:24:21.298457
Kerala|Malappuram|M K HAJI SCHOOL OF NURSING,M K Haji School Of Nursing,"M K Haji School Of Nursing, Tirurangadi, , Distt.- Malappuram, Kerala, Pin Code- 676306",Tirurangadi Muslim Orphanage Committee,Malappuram,Kerala,Private,GNM,30 (Thirty),30,676306,2025-2026,INC Yearly Report,https://online.indiannursingcouncil.org/Reports/YearlyReportByState.aspx,2026-09-11T11:24:21.298457
Kerala|Kasaragode|MALIK DEENAR CHARITABLE HOSPITAL,Malik Deenar Charitable Hospital,"Malik Deenar Charitable Hospital, School Of Female Health Workers, , Distt.- Kasaragode, Kerala, Pin Code- 671122",Kasaragod Muslim Welfare Association,Kasaragode,Kerala,Private,ANM | B.Sc(N),40 (Forty) | 50 (Fifty),90,671122,2025-2026,INC Yearly Report,https://online.indiannursingcouncil.org/Reports/YearlyReportByState.aspx,2026-09-11T11:24:21.298457
Kerala|Kasaragode|MANZOOR HOSPITAL,Manzoor Hospital,"Manzoor Hospital, School Of Nursing, North Kottacherry, Kanhangad, Distt.- Kasaragode, Kerala, Pin Code- 671316",Kunhammed C,Kasaragode,Kerala,Private,GNM,35 (Thirty Five),35,671316,2025-2026,INC Yearly Report,https://online.indiannursingcouncil.org/Reports/YearlyReportByState.aspx,2026-09-11T11:24:21.298457
Kerala|Eranakulam|MAR AUGUSTINE JUBILEE MISSION HOSPITAL,Mar Augustine Jubilee Mission Hospital,"Mar Augustine Jubilee Mission Hospital, School Of Nursing, Ernakulam, Distt.- Eranakulam, Kerala, Pin Code- 682024",St. George Forane Church,Eranakulam,Kerala,Private,GNM,30 (Thirty),30,682024,2025-2026,INC Yearly Report,https://online.indiannursingcouncil.org/Reports/YearlyReportByState.aspx,2026-09-11T11:24:21.298457
Kerala|Eranakulam|MAR BASELIOUS MEDICAL MISSION HOSPITAL,Mar Baselious Medical Mission Hospital,"Mar Baselious Medical Mission Hospital, Kothamangalam, Kothamangalam, Distt.- Eranakulam, Kerala, Pin Code- 686691",Mar Baselios Medical Mission Association,Eranakulam,Kerala,Private,GNM | B.Sc(N),50 (Fifty) | 80 (Eighty),130,686691,2025-2026,INC Yearly Report,https://online.indiannursingcouncil.org/Reports/YearlyReportByState.aspx,2026-09-11T11:24:21.298457
Kerala|Kollam|MAR IVANIOS SCHOOL OF NURSING,Mar Ivanios School Of Nursing,"Mar Ivanios School Of Nursing,, Assisi Atonement Hospital, Perumpuzha P O.,, Kollam, Distt.- Kollam, Kerala, Pin Code- 691504",Assisi Atonement,Kollam,Kerala,Private,GNM,40 (Forty),40,691504,2025-2026,INC Yearly Report,https://online.indiannursingcouncil.org/Reports/YearlyReportByState.aspx,2026-09-11T11:24:21.298457
Kerala|Kottayam|MAR SLEEVA COLLEGE OF NURSING PALAI,Mar Sleeva College Of Nursing Palai,"Mar Sleeva College Of Nursing Palai, Mar Sleeva College Of Nursing Palaicherpumkal P.Okottayamkeralaindia, Cherpumkal, Distt.- Kottayam, Kerala, Pin Code- 686584",Palai Diocesan Medical Education Trust,Kottayam,Kerala,Private,M. Sc (N) | B.Sc(N),11 (Eleven) Paed-02 Med Surg-04 Obg-02 Chn-02 Psy-01 | 80 (Eighty),91,686584,2025-2026,INC Yearly Report,https://online.indiannursingcouncil.org/Reports/YearlyReportByState.aspx,2026-09-11T11:24:21.298457
Kerala|Kollam|MAR THEODOSIUS MEMORIAL MEDICAL MISSION,Mar Theodosius Memorial Medical Mission,"Mar Theodosius Memorial Medical Mission, School Of Nursing, Poruvazhy P O, Sasthamcotta,, Poruvazhy, Distt.- Kollam, Kerala, Pin Code- 690520",Mar Theodosius Memorial Medical Mission,Kollam,Kerala,Private,GNM,20 (Twenty),20,690520,2025-2026,INC Yearly Report,https://online.indiannursingcouncil.org/Reports/YearlyReportByState.aspx,2026-09-11T11:24:30.706623
Kerala|Thrissur|MARIA THERESA HOSPITAL,Maria Theresa Hospital,"Maria Theresa Hospital, School Of Nursing , Maria Theresa Hospital Trust, Kuzhikkattusserry P.O, Kuzhikkattussery, Distt.- Thrissur, Kerala, Pin Code- 680697","Maria Theresa Hospital, Kuzhikkattussery",Thrissur,Kerala,Private,GNM | B.Sc(N),20 (Twenty) | 60 (Sixty),80,680697,2025-2026,INC Yearly Report,https://online.indiannursingcouncil.org/Reports/YearlyReportByState.aspx,2026-09-11T11:24:30.706623
Kerala|Thrissur|MARY IMMACULATE SCHOOL OF NURSING,Mary Immaculate School Of Nursing,"Mary Immaculate School Of Nursing, P O - Engandiyur, Trichur, Thrissur, Distt.- Thrissur, Kerala, Pin Code- 680615",Mary Immaculate Mission Hospotal,Thrissur,Kerala,Private,GNM,25 (Twenty Five),25,680615,2025-2026,INC Yearly Report,https://online.indiannursingcouncil.org/Reports/YearlyReportByState.aspx,2026-09-11T11:24:30.706623
Kerala|Kottayam|MARY KATHERINE SCHOOL OF NURSING,Mary Katherine School Of Nursing,"Mary Katherine School Of Nursing, Po - Anthinad, Pala, Distt.- Kottayam, Kerala, Pin Code- 686651",Katharina Kasper Social Service Society,Kottayam,Kerala,Private,GNM,20 (Twenty),20,686651,2025-2026,INC Yearly Report,https://online.indiannursingcouncil.org/Reports/YearlyReportByState.aspx,2026-09-11T11:24:30.706623
Kerala|Kottayam|MARY QUEEN'S HOSPITAL,Mary Queen's Hospital,"Mary Queen's Hospital, Palampra, P.O, Via Koovappally, Kanjirapally, Distt.- Kottayam, Kerala, Pin Code- 686518",Maryqueens Mission Hospital Trust,Kottayam,Kerala,Private,GNM,25 (Twenty Five),25,686518,2025-2026,INC Yearly Report,https://online.indiannursingcouncil.org/Reports/YearlyReportByState.aspx,2026-09-11T11:24:30.706623
Kerala|Eranakulam|MEDICAL TRUST ANM SCHOOL,Medical Trust Anm School,"Medical Trust Anm School, M.G. Road, Cochin, Ernakulam, Ernakulam, Distt.- Eranakulam, Kerala, Pin Code- 682016",Pulikkal Medical Foundation,Eranakulam,Kerala,Private,ANM,40 (Forty),40,682016,2025-2026,INC Yearly Report,https://online.indiannursingcouncil.org/Reports/YearlyReportByState.aspx,2026-09-11T11:24:30.706623
Kerala|Eranakulam|MEDICAL TRUST HOSPITAL,Medical Trust Hospital,"Medical Trust Hospital, Hoc Township Back Side Road, Thripunithura, Distt.- Eranakulam, Kerala, Pin Code- 682309",Pulikkal Medical Foundation,Eranakulam,Kerala,Private,GNM | B.Sc(N) | P B B.Sc(N) | Post Basic Diploma in Critical care nursing,50 (Fifty) | 80 (Eighty) | 30 (Thirty) | 10 (Ten),170,682309,2025-2026,INC Yearly Report,https://online.indiannursingcouncil.org/Reports/YearlyReportByState.aspx,2026-09-11T11:24:30.706623
Kerala|Kollam|MERCY COLLEGE OF NURSING,Mercy College Of Nursing,"Mercy College Of Nursing, Mercy Hospital, Valakom, Kottarakkara,, Kottarakkara, Distt.- Kollam, Kerala, Pin Code- 691532",Church Of Christ,Kollam,Kerala,Private,B.Sc(N),75 (Seventy Five),75,691532,2025-2026,INC Yearly Report,https://online.indiannursingcouncil.org/Reports/YearlyReportByState.aspx,2026-09-11T11:24:30.706623
Kerala|Kottayam|MERCY COLLEGE OF NURSING,Mercy College Of Nursing,"Mercy College Of Nursing, Pothy,Thalayolaparambu, Mercy College Of Nursing, Mercy Hospital, Pothy, Midayikkunnu.P.O. Thalayolaparambu, Kottayam(Dist), Kerala State, Pin - 686605, Thalayolaparambu,",Adoration Medical Trust Of The S.H.Province Kalamassery,Kottayam,Kerala,Private,B.Sc(N),55 (Fifty Five),55,686605,2025-2026,INC Yearly Report,https://online.indiannursingcouncil.org/Reports/YearlyReportByState.aspx,2026-09-11T11:24:30.706623
Kerala|Thrissur|MODERN HOSPITAL KODUNGALLUR LTD,Modern Hospital Kodungallur Ltd,"Modern Hospital Kodungallur Ltd, School Of Nursing,, Post Box No. 22, Kodungallur Post, Kodungallur, Distt.- Thrissur, Kerala, Pin Code- 680664",Modern Hospital Kodungallur Ltd,Thrissur,Kerala,Private,GNM,20 (Twenty),20,680664,2025-2026,INC Yearly Report,https://online.indiannursingcouncil.org/Reports/YearlyReportByState.aspx,2026-09-11T11:24:30.706623
Kerala|Iddukki|MORNING STAR SCHOOL OF NURSING,Morning Star School Of Nursing,"Morning Star School Of Nursing, Adimali, Adimali, Distt.- Iddukki, Kerala, Pin Code- 685561",Nazareth Medical Society,Iddukki,Kerala,Private,GNM,25 (Twenty Five),25,685561,2025-2026,INC Yearly Report,https://online.indiannursingcouncil.org/Reports/YearlyReportByState.aspx,2026-09-11T11:24:30.706623
Kerala|Eranakulam|MOSC COLLEGE OF NURSING,Mosc College Of Nursing,"Mosc College Of Nursing, Mosc College Of Nursing Kolenchery Ernakulam Kerala 682311, Kolenchery, Distt.- Eranakulam, Kerala, Pin Code- 682311",Malankara Orthodox Syrian Church Medical Mission,Eranakulam,Kerala,Private,B.Sc(N) | M. Sc (N),"90 (Ninety) | 08 (Eight) Med-Surg-2, Paed-2. Obg-2, Psy-2",98,682311,2025-2026,INC Yearly Report,https://online.indiannursingcouncil.org/Reports/YearlyReportByState.aspx,2026-09-11T11:24:30.706623
Kerala|Alappuzha|MOTHER CHANTAL SCHOOL OF NURSING,Mother Chantal School Of Nursing,"Mother Chantal School Of Nursing, Lourdes Matha Hospital,, Edathua, Distt.- Alappuzha, Kerala, Pin Code- 689573",Aradhana Medical Charitable,Alappuzha,Kerala,Private,GNM,30 (Thirty),30,689573,2025-2026,INC Yearly Report,https://online.indiannursingcouncil.org/Reports/YearlyReportByState.aspx,2026-09-11T11:24:30.706623
Kerala|Thrissur|MOTHER COLLEGE OF NURSING,Mother College Of Nursing,"Mother College Of Nursing, Mother Hospital Pvt Ltd, Olari, Pullazhi P. O, , Thrissur, Distt.- Thrissur, Kerala, Pin Code- 680012",Mother Hospital Pvt Ltd,Thrissur,Kerala,Private,B.Sc(N),70 (Seventy),70,680012,2025-2026,INC Yearly Report,https://online.indiannursingcouncil.org/Reports/YearlyReportByState.aspx,2026-09-11T11:24:30.706623
Kerala|Pathanamthitta|MOUNT ZION NURISNG COLLEGE,Mount Zion Nurisng College,"Mount Zion Nurisng College, Chayalode P O, Nedumon, Adoor, Pathanamthitta, Adoor, Distt.- Pathanamthitta, Kerala, Pin Code- 691556",Charitable Educational And Welfare Society,Pathanamthitta,Kerala,Private,B.Sc(N) | GNM,50 (Fifty) | 40 (Forty),90,691556,2025-2026,INC Yearly Report,https://online.indiannursingcouncil.org/Reports/YearlyReportByState.aspx,2026-09-11T11:24:30.706623
Kerala|Thiruvananthapuram|N I M S COLLEGE OF NURSING,N I M S College Of Nursing,"N I M S College Of Nursing, N I M S Hospital, Aralummoodu, Neyyattinkara, Distt.- Thiruvananthapuram, Kerala, Pin Code- 695123",Noorul Islam Educ Trust,Thiruvananthapuram,Kerala,Private,B.Sc(N) | M. Sc (N),"90 (Ninety) | 10 (Ten) Med-Surg.- 6, Paed- 2, Obg- 2",100,695123,2025-2026,INC Yearly Report,https://online.indiannursingcouncil.org/Reports/YearlyReportByState.aspx,2026-09-11T11:24:30.706623
Kerala|Kollam|N S MEMORIAL INSTITUTE OF MEDICAL SCIENCES,N S Memorial Institute Of Medical Sciences,"N S Memorial Institute Of Medical Sciences, Palathara, Thattamala Po, Kollam, Distt.- Kollam, Kerala, Pin Code- 691020",Kollam District Co-Op Hospital Society Ltd,Kollam,Kerala,Private,B.Sc(N),60 (Sixty),60,691020,2025-2026,INC Yearly Report,https://online.indiannursingcouncil.org/Reports/YearlyReportByState.aspx,2026-09-11T11:24:30.706623
Kerala|Kozhikode|NATIONAL HOSPITAL SCHOOL OF NURSING,National Hospital School Of Nursing,"National Hospital School Of Nursing, Pooladikunnu, Elathur.P.O, Kozhikode, Distt.- Kozhikode, Kerala, Pin Code- 673303",Kunhitharuvai Memorial Charitable Trust,Kozhikode,Kerala,Private,GNM | B.Sc(N),50 (Fifty) | 60 (Sixty),110,673303,2025-2026,INC Yearly Report,https://online.indiannursingcouncil.org/Reports/YearlyReportByState.aspx,2026-09-11T11:24:30.706623
Kerala|Thiruvananthapuram|NATIONAL SCHOOL OF NURSING,National School Of Nursing,"National School Of Nursing, National School Of Nursing , Al-Arif Hospital, Ambalathara, Poonthura P.O, Tvm, Thiuvananthapuram, Distt.- Thiruvananthapuram, Kerala, Pin Code- 695026",Manarul Huda Trust,Thiruvananthapuram,Kerala,Private,GNM,20 (Twenty),20,695026,2025-2026,INC Yearly Report,https://online.indiannursingcouncil.org/Reports/YearlyReportByState.aspx,2026-09-11T11:24:30.706623
Kerala|Thiruvananthapuram|NIGHTANGLE COLLEGE OF NURSING,Nightangle College Of Nursing,"Nightangle College Of Nursing,, Pachakkad, Thannimoodu, Irinchyam Post,, Trivandrum, Distt.- Thiruvananthapuram, Kerala, Pin Code- 695561",National Development Trust,Thiruvananthapuram,Kerala,Private,B.Sc(N),60 (Sixty),60,695561,2025-2026,INC Yearly Report,https://online.indiannursingcouncil.org/Reports/YearlyReportByState.aspx,2026-09-11T11:24:30.706623
Kerala|Malappuram|NIMS SCHOOL OF NURSING,Nims School Of Nursing,"Nims School Of Nursing, Nims Hospital,Vaniyambalam , Wandoor, Distt.- Malappuram, Kerala, Pin Code- 679339",Nims Charitable Trust,Malappuram,Kerala,Private,GNM,40 (Forty),40,679339,2025-2026,INC Yearly Report,https://online.indiannursingcouncil.org/Reports/YearlyReportByState.aspx,2026-09-11T11:24:30.706623
Kerala|Kozhikode|NIRMALA HOSPITAL,Nirmala Hospital,"Nirmala Hospital, Marikunnu, Kozhikode, Distt.- Kozhikode, Kerala, Pin Code- 673012",Nirmala Hospital Society,Kozhikode,Kerala,Private,GNM | B.Sc(N),30 (Thirty) | 50 (Fifty),80,673012,2025-2026,INC Yearly Report,https://online.indiannursingcouncil.org/Reports/YearlyReportByState.aspx,2026-09-11T11:24:30.706623
Kerala|Thiruvananthapuram|P R S COLLEGE OF NURSING,P R S College Of Nursing,"P R S College Of Nursing, P R S Hospital,Paliyode Dalmuguham Po, Neyyattinkara, Distt.- Thiruvananthapuram, Kerala, Pin Code- 695125",Krishnammal Ratanaswamy Educational Foundation,Thiruvananthapuram,Kerala,Private,B.Sc(N),80 (Eighty),80,695125,2025-2026,INC Yearly Report,https://online.indiannursingcouncil.org/Reports/YearlyReportByState.aspx,2026-09-11T11:24:39.224700
Kerala|Kozhikode|P V S SCHOOL OF NURSING,P V S School Of Nursing,"P V S School Of Nursing, Near Railway Station Road, Pantheerankavu, Kozhikode, Distt.- Kozhikode, Kerala, Pin Code- 673002",P V S Charitable Trust,Kozhikode,Kerala,Private,GNM | B.Sc(N),50 (Fifty) | 80 (Eighty),130,673002,2025-2026,INC Yearly Report,https://online.indiannursingcouncil.org/Reports/YearlyReportByState.aspx,2026-09-11T11:24:39.224700
Kerala|Palakkad|P. K. DAS COLLEGE OF NURSING,P. K. Das College Of Nursing,"P. K. Das College Of Nursing, Panayur, Vaniyamkulam,Palakkad, Kerala, Ottapalam, Distt.- Palakkad, Kerala, Pin Code- 679522",Nehru College Of Educational And Charitable Trust,Palakkad,Kerala,Private,B.Sc(N) | M. Sc (N),100 (One Hundred) | 10 (Ten) Med Surg-06 Chn-04,110,679522,2025-2026,INC Yearly Report,https://online.indiannursingcouncil.org/Reports/YearlyReportByState.aspx,2026-09-11T11:24:39.224700
Kerala|Kollam|PARABRAHMA SPECIALITY HOSPITAL & RESEARCH CENTRE,Parabrahma Speciality Hospital & Research Centre,"Parabrahma Speciality Hospital & Research Centre, School Of Nursing, Oachira, Distt.- Kollam, Kerala, Pin Code- 690526",Oachira Temple Administration Board,Kollam,Kerala,Private,GNM | B.Sc(N),20 (Twenty) | 40 (Forty),60,690526,2025-2026,INC Yearly Report,https://online.indiannursingcouncil.org/Reports/YearlyReportByState.aspx,2026-09-11T11:24:39.224700
Kerala|Palakkad|PIMS SCHOOL OF NURSING,Pims School Of Nursing,"Pims School Of Nursing, Palakkad Institute Of Medical Sciences Run By Vn Public Health Educational Trust, Opposite Deer Park , Walayar, Palakkad , Walayar, Distt.- Palakkad, Kerala, Pin Code- 67",Vn Public Health And Educational Trust,Palakkad,Kerala,Private,GNM | B.Sc(N),50 (Fifty) | 50 (Fifty),100,,2025-2026,INC Yearly Report,https://online.indiannursingcouncil.org/Reports/YearlyReportByState.aspx,2026-09-11T11:24:39.224700
Kerala|Pathanamthitta|POYANIL HOSPITAL,Poyanil Hospital,"Poyanil Hospital, P B No. 15, Kozhencherry-689641, Kozhencherry, Distt.- Pathanamthitta, Kerala, Pin Code- 689641",Poyanil Hospital,Pathanamthitta,Kerala,Private,B.Sc(N),40 (Forty),40,689641,2025-2026,INC Yearly Report,https://online.indiannursingcouncil.org/Reports/YearlyReportByState.aspx,2026-09-11T11:24:39.224700
Kerala|Kollam|PRANAVAM SCHOOL OF NURSING,Pranavam School Of Nursing,"Pranavam School Of Nursing, K. S. R. T. C. Junction, Punalur, Punalur, Distt.- Kollam, Kerala, Pin Code- 691305",Pranavam Hospital P Ltd.,Kollam,Kerala,Private,GNM,20 (Twenty),20,691305,2025-2026,INC Yearly Report,https://online.indiannursingcouncil.org/Reports/YearlyReportByState.aspx,2026-09-11T11:24:39.224700
Kerala|Pathanamthitta|PUSHPAGIRI COLLEGE OF NURSING,Pushpagiri College Of Nursing,"Pushpagiri College Of Nursing, Pushpagiri Medical College Hospital, Thiruvalla, Distt.- Pathanamthitta, Kerala, Pin Code- 689101",Pushpagiri Medical Society,Pathanamthitta,Kerala,Private,B.Sc(N) | M. Sc (N),"75 (Seventy Five) | 20 (Twenty) Med-Surg=6, Psy=6, Paed=3, Obg=3, Chn=2",95,689101,2025-2026,INC Yearly Report,https://online.indiannursingcouncil.org/Reports/YearlyReportByState.aspx,2026-09-11T11:24:39.224700
Kerala|Kozhikode|RED-CRESCENT COLLEGE OF NURSING,Red-Crescent College Of Nursing,"Red-Crescent College Of Nursing, Near Badar Mastio, Karattipadam, Perumugam, Kozhikode, Distt.- Kozhikode, Kerala, Pin Code- 673631",Alirshad Charitable Society,Kozhikode,Kerala,Private,B.Sc(N),50 (Fifty),50,673631,2025-2026,INC Yearly Report,https://online.indiannursingcouncil.org/Reports/YearlyReportByState.aspx,2026-09-11T11:24:39.224700
Kerala|Thiruvananthapuram|REGIONAL CANCER CENTRE,Regional Cancer Centre,"Regional Cancer Centre, P B No 2417,Medical College P O, Thiruvananthapuram, Distt.- Thiruvananthapuram, Kerala, Pin Code- 695011",The Regional Cancer Centre Society,Thiruvananthapuram,Kerala,Private,Post Basic Diploma in Oncology Nursing,20 (Twenty),20,695011,2025-2026,INC Yearly Report,https://online.indiannursingcouncil.org/Reports/YearlyReportByState.aspx,2026-09-11T11:24:39.224700
Kerala|Thiruvananthapuram|RUCKMONI COLLEGE OF NURSING,Ruckmoni College Of Nursing,"Ruckmoni College Of Nursing, Ponnambi, Vellarada, Thiruvananthapuram, Vellarada, Distt.- Thiruvananthapuram, Kerala, Pin Code- 695505",Ruckmoni Memorial Charitable Educational Health Trust,Thiruvananthapuram,Kerala,Private,B.Sc(N),50 (Fifty),50,695505,2025-2026,INC Yearly Report,https://online.indiannursingcouncil.org/Reports/YearlyReportByState.aspx,2026-09-11T11:24:39.224700
Kerala|Alappuzha|S H COLLEGE OF NURSING,S H College Of Nursing,"S H College Of Nursing, Sacred Heart General Hospital, Green Gardens, Cherthala, Distt.- Alappuzha, Kerala, Pin Code- 688524",Social Service Child Of Assisi Sisters,Alappuzha,Kerala,Private,B.Sc(N),50 (Fifty),50,688524,2025-2026,INC Yearly Report,https://online.indiannursingcouncil.org/Reports/YearlyReportByState.aspx,2026-09-11T11:24:39.224700
Kerala|Thiruvananthapuram|S P FORT COLLEGE OF NURSING,S P Fort College Of Nursing,"S P Fort College Of Nursing, J P Nagar, Perunthanni, Vallakkadavu P O, , Distt.- Thiruvananthapuram, Kerala, Pin Code- 695008",Ms Yespeesons Enterprises,Thiruvananthapuram,Kerala,Private,B.Sc(N),40 (Forty),40,695008,2025-2026,INC Yearly Report,https://online.indiannursingcouncil.org/Reports/YearlyReportByState.aspx,2026-09-11T11:24:39.224700
Kerala|Thiruvananthapuram|S U T SCHOOL OF NURSING,S U T School Of Nursing,"S U T School Of Nursing, Pmra-30, , Thiruvananthapuram, Distt.- Thiruvananthapuram, Kerala, Pin Code- 695004",A Unit Of Trivandrum Specialists Hospital Pvt. Ltd,Thiruvananthapuram,Kerala,Private,GNM,40 (Forty),40,695004,2025-2026,INC Yearly Report,https://online.indiannursingcouncil.org/Reports/YearlyReportByState.aspx,2026-09-11T11:24:39.224700
Kerala|Thrissur|SACRED HEART HOSPITAL,Sacred Heart Hospital,"Sacred Heart Hospital, S/ N, P O Pullur, Irinjalakuda, Distt.- Thrissur, Kerala, Pin Code- 680683",Sacred Heart Mission Hospital,Thrissur,Kerala,Private,GNM | B.Sc(N),30 (Thirty) | 50 (Fifty),80,680683,2025-2026,INC Yearly Report,https://online.indiannursingcouncil.org/Reports/YearlyReportByState.aspx,2026-09-11T11:24:39.224700
Kerala|Eranakulam|SAMARITAN COLLEGE OF NURSING,Samaritan College Of Nursing,"Samaritan College Of Nursing, Samaritan Hospital, Pazhanganad, Aluva, Distt.- Eranakulam, Kerala, Pin Code- 683562",Association Of Sisters Of Destitute For Medical Care,Eranakulam,Kerala,Private,B.Sc(N),50 (Fifty),50,683562,2025-2026,INC Yearly Report,https://online.indiannursingcouncil.org/Reports/YearlyReportByState.aspx,2026-09-11T11:24:39.224700
Kerala|Thrissur|SAN JOS PARISH HOSPITAL,San Jos Parish Hospital,"San Jos Parish Hospital, School Of Nursing, Thrissur, Distt.- Thrissur, Kerala, Pin Code- 680507",Sanjos Parish Hospital Trust,Thrissur,Kerala,Private,GNM,20 (Twenty),20,680507,2025-2026,INC Yearly Report,https://online.indiannursingcouncil.org/Reports/YearlyReportByState.aspx,2026-09-11T11:24:39.224700
Kerala|Palakkad|SANJO COLLEGE OF NURSING ALLIED SCIENCES,Sanjo College Of Nursing Allied Sciences,"Sanjo College Of Nursing Allied Sciences, Vellappara, Palakkad, Distt.- Palakkad, Kerala, Pin Code- 678702",Diocesan Charitable Trust - Palakkad,Palakkad,Kerala,Private,B.Sc(N),60 (Sixty),60,678702,2025-2026,INC Yearly Report,https://online.indiannursingcouncil.org/Reports/YearlyReportByState.aspx,2026-09-11T11:24:39.224700
Kerala|Eranakulam|SANJOE COLLEGE OF NURSING,Sanjoe College Of Nursing,"Sanjoe College Of Nursing, Sanjoe Hospital, , Distt.- Eranakulam, Kerala, Pin Code- 683541",Clarist Medical Trust,Eranakulam,Kerala,Private,GNM | B.Sc(N),25 (Twenty Five) | 60 (Sixty),85,683541,2025-2026,INC Yearly Report,https://online.indiannursingcouncil.org/Reports/YearlyReportByState.aspx,2026-09-11T11:24:39.224700
Kerala|Kozhikode|SANTHI SCHOOL OF NURSING,Santhi School Of Nursing,"Santhi School Of Nursing, Shanthi Hospital, Kenappara Post, Omessery, Distt.- Kozhikode, Kerala, Pin Code- 673582",Islamic Welfare Trust,Kozhikode,Kerala,Private,GNM | B.Sc(N),50 (Fifty) | 50 (Fifty),100,673582,2025-2026,INC Yearly Report,https://online.indiannursingcouncil.org/Reports/YearlyReportByState.aspx,2026-09-11T11:24:39.224700
Kerala|Thiruvananthapuram|SARASWATHY COLLEGE OF NURSING,Saraswathy College Of Nursing,"Saraswathy College Of Nursing, Bheema Hill, Karode, Karode, Distt.- Thiruvananthapuram, Kerala, Pin Code- 695506",Saraswathy Educational Trust,Thiruvananthapuram,Kerala,Private,B.Sc(N) | M. Sc (N),"70 (SEVENTY) | 12 (Twelve) Obg -2, Psy-2, Med Surg -4, Paed -2, Chn -2",82,695506,2025-2026,INC Yearly Report,https://online.indiannursingcouncil.org/Reports/YearlyReportByState.aspx,2026-09-11T11:24:39.224700
Kerala|Thrissur|SCHOOL OF NURSING BISHOP ALAPATT MISSION HOSPITAL,School Of Nursing Bishop Alapatt Mission Hospital,"School Of Nursing Bishop Alapatt Mission Hospital, Karanchira , , Distt.- Thrissur, Kerala, Pin Code- 680702",Bishop Alapatt Mission Hospital,Thrissur,Kerala,Private,GNM,25 (Twenty Five),25,680702,2025-2026,INC Yearly Report,https://online.indiannursingcouncil.org/Reports/YearlyReportByState.aspx,2026-09-11T11:24:47.701051
Kerala|Iddukki|SCHOOL OF NURSING BISHOP VAYALIL MEDICAL CENTRE,School Of Nursing Bishop Vayalil Medical Centre,"School Of Nursing Bishop Vayalil Medical Centre, School Of Nursing Bishop Vayalil Medical Centre Moolamattom P.O.,Idukki, Moolamattom, Distt.- Iddukki, Kerala, Pin Code- 685589",Sacred Heart Medical Trust Of The S.H. Congregation,Iddukki,Kerala,Private,GNM | Post Basic Diploma in Psychiatric nsg.,50 (Fifty) | 15 (Fifteen),65,685589,2025-2026,INC Yearly Report,https://online.indiannursingcouncil.org/Reports/YearlyReportByState.aspx,2026-09-11T11:24:47.701051
Kerala|Iddukki|SCHOOL OF NURSING CHAZHIKATTU HOSPITALS (P) LTD.,School Of Nursing Chazhikattu Hospitals (P) Ltd.,"School Of Nursing Chazhikattu Hospitals (P) Ltd., River View Road, P O - Thodupuzha, Thodupuzha, Distt.- Iddukki, Kerala, Pin Code- 685584",Chazhikattu Hospitals P Ltd.,Iddukki,Kerala,Private,GNM,50 (Fifty),50,685584,2025-2026,INC Yearly Report,https://online.indiannursingcouncil.org/Reports/YearlyReportByState.aspx,2026-09-11T11:24:47.701051
Kerala|Eranakulam|SCHOOL OF NURSING,School Of Nursing,"School Of Nursing, Don Bosco Hospital, North Parur, Distt.- Eranakulam, Kerala, Pin Code- 683513",Don Bosco Charitable Trust,Eranakulam,Kerala,Private,GNM,30 (Thirty),30,683513,2025-2026,INC Yearly Report,https://online.indiannursingcouncil.org/Reports/YearlyReportByState.aspx,2026-09-11T11:24:47.701051
Kerala|Iddukki|SCHOOL OF NURSING,School Of Nursing,"School Of Nursing, Idukki District Co- Operative Hospital, No. 1. 177, P B No. 32, Thodupuzha,, Thodupuzha, Distt.- Iddukki, Kerala, Pin Code- 685584",Idukki District Co-Operative Hospital,Iddukki,Kerala,Private,GNM,20 (Twenty),20,685584,2025-2026,INC Yearly Report,https://online.indiannursingcouncil.org/Reports/YearlyReportByState.aspx,2026-09-11T11:24:47.701051
Kerala|Alappuzha|SCHOOL OF NURSING,School Of Nursing,"School Of Nursing, Kuriakose Chavara Memorial Hospital, Nooranad, Distt.- Alappuzha, Kerala, Pin Code- 690571",K.C.M Hospital,Alappuzha,Kerala,Private,GNM,20 (Twenty),20,690571,2025-2026,INC Yearly Report,https://online.indiannursingcouncil.org/Reports/YearlyReportByState.aspx,2026-09-11T11:24:47.701051
Kerala|Thrissur|SCHOOL OF NURSING,School Of Nursing,"School Of Nursing, Malankara Medical Mission Hospital,, Aduppotty Hills, Chowannur P O, Kunnmakulam, Distt.- Thrissur, Kerala, Pin Code- 680503",Malankara Orthodox Syrian Church Med. Mission,Thrissur,Kerala,Private,GNM,40 (Forty),40,680503,2025-2026,INC Yearly Report,https://online.indiannursingcouncil.org/Reports/YearlyReportByState.aspx,2026-09-11T11:24:47.701051
Kerala|Kottayam|SCHOOL OF NURSING,School Of Nursing,"School Of Nursing, Marian Medical Centre, Arunapuram, Pala, Distt.- Kottayam, Kerala, Pin Code- 686574",School Of Nursing Marian Medical Society,Kottayam,Kerala,Private,GNM,30 (Thirty),30,686574,2025-2026,INC Yearly Report,https://online.indiannursingcouncil.org/Reports/YearlyReportByState.aspx,2026-09-11T11:24:47.701051
Kerala|Thiruvananthapuram|SCHOOL OF NURSING,School Of Nursing,"School Of Nursing, Sivagiri Sree Narayan Medical Mission Hospital, Sreenivasapuram P O., Varkala, Distt.- Thiruvananthapuram, Kerala, Pin Code- 695145",Sree Narayana Dharma Sangham Trust,Thiruvananthapuram,Kerala,Private,ANM | GNM | B.Sc(N) | M. Sc (N) | P B B.Sc(N),35 (Thirty Five) | 40 (Forty) | 70 (Seventy) | 15 (Fifteen) 3 In Each Speciality | 10 (Ten),170,695145,2025-2026,INC Yearly Report,https://online.indiannursingcouncil.org/Reports/YearlyReportByState.aspx,2026-09-11T11:24:47.701051
Kerala|Kannur|SCHOOL OF NURSING,School Of Nursing,"School Of Nursing, Taliparamba Co- Operative Hospital, No. C 1468, Karimbam Post,, Taliparamba, Distt.- Kannur, Kerala, Pin Code- 670141",Taliparamba Co-Operative Hospital Society,Kannur,Kerala,Private,GNM | B.Sc(N),40 (Forty) | 30 (Thirty),70,670141,2025-2026,INC Yearly Report,https://online.indiannursingcouncil.org/Reports/YearlyReportByState.aspx,2026-09-11T11:24:47.701051
Kerala|Palakkad|SCHOOL OF NURSING,School Of Nursing,"School Of Nursing, Valluvanad Hospital,, P B No. 2, Kanniampuram,, Kanniyampuram, Distt.- Palakkad, Kerala, Pin Code- 679104",Valluvanad Hospital Complex Ltd,Palakkad,Kerala,Private,GNM | B.Sc(N),25 (Twenty Five) | 50 (Fifty),75,679104,2025-2026,INC Yearly Report,https://online.indiannursingcouncil.org/Reports/YearlyReportByState.aspx,2026-09-11T11:24:47.701051
Kerala|Kozhikode|SCHOOL OF NURSING,School Of Nursing,"School Of Nursing,, Kozhikode District Cooperative Hospital,, Calicut, Distt.- Kozhikode, Kerala, Pin Code- 673006","Kozhikode District Co Operative Hospital Ltd,",Kozhikode,Kerala,Private,GNM,30 (Thirty),30,673006,2025-2026,INC Yearly Report,https://online.indiannursingcouncil.org/Reports/YearlyReportByState.aspx,2026-09-11T11:24:47.701051
Kerala|Palakkad|SEVANA SCHOOL OF NURSING,Sevana School Of Nursing,"Sevana School Of Nursing, Kalladipatta Po,Pattambi,Palakkad, Pattambi, Distt.- Palakkad, Kerala, Pin Code- 679313",Sevana Charitable And Medical Trust,Palakkad,Kerala,Private,GNM,20 (Twenty),20,679313,2025-2026,INC Yearly Report,https://online.indiannursingcouncil.org/Reports/YearlyReportByState.aspx,2026-09-11T11:24:47.701051
Kerala|Alappuzha|SHREE NARAYANA MEDICAL MISSION GENERAL,Shree Narayana Medical Mission General,"Shree Narayana Medical Mission General, Hospital & T.B. Clinic, P B No. 11, Cherthala, Distt.- Alappuzha, Kerala, Pin Code- 688524",Sree Narayana Medical Mission Trust,Alappuzha,Kerala,Private,GNM,45 (Forty Five),45,688524,2025-2026,INC Yearly Report,https://online.indiannursingcouncil.org/Reports/YearlyReportByState.aspx,2026-09-11T11:24:57.000148
Kerala|Pathanamthitta|SI MET COLLEGE OF NURSING,Si Met College Of Nursing,"Si Met College Of Nursing, Konni, State Institute Of Medical Education And Technology(Simet),Simet Directorate,Tc94/2750,Pattoor,Vanchiyoor.P.O,New General Hospital,Thiruvananthapuram,, Konni, Dist",State Institute Of Medical Education And Technology,Pathanamthitta,Kerala,Government,B.Sc(N),60 (Sixty),60,,2025-2026,INC Yearly Report,https://online.indiannursingcouncil.org/Reports/YearlyReportByState.aspx,2026-09-11T11:24:57.000148
Kerala|Eranakulam|SIDHI SADAN LOURDES COLLEGE OF NURSING,Sidhi Sadan Lourdes College Of Nursing,"Sidhi Sadan Lourdes College Of Nursing, Chemmbumukku, Thrikkakara, Kochi, Distt.- Eranakulam, Kerala, Pin Code- 682021",Lourdes Society For Health Care And Research,Eranakulam,Kerala,Private,B.Sc(N) | M. Sc (N),90 (Ninety) | 25 (Twenty Five) 5 In Each Speciality,115,682021,2025-2026,INC Yearly Report,https://online.indiannursingcouncil.org/Reports/YearlyReportByState.aspx,2026-09-11T11:24:57.000148
Kerala|Kannur|SIMET COLEGE OF NURSING TALIPARAMBA,Simet Colege Of Nursing Taliparamba,"Simet Colege Of Nursing Taliparamba, Taluk Head Quarters Hospital,Karimbam P.O.,Taliparamba, Kannur, Kannur, Distt.- Kannur, Kerala, Pin Code- 690142",Kerala,Kannur,Kerala,Government,B.Sc(N),60 (Sixty),60,690142,2025-2026,INC Yearly Report,https://online.indiannursingcouncil.org/Reports/YearlyReportByState.aspx,2026-09-11T11:24:57.000148
Kerala|Kollam|SI-MET COLLEGE OF NURSING CHAVARA,Si-Met College Of Nursing Chavara,"Si-Met College Of Nursing Chavara, Kottakkakom, Mukundapuram P.O, Chavara, Distt.- Kollam, Kerala, Pin Code- 691583",State Institute Of Medical Education And Technology,Kollam,Kerala,Government,B.Sc(N),60 (Sixty),60,691583,2025-2026,INC Yearly Report,https://online.indiannursingcouncil.org/Reports/YearlyReportByState.aspx,2026-09-11T11:24:57.000148
Kerala|Malappuram|SI-MET COLLEGE OF NURSING TANUR,Si-Met College Of Nursing Tanur,"Si-Met College Of Nursing Tanur , Ghss Cheriyamundam Campus, Thalakadathur Po, Tirur, Distt.- Malappuram, Kerala, Pin Code- 676103",Kerala,Malappuram,Kerala,Government,B.Sc(N),60 (Sixty),60,676103,2025-2026,INC Yearly Report,https://online.indiannursingcouncil.org/Reports/YearlyReportByState.aspx,2026-09-11T11:24:57.000148
Kerala|Thiruvananthapuram|SIMET COLLEGE OF NURSING VARKALA,Simet College Of Nursing Varkala,"Simet College Of Nursing Varkala, Kavery Arcade, Gurukulam Junction, Near S.N College, Varkala, Distt.- Thiruvananthapuram, Kerala, Pin Code- 695145",State Institute Of Medical Education And Technology,Thiruvananthapuram,Kerala,Government,B.Sc(N),60 (Sixty),60,695145,2025-2026,INC Yearly Report,https://online.indiannursingcouncil.org/Reports/YearlyReportByState.aspx,2026-09-11T11:24:57.000148
Kerala|Kannur|SI-MET COLLEGE OF NURSING,Si-Met College Of Nursing,"Si-Met College Of Nursing, Dharmadam, Government Hss Palayad, Palayad P O, Thalassery Via, Distt.- Kannur, Kerala, Pin Code- 670661",State Institute Of Medical Education And Technology (Si-Met),Kannur,Kerala,Government,B.Sc(N),60 (Sixty),60,670661,2025-2026,INC Yearly Report,https://online.indiannursingcouncil.org/Reports/YearlyReportByState.aspx,2026-09-11T11:24:57.000148
Kerala|Thiruvananthapuram|SIMET COLLEGE OF NURSING,Simet College Of Nursing,"Simet College Of Nursing, Muttathara, Kesavavilasm, Thekkummoddu, Vachiyoor Po, Thiruvananthapuram, Distt.- Thiruvananthapuram, Kerala, Pin Code- 695035",State Institute Of Medical Education And Technology,Thiruvananthapuram,Kerala,Private,B.Sc(N),60 (Sixty),60,695035,2025-2026,INC Yearly Report,https://online.indiannursingcouncil.org/Reports/YearlyReportByState.aspx,2026-09-11T11:24:57.000148
Kerala|Eranakulam|SI-MET COLLEGE OF NURSING,Si-Met College Of Nursing,"Si-Met College Of Nursing, Paluruthy, Ernakulam, Distt.- Eranakulam, Kerala, Pin Code- 682006",State Institute Of Medical Edun And Tech,Eranakulam,Kerala,Government,B.Sc(N) | P B B.Sc(N),60 (Sixty) | 30 (Thirty),90,682006,2025-2026,INC Yearly Report,https://online.indiannursingcouncil.org/Reports/YearlyReportByState.aspx,2026-09-11T11:24:57.000148
Kerala|Palakkad|SI-MET COLLEGE OF NURSING,Si-Met College Of Nursing,"Si-Met College Of Nursing, Phc Campus, Palakkad, Distt.- Palakkad, Kerala, Pin Code- 678651",State Institute Of Medical Education And Technology,Palakkad,Kerala,Government,B.Sc(N),60 (Sixty),60,678651,2025-2026,INC Yearly Report,https://online.indiannursingcouncil.org/Reports/YearlyReportByState.aspx,2026-09-11T11:24:57.000148
Kerala|Alappuzha|SIMET COLLEGE OF NURSING,Simet College Of Nursing,"Simet College Of Nursing,Nooranad, Nooranad, Leprosy Sanatorium Campus, L S P.O,Nooranad, Alappuzha District, Kerala, Alappuzha, Distt.- Alappuzha, Kerala, Pin Code- 690571",State Institute Of Medical Education And Technology,Alappuzha,Kerala,Government,B.Sc(N),60 (Sixty),60,690571,2025-2026,INC Yearly Report,https://online.indiannursingcouncil.org/Reports/YearlyReportByState.aspx,2026-09-11T11:24:57.000148
Kerala|Alappuzha|SKP SCHOOL OF NURSING,Skp School Of Nursing,"Skp School Of Nursing, Kandiyoor Mavelikara, Mavelikara, Distt.- Alappuzha, Kerala, Pin Code- 690103",Sreekantapuram Hospital,Alappuzha,Kerala,Private,GNM,30 (Thirty),30,690103,2025-2026,INC Yearly Report,https://online.indiannursingcouncil.org/Reports/YearlyReportByState.aspx,2026-09-11T11:24:57.000148
Kerala|Kozhikode|SREE ANJANEYA SCHOOL OF NURSING,Sree Anjaneya School Of Nursing,"Sree Anjaneya School Of Nursing , Malabar Medical College Campus, Modakkallur Atholi Calicut, Atholi, Distt.- Kozhikode, Kerala, Pin Code- 673323",Sree Anjaneya Medical Trust,Kozhikode,Kerala,Private,GNM | B.Sc(N),60 (Sixty) | 90 (Ninety),150,673323,2025-2026,INC Yearly Report,https://online.indiannursingcouncil.org/Reports/YearlyReportByState.aspx,2026-09-11T11:24:57.000148
Kerala|Pathanamthitta|SREE AYYAPPA NURSING SCHOOL,Sree Ayyappa Nursing School,"Sree Ayyappa Nursing School, Kumbalathamon (Po) Vadasserikkara, Pathanamthitta Dist, Kerala, Vadasserikkara, Distt.- Pathanamthitta, Kerala, Pin Code- 689662",Psn Educational And Charitable Trust,Pathanamthitta,Kerala,Private,GNM | B.Sc(N),40 (Forty) | 45 (Forty Five),85,689662,2025-2026,INC Yearly Report,https://online.indiannursingcouncil.org/Reports/YearlyReportByState.aspx,2026-09-11T11:24:57.000148
Kerala|Thiruvananthapuram|SREE CHITRA TIRUNAL INSTITUTE FOR MEDICAL SCIENCES AND TECHNOLOGY,Sree Chitra Tirunal Institute For Medical Sciences And Technology,"Sree Chitra Tirunal Institute For Medical Sciences And Technology, Sree Chitra Tirunal Institute For Medical Sciences And Technology, Trivandrum, Distt.- Thiruvananthapuram, Kerala, Pin Code- 6950",Dept. Of Science And Technology,Thiruvananthapuram,Kerala,Government,Post Basic Diploma in Cardio Thoracic Nursing | Post Basic Diploma in Neurology Nursing,10 (Ten) | 10 (Ten),20,,2025-2026,INC Yearly Report,https://online.indiannursingcouncil.org/Reports/YearlyReportByState.aspx,2026-09-11T11:24:57.000148
Kerala|Thiruvananthapuram|SREE GOKULAM SCHOOL OF NURSING,Sree Gokulam School Of Nursing,"Sree Gokulam School Of Nursing, Sree Gokulam Medical College Campus, Venjarammoodu, Trivandrum, Kerala Pin 695607, Venjarammoodu, Distt.- Thiruvananthapuram, Kerala, Pin Code- 695607",Foundation Of Non Resident Indians,Thiruvananthapuram,Kerala,Private,GNM | B.Sc(N) | M. Sc (N) | P B B.Sc(N),50 (Fifty) | 100 (One Hundred) | 25 (Twenty Five) | 20 (Twenty),195,695607,2025-2026,INC Yearly Report,https://online.indiannursingcouncil.org/Reports/YearlyReportByState.aspx,2026-09-11T11:24:57.000148
Kerala|Eranakulam|SREE NARAYANA COLLEGE OF NURSING,Sree Narayana College Of Nursing,"Sree Narayana College Of Nursing, Sree Narayana Institute Of Medical Sciences, Chalakka - Kuthiathode Rd, North Kuthiathode, Kunnukara, North Paravur, Ernakulam Kerala, North Paravur, Distt.- Erana",Gurudeva Charitable Trust,Eranakulam,Kerala,Private,B.Sc(N),60 (SIXTY),60,,2025-2026,INC Yearly Report,https://online.indiannursingcouncil.org/Reports/YearlyReportByState.aspx,2026-09-11T11:24:57.000148
Kerala|Kollam|SREE NARAYANA TRUSTS MEDICAL MISSION,Sree Narayana Trusts Medical Mission,"Sree Narayana Trusts Medical Mission, Kollam, Kollam, Distt.- Kollam, Kerala, Pin Code- 691001",Sree Narayana Trusts Medical Mission,Kollam,Kerala,Private,GNM,60 (Sixty),60,691001,2025-2026,INC Yearly Report,https://online.indiannursingcouncil.org/Reports/YearlyReportByState.aspx,2026-09-11T11:24:57.000148
Kerala|Eranakulam|SREE SUDHEENDRA COLLEGE OF NURSING,Sree Sudheendra College Of Nursing,"Sree Sudheendra College Of Nursing, Ambalamedu, Ernakulam, Distt.- Eranakulam, Kerala, Pin Code- 682303",Sree Sudheendra Medical Mission Registered Charitable Trust,Eranakulam,Kerala,Private,B.Sc(N),60 (SIXTY),60,682303,2025-2026,INC Yearly Report,https://online.indiannursingcouncil.org/Reports/YearlyReportByState.aspx,2026-09-11T11:24:57.000148
Kerala|Thiruvananthapuram|SRI SARADA COLLEGE OF NURSING,Sri Sarada College Of Nursing,"Sri Sarada College Of Nursing, Sri Ramakrishna Ashrama Charitable Hospital, Sasthamangalam,, Thiruvananthapuram, Distt.- Thiruvananthapuram, Kerala, Pin Code- 695010",Sri Ramakrishna Math,Thiruvananthapuram,Kerala,Private,Upgraded College of Nursing,40 (Forty),40,695010,2025-2026,INC Yearly Report,https://online.indiannursingcouncil.org/Reports/YearlyReportByState.aspx,2026-09-11T11:24:57.000148
Kerala|Thrissur|ST JAMES COLLEGE OF NURSING,St James College Of Nursing,"St James College Of Nursing, St.James Medical Academy, River Bank, G.H.Road, Chalakudy, Distt.- Thrissur, Kerala, Pin Code- 680307",St James Hospital Trust,Thrissur,Kerala,Private,P B B.Sc(N) | B.Sc(N) | GNM,30 (Thirty) | 65 (Sixty Five) | 30 (Thirty),125,680307,2025-2026,INC Yearly Report,https://online.indiannursingcouncil.org/Reports/YearlyReportByState.aspx,2026-09-11T11:25:05.173433
Kerala|Iddukki|ST JOHN'S COLLEGE OF NURSING,St John's College Of Nursing,"St John's College Of Nursing, St John's Hospital, Kattappana, Kattappana, Distt.- Iddukki, Kerala, Pin Code- 685515",The Hospitaller Brothers Alias Medical Brothers,Iddukki,Kerala,Private,B.Sc(N),70 (Seventy),70,685515,2025-2026,INC Yearly Report,https://online.indiannursingcouncil.org/Reports/YearlyReportByState.aspx,2026-09-11T11:25:05.173433
Kerala|Eranakulam|ST JOSEPH'S COLLEGE OF NURSING,St Joseph's College Of Nursing,"St Joseph's College Of Nursing, Dharmagiri, Kothamgnalam, Distt.- Eranakulam, Kerala, Pin Code- 686691",St. Joseph's Hospital Trust Of Msj,Eranakulam,Kerala,Private,GNM | B.Sc(N) | P B B.Sc(N),40 (Forty) | 80 (Eighty) | 20 (Twenty),140,686691,2025-2026,INC Yearly Report,https://online.indiannursingcouncil.org/Reports/YearlyReportByState.aspx,2026-09-11T11:25:05.173433
Kerala|Kollam|ST JOSEPH'S COLLEGE OF NURSING,St Joseph's College Of Nursing,"St Joseph's College Of Nursing, Anchal P O, Anchal, Distt.- Kollam, Kerala, Pin Code- 691306",St Joseph's Medical Trust,Kollam,Kerala,Private,GNM | B.Sc(N),30 (Thirty) | 50 (Fifty),80,691306,2025-2026,INC Yearly Report,https://online.indiannursingcouncil.org/Reports/YearlyReportByState.aspx,2026-09-11T11:25:05.173433
Kerala|Thrissur|ST JOSEPH'S HOSPITAL,St Joseph's Hospital,"St Joseph's Hospital, School Of Nursing, Thrissur, Distt.- Thrissur, Kerala, Pin Code- 680502",Congregation Of The Mother Of Carmel,Thrissur,Kerala,Private,GNM,50 (Fifty),50,680502,2025-2026,INC Yearly Report,https://online.indiannursingcouncil.org/Reports/YearlyReportByState.aspx,2026-09-11T11:25:05.173433
Kerala|Kottayam|ST RITA'S SCHOOL OF NURSING,St Rita's School Of Nursing,"St Rita's School Of Nursing,, St Rita's Hospital, Nalukody P O, Changanacherry, Distt.- Kottayam, Kerala, Pin Code- 686548",Don Bosco Charitable Trust,Kottayam,Kerala,Private,GNM,25 (Twenty Five),25,686548,2025-2026,INC Yearly Report,https://online.indiannursingcouncil.org/Reports/YearlyReportByState.aspx,2026-09-11T11:25:05.173433
Kerala|Alappuzha|ST THOMAS MISSION HOSPITAL,St Thomas Mission Hospital,"St Thomas Mission Hospital, P O - Pallickal, Kattanam, Distt.- Alappuzha, Kerala, Pin Code- 690503",The Travancore Cochin Literary Scientific And Charitable Societies,Alappuzha,Kerala,Private,ANM | GNM | B.Sc(N),20 (Twenty) | 30 (Thirty) | 50 (Fifty),100,690503,2025-2026,INC Yearly Report,https://online.indiannursingcouncil.org/Reports/YearlyReportByState.aspx,2026-09-11T11:25:05.173433
Kerala|Pathanamthitta|ST. GREGORIOS COLLEGE OF NURSING,St. Gregorios College Of Nursing,"St. Gregorios College Of Nursing, Parumala (Po), Thiruvalla, Parumala, Distt.- Pathanamthitta, Kerala, Pin Code- 689626",St. Gregorios Medical Mission Hospital,Pathanamthitta,Kerala,Private,B.Sc(N),60 (Sixty),60,689626,2025-2026,INC Yearly Report,https://online.indiannursingcouncil.org/Reports/YearlyReportByState.aspx,2026-09-11T11:25:05.173433
Kerala|Kottayam|ST. THOMAS COLLEGE OF NURSING,St. Thomas College Of Nursing,"St. Thomas College Of Nursing, Kurisummoodu P.O., Chethipuzha, Changanacherry, Distt.- Kottayam, Kerala, Pin Code- 686104",Archdiocesan Educational And Charitable Trust,Kottayam,Kerala,Private,B.Sc(N) | M. Sc (N),65 (Sixty Five) | 4 (Four) Med Surg In Critical Care-04,69,686104,2025-2026,INC Yearly Report,https://online.indiannursingcouncil.org/Reports/YearlyReportByState.aspx,2026-09-11T11:25:05.173433
Kerala|Kozhikode|ST.JOSEPH'S COLLEGE OF NURSING,St.Joseph's College Of Nursing,"St.Joseph's College Of Nursing, Mukkam, St.Joseph's College Of Nursing, Mukkam,Kozhikode,Kerala,India, Kozhikode, Distt.- Kozhikode, Kerala, Pin Code- 673602",Dharmagiri St.Joseph's Hospital,Kozhikode,Kerala,Private,B.Sc(N),50 (Fifty),50,673602,2025-2026,INC Yearly Report,https://online.indiannursingcouncil.org/Reports/YearlyReportByState.aspx,2026-09-11T11:25:05.173433
Kerala|Kozhikode|THE BADAGARA CO -OPERATIVE INSTITUTE OF NURSING,The Badagara Co -Operative Institute Of Nursing,"The Badagara Co -Operative Institute Of Nursing, And Research Centre, Vadakara,, Vatakara, Distt.- Kozhikode, Kerala, Pin Code- 673101",Badagara Sahakarana Aupathri Ltd,Kozhikode,Kerala,Private,GNM,30 (Thirty),30,673101,2025-2026,INC Yearly Report,https://online.indiannursingcouncil.org/Reports/YearlyReportByState.aspx,2026-09-11T11:25:05.173433
Kerala|Kottayam|THEOPHILUS COLLEGE OF NURSING,Theophilus College Of Nursing,"Theophilus College Of Nursing, Mar Geevarghese Dionysis Memorial Hospital, Kottayam, Distt.- Kottayam, Kerala, Pin Code- 686555",Manohar Hill Charitable Trust,Kottayam,Kerala,Private,B.Sc(N),50 (Fifty),50,686555,2025-2026,INC Yearly Report,https://online.indiannursingcouncil.org/Reports/YearlyReportByState.aspx,2026-09-11T11:25:05.173433
Kerala|Kottayam|THIRUHRUDAYA COLLEGE OF NURSING,Thiruhrudaya College Of Nursing,"Thiruhrudaya College Of Nursing, S H Medical Centre ,Poovanthuruthu P.O,Kattambakku, Kottayam, Distt.- Kottayam, Kerala, Pin Code- 686012",Sacred Heart Medical Centre Charitable Society,Kottayam,Kerala,Private,B.Sc(N),50 (Fifty),50,686012,2025-2026,INC Yearly Report,https://online.indiannursingcouncil.org/Reports/YearlyReportByState.aspx,2026-09-11T11:25:05.173433
Kerala|Pathanamthitta|TIRUVALLA MEDICAL MISSION COLLEGE OF NURSING,Tiruvalla Medical Mission College Of Nursing,"Tiruvalla Medical Mission College Of Nursing, Anjilithanam P.O.,Kaviyoor,Thiruvalla, Thiruvalla, Distt.- Pathanamthitta, Kerala, Pin Code- 689582",Dewan Bahadur Dr. V Verghese Hospital Trust Association,Pathanamthitta,Kerala,Private,B.Sc(N) | M. Sc (N),"65 (Sixty Five) | 18 (Eighteen) Med-Surg-4, Obg-5, Paed-4, Chn-5",83,689582,2025-2026,INC Yearly Report,https://online.indiannursingcouncil.org/Reports/YearlyReportByState.aspx,2026-09-11T11:25:05.173433
Kerala|Kollam|TRAVANCORE COLLEGE OF NURSING,Travancore College Of Nursing,"Travancore College Of Nursing, Medicity Nh Bypass, Kollam, Distt.- Kollam, Kerala, Pin Code- 691020",Quilon Medical Trust,Kollam,Kerala,Private,B.Sc(N),70 (Seventy),70,691020,2025-2026,INC Yearly Report,https://online.indiannursingcouncil.org/Reports/YearlyReportByState.aspx,2026-09-11T11:25:05.173433
Kerala|Kollam|UPASANA COLLEGE OF NURSING,Upasana College Of Nursing,"Upasana College Of Nursing, Puthuchira, Umayanalloor Industrial Estate, Kollam, Distt.- Kollam, Kerala, Pin Code- 691589",Upasana Hospital,Kollam,Kerala,Private,GNM | B.Sc(N) | P B B.Sc(N),60 (Sixty) | 75 (Seventy Five) | 10 (Ten),145,691589,2025-2026,INC Yearly Report,https://online.indiannursingcouncil.org/Reports/YearlyReportByState.aspx,2026-09-11T11:25:05.173433
Kerala|Kollam|V N S S COLLEGE OF NURSING,V N S S College Of Nursing,"V N S S College Of Nursing, Karbala Junction, , Kollam, Distt.- Kollam, Kerala, Pin Code- 691001",Sri Narayana Trust Medical Mission,Kollam,Kerala,Private,B.Sc(N),70 (Seventy),70,691001,2025-2026,INC Yearly Report,https://online.indiannursingcouncil.org/Reports/YearlyReportByState.aspx,2026-09-11T11:25:05.173433
Kerala|Palakkad|VALLUVANAD INSTITUTE OF NURSING SCIENCES,Valluvanad Institute Of Nursing Sciences,"Valluvanad Institute Of Nursing Sciences, Kk Tower, Lakshmi Road, East Manissery , Manissery Post, Ottapalam, Distt.- Palakkad, Kerala, Pin Code- 679521",Valluvanad Educational And Charitable Trust.,Palakkad,Kerala,Private,B.Sc(N),50 (Fifty),50,679521,2025-2026,INC Yearly Report,https://online.indiannursingcouncil.org/Reports/YearlyReportByState.aspx,2026-09-11T11:25:05.173433
Kerala|Kottayam|VELANKANNI MATHA COLLEGE OF NURSING,Velankanni Matha College Of Nursing,"Velankanni Matha College Of Nursing, Matha Hospital, Thellakom P O, Kottayam, Distt.- Kottayam, Kerala, Pin Code- 686630",Velankanni Matha Hospitals Pvt. Ltd,Kottayam,Kerala,Private,B.Sc(N),40 (Forty),40,686630,2025-2026,INC Yearly Report,https://online.indiannursingcouncil.org/Reports/YearlyReportByState.aspx,2026-09-11T11:25:05.173433
Kerala|Kollam|VIJAYA COLLEGE OF NURSING,Vijaya College Of Nursing,"Vijaya College Of Nursing, Gurugiri Campus, Neduvathoor, Neeleswaram (Po), Kottarakkara, Distt.- Kollam, Kerala, Pin Code- 691505",Vijaya Educational Trust,Kollam,Kerala,Private,B.Sc(N),85 (Eighty Five),85,691505,2025-2026,INC Yearly Report,https://online.indiannursingcouncil.org/Reports/YearlyReportByState.aspx,2026-09-11T11:25:12.490407
Kerala|Wayanad|VINAYAKA HOSPITAL SCHOOL OF NURSING,Vinayaka Hospital School Of Nursing,"Vinayaka Hospital School Of Nursing,, Old Shafi Road, Sulthan Bathery,, Sulthan Bathery, Distt.- Wayanad, Kerala, Pin Code- 673592",Vinayaka Educational And Charitable Trust,Wayanad,Kerala,Private,GNM | B.Sc(N),50 (Fifty) | 50 (Fifty),100,673592,2025-2026,INC Yearly Report,https://online.indiannursingcouncil.org/Reports/YearlyReportByState.aspx,2026-09-11T11:25:12.490407
Kerala|Eranakulam|WELCARE COLLEGE OF NURSING,Welcare College Of Nursing,"Welcare College Of Nursing, Vettikkal Po, Mulanthuruthy, Mulanthuruthy, Distt.- Eranakulam, Kerala, Pin Code- 682314",Welcare Medical And Educational Trust,Eranakulam,Kerala,Private,B.Sc(N),60 (Sixty),60,682314,2025-2026,INC Yearly Report,https://online.indiannursingcouncil.org/Reports/YearlyReportByState.aspx,2026-09-11T11:25:12.490407
Kerala|Thrissur|WESTFORT COLLEGE OF NURSING,Westfort College Of Nursing,"Westfort College Of Nursing, ( W A H E ), P B No. 16, M G Kavu, Thrissur, Distt.- Thrissur, Kerala, Pin Code- 680581",A Unit Of Westfort Hospital,Thrissur,Kerala,Private,B.Sc(N) | P B B.Sc(N),75 (Seventy Five) | 10 (Ten),85,680581,2025-2026,INC Yearly Report,https://online.indiannursingcouncil.org/Reports/YearlyReportByState.aspx,2026-09-11T11:25:12.490407
