sl_no,institution_name_raw,institution_address_raw,trust_name,district_name,state,sector,programme,annual_intake,academic_year,page_number,source_url,extraction_timestamp
1,A P S College Of Nursing,"A P S College Of Nursing, Shahkot Road, Malsian, Jalandhar, Distt.- Jalandhar, Punjab, Pin Code- 144701",Parul Educational Society,Jalandhar,Punjab,Private,GNM,60 (Sixty),2025-2026,1,https://online.indiannursingcouncil.org/Reports/YearlyReportByState.aspx,2026-09-11T11:32:03.585090
1,A P S College Of Nursing,"A P S College Of Nursing, Shahkot Road, Malsian, Jalandhar, Distt.- Jalandhar, Punjab, Pin Code- 144701",Parul Educational Society,Jalandhar,Punjab,Private,B.Sc(N),40 (Forty),2025-2026,1,https://online.indiannursingcouncil.org/Reports/YearlyReportByState.aspx,2026-09-11T11:32:03.585090
1,A P S College Of Nursing,"A P S College Of Nursing, Shahkot Road, Malsian, Jalandhar, Distt.- Jalandhar, Punjab, Pin Code- 144701",Parul Educational Society,Jalandhar,Punjab,Private,P B B.Sc(N),20 (Twenty),2025-2026,1,https://online.indiannursingcouncil.org/Reports/YearlyReportByState.aspx,2026-09-11T11:32:03.585090
2,Abigail Charistian Nursing Institute,"Abigail Charistian Nursing Institute, Shahpur Kandi Road, Vill- Kot , Pathankot , Vill.- Kot , Tehsil- Dharkalan, Distt.- Pathankot, Punjab, Pin Code- 145029",Bibi Rehmete Christian Educational Society,Pathankot,Punjab,Private,GNM,40 (Forty),2025-2026,1,https://online.indiannursingcouncil.org/Reports/YearlyReportByState.aspx,2026-09-11T11:32:03.585090
3,Adarsh School Of Nursing,"Adarsh School Of Nursing, Village Chounth, Patiala Samana Road, Vill.- Chounth Kheri, Tehsil- Samana, Distt.- Patiala, Punjab, Pin Code- 147101",Nova Educational Society,Patiala,Punjab,Private,ANM,50 (Fifty),2025-2026,1,https://online.indiannursingcouncil.org/Reports/YearlyReportByState.aspx,2026-09-11T11:32:03.585090
3,Adarsh School Of Nursing,"Adarsh School Of Nursing, Village Chounth, Patiala Samana Road, Vill.- Chounth Kheri, Tehsil- Samana, Distt.- Patiala, Punjab, Pin Code- 147101",Nova Educational Society,Patiala,Punjab,Private,GNM,60 (Sixty),2025-2026,1,https://online.indiannursingcouncil.org/Reports/YearlyReportByState.aspx,2026-09-11T11:32:03.585090
3,Adarsh School Of Nursing,"Adarsh School Of Nursing, Village Chounth, Patiala Samana Road, Vill.- Chounth Kheri, Tehsil- Samana, Distt.- Patiala, Punjab, Pin Code- 147101",Nova Educational Society,Patiala,Punjab,Private,B.Sc(N),60 (Sixty),2025-2026,1,https://online.indiannursingcouncil.org/Reports/YearlyReportByState.aspx,2026-09-11T11:32:03.585090
3,Adarsh School Of Nursing,"Adarsh School Of Nursing, Village Chounth, Patiala Samana Road, Vill.- Chounth Kheri, Tehsil- Samana, Distt.- Patiala, Punjab, Pin Code- 147101",Nova Educational Society,Patiala,Punjab,Private,M. Sc (N),25 (Twnty Five) 5 In Each Speciality,2025-2026,1,https://online.indiannursingcouncil.org/Reports/YearlyReportByState.aspx,2026-09-11T11:32:03.585090
3,Adarsh School Of Nursing,"Adarsh School Of Nursing, Village Chounth, Patiala Samana Road, Vill.- Chounth Kheri, Tehsil- Samana, Distt.- Patiala, Punjab, Pin Code- 147101",Nova Educational Society,Patiala,Punjab,Private,P B B.Sc(N),40 (Forty),2025-2026,1,https://online.indiannursingcouncil.org/Reports/YearlyReportByState.aspx,2026-09-11T11:32:03.585090
4,Adesh Hospital &Amp; Research Centre Pvt. Ltd.,"Adesh Hospital &Amp; Research Centre Pvt. Ltd., College Of Nursing, Sri Muktsar Sahib , Distt.- Mukatsar, Punjab, Pin Code- 152026",Adesh Welfare Society,Mukatsar,Punjab,Private,P B B.Sc(N),40 (Forty),2025-2026,1,https://online.indiannursingcouncil.org/Reports/YearlyReportByState.aspx,2026-09-11T11:32:03.585090
4,Adesh Hospital &Amp; Research Centre Pvt. Ltd.,"Adesh Hospital &Amp; Research Centre Pvt. Ltd., College Of Nursing, Sri Muktsar Sahib , Distt.- Mukatsar, Punjab, Pin Code- 152026",Adesh Welfare Society,Mukatsar,Punjab,Private,GNM,60 (Sixty),2025-2026,1,https://online.indiannursingcouncil.org/Reports/YearlyReportByState.aspx,2026-09-11T11:32:03.585090
4,Adesh Hospital &Amp; Research Centre Pvt. Ltd.,"Adesh Hospital &Amp; Research Centre Pvt. Ltd., College Of Nursing, Sri Muktsar Sahib , Distt.- Mukatsar, Punjab, Pin Code- 152026",Adesh Welfare Society,Mukatsar,Punjab,Private,B.Sc(N),60 (Sixty),2025-2026,1,https://online.indiannursingcouncil.org/Reports/YearlyReportByState.aspx,2026-09-11T11:32:03.585090
5,Adesh Institute Of Madical Siences And Resarch,"Adesh Institute Of Madical Siences And Resarch, Bhucho Kalan, Barnala Road,, Bathinda, Distt.- Bathinda, Punjab, Pin Code- 151101",Adesh Foundation,Bathinda,Punjab,Private,GNM,60 (Sixty),2025-2026,1,https://online.indiannursingcouncil.org/Reports/YearlyReportByState.aspx,2026-09-11T11:32:03.585090
5,Adesh Institute Of Madical Siences And Resarch,"Adesh Institute Of Madical Siences And Resarch, Bhucho Kalan, Barnala Road,, Bathinda, Distt.- Bathinda, Punjab, Pin Code- 151101",Adesh Foundation,Bathinda,Punjab,Private,B.Sc(N),100 (One Hundred),2025-2026,1,https://online.indiannursingcouncil.org/Reports/YearlyReportByState.aspx,2026-09-11T11:32:03.585090
5,Adesh Institute Of Madical Siences And Resarch,"Adesh Institute Of Madical Siences And Resarch, Bhucho Kalan, Barnala Road,, Bathinda, Distt.- Bathinda, Punjab, Pin Code- 151101",Adesh Foundation,Bathinda,Punjab,Private,M. Sc (N),14 (Fourteen) Med-Surg-5 Psy-4 Paed-3 Obg-2,2025-2026,1,https://online.indiannursingcouncil.org/Reports/YearlyReportByState.aspx,2026-09-11T11:32:03.585090
5,Adesh Institute Of Madical Siences And Resarch,"Adesh Institute Of Madical Siences And Resarch, Bhucho Kalan, Barnala Road,, Bathinda, Distt.- Bathinda, Punjab, Pin Code- 151101",Adesh Foundation,Bathinda,Punjab,Private,P B B.Sc(N),40 (Forty),2025-2026,1,https://online.indiannursingcouncil.org/Reports/YearlyReportByState.aspx,2026-09-11T11:32:03.585090
6,Aggarwal College Of Nursing,"Aggarwal College Of Nursing, Tehsil Road, Guruharsahai, Vill.- Guruharsahai , Tehsil- Guruhar Sahai, Distt.- Ferozepur, Punjab, Pin Code- 152022",Aggarwal School Of Nsg And Parmedical Edu Soc,Ferozepur,Punjab,Private,ANM,40 (Forty),2025-2026,1,https://online.indiannursingcouncil.org/Reports/YearlyReportByState.aspx,2026-09-11T11:32:03.585090
6,Aggarwal College Of Nursing,"Aggarwal College Of Nursing, Tehsil Road, Guruharsahai, Vill.- Guruharsahai , Tehsil- Guruhar Sahai, Distt.- Ferozepur, Punjab, Pin Code- 152022",Aggarwal School Of Nsg And Parmedical Edu Soc,Ferozepur,Punjab,Private,GNM,60 (Sixty),2025-2026,1,https://online.indiannursingcouncil.org/Reports/YearlyReportByState.aspx,2026-09-11T11:32:03.585090
7,Aiims Bathinda,"Aiims Bathinda, Aiims, Dabwali Road, Bathinda, Punjab 151001, Bathinda, Distt.- Bathinda, Punjab, Pin Code- 151001",Aiims Bathinda,Bathinda,Punjab,Government,B.Sc(N),60 (Sixty),2025-2026,1,https://online.indiannursingcouncil.org/Reports/YearlyReportByState.aspx,2026-09-11T11:32:03.585090
7,Aiims Bathinda,"Aiims Bathinda, Aiims, Dabwali Road, Bathinda, Punjab 151001, Bathinda, Distt.- Bathinda, Punjab, Pin Code- 151001",Aiims Bathinda,Bathinda,Punjab,Government,M. Sc (N),25 (Twenty Five) 5 In Each Speciality,2025-2026,1,https://online.indiannursingcouncil.org/Reports/YearlyReportByState.aspx,2026-09-11T11:32:03.585090
8,Ajit Nursing Institute,"Ajit Nursing Institute, On Sunam Lehra Jakha Road, Opp Haryali Kissan Bazar, Sunam, Distt.- Sangrur, Punjab, Pin Code- 148028",Ajit Educational And Public Welfare Society,Sangrur,Punjab,Private,ANM,40 (Forty),2025-2026,1,https://online.indiannursingcouncil.org/Reports/YearlyReportByState.aspx,2026-09-11T11:32:03.585090
8,Ajit Nursing Institute,"Ajit Nursing Institute, On Sunam Lehra Jakha Road, Opp Haryali Kissan Bazar, Sunam, Distt.- Sangrur, Punjab, Pin Code- 148028",Ajit Educational And Public Welfare Society,Sangrur,Punjab,Private,GNM,40 (Forty),2025-2026,1,https://online.indiannursingcouncil.org/Reports/YearlyReportByState.aspx,2026-09-11T11:32:03.585090
8,Ajit Nursing Institute,"Ajit Nursing Institute, On Sunam Lehra Jakha Road, Opp Haryali Kissan Bazar, Sunam, Distt.- Sangrur, Punjab, Pin Code- 148028",Ajit Educational And Public Welfare Society,Sangrur,Punjab,Private,B.Sc(N),40 (Forty),2025-2026,1,https://online.indiannursingcouncil.org/Reports/YearlyReportByState.aspx,2026-09-11T11:32:03.585090
8,Ajit Nursing Institute,"Ajit Nursing Institute, On Sunam Lehra Jakha Road, Opp Haryali Kissan Bazar, Sunam, Distt.- Sangrur, Punjab, Pin Code- 148028",Ajit Educational And Public Welfare Society,Sangrur,Punjab,Private,P B B.Sc(N),30 (Thirty),2025-2026,1,https://online.indiannursingcouncil.org/Reports/YearlyReportByState.aspx,2026-09-11T11:32:03.585090
9,Aman Bhalla College Of Nursing,"Aman Bhalla College Of Nursing,, Nh-54, Kotli Mughlan, Pathankot - Amritsar Highway, Pathankot, , Distt.- Pathankot, Punjab, Pin Code- 145025",Aman Bhalla Foundation,Pathankot,Punjab,Private,B.Sc(N),50 (Fifty),2025-2026,1,https://online.indiannursingcouncil.org/Reports/YearlyReportByState.aspx,2026-09-11T11:32:03.585090
9,Aman Bhalla College Of Nursing,"Aman Bhalla College Of Nursing,, Nh-54, Kotli Mughlan, Pathankot - Amritsar Highway, Pathankot, , Distt.- Pathankot, Punjab, Pin Code- 145025",Aman Bhalla Foundation,Pathankot,Punjab,Private,P B B.Sc(N),30 (Thirty),2025-2026,1,https://online.indiannursingcouncil.org/Reports/YearlyReportByState.aspx,2026-09-11T11:32:03.585090
10,Amandeep School Of Nursing,"Amandeep School Of Nursing, Village - Jethuwal, Vill.- Jethuwal, Tehsil- Ajnala, Distt.- Amritser, Punjab, Pin Code- 143502",Amandeep Educational Society,Amritser,Punjab,Private,GNM,50 (Fifty),2025-2026,1,https://online.indiannursingcouncil.org/Reports/YearlyReportByState.aspx,2026-09-11T11:32:03.585090
10,Amandeep School Of Nursing,"Amandeep School Of Nursing, Village - Jethuwal, Vill.- Jethuwal, Tehsil- Ajnala, Distt.- Amritser, Punjab, Pin Code- 143502",Amandeep Educational Society,Amritser,Punjab,Private,B.Sc(N),100 (One Hundred),2025-2026,1,https://online.indiannursingcouncil.org/Reports/YearlyReportByState.aspx,2026-09-11T11:32:03.585090
10,Amandeep School Of Nursing,"Amandeep School Of Nursing, Village - Jethuwal, Vill.- Jethuwal, Tehsil- Ajnala, Distt.- Amritser, Punjab, Pin Code- 143502",Amandeep Educational Society,Amritser,Punjab,Private,P B B.Sc(N),40 (Forty),2025-2026,1,https://online.indiannursingcouncil.org/Reports/YearlyReportByState.aspx,2026-09-11T11:32:03.585090
1,Amar Professional College Of Nursing,"Amar Professional College Of Nursing, Vill Post - Dyalpura, Zirakpur Patiala Highway, Vill.- Dyalpura, Tehsil- Derabassi, Distt.- Mohali, Punjab, Pin Code- 140603",Amar Professional Educational Society,Mohali,Punjab,Private,B.Sc(N),50 (Fifty),2025-2026,2,https://online.indiannursingcouncil.org/Reports/YearlyReportByState.aspx,2026-09-11T11:32:11.455207
1,Amar Professional College Of Nursing,"Amar Professional College Of Nursing, Vill Post - Dyalpura, Zirakpur Patiala Highway, Vill.- Dyalpura, Tehsil- Derabassi, Distt.- Mohali, Punjab, Pin Code- 140603",Amar Professional Educational Society,Mohali,Punjab,Private,P B B.Sc(N),50 (Fifty),2025-2026,2,https://online.indiannursingcouncil.org/Reports/YearlyReportByState.aspx,2026-09-11T11:32:11.455207
1,Amar Professional College Of Nursing,"Amar Professional College Of Nursing, Vill Post - Dyalpura, Zirakpur Patiala Highway, Vill.- Dyalpura, Tehsil- Derabassi, Distt.- Mohali, Punjab, Pin Code- 140603",Amar Professional Educational Society,Mohali,Punjab,Private,GNM,60 (Sixty),2025-2026,2,https://online.indiannursingcouncil.org/Reports/YearlyReportByState.aspx,2026-09-11T11:32:11.455207
2,Ambika College Of Nursing,"Ambika College Of Nursing, Badala Road, Kharar, Distt.- Sas Nagar Mohali, Punjab, Pin Code- 140301",Ambika Prasad Pandey Education And Research,Sas Nagar Mohali,Punjab,Private,ANM,40 (Forty),2025-2026,2,https://online.indiannursingcouncil.org/Reports/YearlyReportByState.aspx,2026-09-11T11:32:11.455207
2,Ambika College Of Nursing,"Ambika College Of Nursing, Badala Road, Kharar, Distt.- Sas Nagar Mohali, Punjab, Pin Code- 140301",Ambika Prasad Pandey Education And Research,Sas Nagar Mohali,Punjab,Private,GNM,60 (Sixty),2025-2026,2,https://online.indiannursingcouncil.org/Reports/YearlyReportByState.aspx,2026-09-11T11:32:11.455207
2,Ambika College Of Nursing,"Ambika College Of Nursing, Badala Road, Kharar, Distt.- Sas Nagar Mohali, Punjab, Pin Code- 140301",Ambika Prasad Pandey Education And Research,Sas Nagar Mohali,Punjab,Private,B.Sc(N),60 (Sixty),2025-2026,2,https://online.indiannursingcouncil.org/Reports/YearlyReportByState.aspx,2026-09-11T11:32:11.455207
2,Ambika College Of Nursing,"Ambika College Of Nursing, Badala Road, Kharar, Distt.- Sas Nagar Mohali, Punjab, Pin Code- 140301",Ambika Prasad Pandey Education And Research,Sas Nagar Mohali,Punjab,Private,M. Sc (N),"15 ; Med-Surg-5, Chn-5, Obg-5",2025-2026,2,https://online.indiannursingcouncil.org/Reports/YearlyReportByState.aspx,2026-09-11T11:32:11.455207
2,Ambika College Of Nursing,"Ambika College Of Nursing, Badala Road, Kharar, Distt.- Sas Nagar Mohali, Punjab, Pin Code- 140301",Ambika Prasad Pandey Education And Research,Sas Nagar Mohali,Punjab,Private,P B B.Sc(N),35 (Thirty Five),2025-2026,2,https://online.indiannursingcouncil.org/Reports/YearlyReportByState.aspx,2026-09-11T11:32:11.455207
3,Amritsar School Of Nursing,"Amritsar School Of Nursing, Village - Kerdin Ke, P.O. - Bhour, Tarn Taran , Distt.- Tarn Taran, Punjab, Pin Code- 143009",Saini Medical And Health Society,Tarn Taran,Punjab,Private,ANM,30 (Thirty),2025-2026,2,https://online.indiannursingcouncil.org/Reports/YearlyReportByState.aspx,2026-09-11T11:32:11.455207
3,Amritsar School Of Nursing,"Amritsar School Of Nursing, Village - Kerdin Ke, P.O. - Bhour, Tarn Taran , Distt.- Tarn Taran, Punjab, Pin Code- 143009",Saini Medical And Health Society,Tarn Taran,Punjab,Private,GNM,50 (Fifty),2025-2026,2,https://online.indiannursingcouncil.org/Reports/YearlyReportByState.aspx,2026-09-11T11:32:11.455207
3,Amritsar School Of Nursing,"Amritsar School Of Nursing, Village - Kerdin Ke, P.O. - Bhour, Tarn Taran , Distt.- Tarn Taran, Punjab, Pin Code- 143009",Saini Medical And Health Society,Tarn Taran,Punjab,Private,B.Sc(N),60 (Sixty),2025-2026,2,https://online.indiannursingcouncil.org/Reports/YearlyReportByState.aspx,2026-09-11T11:32:11.455207
3,Amritsar School Of Nursing,"Amritsar School Of Nursing, Village - Kerdin Ke, P.O. - Bhour, Tarn Taran , Distt.- Tarn Taran, Punjab, Pin Code- 143009",Saini Medical And Health Society,Tarn Taran,Punjab,Private,P B B.Sc(N),40 (Forty),2025-2026,2,https://online.indiannursingcouncil.org/Reports/YearlyReportByState.aspx,2026-09-11T11:32:11.455207
4,Anand School Of Nursing,"Anand School Of Nursing, Opposite Thana Sadar, Amritsar , Distt.- Amritser, Punjab, Pin Code- 143001",Anand Model Educational And Charitable Society,Amritser,Punjab,Private,GNM,60 (Sixty),2025-2026,2,https://online.indiannursingcouncil.org/Reports/YearlyReportByState.aspx,2026-09-11T11:32:11.455207
4,Anand School Of Nursing,"Anand School Of Nursing, Opposite Thana Sadar, Amritsar , Distt.- Amritser, Punjab, Pin Code- 143001",Anand Model Educational And Charitable Society,Amritser,Punjab,Private,ANM,30 (Thirty),2025-2026,2,https://online.indiannursingcouncil.org/Reports/YearlyReportByState.aspx,2026-09-11T11:32:11.455207
5,Angad Nursing College,"Angad Nursing College, Vpo Maujgarh , Tehsil - Abohar, Abohar, Distt.- Fazilka, Punjab, Pin Code- 152132",Salutary Educational Society,Fazilka,Punjab,Private,ANM,20 (Twenty),2025-2026,2,https://online.indiannursingcouncil.org/Reports/YearlyReportByState.aspx,2026-09-11T11:32:11.455207
5,Angad Nursing College,"Angad Nursing College, Vpo Maujgarh , Tehsil - Abohar, Abohar, Distt.- Fazilka, Punjab, Pin Code- 152132",Salutary Educational Society,Fazilka,Punjab,Private,GNM,40 (Forty),2025-2026,2,https://online.indiannursingcouncil.org/Reports/YearlyReportByState.aspx,2026-09-11T11:32:11.455207
6,Army College Of Nursing,"Army College Of Nursing, Deepnagar, Jalandhar Cantt, Jalandhar Cantt , Distt.- Jalandhar, Punjab, Pin Code- 144005",Army Welfare Education Society,Jalandhar,Punjab,Government,B.Sc(N),100 (ONE HUNDRED),2025-2026,2,https://online.indiannursingcouncil.org/Reports/YearlyReportByState.aspx,2026-09-11T11:32:11.455207
7,Aryans Institute Of Nursing,"Aryans Institute Of Nursing, Vill. Nepra- Thuha, Chandigarh, Patiala Highway, Near Banur, Vill.- Nepra , Tehsil- Rajpura, Distt.- Patiala, Punjab, Pin Code- 140401",Aryans Educational And Charitable Trust,Patiala,Punjab,Private,ANM,40 (Forty),2025-2026,2,https://online.indiannursingcouncil.org/Reports/YearlyReportByState.aspx,2026-09-11T11:32:11.455207
7,Aryans Institute Of Nursing,"Aryans Institute Of Nursing, Vill. Nepra- Thuha, Chandigarh, Patiala Highway, Near Banur, Vill.- Nepra , Tehsil- Rajpura, Distt.- Patiala, Punjab, Pin Code- 140401",Aryans Educational And Charitable Trust,Patiala,Punjab,Private,GNM,60 (Sixty),2025-2026,2,https://online.indiannursingcouncil.org/Reports/YearlyReportByState.aspx,2026-09-11T11:32:11.455207
7,Aryans Institute Of Nursing,"Aryans Institute Of Nursing, Vill. Nepra- Thuha, Chandigarh, Patiala Highway, Near Banur, Vill.- Nepra , Tehsil- Rajpura, Distt.- Patiala, Punjab, Pin Code- 140401",Aryans Educational And Charitable Trust,Patiala,Punjab,Private,P B B.Sc(N),20 (Twenty),2025-2026,2,https://online.indiannursingcouncil.org/Reports/YearlyReportByState.aspx,2026-09-11T11:32:11.455207
7,Aryans Institute Of Nursing,"Aryans Institute Of Nursing, Vill. Nepra- Thuha, Chandigarh, Patiala Highway, Near Banur, Vill.- Nepra , Tehsil- Rajpura, Distt.- Patiala, Punjab, Pin Code- 140401",Aryans Educational And Charitable Trust,Patiala,Punjab,Private,B.Sc(N),60 (Sixty),2025-2026,2,https://online.indiannursingcouncil.org/Reports/YearlyReportByState.aspx,2026-09-11T11:32:11.455207
8,Ashoka Institute Of Nursing,"Ashoka Institute Of Nursing, Village Chuharpur Kalalan, Po - Wajidpur, Patiala, Distt.- Patiala, Punjab, Pin Code- 147001",Ashoka Educawtional Trust,Patiala,Punjab,Private,P B B.Sc(N),40(Forty),2025-2026,2,https://online.indiannursingcouncil.org/Reports/YearlyReportByState.aspx,2026-09-11T11:32:11.455207
8,Ashoka Institute Of Nursing,"Ashoka Institute Of Nursing, Village Chuharpur Kalalan, Po - Wajidpur, Patiala, Distt.- Patiala, Punjab, Pin Code- 147001",Ashoka Educawtional Trust,Patiala,Punjab,Private,B.Sc(N),60 (Sixty),2025-2026,2,https://online.indiannursingcouncil.org/Reports/YearlyReportByState.aspx,2026-09-11T11:32:11.455207
8,Ashoka Institute Of Nursing,"Ashoka Institute Of Nursing, Village Chuharpur Kalalan, Po - Wajidpur, Patiala, Distt.- Patiala, Punjab, Pin Code- 147001",Ashoka Educawtional Trust,Patiala,Punjab,Private,ANM,30 (Thirty),2025-2026,2,https://online.indiannursingcouncil.org/Reports/YearlyReportByState.aspx,2026-09-11T11:32:11.455207
8,Ashoka Institute Of Nursing,"Ashoka Institute Of Nursing, Village Chuharpur Kalalan, Po - Wajidpur, Patiala, Distt.- Patiala, Punjab, Pin Code- 147001",Ashoka Educawtional Trust,Patiala,Punjab,Private,GNM,60 (Sixty),2025-2026,2,https://online.indiannursingcouncil.org/Reports/YearlyReportByState.aspx,2026-09-11T11:32:11.455207
9,Ayaan College Of Nursing.,"Ayaan College Of Nursing., Vill.- Bhogiwal, Malerkotla, Distt.- Malerkotla, Punjab, Pin Code- 148019",Ayaan Institute Of Medical Sciences.,Malerkotla,Punjab,Private,ANM,20 (Twenty),2025-2026,2,https://online.indiannursingcouncil.org/Reports/YearlyReportByState.aspx,2026-09-11T11:32:11.455207
9,Ayaan College Of Nursing.,"Ayaan College Of Nursing., Vill.- Bhogiwal, Malerkotla, Distt.- Malerkotla, Punjab, Pin Code- 148019",Ayaan Institute Of Medical Sciences.,Malerkotla,Punjab,Private,GNM,30 (Thirty),2025-2026,2,https://online.indiannursingcouncil.org/Reports/YearlyReportByState.aspx,2026-09-11T11:32:11.455207
9,Ayaan College Of Nursing.,"Ayaan College Of Nursing., Vill.- Bhogiwal, Malerkotla, Distt.- Malerkotla, Punjab, Pin Code- 148019",Ayaan Institute Of Medical Sciences.,Malerkotla,Punjab,Private,B.Sc(N),40 (Forty),2025-2026,2,https://online.indiannursingcouncil.org/Reports/YearlyReportByState.aspx,2026-09-11T11:32:11.455207
9,Ayaan College Of Nursing.,"Ayaan College Of Nursing., Vill.- Bhogiwal, Malerkotla, Distt.- Malerkotla, Punjab, Pin Code- 148019",Ayaan Institute Of Medical Sciences.,Malerkotla,Punjab,Private,P B B.Sc(N),30 (Thirty),2025-2026,2,https://online.indiannursingcouncil.org/Reports/YearlyReportByState.aspx,2026-09-11T11:32:11.455207
10,Baba Banda Bahadur School Of Nursing,"Baba Banda Bahadur School Of Nursing, Kot Kapura - Vire Wala Road, Faridkot, Distt.- Faridkot, Punjab, Pin Code- 151203",Baba Banda Bahadur Memo Edu Society,Faridkot,Punjab,Private,ANM,30 (Thirty),2025-2026,2,https://online.indiannursingcouncil.org/Reports/YearlyReportByState.aspx,2026-09-11T11:32:11.455207
1,Baba Banda Bahadur School Of Nursing,"Baba Banda Bahadur School Of Nursing, Kot Kapura - Vire Wala Road, Faridkot, Distt.- Faridkot, Punjab, Pin Code- 151203",Baba Banda Bahadur Memo Edu Society,Faridkot,Punjab,Private,GNM,50 (Fifty),2025-2026,3,https://online.indiannursingcouncil.org/Reports/YearlyReportByState.aspx,2026-09-11T11:32:19.410709
1,Baba Banda Bahadur School Of Nursing,"Baba Banda Bahadur School Of Nursing, Kot Kapura - Vire Wala Road, Faridkot, Distt.- Faridkot, Punjab, Pin Code- 151203",Baba Banda Bahadur Memo Edu Society,Faridkot,Punjab,Private,B.Sc(N),50 (Fifty),2025-2026,3,https://online.indiannursingcouncil.org/Reports/YearlyReportByState.aspx,2026-09-11T11:32:19.410709
1,Baba Banda Bahadur School Of Nursing,"Baba Banda Bahadur School Of Nursing, Kot Kapura - Vire Wala Road, Faridkot, Distt.- Faridkot, Punjab, Pin Code- 151203",Baba Banda Bahadur Memo Edu Society,Faridkot,Punjab,Private,P B B.Sc(N),25 (Twenty Five),2025-2026,3,https://online.indiannursingcouncil.org/Reports/YearlyReportByState.aspx,2026-09-11T11:32:19.410709
2,Baba Farid Medical Institute For Nursing,"Baba Farid Medical Institute For Nursing, Faridkot Road, Kotkapura , Distt.- Faridkot, Punjab, Pin Code- 151204",Baba Farid Educational And Medical Research Society,Faridkot,Punjab,Private,ANM,50 (Fifty),2025-2026,3,https://online.indiannursingcouncil.org/Reports/YearlyReportByState.aspx,2026-09-11T11:32:19.410709
2,Baba Farid Medical Institute For Nursing,"Baba Farid Medical Institute For Nursing, Faridkot Road, Kotkapura , Distt.- Faridkot, Punjab, Pin Code- 151204",Baba Farid Educational And Medical Research Society,Faridkot,Punjab,Private,GNM,60 (Sixty),2025-2026,3,https://online.indiannursingcouncil.org/Reports/YearlyReportByState.aspx,2026-09-11T11:32:19.410709
2,Baba Farid Medical Institute For Nursing,"Baba Farid Medical Institute For Nursing, Faridkot Road, Kotkapura , Distt.- Faridkot, Punjab, Pin Code- 151204",Baba Farid Educational And Medical Research Society,Faridkot,Punjab,Private,B.Sc(N),60 (Sixty),2025-2026,3,https://online.indiannursingcouncil.org/Reports/YearlyReportByState.aspx,2026-09-11T11:32:19.410709
2,Baba Farid Medical Institute For Nursing,"Baba Farid Medical Institute For Nursing, Faridkot Road, Kotkapura , Distt.- Faridkot, Punjab, Pin Code- 151204",Baba Farid Educational And Medical Research Society,Faridkot,Punjab,Private,P B B.Sc(N),40 (Forty),2025-2026,3,https://online.indiannursingcouncil.org/Reports/YearlyReportByState.aspx,2026-09-11T11:32:19.410709
3,Baba Kundan School Of Nursing,"Baba Kundan School Of Nursing, Rishi Nagar Kullianwal Jamalpur Ludhiana , Ludhiana, Distt.- Ludhiana, Punjab, Pin Code- 141010",Kavshalya Kundan Progressive Medical Hospitals And Research Centre,Ludhiana,Punjab,Private,GNM,40 (Forty),2025-2026,3,https://online.indiannursingcouncil.org/Reports/YearlyReportByState.aspx,2026-09-11T11:32:19.410709
4,Baba Mangal Singh Nursing Training Insttute,"Baba Mangal Singh Nursing Training Insttute, Vpo Bughipura , Moga, Moga, Distt.- Moga, Punjab, Pin Code- 142001",Indo German Educational Society,Moga,Punjab,Private,ANM,30 (Thirty),2025-2026,3,https://online.indiannursingcouncil.org/Reports/YearlyReportByState.aspx,2026-09-11T11:32:19.410709
4,Baba Mangal Singh Nursing Training Insttute,"Baba Mangal Singh Nursing Training Insttute, Vpo Bughipura , Moga, Moga, Distt.- Moga, Punjab, Pin Code- 142001",Indo German Educational Society,Moga,Punjab,Private,GNM,60 (Sixty),2025-2026,3,https://online.indiannursingcouncil.org/Reports/YearlyReportByState.aspx,2026-09-11T11:32:19.410709
4,Baba Mangal Singh Nursing Training Insttute,"Baba Mangal Singh Nursing Training Insttute, Vpo Bughipura , Moga, Moga, Distt.- Moga, Punjab, Pin Code- 142001",Indo German Educational Society,Moga,Punjab,Private,P B B.Sc(N),60 (Sixty),2025-2026,3,https://online.indiannursingcouncil.org/Reports/YearlyReportByState.aspx,2026-09-11T11:32:19.410709
5,Baba Mehar Singh Memorial Anm School Of Nursing,"Baba Mehar Singh Memorial Anm School Of Nursing, Vpo Purana Shalla, Gurdaspur, Distt.- Gurdaspur, Punjab, Pin Code- 143530",Baba Mehar Singh Memorial College Society,Gurdaspur,Punjab,Private,ANM,30 (Thirty),2025-2026,3,https://online.indiannursingcouncil.org/Reports/YearlyReportByState.aspx,2026-09-11T11:32:19.410709
5,Baba Mehar Singh Memorial Anm School Of Nursing,"Baba Mehar Singh Memorial Anm School Of Nursing, Vpo Purana Shalla, Gurdaspur, Distt.- Gurdaspur, Punjab, Pin Code- 143530",Baba Mehar Singh Memorial College Society,Gurdaspur,Punjab,Private,GNM,40 (Forty),2025-2026,3,https://online.indiannursingcouncil.org/Reports/YearlyReportByState.aspx,2026-09-11T11:32:19.410709
5,Baba Mehar Singh Memorial Anm School Of Nursing,"Baba Mehar Singh Memorial Anm School Of Nursing, Vpo Purana Shalla, Gurdaspur, Distt.- Gurdaspur, Punjab, Pin Code- 143530",Baba Mehar Singh Memorial College Society,Gurdaspur,Punjab,Private,B.Sc(N),40 (Forty),2025-2026,3,https://online.indiannursingcouncil.org/Reports/YearlyReportByState.aspx,2026-09-11T11:32:19.410709
6,Baba Moni Ji Maharaj School Of Nursing,"Baba Moni Ji Maharaj School Of Nursing, Vpo-Lehra Mohabbat,Bathinda Barnala Road, Vill.- Lehra Mohabbat, Tehsil- Nathana, Distt.- Bathinda, Punjab, Pin Code- 151111",Harmander Singh Ji Education Society,Bathinda,Punjab,Private,ANM,40 (Forty),2025-2026,3,https://online.indiannursingcouncil.org/Reports/YearlyReportByState.aspx,2026-09-11T11:32:19.410709
6,Baba Moni Ji Maharaj School Of Nursing,"Baba Moni Ji Maharaj School Of Nursing, Vpo-Lehra Mohabbat,Bathinda Barnala Road, Vill.- Lehra Mohabbat, Tehsil- Nathana, Distt.- Bathinda, Punjab, Pin Code- 151111",Harmander Singh Ji Education Society,Bathinda,Punjab,Private,GNM,60 (Sixty),2025-2026,3,https://online.indiannursingcouncil.org/Reports/YearlyReportByState.aspx,2026-09-11T11:32:19.410709
6,Baba Moni Ji Maharaj School Of Nursing,"Baba Moni Ji Maharaj School Of Nursing, Vpo-Lehra Mohabbat,Bathinda Barnala Road, Vill.- Lehra Mohabbat, Tehsil- Nathana, Distt.- Bathinda, Punjab, Pin Code- 151111",Harmander Singh Ji Education Society,Bathinda,Punjab,Private,B.Sc(N),50 (Fifty),2025-2026,3,https://online.indiannursingcouncil.org/Reports/YearlyReportByState.aspx,2026-09-11T11:32:19.410709
6,Baba Moni Ji Maharaj School Of Nursing,"Baba Moni Ji Maharaj School Of Nursing, Vpo-Lehra Mohabbat,Bathinda Barnala Road, Vill.- Lehra Mohabbat, Tehsil- Nathana, Distt.- Bathinda, Punjab, Pin Code- 151111",Harmander Singh Ji Education Society,Bathinda,Punjab,Private,P B B.Sc(N),30 (Thirty),2025-2026,3,https://online.indiannursingcouncil.org/Reports/YearlyReportByState.aspx,2026-09-11T11:32:19.410709
7,Baba Sheikh Farid Medical Institute Of Nursing,"Baba Sheikh Farid Medical Institute Of Nursing, Opp. Geeena Gas Service, Faridkot Road, Kotkapura , Distt.- Faridkot, Punjab, Pin Code- 151204",Baba Sheikh Farid Education Medical Res. Society,Faridkot,Punjab,Private,ANM,60 (Sixty),2025-2026,3,https://online.indiannursingcouncil.org/Reports/YearlyReportByState.aspx,2026-09-11T11:32:19.410709
7,Baba Sheikh Farid Medical Institute Of Nursing,"Baba Sheikh Farid Medical Institute Of Nursing, Opp. Geeena Gas Service, Faridkot Road, Kotkapura , Distt.- Faridkot, Punjab, Pin Code- 151204",Baba Sheikh Farid Education Medical Res. Society,Faridkot,Punjab,Private,GNM,60 (Sixty),2025-2026,3,https://online.indiannursingcouncil.org/Reports/YearlyReportByState.aspx,2026-09-11T11:32:19.410709
8,Baba Sucha Singh Institute Of Nursing,"Baba Sucha Singh Institute Of Nursing, Atla Road, Vill & Po Samaon, Tehsil Bhikhi, Samaon, Distt.- Mansa, Punjab, Pin Code- 151504",Baba Sucha Singh Education Charitable Soceity,Mansa,Punjab,Private,ANM,60 (Sixty),2025-2026,3,https://online.indiannursingcouncil.org/Reports/YearlyReportByState.aspx,2026-09-11T11:32:19.410709
8,Baba Sucha Singh Institute Of Nursing,"Baba Sucha Singh Institute Of Nursing, Atla Road, Vill & Po Samaon, Tehsil Bhikhi, Samaon, Distt.- Mansa, Punjab, Pin Code- 151504",Baba Sucha Singh Education Charitable Soceity,Mansa,Punjab,Private,GNM,60 (Sixty),2025-2026,3,https://online.indiannursingcouncil.org/Reports/YearlyReportByState.aspx,2026-09-11T11:32:19.410709
9,Babe Ke Institute Of Nursing,"Babe Ke Institute Of Nursing, V P O - Daudhar, Vill.- Daudhar, Tehsil- Moga Ii, Distt.- Moga, Punjab, Pin Code- 142053",Babe Ke Educational Charitable Trust,Moga,Punjab,Private,ANM,50 (Fifty),2025-2026,3,https://online.indiannursingcouncil.org/Reports/YearlyReportByState.aspx,2026-09-11T11:32:19.410709
9,Babe Ke Institute Of Nursing,"Babe Ke Institute Of Nursing, V P O - Daudhar, Vill.- Daudhar, Tehsil- Moga Ii, Distt.- Moga, Punjab, Pin Code- 142053",Babe Ke Educational Charitable Trust,Moga,Punjab,Private,GNM,60 (Sixty),2025-2026,3,https://online.indiannursingcouncil.org/Reports/YearlyReportByState.aspx,2026-09-11T11:32:19.410709
9,Babe Ke Institute Of Nursing,"Babe Ke Institute Of Nursing, V P O - Daudhar, Vill.- Daudhar, Tehsil- Moga Ii, Distt.- Moga, Punjab, Pin Code- 142053",Babe Ke Educational Charitable Trust,Moga,Punjab,Private,B.Sc(N),50 (Fifty),2025-2026,3,https://online.indiannursingcouncil.org/Reports/YearlyReportByState.aspx,2026-09-11T11:32:19.410709
9,Babe Ke Institute Of Nursing,"Babe Ke Institute Of Nursing, V P O - Daudhar, Vill.- Daudhar, Tehsil- Moga Ii, Distt.- Moga, Punjab, Pin Code- 142053",Babe Ke Educational Charitable Trust,Moga,Punjab,Private,M. Sc (N),25 (Twenty Five) Med-Surg-5 Paed 5 Psy-5 Chn-5 Obg-5,2025-2026,3,https://online.indiannursingcouncil.org/Reports/YearlyReportByState.aspx,2026-09-11T11:32:19.410709
9,Babe Ke Institute Of Nursing,"Babe Ke Institute Of Nursing, V P O - Daudhar, Vill.- Daudhar, Tehsil- Moga Ii, Distt.- Moga, Punjab, Pin Code- 142053",Babe Ke Educational Charitable Trust,Moga,Punjab,Private,P B B.Sc(N),40 (Forty),2025-2026,3,https://online.indiannursingcouncil.org/Reports/YearlyReportByState.aspx,2026-09-11T11:32:19.410709
10,Bankey Bihari Institute Of Nursing,"Bankey Bihari Institute Of Nursing, Vpo - Alamgarh, Shri Ganga Nagar Road, Abohar, Distt.- Ferozepur, Punjab, Pin Code- 152116",Bankey Bihari Educationaland Charitable Trust,Ferozepur,Punjab,Private,ANM,40 (Forty),2025-2026,3,https://online.indiannursingcouncil.org/Reports/YearlyReportByState.aspx,2026-09-11T11:32:19.410709
11,Bansal School Of Nursing,"Bansal School Of Nursing, Jainpur, , Distt.- Ludhiana, Punjab, Pin Code- 141027",Guru Hargobind Medical Education Society,Ludhiana,Punjab,Private,ANM,40 (Forty),2025-2026,3,https://online.indiannursingcouncil.org/Reports/YearlyReportByState.aspx,2026-09-11T11:32:19.410709
11,Bansal School Of Nursing,"Bansal School Of Nursing, Jainpur, , Distt.- Ludhiana, Punjab, Pin Code- 141027",Guru Hargobind Medical Education Society,Ludhiana,Punjab,Private,GNM,60 (Sixty),2025-2026,3,https://online.indiannursingcouncil.org/Reports/YearlyReportByState.aspx,2026-09-11T11:32:19.410709
1,Batala Institute Of Medical Sciences,"Batala Institute Of Medical Sciences, Sarwali,Dera Road, Batala, Vill.- Sarwali, Tehsil- Batala, Distt.- Gurdaspur, Punjab, Pin Code- 143505",S.Mehar Singh Charitable Society,Gurdaspur,Punjab,Private,ANM,60 (Sixty),2025-2026,4,https://online.indiannursingcouncil.org/Reports/YearlyReportByState.aspx,2026-09-11T11:32:27.194205
1,Batala Institute Of Medical Sciences,"Batala Institute Of Medical Sciences, Sarwali,Dera Road, Batala, Vill.- Sarwali, Tehsil- Batala, Distt.- Gurdaspur, Punjab, Pin Code- 143505",S.Mehar Singh Charitable Society,Gurdaspur,Punjab,Private,GNM,50 (Fifty),2025-2026,4,https://online.indiannursingcouncil.org/Reports/YearlyReportByState.aspx,2026-09-11T11:32:27.194205
2,Beekay Institute Of Nursing,"Beekay Institute Of Nursing, Vill & Po Behrampur Zimidara, Behrampur Zimidara, Distt.- Ropar, Punjab, Pin Code- 140003",Beekay Educational Society R,Ropar,Punjab,Private,ANM,30 (Thirty),2025-2026,4,https://online.indiannursingcouncil.org/Reports/YearlyReportByState.aspx,2026-09-11T11:32:27.194205
2,Beekay Institute Of Nursing,"Beekay Institute Of Nursing, Vill & Po Behrampur Zimidara, Behrampur Zimidara, Distt.- Ropar, Punjab, Pin Code- 140003",Beekay Educational Society R,Ropar,Punjab,Private,GNM,30 (Thirty),2025-2026,4,https://online.indiannursingcouncil.org/Reports/YearlyReportByState.aspx,2026-09-11T11:32:27.194205
2,Beekay Institute Of Nursing,"Beekay Institute Of Nursing, Vill & Po Behrampur Zimidara, Behrampur Zimidara, Distt.- Ropar, Punjab, Pin Code- 140003",Beekay Educational Society R,Ropar,Punjab,Private,P B B.Sc(N),30 (Thirty),2025-2026,4,https://online.indiannursingcouncil.org/Reports/YearlyReportByState.aspx,2026-09-11T11:32:27.194205
3,Bengal Institute Of Health Sciences,"Bengal Institute Of Health Sciences, Vill - Jalaldiwal, Raikot - Barnala Road Tehsil, Rai Kot, Distt.- Ludhiana, Punjab, Pin Code- 141109",Sadhavna Society Registered,Ludhiana,Punjab,Private,ANM,30 (Thirty),2025-2026,4,https://online.indiannursingcouncil.org/Reports/YearlyReportByState.aspx,2026-09-11T11:32:27.194205
3,Bengal Institute Of Health Sciences,"Bengal Institute Of Health Sciences, Vill - Jalaldiwal, Raikot - Barnala Road Tehsil, Rai Kot, Distt.- Ludhiana, Punjab, Pin Code- 141109",Sadhavna Society Registered,Ludhiana,Punjab,Private,GNM,60 (Sixty),2025-2026,4,https://online.indiannursingcouncil.org/Reports/YearlyReportByState.aspx,2026-09-11T11:32:27.194205
4,Bhagwati Professional Education Society,"Bhagwati Professional Education Society,, Sunam Nagar, Bhikhi, Mansa, Distt.- Mansa, Punjab, Pin Code- 151504",Bhagwati Professional Education Soc,Mansa,Punjab,Private,GNM,40 (Forty),2025-2026,4,https://online.indiannursingcouncil.org/Reports/YearlyReportByState.aspx,2026-09-11T11:32:27.194205
4,Bhagwati Professional Education Society,"Bhagwati Professional Education Society,, Sunam Nagar, Bhikhi, Mansa, Distt.- Mansa, Punjab, Pin Code- 151504",Bhagwati Professional Education Soc,Mansa,Punjab,Private,ANM,30 (Thirty),2025-2026,4,https://online.indiannursingcouncil.org/Reports/YearlyReportByState.aspx,2026-09-11T11:32:27.194205
5,Bhai Ghaniaya Ekta School Of Nursing,"Bhai Ghaniaya Ekta School Of Nursing, V P O - Karyal (Dharamkot), Vill.- Karyal, Tehsil- Kot Ise Khan, Distt.- Moga, Punjab, Pin Code- 142042",Ekta Educational Society,Moga,Punjab,Private,ANM,60 (Sixty),2025-2026,4,https://online.indiannursingcouncil.org/Reports/YearlyReportByState.aspx,2026-09-11T11:32:27.194205
5,Bhai Ghaniaya Ekta School Of Nursing,"Bhai Ghaniaya Ekta School Of Nursing, V P O - Karyal (Dharamkot), Vill.- Karyal, Tehsil- Kot Ise Khan, Distt.- Moga, Punjab, Pin Code- 142042",Ekta Educational Society,Moga,Punjab,Private,GNM,60 (Sixty),2025-2026,4,https://online.indiannursingcouncil.org/Reports/YearlyReportByState.aspx,2026-09-11T11:32:27.194205
5,Bhai Ghaniaya Ekta School Of Nursing,"Bhai Ghaniaya Ekta School Of Nursing, V P O - Karyal (Dharamkot), Vill.- Karyal, Tehsil- Kot Ise Khan, Distt.- Moga, Punjab, Pin Code- 142042",Ekta Educational Society,Moga,Punjab,Private,B.Sc(N),60 (Sixty),2025-2026,4,https://online.indiannursingcouncil.org/Reports/YearlyReportByState.aspx,2026-09-11T11:32:27.194205
5,Bhai Ghaniaya Ekta School Of Nursing,"Bhai Ghaniaya Ekta School Of Nursing, V P O - Karyal (Dharamkot), Vill.- Karyal, Tehsil- Kot Ise Khan, Distt.- Moga, Punjab, Pin Code- 142042",Ekta Educational Society,Moga,Punjab,Private,P B B.Sc(N),40 (Forty),2025-2026,4,https://online.indiannursingcouncil.org/Reports/YearlyReportByState.aspx,2026-09-11T11:32:27.194205
6,Bhai Gurdas Institute Of Nursing,"Bhai Gurdas Institute Of Nursing, Main Patiala Road, Gurdaspura, Sangrur, Distt.- Sangrur, Punjab, Pin Code- 148001",Bhai Gurdas Technical Educational Trust,Sangrur,Punjab,Private,ANM,30 (Thirty),2025-2026,4,https://online.indiannursingcouncil.org/Reports/YearlyReportByState.aspx,2026-09-11T11:32:27.194205
6,Bhai Gurdas Institute Of Nursing,"Bhai Gurdas Institute Of Nursing, Main Patiala Road, Gurdaspura, Sangrur, Distt.- Sangrur, Punjab, Pin Code- 148001",Bhai Gurdas Technical Educational Trust,Sangrur,Punjab,Private,GNM,60 (Sixty),2025-2026,4,https://online.indiannursingcouncil.org/Reports/YearlyReportByState.aspx,2026-09-11T11:32:27.194205
6,Bhai Gurdas Institute Of Nursing,"Bhai Gurdas Institute Of Nursing, Main Patiala Road, Gurdaspura, Sangrur, Distt.- Sangrur, Punjab, Pin Code- 148001",Bhai Gurdas Technical Educational Trust,Sangrur,Punjab,Private,B.Sc(N),60 (Sixty),2025-2026,4,https://online.indiannursingcouncil.org/Reports/YearlyReportByState.aspx,2026-09-11T11:32:27.194205
6,Bhai Gurdas Institute Of Nursing,"Bhai Gurdas Institute Of Nursing, Main Patiala Road, Gurdaspura, Sangrur, Distt.- Sangrur, Punjab, Pin Code- 148001",Bhai Gurdas Technical Educational Trust,Sangrur,Punjab,Private,P B B.Sc(N),30 (Thirty),2025-2026,4,https://online.indiannursingcouncil.org/Reports/YearlyReportByState.aspx,2026-09-11T11:32:27.194205
7,Bhai Gurdas Nursing College,"Bhai Gurdas Nursing College, Village Post Office - Nandpur Kesho, Patiala, Distt.- Patiala, Punjab, Pin Code- 147004",Bhai Gurdas Educational Trust,Patiala,Punjab,Private,B.Sc(N),50 (Fifty),2025-2026,4,https://online.indiannursingcouncil.org/Reports/YearlyReportByState.aspx,2026-09-11T11:32:27.194205
7,Bhai Gurdas Nursing College,"Bhai Gurdas Nursing College, Village Post Office - Nandpur Kesho, Patiala, Distt.- Patiala, Punjab, Pin Code- 147004",Bhai Gurdas Educational Trust,Patiala,Punjab,Private,P B B.Sc(N),30 (Thirty),2025-2026,4,https://online.indiannursingcouncil.org/Reports/YearlyReportByState.aspx,2026-09-11T11:32:27.194205
7,Bhai Gurdas Nursing College,"Bhai Gurdas Nursing College, Village Post Office - Nandpur Kesho, Patiala, Distt.- Patiala, Punjab, Pin Code- 147004",Bhai Gurdas Educational Trust,Patiala,Punjab,Private,ANM,30 (Thirty),2025-2026,4,https://online.indiannursingcouncil.org/Reports/YearlyReportByState.aspx,2026-09-11T11:32:27.194205
7,Bhai Gurdas Nursing College,"Bhai Gurdas Nursing College, Village Post Office - Nandpur Kesho, Patiala, Distt.- Patiala, Punjab, Pin Code- 147004",Bhai Gurdas Educational Trust,Patiala,Punjab,Private,GNM,60 (Sixty),2025-2026,4,https://online.indiannursingcouncil.org/Reports/YearlyReportByState.aspx,2026-09-11T11:32:27.194205
8,Bhai Mati Dass School Of Nursing,"Bhai Mati Dass School Of Nursing, Goraya, Atta Canal, Behind 220 Power Grid, Goraya, Distt.- Jalandhar, Punjab, Pin Code- 144409",Bhai Mati Dass Educational And Welfare Society,Jalandhar,Punjab,Private,ANM,35 (Thirty Five),2025-2026,4,https://online.indiannursingcouncil.org/Reports/YearlyReportByState.aspx,2026-09-11T11:32:27.194205
8,Bhai Mati Dass School Of Nursing,"Bhai Mati Dass School Of Nursing, Goraya, Atta Canal, Behind 220 Power Grid, Goraya, Distt.- Jalandhar, Punjab, Pin Code- 144409",Bhai Mati Dass Educational And Welfare Society,Jalandhar,Punjab,Private,GNM,40 (Forty),2025-2026,4,https://online.indiannursingcouncil.org/Reports/YearlyReportByState.aspx,2026-09-11T11:32:27.194205
8,Bhai Mati Dass School Of Nursing,"Bhai Mati Dass School Of Nursing, Goraya, Atta Canal, Behind 220 Power Grid, Goraya, Distt.- Jalandhar, Punjab, Pin Code- 144409",Bhai Mati Dass Educational And Welfare Society,Jalandhar,Punjab,Private,P B B.Sc(N),20 (Twenty),2025-2026,4,https://online.indiannursingcouncil.org/Reports/YearlyReportByState.aspx,2026-09-11T11:32:27.194205
9,Bharat Institute Of Nursing Training- Mundh,"Bharat Institute Of Nursing Training- Mundh, V P O - Mundh - , Vill.- Mundh - , Tehsil- Nakoder, Distt.- Jalandhar, Punjab, Pin Code- 144030",Doaba Medical Educational Welfare Develop Soc,Jalandhar,Punjab,Private,ANM,20 (Twenty),2025-2026,4,https://online.indiannursingcouncil.org/Reports/YearlyReportByState.aspx,2026-09-11T11:32:27.194205
9,Bharat Institute Of Nursing Training- Mundh,"Bharat Institute Of Nursing Training- Mundh, V P O - Mundh - , Vill.- Mundh - , Tehsil- Nakoder, Distt.- Jalandhar, Punjab, Pin Code- 144030",Doaba Medical Educational Welfare Develop Soc,Jalandhar,Punjab,Private,GNM,60 (Sixty),2025-2026,4,https://online.indiannursingcouncil.org/Reports/YearlyReportByState.aspx,2026-09-11T11:32:27.194205
9,Bharat Institute Of Nursing Training- Mundh,"Bharat Institute Of Nursing Training- Mundh, V P O - Mundh - , Vill.- Mundh - , Tehsil- Nakoder, Distt.- Jalandhar, Punjab, Pin Code- 144030",Doaba Medical Educational Welfare Develop Soc,Jalandhar,Punjab,Private,B.Sc(N),50 (Fifty),2025-2026,4,https://online.indiannursingcouncil.org/Reports/YearlyReportByState.aspx,2026-09-11T11:32:27.194205
9,Bharat Institute Of Nursing Training- Mundh,"Bharat Institute Of Nursing Training- Mundh, V P O - Mundh - , Vill.- Mundh - , Tehsil- Nakoder, Distt.- Jalandhar, Punjab, Pin Code- 144030",Doaba Medical Educational Welfare Develop Soc,Jalandhar,Punjab,Private,P B B.Sc(N),20 (Twenty),2025-2026,4,https://online.indiannursingcouncil.org/Reports/YearlyReportByState.aspx,2026-09-11T11:32:27.194205
10,Bibi Chhankaur College Of Nursing,"Bibi Chhankaur College Of Nursing, Sardulgarh, Mansa, Sardoolgarh, Distt.- Mansa, Punjab, Pin Code- 151507",Bibi Chhankaur Educational Society,Mansa,Punjab,Private,GNM,40 (Forty),2025-2026,4,https://online.indiannursingcouncil.org/Reports/YearlyReportByState.aspx,2026-09-11T11:32:27.194205
11,Bibi Rehmete Christian Nursing Institute,"Bibi Rehmete Christian Nursing Institute, Shahpur Kandi Road , Vill.- Kot, Tehsil- Dharkalan, Distt.- Pathankot, Punjab, Pin Code- 145029",Bibi Rehmete Christian Health Care Charitable Society,Pathankot,Punjab,Private,ANM,25 (Twenty Five),2025-2026,4,https://online.indiannursingcouncil.org/Reports/YearlyReportByState.aspx,2026-09-11T11:32:27.194205
1,Bibi Rehmete Christian Nursing Institute,"Bibi Rehmete Christian Nursing Institute, Shahpur Kandi Road , Vill.- Kot, Tehsil- Dharkalan, Distt.- Pathankot, Punjab, Pin Code- 145029",Bibi Rehmete Christian Health Care Charitable Society,Pathankot,Punjab,Private,GNM,60 (Sixty),2025-2026,5,https://online.indiannursingcouncil.org/Reports/YearlyReportByState.aspx,2026-09-11T11:32:35.161209
1,Bibi Rehmete Christian Nursing Institute,"Bibi Rehmete Christian Nursing Institute, Shahpur Kandi Road , Vill.- Kot, Tehsil- Dharkalan, Distt.- Pathankot, Punjab, Pin Code- 145029",Bibi Rehmete Christian Health Care Charitable Society,Pathankot,Punjab,Private,B.Sc(N),40 (Forty),2025-2026,5,https://online.indiannursingcouncil.org/Reports/YearlyReportByState.aspx,2026-09-11T11:32:35.161209
1,Bibi Rehmete Christian Nursing Institute,"Bibi Rehmete Christian Nursing Institute, Shahpur Kandi Road , Vill.- Kot, Tehsil- Dharkalan, Distt.- Pathankot, Punjab, Pin Code- 145029",Bibi Rehmete Christian Health Care Charitable Society,Pathankot,Punjab,Private,P B B.Sc(N),30 (Thirty),2025-2026,5,https://online.indiannursingcouncil.org/Reports/YearlyReportByState.aspx,2026-09-11T11:32:35.161209
2,Charanjit Singh Memorial Institue Of Nursing Education,"Charanjit Singh Memorial Institue Of Nursing Education, Chandigarh - Ludhiana Road, Near Panjkoha Road Palace, Morinda, Pin Code- 140101, District- Ropar. , Morinda, Distt.- Ropar, Punjab, Pin Code",Charanjit Memorial Educational Society,Ropar,Punjab,Private,GNM,50 (Fifty),2025-2026,5,https://online.indiannursingcouncil.org/Reports/YearlyReportByState.aspx,2026-09-11T11:32:35.161209
3,Chief Khalsa Diwan International Nursing College,"Chief Khalsa Diwan International Nursing College, Bharaiwal (Near Railway Crossing) , Amritsar, Distt.- Amritser, Punjab, Pin Code- 143001",Chief Khalsa Diwan Charitable Society,Amritser,Punjab,Private,ANM,30 (Thirty),2025-2026,5,https://online.indiannursingcouncil.org/Reports/YearlyReportByState.aspx,2026-09-11T11:32:35.161209
3,Chief Khalsa Diwan International Nursing College,"Chief Khalsa Diwan International Nursing College, Bharaiwal (Near Railway Crossing) , Amritsar, Distt.- Amritser, Punjab, Pin Code- 143001",Chief Khalsa Diwan Charitable Society,Amritser,Punjab,Private,GNM,60 (Sixty),2025-2026,5,https://online.indiannursingcouncil.org/Reports/YearlyReportByState.aspx,2026-09-11T11:32:35.161209
3,Chief Khalsa Diwan International Nursing College,"Chief Khalsa Diwan International Nursing College, Bharaiwal (Near Railway Crossing) , Amritsar, Distt.- Amritser, Punjab, Pin Code- 143001",Chief Khalsa Diwan Charitable Society,Amritser,Punjab,Private,B.Sc(N),60 (Sixty),2025-2026,5,https://online.indiannursingcouncil.org/Reports/YearlyReportByState.aspx,2026-09-11T11:32:35.161209
3,Chief Khalsa Diwan International Nursing College,"Chief Khalsa Diwan International Nursing College, Bharaiwal (Near Railway Crossing) , Amritsar, Distt.- Amritser, Punjab, Pin Code- 143001",Chief Khalsa Diwan Charitable Society,Amritser,Punjab,Private,P B B.Sc(N),30 (Thirty),2025-2026,5,https://online.indiannursingcouncil.org/Reports/YearlyReportByState.aspx,2026-09-11T11:32:35.161209
4,Chintpurni Institute Of Nursing,"Chintpurni Institute Of Nursing, Near Indian Heritage School, Dalhousie Road, Pathankot, Distt.- Pathankot, Punjab, Pin Code- 145001",Chintpurni School Educational Society,Pathankot,Punjab,Private,ANM,40 (Forty),2025-2026,5,https://online.indiannursingcouncil.org/Reports/YearlyReportByState.aspx,2026-09-11T11:32:35.161209
4,Chintpurni Institute Of Nursing,"Chintpurni Institute Of Nursing, Near Indian Heritage School, Dalhousie Road, Pathankot, Distt.- Pathankot, Punjab, Pin Code- 145001",Chintpurni School Educational Society,Pathankot,Punjab,Private,GNM,50 (Fifty),2025-2026,5,https://online.indiannursingcouncil.org/Reports/YearlyReportByState.aspx,2026-09-11T11:32:35.161209
4,Chintpurni Institute Of Nursing,"Chintpurni Institute Of Nursing, Near Indian Heritage School, Dalhousie Road, Pathankot, Distt.- Pathankot, Punjab, Pin Code- 145001",Chintpurni School Educational Society,Pathankot,Punjab,Private,B.Sc(N),40 (Forty),2025-2026,5,https://online.indiannursingcouncil.org/Reports/YearlyReportByState.aspx,2026-09-11T11:32:35.161209
4,Chintpurni Institute Of Nursing,"Chintpurni Institute Of Nursing, Near Indian Heritage School, Dalhousie Road, Pathankot, Distt.- Pathankot, Punjab, Pin Code- 145001",Chintpurni School Educational Society,Pathankot,Punjab,Private,P B B.Sc(N),30 (Thirty),2025-2026,5,https://online.indiannursingcouncil.org/Reports/YearlyReportByState.aspx,2026-09-11T11:32:35.161209
5,Chitkara School Of Health Sciences,"Chitkara School Of Health Sciences, Chitkara University, Village-Jhansala, Vill.- Jhansala, , Tehsil- Rajpura, Distt.- Patiala, Punjab, Pin Code- 140401",Chitkara Educational Trust,Patiala,Punjab,Private,B.Sc(N),60 (Sixty),2025-2026,5,https://online.indiannursingcouncil.org/Reports/YearlyReportByState.aspx,2026-09-11T11:32:35.161209
5,Chitkara School Of Health Sciences,"Chitkara School Of Health Sciences, Chitkara University, Village-Jhansala, Vill.- Jhansala, , Tehsil- Rajpura, Distt.- Patiala, Punjab, Pin Code- 140401",Chitkara Educational Trust,Patiala,Punjab,Private,M. Sc (N),"30 (Thirty) Med Sg-6, Psy-6, Chn-6, Paed-6, Obg-6",2025-2026,5,https://online.indiannursingcouncil.org/Reports/YearlyReportByState.aspx,2026-09-11T11:32:35.161209
5,Chitkara School Of Health Sciences,"Chitkara School Of Health Sciences, Chitkara University, Village-Jhansala, Vill.- Jhansala, , Tehsil- Rajpura, Distt.- Patiala, Punjab, Pin Code- 140401",Chitkara Educational Trust,Patiala,Punjab,Private,P B B.Sc(N),20 (Twenty),2025-2026,5,https://online.indiannursingcouncil.org/Reports/YearlyReportByState.aspx,2026-09-11T11:32:35.161209
6,City Nurisng College,"City Nurisng College, Opposite Milk Plant, Gurdaspur, Distt.- Gurdaspur, Punjab, Pin Code- 143521",City Institute Of Paramedical Sciences,Gurdaspur,Punjab,Private,ANM,30 (Thirty),2025-2026,5,https://online.indiannursingcouncil.org/Reports/YearlyReportByState.aspx,2026-09-11T11:32:35.161209
6,City Nurisng College,"City Nurisng College, Opposite Milk Plant, Gurdaspur, Distt.- Gurdaspur, Punjab, Pin Code- 143521",City Institute Of Paramedical Sciences,Gurdaspur,Punjab,Private,GNM,60 (Sixty),2025-2026,5,https://online.indiannursingcouncil.org/Reports/YearlyReportByState.aspx,2026-09-11T11:32:35.161209
6,City Nurisng College,"City Nurisng College, Opposite Milk Plant, Gurdaspur, Distt.- Gurdaspur, Punjab, Pin Code- 143521",City Institute Of Paramedical Sciences,Gurdaspur,Punjab,Private,B.Sc(N),60 (Sixty),2025-2026,5,https://online.indiannursingcouncil.org/Reports/YearlyReportByState.aspx,2026-09-11T11:32:35.161209
6,City Nurisng College,"City Nurisng College, Opposite Milk Plant, Gurdaspur, Distt.- Gurdaspur, Punjab, Pin Code- 143521",City Institute Of Paramedical Sciences,Gurdaspur,Punjab,Private,P B B.Sc(N),30 (Thirty),2025-2026,5,https://online.indiannursingcouncil.org/Reports/YearlyReportByState.aspx,2026-09-11T11:32:35.161209
7,Civil Hospital,"Civil Hospital, Bhatinda, Bathinda, Distt.- Bathinda, Punjab, Pin Code- 151001",Punjab Govt.,Bathinda,Punjab,Government,ANM,40 (Forty),2025-2026,5,https://online.indiannursingcouncil.org/Reports/YearlyReportByState.aspx,2026-09-11T11:32:35.161209
8,Civil Hospital,"Civil Hospital, Gurdaspur, Gurdaspur, Distt.- Gurdaspur, Punjab, Pin Code- 143521",Punjab Government,Gurdaspur,Punjab,Government,ANM,40 (Forty),2025-2026,5,https://online.indiannursingcouncil.org/Reports/YearlyReportByState.aspx,2026-09-11T11:32:35.161209
9,Civil Hospital,"Civil Hospital, Hoshiarpur, Hoshiarpur , Distt.- Hoshiarpur, Punjab, Pin Code- 146001",Punjab Govt.,Hoshiarpur,Punjab,Government,ANM,40 (Forty),2025-2026,5,https://online.indiannursingcouncil.org/Reports/YearlyReportByState.aspx,2026-09-11T11:32:35.161209
10,Civil Hospital,"Civil Hospital, M P H W ( F) Traning School, Moga, Vill.- Moga, Tehsil- Mooga-1, Distt.- Moga, Punjab, Pin Code- 142001",Govt. Of Punjab,Moga,Punjab,Government,ANM,20 (Twenty),2025-2026,5,https://online.indiannursingcouncil.org/Reports/YearlyReportByState.aspx,2026-09-11T11:32:35.161209
11,College Of Nursing Public Khalsa College For Women,"College Of Nursing Public Khalsa College For Women, V Po - Kandhala Jattan (Adda Saran), Vill.- Kandhala Jattan(Adda Saran, Tehsil- Dasuya, Distt.- Hoshiarpur, Punjab, Pin Code- 146116",Public Khalsa College For Women,Hoshiarpur,Punjab,Private,B.Sc(N),30 (Thirty),2025-2026,5,https://online.indiannursingcouncil.org/Reports/YearlyReportByState.aspx,2026-09-11T11:32:35.161209
11,College Of Nursing Public Khalsa College For Women,"College Of Nursing Public Khalsa College For Women, V Po - Kandhala Jattan (Adda Saran), Vill.- Kandhala Jattan(Adda Saran, Tehsil- Dasuya, Distt.- Hoshiarpur, Punjab, Pin Code- 146116",Public Khalsa College For Women,Hoshiarpur,Punjab,Private,P B B.Sc(N),20 (Twenty),2025-2026,5,https://online.indiannursingcouncil.org/Reports/YearlyReportByState.aspx,2026-09-11T11:32:35.161209
11,College Of Nursing Public Khalsa College For Women,"College Of Nursing Public Khalsa College For Women, V Po - Kandhala Jattan (Adda Saran), Vill.- Kandhala Jattan(Adda Saran, Tehsil- Dasuya, Distt.- Hoshiarpur, Punjab, Pin Code- 146116",Public Khalsa College For Women,Hoshiarpur,Punjab,Private,GNM,60 (Sixty),2025-2026,5,https://online.indiannursingcouncil.org/Reports/YearlyReportByState.aspx,2026-09-11T11:32:35.161209
12,College Of Nursing,"College Of Nursing, Christian Medical College & Hospital, Ludhiana, Distt.- Ludhiana, Punjab, Pin Code- 141008",Christian Medical College And Hospital,Ludhiana,Punjab,Private,GNM,50 (Fifty),2025-2026,5,https://online.indiannursingcouncil.org/Reports/YearlyReportByState.aspx,2026-09-11T11:32:35.161209
12,College Of Nursing,"College Of Nursing, Christian Medical College & Hospital, Ludhiana, Distt.- Ludhiana, Punjab, Pin Code- 141008",Christian Medical College And Hospital,Ludhiana,Punjab,Private,B.Sc(N),60 (Sixty),2025-2026,5,https://online.indiannursingcouncil.org/Reports/YearlyReportByState.aspx,2026-09-11T11:32:35.161209
12,College Of Nursing,"College Of Nursing, Christian Medical College & Hospital, Ludhiana, Distt.- Ludhiana, Punjab, Pin Code- 141008",Christian Medical College And Hospital,Ludhiana,Punjab,Private,M. Sc (N),"25 (Twenty Five) Psy-5, Med Surg-5, Chn-5, Paed-5, Obg-5",2025-2026,5,https://online.indiannursingcouncil.org/Reports/YearlyReportByState.aspx,2026-09-11T11:32:35.161209
1,College Of Nursing,"College Of Nursing, S G T B Hospital, Amritsar, Distt.- Amritser, Punjab, Pin Code- 143001",Punjab Government,Amritser,Punjab,Government,B.Sc(N),50 (Fifty),2025-2026,6,https://online.indiannursingcouncil.org/Reports/YearlyReportByState.aspx,2026-09-11T11:32:44.217198
1,College Of Nursing,"College Of Nursing, S G T B Hospital, Amritsar, Distt.- Amritser, Punjab, Pin Code- 143001",Punjab Government,Amritser,Punjab,Government,P B B.Sc(N),40 (Forty),2025-2026,6,https://online.indiannursingcouncil.org/Reports/YearlyReportByState.aspx,2026-09-11T11:32:44.217198
2,College Of Nursing,"College Of Nursing, Sigma Nursing Training Institute,, Near Palm Enclave, Dakhni Bye Pass,, Ludhiana , Distt.- Ludhiana, Punjab, Pin Code- 141003","Sigma Health Training Institute,",Ludhiana,Punjab,Private,B.Sc(N),60 (Sixty),2025-2026,6,https://online.indiannursingcouncil.org/Reports/YearlyReportByState.aspx,2026-09-11T11:32:44.217198
2,College Of Nursing,"College Of Nursing, Sigma Nursing Training Institute,, Near Palm Enclave, Dakhni Bye Pass,, Ludhiana , Distt.- Ludhiana, Punjab, Pin Code- 141003","Sigma Health Training Institute,",Ludhiana,Punjab,Private,M. Sc (N),10 (Ten) Med Surg-2 Obg-3 Psy-5,2025-2026,6,https://online.indiannursingcouncil.org/Reports/YearlyReportByState.aspx,2026-09-11T11:32:44.217198
2,College Of Nursing,"College Of Nursing, Sigma Nursing Training Institute,, Near Palm Enclave, Dakhni Bye Pass,, Ludhiana , Distt.- Ludhiana, Punjab, Pin Code- 141003","Sigma Health Training Institute,",Ludhiana,Punjab,Private,P B B.Sc(N),40 (Forty),2025-2026,6,https://online.indiannursingcouncil.org/Reports/YearlyReportByState.aspx,2026-09-11T11:32:44.217198
2,College Of Nursing,"College Of Nursing, Sigma Nursing Training Institute,, Near Palm Enclave, Dakhni Bye Pass,, Ludhiana , Distt.- Ludhiana, Punjab, Pin Code- 141003","Sigma Health Training Institute,",Ludhiana,Punjab,Private,ANM,50 (Fifty),2025-2026,6,https://online.indiannursingcouncil.org/Reports/YearlyReportByState.aspx,2026-09-11T11:32:44.217198
2,College Of Nursing,"College Of Nursing, Sigma Nursing Training Institute,, Near Palm Enclave, Dakhni Bye Pass,, Ludhiana , Distt.- Ludhiana, Punjab, Pin Code- 141003","Sigma Health Training Institute,",Ludhiana,Punjab,Private,GNM,60 (Sixty),2025-2026,6,https://online.indiannursingcouncil.org/Reports/YearlyReportByState.aspx,2026-09-11T11:32:44.217198
3,Colonel School Of Nursing,"Colonel School Of Nursing,, Chural Kalan, Distt. Sangrur-148031, Chural Kalan , Distt.- Sangrur, Punjab, Pin Code- 148031",Colonel Research And Education Foundation,Sangrur,Punjab,Private,ANM,50 (Fifty),2025-2026,6,https://online.indiannursingcouncil.org/Reports/YearlyReportByState.aspx,2026-09-11T11:32:44.217198
3,Colonel School Of Nursing,"Colonel School Of Nursing,, Chural Kalan, Distt. Sangrur-148031, Chural Kalan , Distt.- Sangrur, Punjab, Pin Code- 148031",Colonel Research And Education Foundation,Sangrur,Punjab,Private,GNM,60 (Sixty),2025-2026,6,https://online.indiannursingcouncil.org/Reports/YearlyReportByState.aspx,2026-09-11T11:32:44.217198
4,Dashmesh Nursing Institute,"Dashmesh Nursing Institute, U P O Janowala , Teh Malout, Malout, Distt.- Mukatsar, Punjab, Pin Code- 152107",Shiv Shakti Education Society,Mukatsar,Punjab,Private,ANM,40 (Forty),2025-2026,6,https://online.indiannursingcouncil.org/Reports/YearlyReportByState.aspx,2026-09-11T11:32:44.217198
4,Dashmesh Nursing Institute,"Dashmesh Nursing Institute, U P O Janowala , Teh Malout, Malout, Distt.- Mukatsar, Punjab, Pin Code- 152107",Shiv Shakti Education Society,Mukatsar,Punjab,Private,GNM,50 (Fifty),2025-2026,6,https://online.indiannursingcouncil.org/Reports/YearlyReportByState.aspx,2026-09-11T11:32:44.217198
5,Dasmesh School Of Nursing,"Dasmesh School Of Nursing, Talwandi Road, Faridkot, Faridkot, Distt.- Faridkot, Punjab, Pin Code- 151203",Sangat Sahib Bhai Pheru Sikh Edun Soc,Faridkot,Punjab,Private,GNM,50 (Fifty),2025-2026,6,https://online.indiannursingcouncil.org/Reports/YearlyReportByState.aspx,2026-09-11T11:32:44.217198
5,Dasmesh School Of Nursing,"Dasmesh School Of Nursing, Talwandi Road, Faridkot, Faridkot, Distt.- Faridkot, Punjab, Pin Code- 151203",Sangat Sahib Bhai Pheru Sikh Edun Soc,Faridkot,Punjab,Private,B.Sc(N),40 (Forty),2025-2026,6,https://online.indiannursingcouncil.org/Reports/YearlyReportByState.aspx,2026-09-11T11:32:44.217198
5,Dasmesh School Of Nursing,"Dasmesh School Of Nursing, Talwandi Road, Faridkot, Faridkot, Distt.- Faridkot, Punjab, Pin Code- 151203",Sangat Sahib Bhai Pheru Sikh Edun Soc,Faridkot,Punjab,Private,M. Sc (N),25 (Twenty Five) Paed-5 Med Surg-5 Psy-5 Obg-5 Chn-5,2025-2026,6,https://online.indiannursingcouncil.org/Reports/YearlyReportByState.aspx,2026-09-11T11:32:44.217198
5,Dasmesh School Of Nursing,"Dasmesh School Of Nursing, Talwandi Road, Faridkot, Faridkot, Distt.- Faridkot, Punjab, Pin Code- 151203",Sangat Sahib Bhai Pheru Sikh Edun Soc,Faridkot,Punjab,Private,P B B.Sc(N),40 (Forty),2025-2026,6,https://online.indiannursingcouncil.org/Reports/YearlyReportByState.aspx,2026-09-11T11:32:44.217198
6,Dayanand Medical College & Hospital,"Dayanand Medical College & Hospital, Dmch College Of Nursing, Malakpur Bet, Hambran Road, Ludhiana, Vill.- Malikpur, Tehsil- Ludhiana, Distt.- Ludhiana, Punjab, Pin Code- 142027",Dayanand Medical College And Hospital Managing Society,Ludhiana,Punjab,Private,B.Sc(N),100 (One Hundred),2025-2026,6,https://online.indiannursingcouncil.org/Reports/YearlyReportByState.aspx,2026-09-11T11:32:44.217198
6,Dayanand Medical College & Hospital,"Dayanand Medical College & Hospital, Dmch College Of Nursing, Malakpur Bet, Hambran Road, Ludhiana, Vill.- Malikpur, Tehsil- Ludhiana, Distt.- Ludhiana, Punjab, Pin Code- 142027",Dayanand Medical College And Hospital Managing Society,Ludhiana,Punjab,Private,M. Sc (N),"25 (Twenty Five) Psy-5, Obg-6, Med-Surg-6, Chn-6, Paed-2",2025-2026,6,https://online.indiannursingcouncil.org/Reports/YearlyReportByState.aspx,2026-09-11T11:32:44.217198
6,Dayanand Medical College & Hospital,"Dayanand Medical College & Hospital, Dmch College Of Nursing, Malakpur Bet, Hambran Road, Ludhiana, Vill.- Malikpur, Tehsil- Ludhiana, Distt.- Ludhiana, Punjab, Pin Code- 142027",Dayanand Medical College And Hospital Managing Society,Ludhiana,Punjab,Private,NURSE PRACTITIONER IN CRITICAL CARE(NPCC),10 (Ten),2025-2026,6,https://online.indiannursingcouncil.org/Reports/YearlyReportByState.aspx,2026-09-11T11:32:44.217198
7,Deep Institute Of Nursing & Medical Sciences,"Deep Institute Of Nursing & Medical Sciences, Bathinda - Rampura Road, Bathinda, Distt.- Bathinda, Punjab, Pin Code- 151111",Deep Foundation And Education Society,Bathinda,Punjab,Private,ANM,50 (Fifty),2025-2026,6,https://online.indiannursingcouncil.org/Reports/YearlyReportByState.aspx,2026-09-11T11:32:44.217198
7,Deep Institute Of Nursing & Medical Sciences,"Deep Institute Of Nursing & Medical Sciences, Bathinda - Rampura Road, Bathinda, Distt.- Bathinda, Punjab, Pin Code- 151111",Deep Foundation And Education Society,Bathinda,Punjab,Private,GNM,60 (Sixty),2025-2026,6,https://online.indiannursingcouncil.org/Reports/YearlyReportByState.aspx,2026-09-11T11:32:44.217198
8,Desh Bhagat University,"Desh Bhagat University, School Of Nursing, Amloh Road, Mandi Gobindgarh, Vill.- Sounti, Tehsil- Amloh, Distt.- Fatehgarh Sahib, Punjab, Pin Code- 147301",Aasra Foundations,Fatehgarh Sahib,Punjab,Private,ANM,30 (Thirty),2025-2026,6,https://online.indiannursingcouncil.org/Reports/YearlyReportByState.aspx,2026-09-11T11:32:44.217198
8,Desh Bhagat University,"Desh Bhagat University, School Of Nursing, Amloh Road, Mandi Gobindgarh, Vill.- Sounti, Tehsil- Amloh, Distt.- Fatehgarh Sahib, Punjab, Pin Code- 147301",Aasra Foundations,Fatehgarh Sahib,Punjab,Private,GNM,100 (One Hundred),2025-2026,6,https://online.indiannursingcouncil.org/Reports/YearlyReportByState.aspx,2026-09-11T11:32:44.217198
8,Desh Bhagat University,"Desh Bhagat University, School Of Nursing, Amloh Road, Mandi Gobindgarh, Vill.- Sounti, Tehsil- Amloh, Distt.- Fatehgarh Sahib, Punjab, Pin Code- 147301",Aasra Foundations,Fatehgarh Sahib,Punjab,Private,M. Sc (N),30 (Thirty) 6 (Six) In Each Speciality,2025-2026,6,https://online.indiannursingcouncil.org/Reports/YearlyReportByState.aspx,2026-09-11T11:32:44.217198
8,Desh Bhagat University,"Desh Bhagat University, School Of Nursing, Amloh Road, Mandi Gobindgarh, Vill.- Sounti, Tehsil- Amloh, Distt.- Fatehgarh Sahib, Punjab, Pin Code- 147301",Aasra Foundations,Fatehgarh Sahib,Punjab,Private,B.Sc(N),100 (One Hundred),2025-2026,6,https://online.indiannursingcouncil.org/Reports/YearlyReportByState.aspx,2026-09-11T11:32:44.217198
8,Desh Bhagat University,"Desh Bhagat University, School Of Nursing, Amloh Road, Mandi Gobindgarh, Vill.- Sounti, Tehsil- Amloh, Distt.- Fatehgarh Sahib, Punjab, Pin Code- 147301",Aasra Foundations,Fatehgarh Sahib,Punjab,Private,P B B.Sc(N),30 (Thirty),2025-2026,6,https://online.indiannursingcouncil.org/Reports/YearlyReportByState.aspx,2026-09-11T11:32:44.217198
9,Dilbag Memorial School Of Nursing,"Dilbag Memorial School Of Nursing, Plot No 482, V & P O Sohian Kalan , Amritsar, Amritsar , Distt.- Amritser, Punjab, Pin Code- 143601",Dilbag University Welfare Society,Amritser,Punjab,Private,ANM,30 (Thirty),2025-2026,6,https://online.indiannursingcouncil.org/Reports/YearlyReportByState.aspx,2026-09-11T11:32:44.217198
9,Dilbag Memorial School Of Nursing,"Dilbag Memorial School Of Nursing, Plot No 482, V & P O Sohian Kalan , Amritsar, Amritsar , Distt.- Amritser, Punjab, Pin Code- 143601",Dilbag University Welfare Society,Amritser,Punjab,Private,GNM,40 (Forty),2025-2026,6,https://online.indiannursingcouncil.org/Reports/YearlyReportByState.aspx,2026-09-11T11:32:44.217198
10,Doaba Institute Of Nursing,"Doaba Institute Of Nursing, Village - Pandori, Hoshiarpur , Distt.- Hoshiarpur, Punjab, Pin Code- 146113",G B Charitable Trust,Hoshiarpur,Punjab,Private,ANM,30 (Thirty),2025-2026,6,https://online.indiannursingcouncil.org/Reports/YearlyReportByState.aspx,2026-09-11T11:32:44.217198
10,Doaba Institute Of Nursing,"Doaba Institute Of Nursing, Village - Pandori, Hoshiarpur , Distt.- Hoshiarpur, Punjab, Pin Code- 146113",G B Charitable Trust,Hoshiarpur,Punjab,Private,GNM,30 (Thirty),2025-2026,6,https://online.indiannursingcouncil.org/Reports/YearlyReportByState.aspx,2026-09-11T11:32:44.217198
11,Dr Dayal Singh Memorial School Of Nursing,"Dr Dayal Singh Memorial School Of Nursing, Nikkuwal Morh, Anandpur Sahib, Anandpur Sahib , Distt.- Ropar, Punjab, Pin Code- 140116",Sardar Dayal Singh Memorial Education Charitable Society,Ropar,Punjab,Private,ANM,40 (Forty),2025-2026,6,https://online.indiannursingcouncil.org/Reports/YearlyReportByState.aspx,2026-09-11T11:32:44.217198
1,Dr Dayal Singh Memorial School Of Nursing,"Dr Dayal Singh Memorial School Of Nursing, Nikkuwal Morh, Anandpur Sahib, Anandpur Sahib , Distt.- Ropar, Punjab, Pin Code- 140116",Sardar Dayal Singh Memorial Education Charitable Society,Ropar,Punjab,Private,GNM,60 (Sixty),2025-2026,7,https://online.indiannursingcouncil.org/Reports/YearlyReportByState.aspx,2026-09-11T11:32:53.424670
2,Dr Ravinder Institute Of Nursing,"Dr Ravinder Institute Of Nursing, Mallah Road,, Vill.- Bajakhana , Tehsil- Kotakpura, Distt.- Faridkot, Punjab, Pin Code- 151205",The Malwa Educational Society,Faridkot,Punjab,Private,ANM,40 (Forty),2025-2026,7,https://online.indiannursingcouncil.org/Reports/YearlyReportByState.aspx,2026-09-11T11:32:53.424670
2,Dr Ravinder Institute Of Nursing,"Dr Ravinder Institute Of Nursing, Mallah Road,, Vill.- Bajakhana , Tehsil- Kotakpura, Distt.- Faridkot, Punjab, Pin Code- 151205",The Malwa Educational Society,Faridkot,Punjab,Private,GNM,40 (Forty),2025-2026,7,https://online.indiannursingcouncil.org/Reports/YearlyReportByState.aspx,2026-09-11T11:32:53.424670
3,Dr Shyam Lal Thapar School Of Nursing,"Dr Shyam Lal Thapar School Of Nursing, Amritsar Barnala By Pass Nh- 71, Moga, Distt.- Moga, Punjab, Pin Code- 142001",Dr. Shyam Lal Thapar Foundation Moga,Moga,Punjab,Private,ANM,30 (Thirty),2025-2026,7,https://online.indiannursingcouncil.org/Reports/YearlyReportByState.aspx,2026-09-11T11:32:53.424670
3,Dr Shyam Lal Thapar School Of Nursing,"Dr Shyam Lal Thapar School Of Nursing, Amritsar Barnala By Pass Nh- 71, Moga, Distt.- Moga, Punjab, Pin Code- 142001",Dr. Shyam Lal Thapar Foundation Moga,Moga,Punjab,Private,M. Sc (N),"25 (Twenty Five) Pead-06, Med-Surg.-03, Obg-07, Chn-03, Psy-06",2025-2026,7,https://online.indiannursingcouncil.org/Reports/YearlyReportByState.aspx,2026-09-11T11:32:53.424670
3,Dr Shyam Lal Thapar School Of Nursing,"Dr Shyam Lal Thapar School Of Nursing, Amritsar Barnala By Pass Nh- 71, Moga, Distt.- Moga, Punjab, Pin Code- 142001",Dr. Shyam Lal Thapar Foundation Moga,Moga,Punjab,Private,P B B.Sc(N),40 (Forty),2025-2026,7,https://online.indiannursingcouncil.org/Reports/YearlyReportByState.aspx,2026-09-11T11:32:53.424670
3,Dr Shyam Lal Thapar School Of Nursing,"Dr Shyam Lal Thapar School Of Nursing, Amritsar Barnala By Pass Nh- 71, Moga, Distt.- Moga, Punjab, Pin Code- 142001",Dr. Shyam Lal Thapar Foundation Moga,Moga,Punjab,Private,GNM,60 (Sixty),2025-2026,7,https://online.indiannursingcouncil.org/Reports/YearlyReportByState.aspx,2026-09-11T11:32:53.424670
3,Dr Shyam Lal Thapar School Of Nursing,"Dr Shyam Lal Thapar School Of Nursing, Amritsar Barnala By Pass Nh- 71, Moga, Distt.- Moga, Punjab, Pin Code- 142001",Dr. Shyam Lal Thapar Foundation Moga,Moga,Punjab,Private,B.Sc(N),70 (Seventy),2025-2026,7,https://online.indiannursingcouncil.org/Reports/YearlyReportByState.aspx,2026-09-11T11:32:53.424670
4,Dr. Balbir Singh Institute Of Nursing,"Dr. Balbir Singh Institute Of Nursing, Bhagta Moga Road,, Bhagta Bhai Ka, Distt.- Bathinda, Punjab, Pin Code- 151206",Dr. Balbir Singh Educational Welfare Society,Bathinda,Punjab,Private,ANM,50 (Fifty),2025-2026,7,https://online.indiannursingcouncil.org/Reports/YearlyReportByState.aspx,2026-09-11T11:32:53.424670
4,Dr. Balbir Singh Institute Of Nursing,"Dr. Balbir Singh Institute Of Nursing, Bhagta Moga Road,, Bhagta Bhai Ka, Distt.- Bathinda, Punjab, Pin Code- 151206",Dr. Balbir Singh Educational Welfare Society,Bathinda,Punjab,Private,GNM,60 (Sixty),2025-2026,7,https://online.indiannursingcouncil.org/Reports/YearlyReportByState.aspx,2026-09-11T11:32:53.424670
5,Dr. Mohan Kaur Memorial Nursing Institute,"Dr. Mohan Kaur Memorial Nursing Institute, Kailpur Road, Mullanpur , Distt.- Ludhiana, Punjab, Pin Code- 141101",Guru Nanak Education And Social Welfare Trust Mandi Mullanpur,Ludhiana,Punjab,Private,GNM,50 (Fifty),2025-2026,7,https://online.indiannursingcouncil.org/Reports/YearlyReportByState.aspx,2026-09-11T11:32:53.424670
6,Durga School Of Nursing,"Durga School Of Nursing, Near Adda Chowkiman , Vill.- Ghurae, Tehsil- Jagraon, Distt.- Ludhiana, Punjab, Pin Code- 142023",Durga Professional Education Society,Ludhiana,Punjab,Private,ANM,40 (Forty),2025-2026,7,https://online.indiannursingcouncil.org/Reports/YearlyReportByState.aspx,2026-09-11T11:32:53.424670
6,Durga School Of Nursing,"Durga School Of Nursing, Near Adda Chowkiman , Vill.- Ghurae, Tehsil- Jagraon, Distt.- Ludhiana, Punjab, Pin Code- 142023",Durga Professional Education Society,Ludhiana,Punjab,Private,GNM,60 (Sixty),2025-2026,7,https://online.indiannursingcouncil.org/Reports/YearlyReportByState.aspx,2026-09-11T11:32:53.424670
7,Eastend School Of Nusing,"Eastend School Of Nusing, Raikot Mullanpur Road, Gondwal, Raikot, Distt.- Ludhiana, Punjab, Pin Code- 141109",Eastend Education Society,Ludhiana,Punjab,Private,ANM,40 (Forty),2025-2026,7,https://online.indiannursingcouncil.org/Reports/YearlyReportByState.aspx,2026-09-11T11:32:53.424670
7,Eastend School Of Nusing,"Eastend School Of Nusing, Raikot Mullanpur Road, Gondwal, Raikot, Distt.- Ludhiana, Punjab, Pin Code- 141109",Eastend Education Society,Ludhiana,Punjab,Private,GNM,60 (Sixty),2025-2026,7,https://online.indiannursingcouncil.org/Reports/YearlyReportByState.aspx,2026-09-11T11:32:53.424670
8,Ek Jot Nursing Institute,"Ek Jot Nursing Institute, Swaddi Khurd,Tehsil Jagraon , Jagraon, Distt.- Ludhiana, Punjab, Pin Code- 142024",Baba Nand Singh Educational Trust,Ludhiana,Punjab,Private,GNM,40 (Forty),2025-2026,7,https://online.indiannursingcouncil.org/Reports/YearlyReportByState.aspx,2026-09-11T11:32:53.424670
9,Frances Newton Hospital,"Frances Newton Hospital, Post Box -20 , Ferozepur , Distt.- Ferozepur, Punjab, Pin Code- 152001","Frances Newton Hospital, School Of Nursing",Ferozepur,Punjab,Private,GNM,50 (Fifty),2025-2026,7,https://online.indiannursingcouncil.org/Reports/YearlyReportByState.aspx,2026-09-11T11:32:53.424670
9,Frances Newton Hospital,"Frances Newton Hospital, Post Box -20 , Ferozepur , Distt.- Ferozepur, Punjab, Pin Code- 152001","Frances Newton Hospital, School Of Nursing",Ferozepur,Punjab,Private,ANM,40 (Forty),2025-2026,7,https://online.indiannursingcouncil.org/Reports/YearlyReportByState.aspx,2026-09-11T11:32:53.424670
10,G N M Trg. School,"G N M Trg. School, Civil Hospital, Mansa Road, Bathinda, Distt.- Bathinda, Punjab, Pin Code- 151001",Punjab Govt.,Bathinda,Punjab,Government,GNM,50 (Fifty),2025-2026,7,https://online.indiannursingcouncil.org/Reports/YearlyReportByState.aspx,2026-09-11T11:32:53.424670
11,G R D International Institute Of Nursing,"G R D International Institute Of Nursing, Jaja Chowk, G T Road, Urmar Tanda, Dasuya, Distt.- Hoshiarpur, Punjab, Pin Code- 144204",Guru Ram Dass Sewa Society,Hoshiarpur,Punjab,Private,ANM,30 (Thirty),2025-2026,7,https://online.indiannursingcouncil.org/Reports/YearlyReportByState.aspx,2026-09-11T11:32:53.424670
11,G R D International Institute Of Nursing,"G R D International Institute Of Nursing, Jaja Chowk, G T Road, Urmar Tanda, Dasuya, Distt.- Hoshiarpur, Punjab, Pin Code- 144204",Guru Ram Dass Sewa Society,Hoshiarpur,Punjab,Private,GNM,40 (Forty),2025-2026,7,https://online.indiannursingcouncil.org/Reports/YearlyReportByState.aspx,2026-09-11T11:32:53.424670
12,Gee Bee Institute Of Nursing & Health Sciences,"Gee Bee Institute Of Nursing & Health Sciences, Phagwara Mukandpur Road, Near Urban Estate, Phillaur, Distt.- Jalandhar, Punjab, Pin Code- 144632",Gee Bee Education Society,Jalandhar,Punjab,Private,ANM,40 (FORTY),2025-2026,7,https://online.indiannursingcouncil.org/Reports/YearlyReportByState.aspx,2026-09-11T11:32:53.424670
12,Gee Bee Institute Of Nursing & Health Sciences,"Gee Bee Institute Of Nursing & Health Sciences, Phagwara Mukandpur Road, Near Urban Estate, Phillaur, Distt.- Jalandhar, Punjab, Pin Code- 144632",Gee Bee Education Society,Jalandhar,Punjab,Private,GNM,60 (Sixty),2025-2026,7,https://online.indiannursingcouncil.org/Reports/YearlyReportByState.aspx,2026-09-11T11:32:53.424670
12,Gee Bee Institute Of Nursing & Health Sciences,"Gee Bee Institute Of Nursing & Health Sciences, Phagwara Mukandpur Road, Near Urban Estate, Phillaur, Distt.- Jalandhar, Punjab, Pin Code- 144632",Gee Bee Education Society,Jalandhar,Punjab,Private,B.Sc(N),60 (SIXTY),2025-2026,7,https://online.indiannursingcouncil.org/Reports/YearlyReportByState.aspx,2026-09-11T11:32:53.424670
13,Genesis Institute Of Nursing,"Genesis Institute Of Nursing, School Of Nursing, Ferozpur, Distt.- Ferozepur, Punjab, Pin Code- 152001",Shaheed Dr. Anil Baghi Charitable Society,Ferozepur,Punjab,Private,GNM,60 (Sixty),2025-2026,7,https://online.indiannursingcouncil.org/Reports/YearlyReportByState.aspx,2026-09-11T11:32:53.424670
13,Genesis Institute Of Nursing,"Genesis Institute Of Nursing, School Of Nursing, Ferozpur, Distt.- Ferozepur, Punjab, Pin Code- 152001",Shaheed Dr. Anil Baghi Charitable Society,Ferozepur,Punjab,Private,B.Sc(N),50 (Fifty),2025-2026,7,https://online.indiannursingcouncil.org/Reports/YearlyReportByState.aspx,2026-09-11T11:32:53.424670
13,Genesis Institute Of Nursing,"Genesis Institute Of Nursing, School Of Nursing, Ferozpur, Distt.- Ferozepur, Punjab, Pin Code- 152001",Shaheed Dr. Anil Baghi Charitable Society,Ferozepur,Punjab,Private,P B B.Sc(N),40 (Forty),2025-2026,7,https://online.indiannursingcouncil.org/Reports/YearlyReportByState.aspx,2026-09-11T11:32:53.424670
14,Gian Sagar College Of Nursing,"Gian Sagar College Of Nursing, Ram Nagar, Rajpura, District Patiala, Punjab, India, Rajpura, Distt.- Patiala, Punjab, Pin Code- 140601",Gian Sagar Educational And Charitable Trust,Patiala,Punjab,Private,GNM,100 (One Hundred),2025-2026,7,https://online.indiannursingcouncil.org/Reports/YearlyReportByState.aspx,2026-09-11T11:32:53.424670
14,Gian Sagar College Of Nursing,"Gian Sagar College Of Nursing, Ram Nagar, Rajpura, District Patiala, Punjab, India, Rajpura, Distt.- Patiala, Punjab, Pin Code- 140601",Gian Sagar Educational And Charitable Trust,Patiala,Punjab,Private,B.Sc(N),100 (One Hundred),2025-2026,7,https://online.indiannursingcouncil.org/Reports/YearlyReportByState.aspx,2026-09-11T11:32:53.424670
15,Global Institute Of Nursing,"Global Institute Of Nursing, Vpo - Nangal Khurd, Mansa, Distt.- Mansa, Punjab, Pin Code- 151505",Dilraj Singh Memorial Educational Society,Mansa,Punjab,Private,ANM,30 (Thirty),2025-2026,7,https://online.indiannursingcouncil.org/Reports/YearlyReportByState.aspx,2026-09-11T11:32:53.424670
1,Goverment Medical College,"Goverment Medical College, College Of Nursing, Patiala, Distt.- Patiala, Punjab, Pin Code- 147001",Punjab Government,Patiala,Punjab,Government,B.Sc(N),50 (Fifty),2025-2026,8,https://online.indiannursingcouncil.org/Reports/YearlyReportByState.aspx,2026-09-11T11:33:01.595431
1,Goverment Medical College,"Goverment Medical College, College Of Nursing, Patiala, Distt.- Patiala, Punjab, Pin Code- 147001",Punjab Government,Patiala,Punjab,Government,P B B.Sc(N),30 (Thirty),2025-2026,8,https://online.indiannursingcouncil.org/Reports/YearlyReportByState.aspx,2026-09-11T11:33:01.595431
2,Government G N M School Of Nursing,"Government G N M School Of Nursing, Civil Hospital, , , Distt.- Gurdaspur, Punjab, Pin Code- 143521",Punjab Govt.,Gurdaspur,Punjab,Government,GNM,50 (Fifty),2025-2026,8,https://online.indiannursingcouncil.org/Reports/YearlyReportByState.aspx,2026-09-11T11:33:01.595431
3,Govt Nursing Training School,"Govt Nursing Training School, Civil Hospital, Sangrur , Sangrur , Distt.- Sangrur, Punjab, Pin Code- 148001",Punjab Govt.,Sangrur,Punjab,Government,GNM,40 (Forty),2025-2026,8,https://online.indiannursingcouncil.org/Reports/YearlyReportByState.aspx,2026-09-11T11:33:01.595431
3,Govt Nursing Training School,"Govt Nursing Training School, Civil Hospital, Sangrur , Sangrur , Distt.- Sangrur, Punjab, Pin Code- 148001",Punjab Govt.,Sangrur,Punjab,Government,ANM,40 (Forty),2025-2026,8,https://online.indiannursingcouncil.org/Reports/YearlyReportByState.aspx,2026-09-11T11:33:01.595431
4,Govt.M P H W Female Training School,"Govt.M P H W Female Training School,Nangal, Nangal Township, Nagal, Distt.- Ropar, Punjab, Pin Code- 140124",Punjab,Ropar,Punjab,Government,ANM,20 (Twenty),2025-2026,8,https://online.indiannursingcouncil.org/Reports/YearlyReportByState.aspx,2026-09-11T11:33:01.595431
5,Gursewa School Of Nursing,"Gursewa School Of Nursing, Vpo Panam, Chandigarh Road, Vill.- Panam,, Tehsil- Garhshankar, Distt.- Hoshiarpur, Punjab, Pin Code- 144527",Gursewa Soc For Edu Health Wel Act R,Hoshiarpur,Punjab,Private,ANM,40 (Forty),2025-2026,8,https://online.indiannursingcouncil.org/Reports/YearlyReportByState.aspx,2026-09-11T11:33:01.595431
5,Gursewa School Of Nursing,"Gursewa School Of Nursing, Vpo Panam, Chandigarh Road, Vill.- Panam,, Tehsil- Garhshankar, Distt.- Hoshiarpur, Punjab, Pin Code- 144527",Gursewa Soc For Edu Health Wel Act R,Hoshiarpur,Punjab,Private,GNM,60 (Sixty),2025-2026,8,https://online.indiannursingcouncil.org/Reports/YearlyReportByState.aspx,2026-09-11T11:33:01.595431
6,Guru Amar Das School Of Nursing,"Guru Amar Das School Of Nursing, Darshad Avenue, Near Gateway Of Amritsar, Patti, Distt.- Tarn Taran, Punjab, Pin Code- 143416",Panchum Society,Tarn Taran,Punjab,Private,GNM,50 (Fifty),2025-2026,8,https://online.indiannursingcouncil.org/Reports/YearlyReportByState.aspx,2026-09-11T11:33:01.595431
7,Guru Angad Dev School Of Nursing,"Guru Angad Dev School Of Nursing,, V Barwala,Chadigarh Road,Ludhianab , Vill.- Barwala , Tehsil- Ludhiana, Distt.- Ludhiana, Punjab, Pin Code- 141015",Guru Angad Dev Sewa Society,Ludhiana,Punjab,Private,GNM,40 (Forty),2025-2026,8,https://online.indiannursingcouncil.org/Reports/YearlyReportByState.aspx,2026-09-11T11:33:01.595431
8,Guru Arjun Dev School Of Nursing,"Guru Arjun Dev School Of Nursing,, P O Dhariwal,, Dhariwal , Distt.- Gurdaspur, Punjab, Pin Code- 143519",Guru Gobind Singh Khalsa,Gurdaspur,Punjab,Private,GNM,40 (Forty),2025-2026,8,https://online.indiannursingcouncil.org/Reports/YearlyReportByState.aspx,2026-09-11T11:33:01.595431
8,Guru Arjun Dev School Of Nursing,"Guru Arjun Dev School Of Nursing,, P O Dhariwal,, Dhariwal , Distt.- Gurdaspur, Punjab, Pin Code- 143519",Guru Gobind Singh Khalsa,Gurdaspur,Punjab,Private,ANM,30 (Thirty),2025-2026,8,https://online.indiannursingcouncil.org/Reports/YearlyReportByState.aspx,2026-09-11T11:33:01.595431
9,Guru Gobind Singh College Of Nursing,"Guru Gobind Singh College Of Nursing, Gursewak Nagar Dhanaula Road Bathinda Bya Pass , Barnala, Distt.- Barnala, Punjab, Pin Code- 148101",Guru Gobind Singh Medicaland Educational Trust,Barnala,Punjab,Private,ANM,40 (Forty),2025-2026,8,https://online.indiannursingcouncil.org/Reports/YearlyReportByState.aspx,2026-09-11T11:33:01.595431
9,Guru Gobind Singh College Of Nursing,"Guru Gobind Singh College Of Nursing, Gursewak Nagar Dhanaula Road Bathinda Bya Pass , Barnala, Distt.- Barnala, Punjab, Pin Code- 148101",Guru Gobind Singh Medicaland Educational Trust,Barnala,Punjab,Private,GNM,60 (Sixty),2025-2026,8,https://online.indiannursingcouncil.org/Reports/YearlyReportByState.aspx,2026-09-11T11:33:01.595431
10,Guru Gobind Singh College Of Nursing,"Guru Gobind Singh College Of Nursing, Sardulgarh Road, Talwandi Sabo, Talwandi Sabo, Distt.- Bathinda, Punjab, Pin Code- 151302",Dasam Guru Gobind Singh Educational Societr,Bathinda,Punjab,Private,ANM,30 (Thirty),2025-2026,8,https://online.indiannursingcouncil.org/Reports/YearlyReportByState.aspx,2026-09-11T11:33:01.595431
10,Guru Gobind Singh College Of Nursing,"Guru Gobind Singh College Of Nursing, Sardulgarh Road, Talwandi Sabo, Talwandi Sabo, Distt.- Bathinda, Punjab, Pin Code- 151302",Dasam Guru Gobind Singh Educational Societr,Bathinda,Punjab,Private,GNM,40 (Forty),2025-2026,8,https://online.indiannursingcouncil.org/Reports/YearlyReportByState.aspx,2026-09-11T11:33:01.595431
11,Guru Gobind Singh Institute Of Nursing,"Guru Gobind Singh Institute Of Nursing, Kamal Pura, Vill.- Kamal Pura, Tehsil- Jagraon, Distt.- Ludhiana, Punjab, Pin Code- 142030",Guru Gobind Singh Educational Trust,Ludhiana,Punjab,Private,GNM,40 (Forty),2025-2026,8,https://online.indiannursingcouncil.org/Reports/YearlyReportByState.aspx,2026-09-11T11:33:01.595431
12,Guru Gobind Singh Instt Of Nursing,"Guru Gobind Singh Instt Of Nursing, Patiala Road, Patran, Patran, Distt.- Patiala, Punjab, Pin Code- 147102",Guru Gobind Singh Medical Educational Trust,Patiala,Punjab,Private,ANM,30 (Thirty),2025-2026,8,https://online.indiannursingcouncil.org/Reports/YearlyReportByState.aspx,2026-09-11T11:33:01.595431
12,Guru Gobind Singh Instt Of Nursing,"Guru Gobind Singh Instt Of Nursing, Patiala Road, Patran, Patran, Distt.- Patiala, Punjab, Pin Code- 147102",Guru Gobind Singh Medical Educational Trust,Patiala,Punjab,Private,GNM,58 (Fifty Eight),2025-2026,8,https://online.indiannursingcouncil.org/Reports/YearlyReportByState.aspx,2026-09-11T11:33:01.595431
13,Guru Gobind Singh Nursing Training Centre & Free Hospital,"Guru Gobind Singh Nursing Training Centre & Free Hospital, Village - Rampura, Post Office - Cheeta Kalan, Vill.- Rampura, Tehsil- Verka, Distt.- Amritser, Punjab, Pin Code- 143115",Guru Gobind Singh Nursing And Medcal Education Society,Amritser,Punjab,Private,ANM,30 (Thirty),2025-2026,8,https://online.indiannursingcouncil.org/Reports/YearlyReportByState.aspx,2026-09-11T11:33:01.595431
13,Guru Gobind Singh Nursing Training Centre & Free Hospital,"Guru Gobind Singh Nursing Training Centre & Free Hospital, Village - Rampura, Post Office - Cheeta Kalan, Vill.- Rampura, Tehsil- Verka, Distt.- Amritser, Punjab, Pin Code- 143115",Guru Gobind Singh Nursing And Medcal Education Society,Amritser,Punjab,Private,GNM,35 (Thirty Five),2025-2026,8,https://online.indiannursingcouncil.org/Reports/YearlyReportByState.aspx,2026-09-11T11:33:01.595431
14,Guru Hargobind College Of Nursing,"Guru Hargobind College Of Nursing,, Opposite Reliance Petrol Pump, Ludhiana Road,, Raikot, Distt.- Ludhiana, Punjab, Pin Code- 141109",Shri Guru Hargobind Medical Education Society,Ludhiana,Punjab,Private,ANM,45 (Foty Five),2025-2026,8,https://online.indiannursingcouncil.org/Reports/YearlyReportByState.aspx,2026-09-11T11:33:01.595431
14,Guru Hargobind College Of Nursing,"Guru Hargobind College Of Nursing,, Opposite Reliance Petrol Pump, Ludhiana Road,, Raikot, Distt.- Ludhiana, Punjab, Pin Code- 141109",Shri Guru Hargobind Medical Education Society,Ludhiana,Punjab,Private,GNM,60 (Sixty),2025-2026,8,https://online.indiannursingcouncil.org/Reports/YearlyReportByState.aspx,2026-09-11T11:33:01.595431
14,Guru Hargobind College Of Nursing,"Guru Hargobind College Of Nursing,, Opposite Reliance Petrol Pump, Ludhiana Road,, Raikot, Distt.- Ludhiana, Punjab, Pin Code- 141109",Shri Guru Hargobind Medical Education Society,Ludhiana,Punjab,Private,B.Sc(N),50 (Fifty),2025-2026,8,https://online.indiannursingcouncil.org/Reports/YearlyReportByState.aspx,2026-09-11T11:33:01.595431
14,Guru Hargobind College Of Nursing,"Guru Hargobind College Of Nursing,, Opposite Reliance Petrol Pump, Ludhiana Road,, Raikot, Distt.- Ludhiana, Punjab, Pin Code- 141109",Shri Guru Hargobind Medical Education Society,Ludhiana,Punjab,Private,M. Sc (N),"20 : Med-Surg-2, Obg-5, Paed-5, Chn-4, Psy-4",2025-2026,8,https://online.indiannursingcouncil.org/Reports/YearlyReportByState.aspx,2026-09-11T11:33:01.595431
14,Guru Hargobind College Of Nursing,"Guru Hargobind College Of Nursing,, Opposite Reliance Petrol Pump, Ludhiana Road,, Raikot, Distt.- Ludhiana, Punjab, Pin Code- 141109",Shri Guru Hargobind Medical Education Society,Ludhiana,Punjab,Private,P B B.Sc(N),50 (Fifty),2025-2026,8,https://online.indiannursingcouncil.org/Reports/YearlyReportByState.aspx,2026-09-11T11:33:01.595431
15,Guru Nanak Dev Institute Of Nursing Edun & Research,"Guru Nanak Dev Institute Of Nursing Edun & Research, Patiala-Bathinda Road, Lakhmirwala, Sunam, Distt.- Sangrur, Punjab, Pin Code- 148028",Bhagwan Das Arora Charitable Trust,Sangrur,Punjab,Private,ANM,30 (Thirty),2025-2026,8,https://online.indiannursingcouncil.org/Reports/YearlyReportByState.aspx,2026-09-11T11:33:01.595431
15,Guru Nanak Dev Institute Of Nursing Edun & Research,"Guru Nanak Dev Institute Of Nursing Edun & Research, Patiala-Bathinda Road, Lakhmirwala, Sunam, Distt.- Sangrur, Punjab, Pin Code- 148028",Bhagwan Das Arora Charitable Trust,Sangrur,Punjab,Private,GNM,50 (Fifty),2025-2026,8,https://online.indiannursingcouncil.org/Reports/YearlyReportByState.aspx,2026-09-11T11:33:01.595431
16,Guru Nanak Dev Institute Of Nursing,"Guru Nanak Dev Institute Of Nursing, Harchowal Road, Qadian, Quadian, Distt.- Gurdaspur, Punjab, Pin Code- 143516",Sri Guru Nanak Dev Academy,Gurdaspur,Punjab,Private,ANM,50 (Fifty),2025-2026,8,https://online.indiannursingcouncil.org/Reports/YearlyReportByState.aspx,2026-09-11T11:33:01.595431
1,Guru Nanak Dev Institute Of Nursing,"Guru Nanak Dev Institute Of Nursing, Harchowal Road, Qadian, Quadian, Distt.- Gurdaspur, Punjab, Pin Code- 143516",Sri Guru Nanak Dev Academy,Gurdaspur,Punjab,Private,GNM,50 (Fifty),2025-2026,9,https://online.indiannursingcouncil.org/Reports/YearlyReportByState.aspx,2026-09-11T11:33:09.630308
2,Guru Nanak Dev School Of Nursing,"Guru Nanak Dev School Of Nursing, Bareta, Teh Budhlada, Bareta, Distt.- Mansa, Punjab, Pin Code- 151501",Guru Nanak Dev Research And Welfare Society,Mansa,Punjab,Private,GNM,50 (Fifty),2025-2026,9,https://online.indiannursingcouncil.org/Reports/YearlyReportByState.aspx,2026-09-11T11:33:09.630308
3,Guru Nanak Mission Medical & Educational Trust,"Guru Nanak Mission Medical & Educational Trust, Near Banga, Vill.- Dhahan Kaleran, Tehsil- Banga, Distt.- Nawanshahar, Punjab, Pin Code- 144505",Guru Nanak Mission Medicaland Educational Trust,Nawanshahar,Punjab,Private,GNM,50 (Fifty),2025-2026,9,https://online.indiannursingcouncil.org/Reports/YearlyReportByState.aspx,2026-09-11T11:33:09.630308
3,Guru Nanak Mission Medical & Educational Trust,"Guru Nanak Mission Medical & Educational Trust, Near Banga, Vill.- Dhahan Kaleran, Tehsil- Banga, Distt.- Nawanshahar, Punjab, Pin Code- 144505",Guru Nanak Mission Medicaland Educational Trust,Nawanshahar,Punjab,Private,B.Sc(N),50 (Fifty),2025-2026,9,https://online.indiannursingcouncil.org/Reports/YearlyReportByState.aspx,2026-09-11T11:33:09.630308
3,Guru Nanak Mission Medical & Educational Trust,"Guru Nanak Mission Medical & Educational Trust, Near Banga, Vill.- Dhahan Kaleran, Tehsil- Banga, Distt.- Nawanshahar, Punjab, Pin Code- 144505",Guru Nanak Mission Medicaland Educational Trust,Nawanshahar,Punjab,Private,P B B.Sc(N),25 (Twenty Five),2025-2026,9,https://online.indiannursingcouncil.org/Reports/YearlyReportByState.aspx,2026-09-11T11:33:09.630308
4,Guru Nanak Nursing Institute,"Guru Nanak Nursing Institute, Balianwali Rd, Near Gaushalla, , Vill.- Sema, Tehsil- Nathana, Distt.- Bathinda, Punjab, Pin Code- 151101",Guru Nanak Education Society,Bathinda,Punjab,Private,GNM,60 (Sixty),2025-2026,9,https://online.indiannursingcouncil.org/Reports/YearlyReportByState.aspx,2026-09-11T11:33:09.630308
5,Guru Nanak Nursing Training Instt And Hospital,"Guru Nanak Nursing Training Instt And Hospital, Jalandhar Vihar, Kapurthala Road, Vill.- Waryana , Tehsil- Jalandhar West, Distt.- Jalandhar, Punjab, Pin Code- 144021",Mata Hakim Dai Memorial Educational Charitable Trust,Jalandhar,Punjab,Private,ANM,40 (Forty),2025-2026,9,https://online.indiannursingcouncil.org/Reports/YearlyReportByState.aspx,2026-09-11T11:33:09.630308
5,Guru Nanak Nursing Training Instt And Hospital,"Guru Nanak Nursing Training Instt And Hospital, Jalandhar Vihar, Kapurthala Road, Vill.- Waryana , Tehsil- Jalandhar West, Distt.- Jalandhar, Punjab, Pin Code- 144021",Mata Hakim Dai Memorial Educational Charitable Trust,Jalandhar,Punjab,Private,GNM,50 (Fifty),2025-2026,9,https://online.indiannursingcouncil.org/Reports/YearlyReportByState.aspx,2026-09-11T11:33:09.630308
6,Guru Nanak School Of Nursing,"Guru Nanak School Of Nursing, Malerkotla Road, Village Gopalpur, P O Dehlon, Vill.- Gopalpur, , Tehsil- Dehlon, Distt.- Ludhiana, Punjab, Pin Code- 141118",Guru Nanak Educational Society,Ludhiana,Punjab,Private,GNM,60 (Sixty),2025-2026,9,https://online.indiannursingcouncil.org/Reports/YearlyReportByState.aspx,2026-09-11T11:33:09.630308
6,Guru Nanak School Of Nursing,"Guru Nanak School Of Nursing, Malerkotla Road, Village Gopalpur, P O Dehlon, Vill.- Gopalpur, , Tehsil- Dehlon, Distt.- Ludhiana, Punjab, Pin Code- 141118",Guru Nanak Educational Society,Ludhiana,Punjab,Private,B.Sc(N),40 (Forty),2025-2026,9,https://online.indiannursingcouncil.org/Reports/YearlyReportByState.aspx,2026-09-11T11:33:09.630308
6,Guru Nanak School Of Nursing,"Guru Nanak School Of Nursing, Malerkotla Road, Village Gopalpur, P O Dehlon, Vill.- Gopalpur, , Tehsil- Dehlon, Distt.- Ludhiana, Punjab, Pin Code- 141118",Guru Nanak Educational Society,Ludhiana,Punjab,Private,P B B.Sc(N),30 (Thirty),2025-2026,9,https://online.indiannursingcouncil.org/Reports/YearlyReportByState.aspx,2026-09-11T11:33:09.630308
7,Guru Teg Bahadur College Of Nursing,"Guru Teg Bahadur College Of Nursing, Bagh Hira Singh Colony, , Jandiala Guru , Distt.- Amritser, Punjab, Pin Code- 143115",Guru Teg Bahadur School Of Nursing Society,Amritser,Punjab,Private,B.Sc(N),60 (Sixty),2025-2026,9,https://online.indiannursingcouncil.org/Reports/YearlyReportByState.aspx,2026-09-11T11:33:09.630308
7,Guru Teg Bahadur College Of Nursing,"Guru Teg Bahadur College Of Nursing, Bagh Hira Singh Colony, , Jandiala Guru , Distt.- Amritser, Punjab, Pin Code- 143115",Guru Teg Bahadur School Of Nursing Society,Amritser,Punjab,Private,GNM,50 (Fifty),2025-2026,9,https://online.indiannursingcouncil.org/Reports/YearlyReportByState.aspx,2026-09-11T11:33:09.630308
7,Guru Teg Bahadur College Of Nursing,"Guru Teg Bahadur College Of Nursing, Bagh Hira Singh Colony, , Jandiala Guru , Distt.- Amritser, Punjab, Pin Code- 143115",Guru Teg Bahadur School Of Nursing Society,Amritser,Punjab,Private,M. Sc (N),16 Paed-5 Psy-3 Obg-3. Chn-5,2025-2026,9,https://online.indiannursingcouncil.org/Reports/YearlyReportByState.aspx,2026-09-11T11:33:09.630308
7,Guru Teg Bahadur College Of Nursing,"Guru Teg Bahadur College Of Nursing, Bagh Hira Singh Colony, , Jandiala Guru , Distt.- Amritser, Punjab, Pin Code- 143115",Guru Teg Bahadur School Of Nursing Society,Amritser,Punjab,Private,P B B.Sc(N),20 (Twenty),2025-2026,9,https://online.indiannursingcouncil.org/Reports/YearlyReportByState.aspx,2026-09-11T11:33:09.630308
8,Guru Teg Bahadur Nursing Institute,"Guru Teg Bahadur Nursing Institute, Balloh Badiala Road, Balloh , Vill.- Balloh, Tehsil- Rampura, Distt.- Bathinda, Punjab, Pin Code- 151510",Shri Guru Teg Bahadur Educational Society,Bathinda,Punjab,Private,ANM,40 (Forty),2025-2026,9,https://online.indiannursingcouncil.org/Reports/YearlyReportByState.aspx,2026-09-11T11:33:09.630308
8,Guru Teg Bahadur Nursing Institute,"Guru Teg Bahadur Nursing Institute, Balloh Badiala Road, Balloh , Vill.- Balloh, Tehsil- Rampura, Distt.- Bathinda, Punjab, Pin Code- 151510",Shri Guru Teg Bahadur Educational Society,Bathinda,Punjab,Private,GNM,60 (Sixty),2025-2026,9,https://online.indiannursingcouncil.org/Reports/YearlyReportByState.aspx,2026-09-11T11:33:09.630308
9,Gurukul School Of Nursing,"Gurukul School Of Nursing, Vpo Badesh Kalan Khamano, Khamano, Distt.- Fatehgarh Sahib, Punjab, Pin Code- 140102",Shri Harkrishan Educational Society,Fatehgarh Sahib,Punjab,Private,GNM,60 (Sixty),2025-2026,9,https://online.indiannursingcouncil.org/Reports/YearlyReportByState.aspx,2026-09-11T11:33:09.630308
10,Hakim Kishori Lal School Of Nursing,"Hakim Kishori Lal School Of Nursing,, Guruharsahai, Guddar Dhandi Road, Guru Sahai, Distt.- Ferozepur, Punjab, Pin Code- 152022",Hakim Kishori Lal Educational And Charitable Society,Ferozepur,Punjab,Private,ANM,50 (Fifty),2025-2026,9,https://online.indiannursingcouncil.org/Reports/YearlyReportByState.aspx,2026-09-11T11:33:09.630308
10,Hakim Kishori Lal School Of Nursing,"Hakim Kishori Lal School Of Nursing,, Guruharsahai, Guddar Dhandi Road, Guru Sahai, Distt.- Ferozepur, Punjab, Pin Code- 152022",Hakim Kishori Lal Educational And Charitable Society,Ferozepur,Punjab,Private,GNM,60 (Sixty),2025-2026,9,https://online.indiannursingcouncil.org/Reports/YearlyReportByState.aspx,2026-09-11T11:33:09.630308
10,Hakim Kishori Lal School Of Nursing,"Hakim Kishori Lal School Of Nursing,, Guruharsahai, Guddar Dhandi Road, Guru Sahai, Distt.- Ferozepur, Punjab, Pin Code- 152022",Hakim Kishori Lal Educational And Charitable Society,Ferozepur,Punjab,Private,B.Sc(N),50 (Fifty),2025-2026,9,https://online.indiannursingcouncil.org/Reports/YearlyReportByState.aspx,2026-09-11T11:33:09.630308
10,Hakim Kishori Lal School Of Nursing,"Hakim Kishori Lal School Of Nursing,, Guruharsahai, Guddar Dhandi Road, Guru Sahai, Distt.- Ferozepur, Punjab, Pin Code- 152022",Hakim Kishori Lal Educational And Charitable Society,Ferozepur,Punjab,Private,P B B.Sc(N),30 (Thirty),2025-2026,9,https://online.indiannursingcouncil.org/Reports/YearlyReportByState.aspx,2026-09-11T11:33:09.630308
11,Himalaya Modern School Of Nursing,"Himalaya Modern School Of Nursing, Jail Road Village- Babowal, Gurdaspur , Distt.- Gurdaspur, Punjab, Pin Code- 143521",Himalaya Modern School Society,Gurdaspur,Punjab,Private,ANM,30 (Thirty),2025-2026,9,https://online.indiannursingcouncil.org/Reports/YearlyReportByState.aspx,2026-09-11T11:33:09.630308
11,Himalaya Modern School Of Nursing,"Himalaya Modern School Of Nursing, Jail Road Village- Babowal, Gurdaspur , Distt.- Gurdaspur, Punjab, Pin Code- 143521",Himalaya Modern School Society,Gurdaspur,Punjab,Private,GNM,40 (Forty),2025-2026,9,https://online.indiannursingcouncil.org/Reports/YearlyReportByState.aspx,2026-09-11T11:33:09.630308
12,Holy Nursing School,"Holy Nursing School , Vpo Singhewala Tehsil-Malout Distt. Sri Muktsar Sahib Punjab 152113, Singhewala, Distt.- Mukatsar, Punjab, Pin Code- 152113",Learning Tree Educational Society,Mukatsar,Punjab,Private,GNM,50 (Fifty),2025-2026,9,https://online.indiannursingcouncil.org/Reports/YearlyReportByState.aspx,2026-09-11T11:33:09.630308
13,Homi Bhabha Cancer Hospital,"Homi Bhabha Cancer Hospital, Civil Hospital Campus, , Distt.- Sangrur, Punjab, Pin Code- 148001",Department Of Atomic Energy,Sangrur,Punjab,Government,Post Basic Diploma in Oncology Nursing,30 (Thirty),2025-2026,9,https://online.indiannursingcouncil.org/Reports/YearlyReportByState.aspx,2026-09-11T11:33:09.630308
14,Indian Medical Institute Of Nursing Training,"Indian Medical Institute Of Nursing Training, Vill. Bidhipur, Near Bidhipur Phatak, Vill.- Jalandhar , Tehsil- Jalandhar West, Distt.- Jalandhar, Punjab, Pin Code- 144011",Bharat Para Medical Sciences Educational And Development Welfare Society,Jalandhar,Punjab,Private,ANM,30 (Thirty),2025-2026,9,https://online.indiannursingcouncil.org/Reports/YearlyReportByState.aspx,2026-09-11T11:33:09.630308
14,Indian Medical Institute Of Nursing Training,"Indian Medical Institute Of Nursing Training, Vill. Bidhipur, Near Bidhipur Phatak, Vill.- Jalandhar , Tehsil- Jalandhar West, Distt.- Jalandhar, Punjab, Pin Code- 144011",Bharat Para Medical Sciences Educational And Development Welfare Society,Jalandhar,Punjab,Private,GNM,30 (Thirty),2025-2026,9,https://online.indiannursingcouncil.org/Reports/YearlyReportByState.aspx,2026-09-11T11:33:09.630308
15,Indo American College Of Nursing,"Indo American College Of Nursing, Amritsar Road, Moga, Distt.- Moga, Punjab, Pin Code- 142001",Sandhu Hospital And Maternity Home,Moga,Punjab,Private,B.Sc(N),40 (Forty),2025-2026,9,https://online.indiannursingcouncil.org/Reports/YearlyReportByState.aspx,2026-09-11T11:33:09.630308
15,Indo American College Of Nursing,"Indo American College Of Nursing, Amritsar Road, Moga, Distt.- Moga, Punjab, Pin Code- 142001",Sandhu Hospital And Maternity Home,Moga,Punjab,Private,GNM,60 (Sixty),2025-2026,9,https://online.indiannursingcouncil.org/Reports/YearlyReportByState.aspx,2026-09-11T11:33:09.630308
1,Indo American College Of Nursing,"Indo American College Of Nursing, Amritsar Road, Moga, Distt.- Moga, Punjab, Pin Code- 142001",Sandhu Hospital And Maternity Home,Moga,Punjab,Private,P B B.Sc(N),30 (Thirty),2025-2026,10,https://online.indiannursingcouncil.org/Reports/YearlyReportByState.aspx,2026-09-11T11:33:17.477042
2,Institute Of Nursing Education,"Institute Of Nursing Education, Guru Teg Bahadur Sahib Hospital, Ludhiana, Distt.- Ludhiana, Punjab, Pin Code- 141002",Guru Teg Bahadur Sahib C Society,Ludhiana,Punjab,Private,B.Sc(N),60 (Sixty),2025-2026,10,https://online.indiannursingcouncil.org/Reports/YearlyReportByState.aspx,2026-09-11T11:33:17.477042
2,Institute Of Nursing Education,"Institute Of Nursing Education, Guru Teg Bahadur Sahib Hospital, Ludhiana, Distt.- Ludhiana, Punjab, Pin Code- 141002",Guru Teg Bahadur Sahib C Society,Ludhiana,Punjab,Private,GNM,60 (Sixty),2025-2026,10,https://online.indiannursingcouncil.org/Reports/YearlyReportByState.aspx,2026-09-11T11:33:17.477042
2,Institute Of Nursing Education,"Institute Of Nursing Education, Guru Teg Bahadur Sahib Hospital, Ludhiana, Distt.- Ludhiana, Punjab, Pin Code- 141002",Guru Teg Bahadur Sahib C Society,Ludhiana,Punjab,Private,P B B.Sc(N),30 (Thirty),2025-2026,10,https://online.indiannursingcouncil.org/Reports/YearlyReportByState.aspx,2026-09-11T11:33:17.477042
3,Institute Of Nursing,"Institute Of Nursing, Near Focal Point, Phase -Ii, Goindwal Sahib , Govindwal Sahib, Distt.- Tarn Taran, Punjab, Pin Code- 143422",Baba Farid University Of Health Sciences,Tarn Taran,Punjab,Government,GNM,60 (Sixty),2025-2026,10,https://online.indiannursingcouncil.org/Reports/YearlyReportByState.aspx,2026-09-11T11:33:17.477042
3,Institute Of Nursing,"Institute Of Nursing, Near Focal Point, Phase -Ii, Goindwal Sahib , Govindwal Sahib, Distt.- Tarn Taran, Punjab, Pin Code- 143422",Baba Farid University Of Health Sciences,Tarn Taran,Punjab,Government,B.Sc(N),60 (Sixty),2025-2026,10,https://online.indiannursingcouncil.org/Reports/YearlyReportByState.aspx,2026-09-11T11:33:17.477042
3,Institute Of Nursing,"Institute Of Nursing, Near Focal Point, Phase -Ii, Goindwal Sahib , Govindwal Sahib, Distt.- Tarn Taran, Punjab, Pin Code- 143422",Baba Farid University Of Health Sciences,Tarn Taran,Punjab,Government,M. Sc (N),"25 (Twenty Five) Med- Surg-07, Chn-06, Obg-06, Pead-06",2025-2026,10,https://online.indiannursingcouncil.org/Reports/YearlyReportByState.aspx,2026-09-11T11:33:17.477042
3,Institute Of Nursing,"Institute Of Nursing, Near Focal Point, Phase -Ii, Goindwal Sahib , Govindwal Sahib, Distt.- Tarn Taran, Punjab, Pin Code- 143422",Baba Farid University Of Health Sciences,Tarn Taran,Punjab,Government,P B B.Sc(N),20 (Twenty),2025-2026,10,https://online.indiannursingcouncil.org/Reports/YearlyReportByState.aspx,2026-09-11T11:33:17.477042
4,International Divine School Of Nursing,"International Divine School Of Nursing, Ratwara Sahib, Po Mullanpur Garibdass, Mullanpur Garibdass, Distt.- Mohali, Punjab, Pin Code- 140901",Vishav Gurmat Roohani Mission Charitable Trust,Mohali,Punjab,Private,GNM,40 (Forty),2025-2026,10,https://online.indiannursingcouncil.org/Reports/YearlyReportByState.aspx,2026-09-11T11:33:17.477042
5,International School Of Nursing,"International School Of Nursing, Village - Piddi, Opp. Petrol Pump, Tarn Taran , Distt.- Tarn Taran, Punjab, Pin Code- 143401",International Sikh Educational Society,Tarn Taran,Punjab,Private,ANM,30 (Thirty),2025-2026,10,https://online.indiannursingcouncil.org/Reports/YearlyReportByState.aspx,2026-09-11T11:33:17.477042
5,International School Of Nursing,"International School Of Nursing, Village - Piddi, Opp. Petrol Pump, Tarn Taran , Distt.- Tarn Taran, Punjab, Pin Code- 143401",International Sikh Educational Society,Tarn Taran,Punjab,Private,GNM,60 (Sixty),2025-2026,10,https://online.indiannursingcouncil.org/Reports/YearlyReportByState.aspx,2026-09-11T11:33:17.477042
5,International School Of Nursing,"International School Of Nursing, Village - Piddi, Opp. Petrol Pump, Tarn Taran , Distt.- Tarn Taran, Punjab, Pin Code- 143401",International Sikh Educational Society,Tarn Taran,Punjab,Private,B.Sc(N),60 (Sixty),2025-2026,10,https://online.indiannursingcouncil.org/Reports/YearlyReportByState.aspx,2026-09-11T11:33:17.477042
5,International School Of Nursing,"International School Of Nursing, Village - Piddi, Opp. Petrol Pump, Tarn Taran , Distt.- Tarn Taran, Punjab, Pin Code- 143401",International Sikh Educational Society,Tarn Taran,Punjab,Private,P B B.Sc(N),30 (Thirty),2025-2026,10,https://online.indiannursingcouncil.org/Reports/YearlyReportByState.aspx,2026-09-11T11:33:17.477042
6,J U S S Institute Of Nursing And Medical Sciences,"J U S S Institute Of Nursing And Medical Sciences, V.P.O. Sekhwan, District Gurdaspur , Gurdaspur, Distt.- Gurdaspur, Punjab, Pin Code- 143518",Jathedar Ujagar Singh Sekhwan Memorial Trust,Gurdaspur,Punjab,Private,ANM,40 (Forty),2025-2026,10,https://online.indiannursingcouncil.org/Reports/YearlyReportByState.aspx,2026-09-11T11:33:17.477042
6,J U S S Institute Of Nursing And Medical Sciences,"J U S S Institute Of Nursing And Medical Sciences, V.P.O. Sekhwan, District Gurdaspur , Gurdaspur, Distt.- Gurdaspur, Punjab, Pin Code- 143518",Jathedar Ujagar Singh Sekhwan Memorial Trust,Gurdaspur,Punjab,Private,GNM,50 (Fifty),2025-2026,10,https://online.indiannursingcouncil.org/Reports/YearlyReportByState.aspx,2026-09-11T11:33:17.477042
6,J U S S Institute Of Nursing And Medical Sciences,"J U S S Institute Of Nursing And Medical Sciences, V.P.O. Sekhwan, District Gurdaspur , Gurdaspur, Distt.- Gurdaspur, Punjab, Pin Code- 143518",Jathedar Ujagar Singh Sekhwan Memorial Trust,Gurdaspur,Punjab,Private,B.Sc(N),40 (Forty),2025-2026,10,https://online.indiannursingcouncil.org/Reports/YearlyReportByState.aspx,2026-09-11T11:33:17.477042
6,J U S S Institute Of Nursing And Medical Sciences,"J U S S Institute Of Nursing And Medical Sciences, V.P.O. Sekhwan, District Gurdaspur , Gurdaspur, Distt.- Gurdaspur, Punjab, Pin Code- 143518",Jathedar Ujagar Singh Sekhwan Memorial Trust,Gurdaspur,Punjab,Private,P B B.Sc(N),20 (Twenty),2025-2026,10,https://online.indiannursingcouncil.org/Reports/YearlyReportByState.aspx,2026-09-11T11:33:17.477042
7,Jai Ambey Education Society,"Jai Ambey Education Society, School Of Nursing, Ward No 10, Talwara Rd, Mukerian, Vill.- Sandhwal, Tehsil- Mukerian, Distt.- Hoshiarpur, Punjab, Pin Code- 144221",Jai Ambey Education Society,Hoshiarpur,Punjab,Private,ANM,30 (Thirty),2025-2026,10,https://online.indiannursingcouncil.org/Reports/YearlyReportByState.aspx,2026-09-11T11:33:17.477042
7,Jai Ambey Education Society,"Jai Ambey Education Society, School Of Nursing, Ward No 10, Talwara Rd, Mukerian, Vill.- Sandhwal, Tehsil- Mukerian, Distt.- Hoshiarpur, Punjab, Pin Code- 144221",Jai Ambey Education Society,Hoshiarpur,Punjab,Private,GNM,40 (Forty),2025-2026,10,https://online.indiannursingcouncil.org/Reports/YearlyReportByState.aspx,2026-09-11T11:33:17.477042
7,Jai Ambey Education Society,"Jai Ambey Education Society, School Of Nursing, Ward No 10, Talwara Rd, Mukerian, Vill.- Sandhwal, Tehsil- Mukerian, Distt.- Hoshiarpur, Punjab, Pin Code- 144221",Jai Ambey Education Society,Hoshiarpur,Punjab,Private,B.Sc(N),40 (Forty),2025-2026,10,https://online.indiannursingcouncil.org/Reports/YearlyReportByState.aspx,2026-09-11T11:33:17.477042
8,Jain Institute Of Nursing,"Jain Institute Of Nursing, Vpo: Usmankhera, Abohar, Distt.- Fazilka, Punjab, Pin Code- 152132",Krishana Welfare Trust,Fazilka,Punjab,Private,ANM,30 (Thirty),2025-2026,10,https://online.indiannursingcouncil.org/Reports/YearlyReportByState.aspx,2026-09-11T11:33:17.477042
8,Jain Institute Of Nursing,"Jain Institute Of Nursing, Vpo: Usmankhera, Abohar, Distt.- Fazilka, Punjab, Pin Code- 152132",Krishana Welfare Trust,Fazilka,Punjab,Private,GNM,60 (Sixty),2025-2026,10,https://online.indiannursingcouncil.org/Reports/YearlyReportByState.aspx,2026-09-11T11:33:17.477042
8,Jain Institute Of Nursing,"Jain Institute Of Nursing, Vpo: Usmankhera, Abohar, Distt.- Fazilka, Punjab, Pin Code- 152132",Krishana Welfare Trust,Fazilka,Punjab,Private,B.Sc(N),60 (Sixty),2025-2026,10,https://online.indiannursingcouncil.org/Reports/YearlyReportByState.aspx,2026-09-11T11:33:17.477042
8,Jain Institute Of Nursing,"Jain Institute Of Nursing, Vpo: Usmankhera, Abohar, Distt.- Fazilka, Punjab, Pin Code- 152132",Krishana Welfare Trust,Fazilka,Punjab,Private,P B B.Sc(N),20 (Twenty),2025-2026,10,https://online.indiannursingcouncil.org/Reports/YearlyReportByState.aspx,2026-09-11T11:33:17.477042
9,Jeewan Jot School Of Nursing,"Jeewan Jot School Of Nursing, Sidhwan Bet Road, Swaddi Khurd, Distt.- Ludhiana, Punjab, Pin Code- 142026",Baba Nand Singh Ji Memorial Trust,Ludhiana,Punjab,Private,ANM,50 (Fifty),2025-2026,10,https://online.indiannursingcouncil.org/Reports/YearlyReportByState.aspx,2026-09-11T11:33:17.477042
9,Jeewan Jot School Of Nursing,"Jeewan Jot School Of Nursing, Sidhwan Bet Road, Swaddi Khurd, Distt.- Ludhiana, Punjab, Pin Code- 142026",Baba Nand Singh Ji Memorial Trust,Ludhiana,Punjab,Private,GNM,50 (Fifty),2025-2026,10,https://online.indiannursingcouncil.org/Reports/YearlyReportByState.aspx,2026-09-11T11:33:17.477042
10,Jhulka Institute Of Nursing & Health Sciences,"Jhulka Institute Of Nursing & Health Sciences, Jhulka Nagar, Batala Road, Qadian, Distt.- Gurdaspur, Punjab, Pin Code- 143516",Julka Hospital Charitable Trust,Gurdaspur,Punjab,Private,ANM,30 (Thirty),2025-2026,10,https://online.indiannursingcouncil.org/Reports/YearlyReportByState.aspx,2026-09-11T11:33:17.477042
10,Jhulka Institute Of Nursing & Health Sciences,"Jhulka Institute Of Nursing & Health Sciences, Jhulka Nagar, Batala Road, Qadian, Distt.- Gurdaspur, Punjab, Pin Code- 143516",Julka Hospital Charitable Trust,Gurdaspur,Punjab,Private,GNM,40 (Forty),2025-2026,10,https://online.indiannursingcouncil.org/Reports/YearlyReportByState.aspx,2026-09-11T11:33:17.477042
10,Jhulka Institute Of Nursing & Health Sciences,"Jhulka Institute Of Nursing & Health Sciences, Jhulka Nagar, Batala Road, Qadian, Distt.- Gurdaspur, Punjab, Pin Code- 143516",Julka Hospital Charitable Trust,Gurdaspur,Punjab,Private,B.Sc(N),40 (Forty),2025-2026,10,https://online.indiannursingcouncil.org/Reports/YearlyReportByState.aspx,2026-09-11T11:33:17.477042
11,K D College Of Nursing,"K D College Of Nursing, Behind Maruti Suzuki Showroom, Chandigarh Road, Mahilpur, Distt.- Hoshiarpur, Punjab, Pin Code- 146105",Smt. Krishna Devi Educational Charitable Society,Hoshiarpur,Punjab,Private,ANM,30 (Thirty),2025-2026,10,https://online.indiannursingcouncil.org/Reports/YearlyReportByState.aspx,2026-09-11T11:33:17.477042
1,K D College Of Nursing,"K D College Of Nursing, Behind Maruti Suzuki Showroom, Chandigarh Road, Mahilpur, Distt.- Hoshiarpur, Punjab, Pin Code- 146105",Smt. Krishna Devi Educational Charitable Society,Hoshiarpur,Punjab,Private,GNM,40 (Forty),2025-2026,11,https://online.indiannursingcouncil.org/Reports/YearlyReportByState.aspx,2026-09-11T11:33:25.377517
2,Kallawanti School Of Nursing,"Kallawanti School Of Nursing, Bathinda-Bajakhana Road, Village-Goniana Khurd, Bathinda, Distt.- Bathinda, Punjab, Pin Code- 151201",Lala Karta Ram Edu And Welfare Society,Bathinda,Punjab,Private,ANM,60 (Sixty),2025-2026,11,https://online.indiannursingcouncil.org/Reports/YearlyReportByState.aspx,2026-09-11T11:33:25.377517
2,Kallawanti School Of Nursing,"Kallawanti School Of Nursing, Bathinda-Bajakhana Road, Village-Goniana Khurd, Bathinda, Distt.- Bathinda, Punjab, Pin Code- 151201",Lala Karta Ram Edu And Welfare Society,Bathinda,Punjab,Private,GNM,60 (Sixty),2025-2026,11,https://online.indiannursingcouncil.org/Reports/YearlyReportByState.aspx,2026-09-11T11:33:25.377517
3,Kcr College Of Nursing Ralli Budhlada,"Kcr College Of Nursing Ralli Budhlada, Village Ralli, Budhlada Distt Mansa, Budhlada, Distt.- Mansa, Punjab, Pin Code- 151502",Kcr Educational And Welfare Society,Mansa,Punjab,Private,ANM,40 (Forty),2025-2026,11,https://online.indiannursingcouncil.org/Reports/YearlyReportByState.aspx,2026-09-11T11:33:25.377517
3,Kcr College Of Nursing Ralli Budhlada,"Kcr College Of Nursing Ralli Budhlada, Village Ralli, Budhlada Distt Mansa, Budhlada, Distt.- Mansa, Punjab, Pin Code- 151502",Kcr Educational And Welfare Society,Mansa,Punjab,Private,GNM,50 (Fifty),2025-2026,11,https://online.indiannursingcouncil.org/Reports/YearlyReportByState.aspx,2026-09-11T11:33:25.377517
4,Khalsa College Of Nursing,"Khalsa College Of Nursing, Gate No. 5, G.T. Road, Amritsar (Punjab) , Amritsar , Distt.- Amritser, Punjab, Pin Code- 143001",Khalsa College Charitable Society,Amritser,Punjab,Private,ANM,30 (Thirty),2025-2026,11,https://online.indiannursingcouncil.org/Reports/YearlyReportByState.aspx,2026-09-11T11:33:25.377517
4,Khalsa College Of Nursing,"Khalsa College Of Nursing, Gate No. 5, G.T. Road, Amritsar (Punjab) , Amritsar , Distt.- Amritser, Punjab, Pin Code- 143001",Khalsa College Charitable Society,Amritser,Punjab,Private,GNM,40 (Forty),2025-2026,11,https://online.indiannursingcouncil.org/Reports/YearlyReportByState.aspx,2026-09-11T11:33:25.377517
4,Khalsa College Of Nursing,"Khalsa College Of Nursing, Gate No. 5, G.T. Road, Amritsar (Punjab) , Amritsar , Distt.- Amritser, Punjab, Pin Code- 143001",Khalsa College Charitable Society,Amritser,Punjab,Private,M. Sc (N),20 (Twenty) Med-Surg-5 Chn-5 Obg-5 Psy-5,2025-2026,11,https://online.indiannursingcouncil.org/Reports/YearlyReportByState.aspx,2026-09-11T11:33:25.377517
4,Khalsa College Of Nursing,"Khalsa College Of Nursing, Gate No. 5, G.T. Road, Amritsar (Punjab) , Amritsar , Distt.- Amritser, Punjab, Pin Code- 143001",Khalsa College Charitable Society,Amritser,Punjab,Private,B.Sc(N),60 (Sixty),2025-2026,11,https://online.indiannursingcouncil.org/Reports/YearlyReportByState.aspx,2026-09-11T11:33:25.377517
4,Khalsa College Of Nursing,"Khalsa College Of Nursing, Gate No. 5, G.T. Road, Amritsar (Punjab) , Amritsar , Distt.- Amritser, Punjab, Pin Code- 143001",Khalsa College Charitable Society,Amritser,Punjab,Private,P B B.Sc(N),30 (Thirty),2025-2026,11,https://online.indiannursingcouncil.org/Reports/YearlyReportByState.aspx,2026-09-11T11:33:25.377517
5,Khalsa Nursing College,"Khalsa Nursing College, V.P.O Mehta Chowk, Tehsil Baba Bakala District Amritsar, Amritsar, Distt.- Amritser, Punjab, Pin Code- 143114",Sant Kartar Singh Khalsa Educational Charitable Trust (Regd.),Amritser,Punjab,Private,GNM,40 (Forty),2025-2026,11,https://online.indiannursingcouncil.org/Reports/YearlyReportByState.aspx,2026-09-11T11:33:25.377517
6,Krishna College Of Nursing,"Krishna College Of Nursing, Village - Ralli, Near Bus Stand, Budhlada , Distt.- Mansa, Punjab, Pin Code- 151502",Shri Krishna Educational And Welfare Society,Mansa,Punjab,Private,ANM,20 (Twenty),2025-2026,11,https://online.indiannursingcouncil.org/Reports/YearlyReportByState.aspx,2026-09-11T11:33:25.377517
6,Krishna College Of Nursing,"Krishna College Of Nursing, Village - Ralli, Near Bus Stand, Budhlada , Distt.- Mansa, Punjab, Pin Code- 151502",Shri Krishna Educational And Welfare Society,Mansa,Punjab,Private,GNM,50 (Fifty),2025-2026,11,https://online.indiannursingcouncil.org/Reports/YearlyReportByState.aspx,2026-09-11T11:33:25.377517
7,Kular College Of Nursing,"Kular College Of Nursing, G T Road, Vill.- Kishangarh, Tehsil- Khanna, Distt.- Ludhiana, Punjab, Pin Code- 141401",Kular Medical Education And Research Society,Ludhiana,Punjab,Private,GNM,50 (Fifty),2025-2026,11,https://online.indiannursingcouncil.org/Reports/YearlyReportByState.aspx,2026-09-11T11:33:25.377517
7,Kular College Of Nursing,"Kular College Of Nursing, G T Road, Vill.- Kishangarh, Tehsil- Khanna, Distt.- Ludhiana, Punjab, Pin Code- 141401",Kular Medical Education And Research Society,Ludhiana,Punjab,Private,B.Sc(N),60 (Sixty),2025-2026,11,https://online.indiannursingcouncil.org/Reports/YearlyReportByState.aspx,2026-09-11T11:33:25.377517
8,Lajjiawati Jain Memorial Nursing Institute,"Lajjiawati Jain Memorial Nursing Institute, State Highway 13 Barnala,Raikot Main Highway, Vpo-Jalaldiwal , Vill.- Jalaldiwal, Tehsil- Jagraon, Distt.- Ludhiana, Punjab, Pin Code- 141109",Lajjiawati Jain Memorial Society,Ludhiana,Punjab,Private,GNM,40 (Forty),2025-2026,11,https://online.indiannursingcouncil.org/Reports/YearlyReportByState.aspx,2026-09-11T11:33:25.377517
8,Lajjiawati Jain Memorial Nursing Institute,"Lajjiawati Jain Memorial Nursing Institute, State Highway 13 Barnala,Raikot Main Highway, Vpo-Jalaldiwal , Vill.- Jalaldiwal, Tehsil- Jagraon, Distt.- Ludhiana, Punjab, Pin Code- 141109",Lajjiawati Jain Memorial Society,Ludhiana,Punjab,Private,B.Sc(N),50 (Fifty),2025-2026,11,https://online.indiannursingcouncil.org/Reports/YearlyReportByState.aspx,2026-09-11T11:33:25.377517
8,Lajjiawati Jain Memorial Nursing Institute,"Lajjiawati Jain Memorial Nursing Institute, State Highway 13 Barnala,Raikot Main Highway, Vpo-Jalaldiwal , Vill.- Jalaldiwal, Tehsil- Jagraon, Distt.- Ludhiana, Punjab, Pin Code- 141109",Lajjiawati Jain Memorial Society,Ludhiana,Punjab,Private,ANM,40 (Forty),2025-2026,11,https://online.indiannursingcouncil.org/Reports/YearlyReportByState.aspx,2026-09-11T11:33:25.377517
8,Lajjiawati Jain Memorial Nursing Institute,"Lajjiawati Jain Memorial Nursing Institute, State Highway 13 Barnala,Raikot Main Highway, Vpo-Jalaldiwal , Vill.- Jalaldiwal, Tehsil- Jagraon, Distt.- Ludhiana, Punjab, Pin Code- 141109",Lajjiawati Jain Memorial Society,Ludhiana,Punjab,Private,P B B.Sc(N),40 (Forty),2025-2026,11,https://online.indiannursingcouncil.org/Reports/YearlyReportByState.aspx,2026-09-11T11:33:25.377517
9,Lala Lajpat Rai Institute Of Nsg Education,"Lala Lajpat Rai Institute Of Nsg Education, College Of Nursing, Gulab Devi Hospital Road, Vill.- Jalandhar , Tehsil- Jalandhar West, Distt.- Jalandhar, Punjab, Pin Code- 144008",Gulab Devi Memorial Hospital Trust Jalandhar,Jalandhar,Punjab,Private,B.Sc(N),50 (Fifty),2025-2026,11,https://online.indiannursingcouncil.org/Reports/YearlyReportByState.aspx,2026-09-11T11:33:25.377517
9,Lala Lajpat Rai Institute Of Nsg Education,"Lala Lajpat Rai Institute Of Nsg Education, College Of Nursing, Gulab Devi Hospital Road, Vill.- Jalandhar , Tehsil- Jalandhar West, Distt.- Jalandhar, Punjab, Pin Code- 144008",Gulab Devi Memorial Hospital Trust Jalandhar,Jalandhar,Punjab,Private,GNM,50 (Fifty),2025-2026,11,https://online.indiannursingcouncil.org/Reports/YearlyReportByState.aspx,2026-09-11T11:33:25.377517
10,Lala Lajpat Rai School Of Nursing,"Lala Lajpat Rai School Of Nursing,, V P O- Ghall Kalan, Near P S Sadar, Moga, Distt.- Moga, Punjab, Pin Code- 142001",Shiva Educational Trust,Moga,Punjab,Private,GNM,40 (Forty),2025-2026,11,https://online.indiannursingcouncil.org/Reports/YearlyReportByState.aspx,2026-09-11T11:33:25.377517
10,Lala Lajpat Rai School Of Nursing,"Lala Lajpat Rai School Of Nursing,, V P O- Ghall Kalan, Near P S Sadar, Moga, Distt.- Moga, Punjab, Pin Code- 142001",Shiva Educational Trust,Moga,Punjab,Private,B.Sc(N),40 (Forty),2025-2026,11,https://online.indiannursingcouncil.org/Reports/YearlyReportByState.aspx,2026-09-11T11:33:25.377517
11,Life Guard Nursing Institute,"Life Guard Nursing Institute, Village- Bhindran , Sangrur, Distt.- Sangrur, Punjab, Pin Code- 148001",Life Guard Medical Social Wel And Edu Society,Sangrur,Punjab,Private,ANM,50 (Fifty),2025-2026,11,https://online.indiannursingcouncil.org/Reports/YearlyReportByState.aspx,2026-09-11T11:33:25.377517
11,Life Guard Nursing Institute,"Life Guard Nursing Institute, Village- Bhindran , Sangrur, Distt.- Sangrur, Punjab, Pin Code- 148001",Life Guard Medical Social Wel And Edu Society,Sangrur,Punjab,Private,B.Sc(N),60 (Sixty),2025-2026,11,https://online.indiannursingcouncil.org/Reports/YearlyReportByState.aspx,2026-09-11T11:33:25.377517
11,Life Guard Nursing Institute,"Life Guard Nursing Institute, Village- Bhindran , Sangrur, Distt.- Sangrur, Punjab, Pin Code- 148001",Life Guard Medical Social Wel And Edu Society,Sangrur,Punjab,Private,GNM,60 (Sixty),2025-2026,11,https://online.indiannursingcouncil.org/Reports/YearlyReportByState.aspx,2026-09-11T11:33:25.377517
11,Life Guard Nursing Institute,"Life Guard Nursing Institute, Village- Bhindran , Sangrur, Distt.- Sangrur, Punjab, Pin Code- 148001",Life Guard Medical Social Wel And Edu Society,Sangrur,Punjab,Private,P B B.Sc(N),50 (Fifty),2025-2026,11,https://online.indiannursingcouncil.org/Reports/YearlyReportByState.aspx,2026-09-11T11:33:25.377517
12,Lord Shiva School Of Nursing,"Lord Shiva School Of Nursing, Vpo- Hamirgarh Tehsil Moonak Distt Sangrur , , Distt.- Sangrur, Punjab, Pin Code- 148033",Shiva Educational And Welfare Society,Sangrur,Punjab,Private,ANM,30 (Thirty),2025-2026,11,https://online.indiannursingcouncil.org/Reports/YearlyReportByState.aspx,2026-09-11T11:33:25.377517
12,Lord Shiva School Of Nursing,"Lord Shiva School Of Nursing, Vpo- Hamirgarh Tehsil Moonak Distt Sangrur , , Distt.- Sangrur, Punjab, Pin Code- 148033",Shiva Educational And Welfare Society,Sangrur,Punjab,Private,GNM,60 (Sixty),2025-2026,11,https://online.indiannursingcouncil.org/Reports/YearlyReportByState.aspx,2026-09-11T11:33:25.377517
12,Lord Shiva School Of Nursing,"Lord Shiva School Of Nursing, Vpo- Hamirgarh Tehsil Moonak Distt Sangrur , , Distt.- Sangrur, Punjab, Pin Code- 148033",Shiva Educational And Welfare Society,Sangrur,Punjab,Private,P B B.Sc(N),40 (Forty),2025-2026,11,https://online.indiannursingcouncil.org/Reports/YearlyReportByState.aspx,2026-09-11T11:33:25.377517
1,Ludhiana Institute Of Nursing,"Ludhiana Institute Of Nursing, V P O Kube, Teh. Samrala , Ludhiana, Distt.- Ludhiana, Punjab, Pin Code- 141418",Global Educational Society,Ludhiana,Punjab,Private,ANM,30 (Thirty),2025-2026,12,https://online.indiannursingcouncil.org/Reports/YearlyReportByState.aspx,2026-09-11T11:33:34.389877
1,Ludhiana Institute Of Nursing,"Ludhiana Institute Of Nursing, V P O Kube, Teh. Samrala , Ludhiana, Distt.- Ludhiana, Punjab, Pin Code- 141418",Global Educational Society,Ludhiana,Punjab,Private,GNM,40 (Forty),2025-2026,12,https://online.indiannursingcouncil.org/Reports/YearlyReportByState.aspx,2026-09-11T11:33:34.389877
2,M.L. Memorial College Of Nursing,"M.L. Memorial College Of Nursing, V.P.O Killi Chahal-Moga,Punjab, Moga, Distt.- Moga, Punjab, Pin Code- 142053",Sh. M.L. Memorial Educational Society Regd. Badhni Kalan Dist. Moga Punjab,Moga,Punjab,Private,B.Sc(N),40 (Forty),2025-2026,12,https://online.indiannursingcouncil.org/Reports/YearlyReportByState.aspx,2026-09-11T11:33:34.389877
2,M.L. Memorial College Of Nursing,"M.L. Memorial College Of Nursing, V.P.O Killi Chahal-Moga,Punjab, Moga, Distt.- Moga, Punjab, Pin Code- 142053",Sh. M.L. Memorial Educational Society Regd. Badhni Kalan Dist. Moga Punjab,Moga,Punjab,Private,P B B.Sc(N),30 (Thirty),2025-2026,12,https://online.indiannursingcouncil.org/Reports/YearlyReportByState.aspx,2026-09-11T11:33:34.389877
2,M.L. Memorial College Of Nursing,"M.L. Memorial College Of Nursing, V.P.O Killi Chahal-Moga,Punjab, Moga, Distt.- Moga, Punjab, Pin Code- 142053",Sh. M.L. Memorial Educational Society Regd. Badhni Kalan Dist. Moga Punjab,Moga,Punjab,Private,ANM,40 (Forty),2025-2026,12,https://online.indiannursingcouncil.org/Reports/YearlyReportByState.aspx,2026-09-11T11:33:34.389877
2,M.L. Memorial College Of Nursing,"M.L. Memorial College Of Nursing, V.P.O Killi Chahal-Moga,Punjab, Moga, Distt.- Moga, Punjab, Pin Code- 142053",Sh. M.L. Memorial Educational Society Regd. Badhni Kalan Dist. Moga Punjab,Moga,Punjab,Private,GNM,60 (Sixty),2025-2026,12,https://online.indiannursingcouncil.org/Reports/YearlyReportByState.aspx,2026-09-11T11:33:34.389877
3,Maa Saraswati School Of Nursing,"Maa Saraswati School Of Nursing, Vpo - Kala Tibba, Sitto Road, Abohar, Distt.- Ferozepur, Punjab, Pin Code- 152116",Maa Saraswati Educational Society,Ferozepur,Punjab,Private,ANM,50 (Fifty),2025-2026,12,https://online.indiannursingcouncil.org/Reports/YearlyReportByState.aspx,2026-09-11T11:33:34.389877
3,Maa Saraswati School Of Nursing,"Maa Saraswati School Of Nursing, Vpo - Kala Tibba, Sitto Road, Abohar, Distt.- Ferozepur, Punjab, Pin Code- 152116",Maa Saraswati Educational Society,Ferozepur,Punjab,Private,GNM,50 (Fifty),2025-2026,12,https://online.indiannursingcouncil.org/Reports/YearlyReportByState.aspx,2026-09-11T11:33:34.389877
4,Mahant Gurbanta Dass Memorial School Of Nursing,"Mahant Gurbanta Dass Memorial School Of Nursing, Anoop Nagar Dabwali Road Near Sirsa Fatak Bathinda Punjab , Bathinda, Distt.- Bathinda, Punjab, Pin Code- 151001",Sant Bhumi Foundation,Bathinda,Punjab,Private,ANM,30 (Thirty),2025-2026,12,https://online.indiannursingcouncil.org/Reports/YearlyReportByState.aspx,2026-09-11T11:33:34.389877
4,Mahant Gurbanta Dass Memorial School Of Nursing,"Mahant Gurbanta Dass Memorial School Of Nursing, Anoop Nagar Dabwali Road Near Sirsa Fatak Bathinda Punjab , Bathinda, Distt.- Bathinda, Punjab, Pin Code- 151001",Sant Bhumi Foundation,Bathinda,Punjab,Private,GNM,50 (Fifty),2025-2026,12,https://online.indiannursingcouncil.org/Reports/YearlyReportByState.aspx,2026-09-11T11:33:34.389877
5,Maharishi Parshuram School Of Nursing,"Maharishi Parshuram School Of Nursing, Jattwali, F.F Road, Fazilka, Fazilka, Distt.- Fazilka, Punjab, Pin Code- 152123",Maharishi Parshu Ram Society,Fazilka,Punjab,Private,ANM,30 (Thirty),2025-2026,12,https://online.indiannursingcouncil.org/Reports/YearlyReportByState.aspx,2026-09-11T11:33:34.389877
6,Mahatma Hans Raj D A V Institute Of Nursing,"Mahatma Hans Raj D A V Institute Of Nursing,, Mahatma Hans Raj Marg,, Jalandhar , Distt.- Jalandhar, Punjab, Pin Code- 144008",Dayanand Anglo Vedic College Trust,Jalandhar,Punjab,Private,GNM,60 (Sixty),2025-2026,12,https://online.indiannursingcouncil.org/Reports/YearlyReportByState.aspx,2026-09-11T11:33:34.389877
6,Mahatma Hans Raj D A V Institute Of Nursing,"Mahatma Hans Raj D A V Institute Of Nursing,, Mahatma Hans Raj Marg,, Jalandhar , Distt.- Jalandhar, Punjab, Pin Code- 144008",Dayanand Anglo Vedic College Trust,Jalandhar,Punjab,Private,B.Sc(N),60 (Sixty),2025-2026,12,https://online.indiannursingcouncil.org/Reports/YearlyReportByState.aspx,2026-09-11T11:33:34.389877
6,Mahatma Hans Raj D A V Institute Of Nursing,"Mahatma Hans Raj D A V Institute Of Nursing,, Mahatma Hans Raj Marg,, Jalandhar , Distt.- Jalandhar, Punjab, Pin Code- 144008",Dayanand Anglo Vedic College Trust,Jalandhar,Punjab,Private,M. Sc (N),17 Med-Surg-8 Obg-5 Psy-4,2025-2026,12,https://online.indiannursingcouncil.org/Reports/YearlyReportByState.aspx,2026-09-11T11:33:34.389877
6,Mahatma Hans Raj D A V Institute Of Nursing,"Mahatma Hans Raj D A V Institute Of Nursing,, Mahatma Hans Raj Marg,, Jalandhar , Distt.- Jalandhar, Punjab, Pin Code- 144008",Dayanand Anglo Vedic College Trust,Jalandhar,Punjab,Private,P B B.Sc(N),50 (Fifty),2025-2026,12,https://online.indiannursingcouncil.org/Reports/YearlyReportByState.aspx,2026-09-11T11:33:34.389877
7,Mai Bhago College Of Nursing,"Mai Bhago College Of Nursing, Villege Piddigt Roadnear Sugar Millstarn Taran, Tarn Taran, Distt.- Tarn Taran, Punjab, Pin Code- 143401",Sunrise Educational Society,Tarn Taran,Punjab,Private,ANM,40 (Forty),2025-2026,12,https://online.indiannursingcouncil.org/Reports/YearlyReportByState.aspx,2026-09-11T11:33:34.389877
7,Mai Bhago College Of Nursing,"Mai Bhago College Of Nursing, Villege Piddigt Roadnear Sugar Millstarn Taran, Tarn Taran, Distt.- Tarn Taran, Punjab, Pin Code- 143401",Sunrise Educational Society,Tarn Taran,Punjab,Private,GNM,60 (Sixty),2025-2026,12,https://online.indiannursingcouncil.org/Reports/YearlyReportByState.aspx,2026-09-11T11:33:34.389877
7,Mai Bhago College Of Nursing,"Mai Bhago College Of Nursing, Villege Piddigt Roadnear Sugar Millstarn Taran, Tarn Taran, Distt.- Tarn Taran, Punjab, Pin Code- 143401",Sunrise Educational Society,Tarn Taran,Punjab,Private,B.Sc(N),60 (Sixty),2025-2026,12,https://online.indiannursingcouncil.org/Reports/YearlyReportByState.aspx,2026-09-11T11:33:34.389877
7,Mai Bhago College Of Nursing,"Mai Bhago College Of Nursing, Villege Piddigt Roadnear Sugar Millstarn Taran, Tarn Taran, Distt.- Tarn Taran, Punjab, Pin Code- 143401",Sunrise Educational Society,Tarn Taran,Punjab,Private,M. Sc (N),25 (Twenty Five),2025-2026,12,https://online.indiannursingcouncil.org/Reports/YearlyReportByState.aspx,2026-09-11T11:33:34.389877
7,Mai Bhago College Of Nursing,"Mai Bhago College Of Nursing, Villege Piddigt Roadnear Sugar Millstarn Taran, Tarn Taran, Distt.- Tarn Taran, Punjab, Pin Code- 143401",Sunrise Educational Society,Tarn Taran,Punjab,Private,P B B.Sc(N),25 (Twenty Five),2025-2026,12,https://online.indiannursingcouncil.org/Reports/YearlyReportByState.aspx,2026-09-11T11:33:34.389877
8,Majha International School Of Nursing,"Majha International School Of Nursing, Friends Colony H No. 12, Dera Road, , Batala, Distt.- Gurdaspur, Punjab, Pin Code- 143505",National Welfare Health And Educ,Gurdaspur,Punjab,Private,ANM,40 (Forty),2025-2026,12,https://online.indiannursingcouncil.org/Reports/YearlyReportByState.aspx,2026-09-11T11:33:34.389877
9,Malwa College Of Nursing,"Malwa College Of Nursing, Raikot - Barnala State Highway, , Distt.- Barnala, Punjab, Pin Code- 0",Malwa Medical Educational Society,Barnala,Punjab,Private,ANM,40 (Forty),2025-2026,12,https://online.indiannursingcouncil.org/Reports/YearlyReportByState.aspx,2026-09-11T11:33:34.389877
9,Malwa College Of Nursing,"Malwa College Of Nursing, Raikot - Barnala State Highway, , Distt.- Barnala, Punjab, Pin Code- 0",Malwa Medical Educational Society,Barnala,Punjab,Private,GNM,60 (Sixty),2025-2026,12,https://online.indiannursingcouncil.org/Reports/YearlyReportByState.aspx,2026-09-11T11:33:34.389877
9,Malwa College Of Nursing,"Malwa College Of Nursing, Raikot - Barnala State Highway, , Distt.- Barnala, Punjab, Pin Code- 0",Malwa Medical Educational Society,Barnala,Punjab,Private,B.Sc(N),40 (Forty),2025-2026,12,https://online.indiannursingcouncil.org/Reports/YearlyReportByState.aspx,2026-09-11T11:33:34.389877
9,Malwa College Of Nursing,"Malwa College Of Nursing, Raikot - Barnala State Highway, , Distt.- Barnala, Punjab, Pin Code- 0",Malwa Medical Educational Society,Barnala,Punjab,Private,P B B.Sc(N),40 (Forty),2025-2026,12,https://online.indiannursingcouncil.org/Reports/YearlyReportByState.aspx,2026-09-11T11:33:34.389877
10,Malwa Institute Of Nursing,"Malwa Institute Of Nursing, Malakpur, Mansa, Mansa, Distt.- Mansa, Punjab, Pin Code- 151505",Shri Radhey Krishna Sewa Samiti,Mansa,Punjab,Private,ANM,30 (Thirty),2025-2026,12,https://online.indiannursingcouncil.org/Reports/YearlyReportByState.aspx,2026-09-11T11:33:34.389877
10,Malwa Institute Of Nursing,"Malwa Institute Of Nursing, Malakpur, Mansa, Mansa, Distt.- Mansa, Punjab, Pin Code- 151505",Shri Radhey Krishna Sewa Samiti,Mansa,Punjab,Private,GNM,30 (Thirty),2025-2026,12,https://online.indiannursingcouncil.org/Reports/YearlyReportByState.aspx,2026-09-11T11:33:34.389877
11,Malwa Institute Of Nursing,"Malwa Institute Of Nursing,, Kotkapura - 151 204, Faridkot, Distt.- Faridkot, Punjab, Pin Code- 151204",The Malwa Educational Society,Faridkot,Punjab,Private,GNM,60 (Sixty),2025-2026,12,https://online.indiannursingcouncil.org/Reports/YearlyReportByState.aspx,2026-09-11T11:33:34.389877
11,Malwa Institute Of Nursing,"Malwa Institute Of Nursing,, Kotkapura - 151 204, Faridkot, Distt.- Faridkot, Punjab, Pin Code- 151204",The Malwa Educational Society,Faridkot,Punjab,Private,B.Sc(N),40 (Forty),2025-2026,12,https://online.indiannursingcouncil.org/Reports/YearlyReportByState.aspx,2026-09-11T11:33:34.389877
11,Malwa Institute Of Nursing,"Malwa Institute Of Nursing,, Kotkapura - 151 204, Faridkot, Distt.- Faridkot, Punjab, Pin Code- 151204",The Malwa Educational Society,Faridkot,Punjab,Private,P B B.Sc(N),40 (Forty),2025-2026,12,https://online.indiannursingcouncil.org/Reports/YearlyReportByState.aspx,2026-09-11T11:33:34.389877
1,Malwa School Of Nursing,"Malwa School Of Nursing, Main Road , Sardulgarh , Distt.- Mansa, Punjab, Pin Code- 151507",Malwa Medical Education And Research Society,Mansa,Punjab,Private,ANM,35 (Thirty Five),2025-2026,13,https://online.indiannursingcouncil.org/Reports/YearlyReportByState.aspx,2026-09-11T11:33:42.318157
1,Malwa School Of Nursing,"Malwa School Of Nursing, Main Road , Sardulgarh , Distt.- Mansa, Punjab, Pin Code- 151507",Malwa Medical Education And Research Society,Mansa,Punjab,Private,GNM,40 (Forty),2025-2026,13,https://online.indiannursingcouncil.org/Reports/YearlyReportByState.aspx,2026-09-11T11:33:42.318157
2,Mata Gujri Institute Of Nursing,"Mata Gujri Institute Of Nursing, P O - Adampur,, Vill.- Vill- Mehmadpur, Tehsil- Adampur, Distt.- Jalandhar, Punjab, Pin Code- 144102",State Govt,Jalandhar,Punjab,Government,B.Sc(N),40 (Forty),2025-2026,13,https://online.indiannursingcouncil.org/Reports/YearlyReportByState.aspx,2026-09-11T11:33:42.318157
2,Mata Gujri Institute Of Nursing,"Mata Gujri Institute Of Nursing, P O - Adampur,, Vill.- Vill- Mehmadpur, Tehsil- Adampur, Distt.- Jalandhar, Punjab, Pin Code- 144102",State Govt,Jalandhar,Punjab,Government,GNM,40 (Forty),2025-2026,13,https://online.indiannursingcouncil.org/Reports/YearlyReportByState.aspx,2026-09-11T11:33:42.318157
3,Mata Gujri Nursing College,"Mata Gujri Nursing College, V.Babanpur, , Distt.- Sangrur, Punjab, Pin Code- 148024",Desh Bhagat College Trust,Sangrur,Punjab,Private,ANM,50 (Fifty),2025-2026,13,https://online.indiannursingcouncil.org/Reports/YearlyReportByState.aspx,2026-09-11T11:33:42.318157
3,Mata Gujri Nursing College,"Mata Gujri Nursing College, V.Babanpur, , Distt.- Sangrur, Punjab, Pin Code- 148024",Desh Bhagat College Trust,Sangrur,Punjab,Private,GNM,40 (Forty),2025-2026,13,https://online.indiannursingcouncil.org/Reports/YearlyReportByState.aspx,2026-09-11T11:33:42.318157
4,Mata Gujri School Of Nursing,"Mata Gujri School Of Nursing, Village Badrukhan, Barnala Road, Sangrur , Distt.- Sangrur, Punjab, Pin Code- 148001",Mata Gujri Educational Andwelfare Society,Sangrur,Punjab,Private,ANM,30 (Thirty),2025-2026,13,https://online.indiannursingcouncil.org/Reports/YearlyReportByState.aspx,2026-09-11T11:33:42.318157
4,Mata Gujri School Of Nursing,"Mata Gujri School Of Nursing, Village Badrukhan, Barnala Road, Sangrur , Distt.- Sangrur, Punjab, Pin Code- 148001",Mata Gujri Educational Andwelfare Society,Sangrur,Punjab,Private,GNM,60 (Sixty),2025-2026,13,https://online.indiannursingcouncil.org/Reports/YearlyReportByState.aspx,2026-09-11T11:33:42.318157
5,Mata Ishar Kaur Nursing Institute,"Mata Ishar Kaur Nursing Institute, Mansa, Vill.- Tamkot, Tehsil- Mansa, Distt.- Mansa, Punjab, Pin Code- 151505",Omkar Educational Society,Mansa,Punjab,Private,GNM,50 (Fifty),2025-2026,13,https://online.indiannursingcouncil.org/Reports/YearlyReportByState.aspx,2026-09-11T11:33:42.318157
6,Mata Kaushalya Govt. Hospital,"Mata Kaushalya Govt. Hospital, Govt. Hospital Near Lahori Gate, Patiala, Patiala , Distt.- Patiala, Punjab, Pin Code- 147001",Punjab Government,Patiala,Punjab,Government,GNM,50 (Fifty),2025-2026,13,https://online.indiannursingcouncil.org/Reports/YearlyReportByState.aspx,2026-09-11T11:33:42.318157
7,Mata Sahib Kaur College Of Nursing,"Mata Sahib Kaur College Of Nursing, Chandigarh - Kharar Highway Road, Mohali, Distt.- Mohali, Punjab, Pin Code- 140130",Educational Society For Health Activities,Mohali,Punjab,Private,ANM,40 (Forty),2025-2026,13,https://online.indiannursingcouncil.org/Reports/YearlyReportByState.aspx,2026-09-11T11:33:42.318157
7,Mata Sahib Kaur College Of Nursing,"Mata Sahib Kaur College Of Nursing, Chandigarh - Kharar Highway Road, Mohali, Distt.- Mohali, Punjab, Pin Code- 140130",Educational Society For Health Activities,Mohali,Punjab,Private,GNM,60 (Sixty),2025-2026,13,https://online.indiannursingcouncil.org/Reports/YearlyReportByState.aspx,2026-09-11T11:33:42.318157
7,Mata Sahib Kaur College Of Nursing,"Mata Sahib Kaur College Of Nursing, Chandigarh - Kharar Highway Road, Mohali, Distt.- Mohali, Punjab, Pin Code- 140130",Educational Society For Health Activities,Mohali,Punjab,Private,B.Sc(N),60 (Sixty),2025-2026,13,https://online.indiannursingcouncil.org/Reports/YearlyReportByState.aspx,2026-09-11T11:33:42.318157
7,Mata Sahib Kaur College Of Nursing,"Mata Sahib Kaur College Of Nursing, Chandigarh - Kharar Highway Road, Mohali, Distt.- Mohali, Punjab, Pin Code- 140130",Educational Society For Health Activities,Mohali,Punjab,Private,M. Sc (N),25 5 In Each Speciality,2025-2026,13,https://online.indiannursingcouncil.org/Reports/YearlyReportByState.aspx,2026-09-11T11:33:42.318157
7,Mata Sahib Kaur College Of Nursing,"Mata Sahib Kaur College Of Nursing, Chandigarh - Kharar Highway Road, Mohali, Distt.- Mohali, Punjab, Pin Code- 140130",Educational Society For Health Activities,Mohali,Punjab,Private,P B B.Sc(N),40 (Forty),2025-2026,13,https://online.indiannursingcouncil.org/Reports/YearlyReportByState.aspx,2026-09-11T11:33:42.318157
8,Mata Sahib Kaur Nursing Institute,"Mata Sahib Kaur Nursing Institute, Near Civil Hospital, Husner Road, Post Box- 11, Giddarbaha , Distt.- Mukatsar, Punjab, Pin Code- 152101",Guru Harkishan Education Society,Mukatsar,Punjab,Private,GNM,50 (Fifty),2025-2026,13,https://online.indiannursingcouncil.org/Reports/YearlyReportByState.aspx,2026-09-11T11:33:42.318157
9,Mata Saraswati Nursing Institute,"Mata Saraswati Nursing Institute, Village - Birmi, P.O. - Malakpur, Vill.- Birmi, Tehsil- Jagraon, Distt.- Ludhiana, Punjab, Pin Code- 142027",Mata Saraswati Educational Society,Ludhiana,Punjab,Private,B.Sc(N),50 (Fifty),2025-2026,13,https://online.indiannursingcouncil.org/Reports/YearlyReportByState.aspx,2026-09-11T11:33:42.318157
9,Mata Saraswati Nursing Institute,"Mata Saraswati Nursing Institute, Village - Birmi, P.O. - Malakpur, Vill.- Birmi, Tehsil- Jagraon, Distt.- Ludhiana, Punjab, Pin Code- 142027",Mata Saraswati Educational Society,Ludhiana,Punjab,Private,P B B.Sc(N),20 (Twenty),2025-2026,13,https://online.indiannursingcouncil.org/Reports/YearlyReportByState.aspx,2026-09-11T11:33:42.318157
9,Mata Saraswati Nursing Institute,"Mata Saraswati Nursing Institute, Village - Birmi, P.O. - Malakpur, Vill.- Birmi, Tehsil- Jagraon, Distt.- Ludhiana, Punjab, Pin Code- 142027",Mata Saraswati Educational Society,Ludhiana,Punjab,Private,GNM,50 (Fifty),2025-2026,13,https://online.indiannursingcouncil.org/Reports/YearlyReportByState.aspx,2026-09-11T11:33:42.318157
10,Mata Sundri Institute Of Nursing,"Mata Sundri Institute Of Nursing, V.P.O. - Dhade, Vill.- Dhade, Tehsil- Maur, Distt.- Bathinda, Punjab, Pin Code- 151103",Mata Sundri Educational Welfare Society,Bathinda,Punjab,Private,ANM,40 (Forty),2025-2026,13,https://online.indiannursingcouncil.org/Reports/YearlyReportByState.aspx,2026-09-11T11:33:42.318157
10,Mata Sundri Institute Of Nursing,"Mata Sundri Institute Of Nursing, V.P.O. - Dhade, Vill.- Dhade, Tehsil- Maur, Distt.- Bathinda, Punjab, Pin Code- 151103",Mata Sundri Educational Welfare Society,Bathinda,Punjab,Private,GNM,60 (Sixty),2025-2026,13,https://online.indiannursingcouncil.org/Reports/YearlyReportByState.aspx,2026-09-11T11:33:42.318157
11,Meera Medical Institute Of Nursing & Hospital,"Meera Medical Institute Of Nursing & Hospital, Opp. Military Station, Gate No.2, Fazilka Road, Abohar, Distt.- Ferozepur, Punjab, Pin Code- 152116",Meera Professional Educational And Welfare Society,Ferozepur,Punjab,Private,ANM,50 (Fifty),2025-2026,13,https://online.indiannursingcouncil.org/Reports/YearlyReportByState.aspx,2026-09-11T11:33:42.318157
11,Meera Medical Institute Of Nursing & Hospital,"Meera Medical Institute Of Nursing & Hospital, Opp. Military Station, Gate No.2, Fazilka Road, Abohar, Distt.- Ferozepur, Punjab, Pin Code- 152116",Meera Professional Educational And Welfare Society,Ferozepur,Punjab,Private,GNM,60 (Sixty),2025-2026,13,https://online.indiannursingcouncil.org/Reports/YearlyReportByState.aspx,2026-09-11T11:33:42.318157
11,Meera Medical Institute Of Nursing & Hospital,"Meera Medical Institute Of Nursing & Hospital, Opp. Military Station, Gate No.2, Fazilka Road, Abohar, Distt.- Ferozepur, Punjab, Pin Code- 152116",Meera Professional Educational And Welfare Society,Ferozepur,Punjab,Private,M. Sc (N),25 (Twenty Five),2025-2026,13,https://online.indiannursingcouncil.org/Reports/YearlyReportByState.aspx,2026-09-11T11:33:42.318157
11,Meera Medical Institute Of Nursing & Hospital,"Meera Medical Institute Of Nursing & Hospital, Opp. Military Station, Gate No.2, Fazilka Road, Abohar, Distt.- Ferozepur, Punjab, Pin Code- 152116",Meera Professional Educational And Welfare Society,Ferozepur,Punjab,Private,B.Sc(N),60 (Sixty),2025-2026,13,https://online.indiannursingcouncil.org/Reports/YearlyReportByState.aspx,2026-09-11T11:33:42.318157
11,Meera Medical Institute Of Nursing & Hospital,"Meera Medical Institute Of Nursing & Hospital, Opp. Military Station, Gate No.2, Fazilka Road, Abohar, Distt.- Ferozepur, Punjab, Pin Code- 152116",Meera Professional Educational And Welfare Society,Ferozepur,Punjab,Private,P B B.Sc(N),50 (Fifty),2025-2026,13,https://online.indiannursingcouncil.org/Reports/YearlyReportByState.aspx,2026-09-11T11:33:42.318157
12,Meera School Of Nursing,"Meera School Of Nursing, Mansa Road, Sardulgarh, Sardulgarh, Distt.- Mansa, Punjab, Pin Code- 151507",Malwa Rural Education Development And Welfare Society,Mansa,Punjab,Private,GNM,40 (Forty),2025-2026,13,https://online.indiannursingcouncil.org/Reports/YearlyReportByState.aspx,2026-09-11T11:33:42.318157
13,Mohali Nursing College,"Mohali Nursing College, Village-Bhagatpura, Post Office-Chunni Kalan, Bhagatpura, Distt.- Fatehgarh Sahib, Punjab, Pin Code- 140406",Sardar Ajmer Singh Charitable Foundation,Fatehgarh Sahib,Punjab,Private,ANM,30 (Thirty),2025-2026,13,https://online.indiannursingcouncil.org/Reports/YearlyReportByState.aspx,2026-09-11T11:33:42.318157
13,Mohali Nursing College,"Mohali Nursing College, Village-Bhagatpura, Post Office-Chunni Kalan, Bhagatpura, Distt.- Fatehgarh Sahib, Punjab, Pin Code- 140406",Sardar Ajmer Singh Charitable Foundation,Fatehgarh Sahib,Punjab,Private,B.Sc(N),60 (Sixty),2025-2026,13,https://online.indiannursingcouncil.org/Reports/YearlyReportByState.aspx,2026-09-11T11:33:42.318157
13,Mohali Nursing College,"Mohali Nursing College, Village-Bhagatpura, Post Office-Chunni Kalan, Bhagatpura, Distt.- Fatehgarh Sahib, Punjab, Pin Code- 140406",Sardar Ajmer Singh Charitable Foundation,Fatehgarh Sahib,Punjab,Private,GNM,60 (Sixty),2025-2026,13,https://online.indiannursingcouncil.org/Reports/YearlyReportByState.aspx,2026-09-11T11:33:42.318157
1,Mohali Nursing College,"Mohali Nursing College, Village-Bhagatpura, Post Office-Chunni Kalan, Bhagatpura, Distt.- Fatehgarh Sahib, Punjab, Pin Code- 140406",Sardar Ajmer Singh Charitable Foundation,Fatehgarh Sahib,Punjab,Private,P B B.Sc(N),40 (Forty),2025-2026,14,https://online.indiannursingcouncil.org/Reports/YearlyReportByState.aspx,2026-09-11T11:33:50.231280
2,Mohan Dai Oswal Memorial Hospital,"Mohan Dai Oswal Memorial Hospital, G.T. Road, Sherpur,, Ludhiana, Distt.- Ludhiana, Punjab, Pin Code- 141009",Mohan Dai Oswal Cancer Treatment And Research Foundation,Ludhiana,Punjab,Private,GNM,60 (Sixty),2025-2026,14,https://online.indiannursingcouncil.org/Reports/YearlyReportByState.aspx,2026-09-11T11:33:50.231280
2,Mohan Dai Oswal Memorial Hospital,"Mohan Dai Oswal Memorial Hospital, G.T. Road, Sherpur,, Ludhiana, Distt.- Ludhiana, Punjab, Pin Code- 141009",Mohan Dai Oswal Cancer Treatment And Research Foundation,Ludhiana,Punjab,Private,B.Sc(N),100 (One Hundred),2025-2026,14,https://online.indiannursingcouncil.org/Reports/YearlyReportByState.aspx,2026-09-11T11:33:50.231280
2,Mohan Dai Oswal Memorial Hospital,"Mohan Dai Oswal Memorial Hospital, G.T. Road, Sherpur,, Ludhiana, Distt.- Ludhiana, Punjab, Pin Code- 141009",Mohan Dai Oswal Cancer Treatment And Research Foundation,Ludhiana,Punjab,Private,P B B.Sc(N),30 (Thirty),2025-2026,14,https://online.indiannursingcouncil.org/Reports/YearlyReportByState.aspx,2026-09-11T11:33:50.231280
3,Mother Mary's Institute Of Nursing,"Mother Mary's Institute Of Nursing, Deowal Road, Nasrala, P.O Niara (B.O), , Distt.- Hoshiarpur, Punjab, Pin Code- 146022",Kulbhushan Jain Veena Jain's Trust,Hoshiarpur,Punjab,Private,ANM,40 (Forty),2025-2026,14,https://online.indiannursingcouncil.org/Reports/YearlyReportByState.aspx,2026-09-11T11:33:50.231280
3,Mother Mary's Institute Of Nursing,"Mother Mary's Institute Of Nursing, Deowal Road, Nasrala, P.O Niara (B.O), , Distt.- Hoshiarpur, Punjab, Pin Code- 146022",Kulbhushan Jain Veena Jain's Trust,Hoshiarpur,Punjab,Private,B.Sc(N),30 (Thirty),2025-2026,14,https://online.indiannursingcouncil.org/Reports/YearlyReportByState.aspx,2026-09-11T11:33:50.231280
3,Mother Mary's Institute Of Nursing,"Mother Mary's Institute Of Nursing, Deowal Road, Nasrala, P.O Niara (B.O), , Distt.- Hoshiarpur, Punjab, Pin Code- 146022",Kulbhushan Jain Veena Jain's Trust,Hoshiarpur,Punjab,Private,GNM,60 (Sixty),2025-2026,14,https://online.indiannursingcouncil.org/Reports/YearlyReportByState.aspx,2026-09-11T11:33:50.231280
3,Mother Mary's Institute Of Nursing,"Mother Mary's Institute Of Nursing, Deowal Road, Nasrala, P.O Niara (B.O), , Distt.- Hoshiarpur, Punjab, Pin Code- 146022",Kulbhushan Jain Veena Jain's Trust,Hoshiarpur,Punjab,Private,P B B.Sc(N),30 (Thirty),2025-2026,14,https://online.indiannursingcouncil.org/Reports/YearlyReportByState.aspx,2026-09-11T11:33:50.231280
4,Nam Ratra International School Of Nursing,"Nam Ratra International School Of Nursing, Loharka Road, Near Power House , Vill.- Amritsar , Tehsil- Ajnala, Distt.- Amritser, Punjab, Pin Code- 143001",Nam Rattra International Charitable Trust,Amritser,Punjab,Private,GNM,50 (Fifty),2025-2026,14,https://online.indiannursingcouncil.org/Reports/YearlyReportByState.aspx,2026-09-11T11:33:50.231280
5,National College Of General Nursing & Midwifery,"National College Of General Nursing & Midwifery, Sidana Hospital Punjab, Barnala, Distt.- Barnala, Punjab, Pin Code- 148101",National College Of Gnm Barnala,Barnala,Punjab,Private,GNM,30 (Thirty),2025-2026,14,https://online.indiannursingcouncil.org/Reports/YearlyReportByState.aspx,2026-09-11T11:33:50.231280
6,National Institute Of Nursing,"National Institute Of Nursing, Vill - Khurana, Patiala Road, Sasngrur, Punjab, Vill.- Khurana, Tehsil- Sangrur, Distt.- Sangrur, Punjab, Pin Code- 148001",Smt Surinder Kaur Educational Society,Sangrur,Punjab,Private,ANM,40 (Forty),2025-2026,14,https://online.indiannursingcouncil.org/Reports/YearlyReportByState.aspx,2026-09-11T11:33:50.231280
6,National Institute Of Nursing,"National Institute Of Nursing, Vill - Khurana, Patiala Road, Sasngrur, Punjab, Vill.- Khurana, Tehsil- Sangrur, Distt.- Sangrur, Punjab, Pin Code- 148001",Smt Surinder Kaur Educational Society,Sangrur,Punjab,Private,GNM,60 (Sixty),2025-2026,14,https://online.indiannursingcouncil.org/Reports/YearlyReportByState.aspx,2026-09-11T11:33:50.231280
6,National Institute Of Nursing,"National Institute Of Nursing, Vill - Khurana, Patiala Road, Sasngrur, Punjab, Vill.- Khurana, Tehsil- Sangrur, Distt.- Sangrur, Punjab, Pin Code- 148001",Smt Surinder Kaur Educational Society,Sangrur,Punjab,Private,B.Sc(N),60 (Sixty),2025-2026,14,https://online.indiannursingcouncil.org/Reports/YearlyReportByState.aspx,2026-09-11T11:33:50.231280
6,National Institute Of Nursing,"National Institute Of Nursing, Vill - Khurana, Patiala Road, Sasngrur, Punjab, Vill.- Khurana, Tehsil- Sangrur, Distt.- Sangrur, Punjab, Pin Code- 148001",Smt Surinder Kaur Educational Society,Sangrur,Punjab,Private,M. Sc (N),30 (Thirty) Med-Surg-7 Obg-8 Psy-5 Chn-5 Paed-5,2025-2026,14,https://online.indiannursingcouncil.org/Reports/YearlyReportByState.aspx,2026-09-11T11:33:50.231280
6,National Institute Of Nursing,"National Institute Of Nursing, Vill - Khurana, Patiala Road, Sasngrur, Punjab, Vill.- Khurana, Tehsil- Sangrur, Distt.- Sangrur, Punjab, Pin Code- 148001",Smt Surinder Kaur Educational Society,Sangrur,Punjab,Private,P B B.Sc(N),40 (Forty),2025-2026,14,https://online.indiannursingcouncil.org/Reports/YearlyReportByState.aspx,2026-09-11T11:33:50.231280
7,National Midwifery Training Institute,"National Midwifery Training Institute , School Of Nursing Mata Kaushalya Government Hospital, School Of Nursing Mata Kaushalya Government Hospital Patiala Punjab, Patiala, Distt.- Patiala, Punjab,",Govt Of Punjab,Patiala,Punjab,Government,NPM-Educator,30 (Thirty),2025-2026,14,https://online.indiannursingcouncil.org/Reports/YearlyReportByState.aspx,2026-09-11T11:33:50.231280
8,New Malwa Institute Of Nursing,"New Malwa Institute Of Nursing, Kotkapura Faridkot Road, Kotkapura, Distt.- Faridkot, Punjab, Pin Code- 151204",New Malwa Educational Welfare Society,Faridkot,Punjab,Private,ANM,50 (Fifty),2025-2026,14,https://online.indiannursingcouncil.org/Reports/YearlyReportByState.aspx,2026-09-11T11:33:50.231280
8,New Malwa Institute Of Nursing,"New Malwa Institute Of Nursing, Kotkapura Faridkot Road, Kotkapura, Distt.- Faridkot, Punjab, Pin Code- 151204",New Malwa Educational Welfare Society,Faridkot,Punjab,Private,GNM,40 (Forty),2025-2026,14,https://online.indiannursingcouncil.org/Reports/YearlyReportByState.aspx,2026-09-11T11:33:50.231280
9,Nightingale Nurisng Institute,"Nightingale Nurisng Institute, V P O Narangwal, Kalan, Ludhiana, Distt.- Ludhiana, Punjab, Pin Code- 141203",Shri Ganesh Charitable Trust,Ludhiana,Punjab,Private,ANM,30 (Thirty),2025-2026,14,https://online.indiannursingcouncil.org/Reports/YearlyReportByState.aspx,2026-09-11T11:33:50.231280
9,Nightingale Nurisng Institute,"Nightingale Nurisng Institute, V P O Narangwal, Kalan, Ludhiana, Distt.- Ludhiana, Punjab, Pin Code- 141203",Shri Ganesh Charitable Trust,Ludhiana,Punjab,Private,GNM,60 (Sixty),2025-2026,14,https://online.indiannursingcouncil.org/Reports/YearlyReportByState.aspx,2026-09-11T11:33:50.231280
9,Nightingale Nurisng Institute,"Nightingale Nurisng Institute, V P O Narangwal, Kalan, Ludhiana, Distt.- Ludhiana, Punjab, Pin Code- 141203",Shri Ganesh Charitable Trust,Ludhiana,Punjab,Private,B.Sc(N),60 (Sixty),2025-2026,14,https://online.indiannursingcouncil.org/Reports/YearlyReportByState.aspx,2026-09-11T11:33:50.231280
10,Nursing Training Institute Hospital,"Nursing Training Institute Hospital, Urban State, Phase-1, Jalandhar City , Distt.- Jalandhar, Punjab, Pin Code- 144022",Smt. Ram Kaur Memorial Welfare Education Trust Regd.,Jalandhar,Punjab,Private,GNM,50 (Fifty),2025-2026,14,https://online.indiannursingcouncil.org/Reports/YearlyReportByState.aspx,2026-09-11T11:33:50.231280
11,Pannu School Of Nursing,"Pannu School Of Nursing, Punjab, Vill.- Marri Panwan, Tehsil- Batala, Distt.- Gurdaspur, Punjab, Pin Code- 143515",Sr Milkha Singh Memorial,Gurdaspur,Punjab,Private,ANM,20 (Twenty),2025-2026,14,https://online.indiannursingcouncil.org/Reports/YearlyReportByState.aspx,2026-09-11T11:33:50.231280
12,Phoenix The Global Institute Of Nursing,"Phoenix The Global Institute Of Nursing, Village Rampur, Lambra, Chitti Road, Jalanadhar, Distt.- Jalandhar, Punjab, Pin Code- 144026",Sethibishamber Nath Charitable Society,Jalandhar,Punjab,Private,B.Sc(N),40 (Forty),2025-2026,14,https://online.indiannursingcouncil.org/Reports/YearlyReportByState.aspx,2026-09-11T11:33:50.231280
12,Phoenix The Global Institute Of Nursing,"Phoenix The Global Institute Of Nursing, Village Rampur, Lambra, Chitti Road, Jalanadhar, Distt.- Jalandhar, Punjab, Pin Code- 144026",Sethibishamber Nath Charitable Society,Jalandhar,Punjab,Private,GNM,60 (Sixty),2025-2026,14,https://online.indiannursingcouncil.org/Reports/YearlyReportByState.aspx,2026-09-11T11:33:50.231280
12,Phoenix The Global Institute Of Nursing,"Phoenix The Global Institute Of Nursing, Village Rampur, Lambra, Chitti Road, Jalanadhar, Distt.- Jalandhar, Punjab, Pin Code- 144026",Sethibishamber Nath Charitable Society,Jalandhar,Punjab,Private,P B B.Sc(N),20 (Twenty),2025-2026,14,https://online.indiannursingcouncil.org/Reports/YearlyReportByState.aspx,2026-09-11T11:33:50.231280
13,Punjab Institute Of Nursing,"Punjab Institute Of Nursing, Bhatinda-Sardulgarh Road, Near Vill Jodirya, Vill.- Nangla , Tehsil- Talwandi Sahu, Distt.- Bathinda, Punjab, Pin Code- 151505",Vidyamandir Educational Society,Bathinda,Punjab,Private,ANM,40 (Forty),2025-2026,14,https://online.indiannursingcouncil.org/Reports/YearlyReportByState.aspx,2026-09-11T11:33:50.231280
13,Punjab Institute Of Nursing,"Punjab Institute Of Nursing, Bhatinda-Sardulgarh Road, Near Vill Jodirya, Vill.- Nangla , Tehsil- Talwandi Sahu, Distt.- Bathinda, Punjab, Pin Code- 151505",Vidyamandir Educational Society,Bathinda,Punjab,Private,GNM,40 (Forty),2025-2026,14,https://online.indiannursingcouncil.org/Reports/YearlyReportByState.aspx,2026-09-11T11:33:50.231280
14,Punjab Medical Institute Of Nursing & Hospital,"Punjab Medical Institute Of Nursing & Hospital, G T Road, Near Petrol Pump, Suranussi, Jalandhar, Distt.- Jalandhar, Punjab, Pin Code- 144027",Punjab Medical Institute Of Nursing Trus,Jalandhar,Punjab,Private,ANM,35 (Thirty Five),2025-2026,14,https://online.indiannursingcouncil.org/Reports/YearlyReportByState.aspx,2026-09-11T11:33:50.231280
14,Punjab Medical Institute Of Nursing & Hospital,"Punjab Medical Institute Of Nursing & Hospital, G T Road, Near Petrol Pump, Suranussi, Jalandhar, Distt.- Jalandhar, Punjab, Pin Code- 144027",Punjab Medical Institute Of Nursing Trus,Jalandhar,Punjab,Private,GNM,60 (Sixty),2025-2026,14,https://online.indiannursingcouncil.org/Reports/YearlyReportByState.aspx,2026-09-11T11:33:50.231280
1,Punjab Multipurpose Institute Of Nursing,"Punjab Multipurpose Institute Of Nursing, Baja Khana Road, Shaina, Barnala, Distt.- Barnala, Punjab, Pin Code- 148103",Punjab Model School Education Society,Barnala,Punjab,Private,ANM,50 (Fifty),2025-2026,15,https://online.indiannursingcouncil.org/Reports/YearlyReportByState.aspx,2026-09-11T11:33:58.015807
1,Punjab Multipurpose Institute Of Nursing,"Punjab Multipurpose Institute Of Nursing, Baja Khana Road, Shaina, Barnala, Distt.- Barnala, Punjab, Pin Code- 148103",Punjab Model School Education Society,Barnala,Punjab,Private,GNM,50 (Fifty),2025-2026,15,https://online.indiannursingcouncil.org/Reports/YearlyReportByState.aspx,2026-09-11T11:33:58.015807
2,Punjab National Nursing School,"Punjab National Nursing School, Gulabgarh, Derabassi, Distt.- Mohali, Punjab, Pin Code- 140507",Medical Educational And Rural Welfare Society,Mohali,Punjab,Private,GNM,50 (Fifty),2025-2026,15,https://online.indiannursingcouncil.org/Reports/YearlyReportByState.aspx,2026-09-11T11:33:58.015807
3,Punjab Public College Of Nursing,"Punjab Public College Of Nursing, Vill Katar Singh Wala , Mansa Road, Bathinda , Distt.- Bathinda, Punjab, Pin Code- 151001",Public Relief Society,Bathinda,Punjab,Private,ANM,60 (Sixty),2025-2026,15,https://online.indiannursingcouncil.org/Reports/YearlyReportByState.aspx,2026-09-11T11:33:58.015807
3,Punjab Public College Of Nursing,"Punjab Public College Of Nursing, Vill Katar Singh Wala , Mansa Road, Bathinda , Distt.- Bathinda, Punjab, Pin Code- 151001",Public Relief Society,Bathinda,Punjab,Private,GNM,60 (Sixty),2025-2026,15,https://online.indiannursingcouncil.org/Reports/YearlyReportByState.aspx,2026-09-11T11:33:58.015807
3,Punjab Public College Of Nursing,"Punjab Public College Of Nursing, Vill Katar Singh Wala , Mansa Road, Bathinda , Distt.- Bathinda, Punjab, Pin Code- 151001",Public Relief Society,Bathinda,Punjab,Private,B.Sc(N),60 (Sixty),2025-2026,15,https://online.indiannursingcouncil.org/Reports/YearlyReportByState.aspx,2026-09-11T11:33:58.015807
3,Punjab Public College Of Nursing,"Punjab Public College Of Nursing, Vill Katar Singh Wala , Mansa Road, Bathinda , Distt.- Bathinda, Punjab, Pin Code- 151001",Public Relief Society,Bathinda,Punjab,Private,P B B.Sc(N),40 (Forty),2025-2026,15,https://online.indiannursingcouncil.org/Reports/YearlyReportByState.aspx,2026-09-11T11:33:58.015807
4,Ramgarhia Institute Of Health Sciences Research,"Ramgarhia Institute Of Health Sciences Research, R E C Complex, Satnampura, Phagwara, Distt.- Kapurthala, Punjab, Pin Code- 144402",Ramgarhia Educational Council,Kapurthala,Punjab,Private,GNM,50 (Fifty),2025-2026,15,https://online.indiannursingcouncil.org/Reports/YearlyReportByState.aspx,2026-09-11T11:33:58.015807
4,Ramgarhia Institute Of Health Sciences Research,"Ramgarhia Institute Of Health Sciences Research, R E C Complex, Satnampura, Phagwara, Distt.- Kapurthala, Punjab, Pin Code- 144402",Ramgarhia Educational Council,Kapurthala,Punjab,Private,ANM,30 (Thirty),2025-2026,15,https://online.indiannursingcouncil.org/Reports/YearlyReportByState.aspx,2026-09-11T11:33:58.015807
5,Rattan Professional Eudcation College,"Rattan Professional Eudcation College, Mauli Road, Near Arya School, V&P.O. Sohana, Mohali, Distt.- Mohali, Punjab, Pin Code- 140308",Rattan Professional Education Society,Mohali,Punjab,Private,ANM,35 (Thirty Five),2025-2026,15,https://online.indiannursingcouncil.org/Reports/YearlyReportByState.aspx,2026-09-11T11:33:58.015807
5,Rattan Professional Eudcation College,"Rattan Professional Eudcation College, Mauli Road, Near Arya School, V&P.O. Sohana, Mohali, Distt.- Mohali, Punjab, Pin Code- 140308",Rattan Professional Education Society,Mohali,Punjab,Private,GNM,60 (Sixty),2025-2026,15,https://online.indiannursingcouncil.org/Reports/YearlyReportByState.aspx,2026-09-11T11:33:58.015807
5,Rattan Professional Eudcation College,"Rattan Professional Eudcation College, Mauli Road, Near Arya School, V&P.O. Sohana, Mohali, Distt.- Mohali, Punjab, Pin Code- 140308",Rattan Professional Education Society,Mohali,Punjab,Private,B.Sc(N),60 (Sixty),2025-2026,15,https://online.indiannursingcouncil.org/Reports/YearlyReportByState.aspx,2026-09-11T11:33:58.015807
5,Rattan Professional Eudcation College,"Rattan Professional Eudcation College, Mauli Road, Near Arya School, V&P.O. Sohana, Mohali, Distt.- Mohali, Punjab, Pin Code- 140308",Rattan Professional Education Society,Mohali,Punjab,Private,M. Sc (N),15 (Fifteen) 3 In Each Speciality,2025-2026,15,https://online.indiannursingcouncil.org/Reports/YearlyReportByState.aspx,2026-09-11T11:33:58.015807
5,Rattan Professional Eudcation College,"Rattan Professional Eudcation College, Mauli Road, Near Arya School, V&P.O. Sohana, Mohali, Distt.- Mohali, Punjab, Pin Code- 140308",Rattan Professional Education Society,Mohali,Punjab,Private,P B B.Sc(N),30 (Thirty),2025-2026,15,https://online.indiannursingcouncil.org/Reports/YearlyReportByState.aspx,2026-09-11T11:33:58.015807
6,Rayat-Bahra College Of Nursing,"Rayat-Bahra College Of Nursing, Village & Post Office Bohan, Hoshiarpur, Distt.- Hoshiarpur, Punjab, Pin Code- 146104",Rayat And Bahra Group Of Institutes,Hoshiarpur,Punjab,Private,B.Sc(N),60 (Sixty),2025-2026,15,https://online.indiannursingcouncil.org/Reports/YearlyReportByState.aspx,2026-09-11T11:33:58.015807
6,Rayat-Bahra College Of Nursing,"Rayat-Bahra College Of Nursing, Village & Post Office Bohan, Hoshiarpur, Distt.- Hoshiarpur, Punjab, Pin Code- 146104",Rayat And Bahra Group Of Institutes,Hoshiarpur,Punjab,Private,P B B.Sc(N),20 (Twenty),2025-2026,15,https://online.indiannursingcouncil.org/Reports/YearlyReportByState.aspx,2026-09-11T11:33:58.015807
7,Rayat-Bahra College Of Nursing,"Rayat-Bahra College Of Nursing, Vpo Sahauran, Kharar, Distt.- Mohali, Punjab, Pin Code- 140301",Rayat Bahra Group Of Institutes,Mohali,Punjab,Private,B.Sc(N),50 (Fifty),2025-2026,15,https://online.indiannursingcouncil.org/Reports/YearlyReportByState.aspx,2026-09-11T11:33:58.015807
7,Rayat-Bahra College Of Nursing,"Rayat-Bahra College Of Nursing, Vpo Sahauran, Kharar, Distt.- Mohali, Punjab, Pin Code- 140301",Rayat Bahra Group Of Institutes,Mohali,Punjab,Private,GNM,40 (Forty),2025-2026,15,https://online.indiannursingcouncil.org/Reports/YearlyReportByState.aspx,2026-09-11T11:33:58.015807
7,Rayat-Bahra College Of Nursing,"Rayat-Bahra College Of Nursing, Vpo Sahauran, Kharar, Distt.- Mohali, Punjab, Pin Code- 140301",Rayat Bahra Group Of Institutes,Mohali,Punjab,Private,P B B.Sc(N),40 (Forty),2025-2026,15,https://online.indiannursingcouncil.org/Reports/YearlyReportByState.aspx,2026-09-11T11:33:58.015807
8,Rehbar Institute Of Medical Sciences,"Rehbar Institute Of Medical Sciences, Phagguwala Kanchian, Sangurur Road, Bhavanigarh, Distt.- Sangrur, Punjab, Pin Code- 148026",Rehbar Foundation R,Sangrur,Punjab,Private,ANM,50 (Fifty),2025-2026,15,https://online.indiannursingcouncil.org/Reports/YearlyReportByState.aspx,2026-09-11T11:33:58.015807
8,Rehbar Institute Of Medical Sciences,"Rehbar Institute Of Medical Sciences, Phagguwala Kanchian, Sangurur Road, Bhavanigarh, Distt.- Sangrur, Punjab, Pin Code- 148026",Rehbar Foundation R,Sangrur,Punjab,Private,GNM,60 (Sixty),2025-2026,15,https://online.indiannursingcouncil.org/Reports/YearlyReportByState.aspx,2026-09-11T11:33:58.015807
9,Royal Institute Of Nursing,"Royal Institute Of Nursing, V P O Jaito Sarja, Batala, Batala, Distt.- Gurdaspur, Punjab, Pin Code- 143505",Global Education Charitable Trust,Gurdaspur,Punjab,Private,B.Sc(N),50 (Fifty),2025-2026,15,https://online.indiannursingcouncil.org/Reports/YearlyReportByState.aspx,2026-09-11T11:33:58.015807
9,Royal Institute Of Nursing,"Royal Institute Of Nursing, V P O Jaito Sarja, Batala, Batala, Distt.- Gurdaspur, Punjab, Pin Code- 143505",Global Education Charitable Trust,Gurdaspur,Punjab,Private,GNM,30 (Thirty),2025-2026,15,https://online.indiannursingcouncil.org/Reports/YearlyReportByState.aspx,2026-09-11T11:33:58.015807
9,Royal Institute Of Nursing,"Royal Institute Of Nursing, V P O Jaito Sarja, Batala, Batala, Distt.- Gurdaspur, Punjab, Pin Code- 143505",Global Education Charitable Trust,Gurdaspur,Punjab,Private,P B B.Sc(N),30 (Thirty),2025-2026,15,https://online.indiannursingcouncil.org/Reports/YearlyReportByState.aspx,2026-09-11T11:33:58.015807
10,Royal Institute Of Nursing,"Royal Institute Of Nursing, Vpo Dharar, , Vill.- Dharar, Tehsil- Jandiala Guru, Distt.- Amritser, Punjab, Pin Code- 143115",Royal Educational Charitable Society,Amritser,Punjab,Private,ANM,30 (Thirty),2025-2026,15,https://online.indiannursingcouncil.org/Reports/YearlyReportByState.aspx,2026-09-11T11:33:58.015807
10,Royal Institute Of Nursing,"Royal Institute Of Nursing, Vpo Dharar, , Vill.- Dharar, Tehsil- Jandiala Guru, Distt.- Amritser, Punjab, Pin Code- 143115",Royal Educational Charitable Society,Amritser,Punjab,Private,GNM,60 (Sixty),2025-2026,15,https://online.indiannursingcouncil.org/Reports/YearlyReportByState.aspx,2026-09-11T11:33:58.015807
10,Royal Institute Of Nursing,"Royal Institute Of Nursing, Vpo Dharar, , Vill.- Dharar, Tehsil- Jandiala Guru, Distt.- Amritser, Punjab, Pin Code- 143115",Royal Educational Charitable Society,Amritser,Punjab,Private,B.Sc(N),60 (Sixty),2025-2026,15,https://online.indiannursingcouncil.org/Reports/YearlyReportByState.aspx,2026-09-11T11:33:58.015807
11,S B S Institute Of Nursing,"S B S Institute Of Nursing, Vill Sohian Kalan, Fateh Garh Churian Road, Amritsar, Distt.- Amritser, Punjab, Pin Code- 143601",Shaheed Bhagat Singh Paramedical Society,Amritser,Punjab,Private,ANM,40 (Forty),2025-2026,15,https://online.indiannursingcouncil.org/Reports/YearlyReportByState.aspx,2026-09-11T11:33:58.015807
11,S B S Institute Of Nursing,"S B S Institute Of Nursing, Vill Sohian Kalan, Fateh Garh Churian Road, Amritsar, Distt.- Amritser, Punjab, Pin Code- 143601",Shaheed Bhagat Singh Paramedical Society,Amritser,Punjab,Private,GNM,60 (Sixty),2025-2026,15,https://online.indiannursingcouncil.org/Reports/YearlyReportByState.aspx,2026-09-11T11:33:58.015807
11,S B S Institute Of Nursing,"S B S Institute Of Nursing, Vill Sohian Kalan, Fateh Garh Churian Road, Amritsar, Distt.- Amritser, Punjab, Pin Code- 143601",Shaheed Bhagat Singh Paramedical Society,Amritser,Punjab,Private,B.Sc(N),60 (Sixty),2025-2026,15,https://online.indiannursingcouncil.org/Reports/YearlyReportByState.aspx,2026-09-11T11:33:58.015807
1,S B S Institute Of Nursing,"S B S Institute Of Nursing, Vill Sohian Kalan, Fateh Garh Churian Road, Amritsar, Distt.- Amritser, Punjab, Pin Code- 143601",Shaheed Bhagat Singh Paramedical Society,Amritser,Punjab,Private,P B B.Sc(N),30 (Thirty),2025-2026,16,https://online.indiannursingcouncil.org/Reports/YearlyReportByState.aspx,2026-09-11T11:34:05.847085
2,S F C Institute Of Nursing,"S F C Institute Of Nursing, Vpo: Jalalabad (East) , Vill.- Jalalabad East, Tehsil- Mooga-1, Distt.- Moga, Punjab, Pin Code- 142042",Smt Savitri Devi Charitable Society,Moga,Punjab,Private,GNM,60 (Sixty),2025-2026,16,https://online.indiannursingcouncil.org/Reports/YearlyReportByState.aspx,2026-09-11T11:34:05.847085
2,S F C Institute Of Nursing,"S F C Institute Of Nursing, Vpo: Jalalabad (East) , Vill.- Jalalabad East, Tehsil- Mooga-1, Distt.- Moga, Punjab, Pin Code- 142042",Smt Savitri Devi Charitable Society,Moga,Punjab,Private,ANM,50 (Fifty),2025-2026,16,https://online.indiannursingcouncil.org/Reports/YearlyReportByState.aspx,2026-09-11T11:34:05.847085
3,S G L Nursing School,"S G L Nursing School, Semi, Jalandhar-144 402, Jalandhar, Distt.- Jalandhar, Punjab, Pin Code- 144402",Baba Kashmira Singh Jan Sewa Trust,Jalandhar,Punjab,Private,GNM,60 (Sixty),2025-2026,16,https://online.indiannursingcouncil.org/Reports/YearlyReportByState.aspx,2026-09-11T11:34:05.847085
3,S G L Nursing School,"S G L Nursing School, Semi, Jalandhar-144 402, Jalandhar, Distt.- Jalandhar, Punjab, Pin Code- 144402",Baba Kashmira Singh Jan Sewa Trust,Jalandhar,Punjab,Private,M. Sc (N),"40 (Forty) Obg-8 Chn-8, Psy-8, Med-Surg-8, Paed-8",2025-2026,16,https://online.indiannursingcouncil.org/Reports/YearlyReportByState.aspx,2026-09-11T11:34:05.847085
3,S G L Nursing School,"S G L Nursing School, Semi, Jalandhar-144 402, Jalandhar, Distt.- Jalandhar, Punjab, Pin Code- 144402",Baba Kashmira Singh Jan Sewa Trust,Jalandhar,Punjab,Private,B.Sc(N),100 (One Hundred),2025-2026,16,https://online.indiannursingcouncil.org/Reports/YearlyReportByState.aspx,2026-09-11T11:34:05.847085
3,S G L Nursing School,"S G L Nursing School, Semi, Jalandhar-144 402, Jalandhar, Distt.- Jalandhar, Punjab, Pin Code- 144402",Baba Kashmira Singh Jan Sewa Trust,Jalandhar,Punjab,Private,P B B.Sc(N),40 (Forty),2025-2026,16,https://online.indiannursingcouncil.org/Reports/YearlyReportByState.aspx,2026-09-11T11:34:05.847085
4,S M L Memorial School Of Nursing,"S M L Memorial School Of Nursing, Opp Wadi Haveri Ferozepur Road, Vill.- Bhanord, Tehsil- Sudhar, Distt.- Ludhiana, Punjab, Pin Code- 141109",Guru Hargobind Medical Education Society,Ludhiana,Punjab,Private,ANM,40 (Forty),2025-2026,16,https://online.indiannursingcouncil.org/Reports/YearlyReportByState.aspx,2026-09-11T11:34:05.847085
4,S M L Memorial School Of Nursing,"S M L Memorial School Of Nursing, Opp Wadi Haveri Ferozepur Road, Vill.- Bhanord, Tehsil- Sudhar, Distt.- Ludhiana, Punjab, Pin Code- 141109",Guru Hargobind Medical Education Society,Ludhiana,Punjab,Private,GNM,60 (Sixty),2025-2026,16,https://online.indiannursingcouncil.org/Reports/YearlyReportByState.aspx,2026-09-11T11:34:05.847085
4,S M L Memorial School Of Nursing,"S M L Memorial School Of Nursing, Opp Wadi Haveri Ferozepur Road, Vill.- Bhanord, Tehsil- Sudhar, Distt.- Ludhiana, Punjab, Pin Code- 141109",Guru Hargobind Medical Education Society,Ludhiana,Punjab,Private,B.Sc(N),60 (Sixty),2025-2026,16,https://online.indiannursingcouncil.org/Reports/YearlyReportByState.aspx,2026-09-11T11:34:05.847085
4,S M L Memorial School Of Nursing,"S M L Memorial School Of Nursing, Opp Wadi Haveri Ferozepur Road, Vill.- Bhanord, Tehsil- Sudhar, Distt.- Ludhiana, Punjab, Pin Code- 141109",Guru Hargobind Medical Education Society,Ludhiana,Punjab,Private,P B B.Sc(N),40 (Forty),2025-2026,16,https://online.indiannursingcouncil.org/Reports/YearlyReportByState.aspx,2026-09-11T11:34:05.847085
5,S P College Of Nursing,"S P College Of Nursing, V P O Midda, Teh Malout, Malout, Distt.- Mukatsar, Punjab, Pin Code- 152107",Career Builder Educational Andpublic Welfare Society,Mukatsar,Punjab,Private,ANM,60 (Sixty),2025-2026,16,https://online.indiannursingcouncil.org/Reports/YearlyReportByState.aspx,2026-09-11T11:34:05.847085
5,S P College Of Nursing,"S P College Of Nursing, V P O Midda, Teh Malout, Malout, Distt.- Mukatsar, Punjab, Pin Code- 152107",Career Builder Educational Andpublic Welfare Society,Mukatsar,Punjab,Private,GNM,40 (Forty),2025-2026,16,https://online.indiannursingcouncil.org/Reports/YearlyReportByState.aspx,2026-09-11T11:34:05.847085
6,S S D Institute Of Nursing,"S S D Institute Of Nursing, Teh-Mukerian, Vill.- Ghasitpur, , Tehsil- Mukerian, Distt.- Hoshiarpur, Punjab, Pin Code- 144211",Smt Sheela Devi Memorial Education Research,Hoshiarpur,Punjab,Private,ANM,30 (Thirty),2025-2026,16,https://online.indiannursingcouncil.org/Reports/YearlyReportByState.aspx,2026-09-11T11:34:05.847085
7,S T College Of Nursing & Medical Sciences,"S T College Of Nursing & Medical Sciences, Vpo Mehlanwali, Adda Dada Mara, Una Road, Vill.- Village Mehlanwali, Tehsil- Hoshiarpur-I, Distt.- Hoshiarpur, Punjab, Pin Code- 146001",Sita Rani Tilak Raj Educational Charitable Society,Hoshiarpur,Punjab,Private,ANM,40 (Forty),2025-2026,16,https://online.indiannursingcouncil.org/Reports/YearlyReportByState.aspx,2026-09-11T11:34:05.847085
7,S T College Of Nursing & Medical Sciences,"S T College Of Nursing & Medical Sciences, Vpo Mehlanwali, Adda Dada Mara, Una Road, Vill.- Village Mehlanwali, Tehsil- Hoshiarpur-I, Distt.- Hoshiarpur, Punjab, Pin Code- 146001",Sita Rani Tilak Raj Educational Charitable Society,Hoshiarpur,Punjab,Private,GNM,50 (Fifty),2025-2026,16,https://online.indiannursingcouncil.org/Reports/YearlyReportByState.aspx,2026-09-11T11:34:05.847085
7,S T College Of Nursing & Medical Sciences,"S T College Of Nursing & Medical Sciences, Vpo Mehlanwali, Adda Dada Mara, Una Road, Vill.- Village Mehlanwali, Tehsil- Hoshiarpur-I, Distt.- Hoshiarpur, Punjab, Pin Code- 146001",Sita Rani Tilak Raj Educational Charitable Society,Hoshiarpur,Punjab,Private,B.Sc(N),60 (Sixty),2025-2026,16,https://online.indiannursingcouncil.org/Reports/YearlyReportByState.aspx,2026-09-11T11:34:05.847085
8,S V Memorial College Of Nursing,"S V Memorial College Of Nursing, Mudhal, Near Verka, Vill.- Mudhal,, Tehsil- Verka, Distt.- Amritser, Punjab, Pin Code- 143001",New Gobind Public Welfare Society Regd.,Amritser,Punjab,Private,GNM,60 (Sixty),2025-2026,16,https://online.indiannursingcouncil.org/Reports/YearlyReportByState.aspx,2026-09-11T11:34:05.847085
8,S V Memorial College Of Nursing,"S V Memorial College Of Nursing, Mudhal, Near Verka, Vill.- Mudhal,, Tehsil- Verka, Distt.- Amritser, Punjab, Pin Code- 143001",New Gobind Public Welfare Society Regd.,Amritser,Punjab,Private,B.Sc(N),50 (Fifty),2025-2026,16,https://online.indiannursingcouncil.org/Reports/YearlyReportByState.aspx,2026-09-11T11:34:05.847085
8,S V Memorial College Of Nursing,"S V Memorial College Of Nursing, Mudhal, Near Verka, Vill.- Mudhal,, Tehsil- Verka, Distt.- Amritser, Punjab, Pin Code- 143001",New Gobind Public Welfare Society Regd.,Amritser,Punjab,Private,M. Sc (N),10 Obg-5 Med-Surg-5,2025-2026,16,https://online.indiannursingcouncil.org/Reports/YearlyReportByState.aspx,2026-09-11T11:34:05.847085
8,S V Memorial College Of Nursing,"S V Memorial College Of Nursing, Mudhal, Near Verka, Vill.- Mudhal,, Tehsil- Verka, Distt.- Amritser, Punjab, Pin Code- 143001",New Gobind Public Welfare Society Regd.,Amritser,Punjab,Private,P B B.Sc(N),40 (Forty),2025-2026,16,https://online.indiannursingcouncil.org/Reports/YearlyReportByState.aspx,2026-09-11T11:34:05.847085
9,S. Sukhjinder Singh Institute Of Nursing,"S. Sukhjinder Singh Institute Of Nursing, V P O Hayat Nagar, Hardochanni Rd, Gurdaspur, Distt.- Gurdaspur, Punjab, Pin Code- 143521",S. Sukhjinder Singh Memorial Edu. Society,Gurdaspur,Punjab,Private,ANM,40 (Forty),2025-2026,16,https://online.indiannursingcouncil.org/Reports/YearlyReportByState.aspx,2026-09-11T11:34:05.847085
9,S. Sukhjinder Singh Institute Of Nursing,"S. Sukhjinder Singh Institute Of Nursing, V P O Hayat Nagar, Hardochanni Rd, Gurdaspur, Distt.- Gurdaspur, Punjab, Pin Code- 143521",S. Sukhjinder Singh Memorial Edu. Society,Gurdaspur,Punjab,Private,GNM,60 (Sixty),2025-2026,16,https://online.indiannursingcouncil.org/Reports/YearlyReportByState.aspx,2026-09-11T11:34:05.847085
9,S. Sukhjinder Singh Institute Of Nursing,"S. Sukhjinder Singh Institute Of Nursing, V P O Hayat Nagar, Hardochanni Rd, Gurdaspur, Distt.- Gurdaspur, Punjab, Pin Code- 143521",S. Sukhjinder Singh Memorial Edu. Society,Gurdaspur,Punjab,Private,B.Sc(N),60 (Sixty),2025-2026,16,https://online.indiannursingcouncil.org/Reports/YearlyReportByState.aspx,2026-09-11T11:34:05.847085
10,Sachkhand School Of Nursing,"Sachkhand School Of Nursing, Hindumalkot Road, Abohar, Distt.- Fazilka, Punjab, Pin Code- 152116",Sachkhand Covent School Education Society,Fazilka,Punjab,Private,ANM,50 (Fifty),2025-2026,16,https://online.indiannursingcouncil.org/Reports/YearlyReportByState.aspx,2026-09-11T11:34:05.847085
10,Sachkhand School Of Nursing,"Sachkhand School Of Nursing, Hindumalkot Road, Abohar, Distt.- Fazilka, Punjab, Pin Code- 152116",Sachkhand Covent School Education Society,Fazilka,Punjab,Private,GNM,50 (Fifty),2025-2026,16,https://online.indiannursingcouncil.org/Reports/YearlyReportByState.aspx,2026-09-11T11:34:05.847085
10,Sachkhand School Of Nursing,"Sachkhand School Of Nursing, Hindumalkot Road, Abohar, Distt.- Fazilka, Punjab, Pin Code- 152116",Sachkhand Covent School Education Society,Fazilka,Punjab,Private,B.Sc(N),60 (Sixty),2025-2026,16,https://online.indiannursingcouncil.org/Reports/YearlyReportByState.aspx,2026-09-11T11:34:05.847085
10,Sachkhand School Of Nursing,"Sachkhand School Of Nursing, Hindumalkot Road, Abohar, Distt.- Fazilka, Punjab, Pin Code- 152116",Sachkhand Covent School Education Society,Fazilka,Punjab,Private,P B B.Sc(N),30 (Thirty),2025-2026,16,https://online.indiannursingcouncil.org/Reports/YearlyReportByState.aspx,2026-09-11T11:34:05.847085
11,Sacred Heart Hospital,"Sacred Heart Hospital, Sacred Heart Hospital, School Of Nursing, Maqsudan, G.T Road, Jalandhar , Vill.- Maqsudan , Tehsil- Jalandhar East, Distt.- Jalandhar, Punjab, Pin Code- 144008",Jyothi Province Sacred Heart Congregation,Jalandhar,Punjab,Private,GNM,40 (Forty),2025-2026,16,https://online.indiannursingcouncil.org/Reports/YearlyReportByState.aspx,2026-09-11T11:34:05.847085
12,Sai College Of Nursing,"Sai College Of Nursing, Sardulapur, Chandigarh, Hoshiarpur Road, Sardulapur, Distt.- Hoshiarpur, Punjab, Pin Code- 146109",Sai Wiranwali Educational Trust,Hoshiarpur,Punjab,Private,ANM,40 (Forty),2025-2026,16,https://online.indiannursingcouncil.org/Reports/YearlyReportByState.aspx,2026-09-11T11:34:05.847085
1,Sai College Of Nursing,"Sai College Of Nursing, Sardulapur, Chandigarh, Hoshiarpur Road, Sardulapur, Distt.- Hoshiarpur, Punjab, Pin Code- 146109",Sai Wiranwali Educational Trust,Hoshiarpur,Punjab,Private,GNM,40 (Forty),2025-2026,17,https://online.indiannursingcouncil.org/Reports/YearlyReportByState.aspx,2026-09-11T11:34:13.866998
2,Saint Sahara Institute Of Nursing Education,"Saint Sahara Institute Of Nursing Education, Near Power Grid, Ferozepur Road, Sri Muktsar Sahib , Distt.- Mukatsar, Punjab, Pin Code- 152026",Shivalik Public Educational Society,Mukatsar,Punjab,Private,ANM,30 (Thirty),2025-2026,17,https://online.indiannursingcouncil.org/Reports/YearlyReportByState.aspx,2026-09-11T11:34:13.866998
2,Saint Sahara Institute Of Nursing Education,"Saint Sahara Institute Of Nursing Education, Near Power Grid, Ferozepur Road, Sri Muktsar Sahib , Distt.- Mukatsar, Punjab, Pin Code- 152026",Shivalik Public Educational Society,Mukatsar,Punjab,Private,GNM,40 (Forty),2025-2026,17,https://online.indiannursingcouncil.org/Reports/YearlyReportByState.aspx,2026-09-11T11:34:13.866998
3,Saint Sahara School Of Nursing,"Saint Sahara School Of Nursing, Mansa Road, Kot Shamir, Vill.- Kot Shameer, Tehsil- Bathinda, Distt.- Bathinda, Punjab, Pin Code- 151001",Saint Sahara Educational Society,Bathinda,Punjab,Private,GNM,40 (Forty),2025-2026,17,https://online.indiannursingcouncil.org/Reports/YearlyReportByState.aspx,2026-09-11T11:34:13.866998
3,Saint Sahara School Of Nursing,"Saint Sahara School Of Nursing, Mansa Road, Kot Shamir, Vill.- Kot Shameer, Tehsil- Bathinda, Distt.- Bathinda, Punjab, Pin Code- 151001",Saint Sahara Educational Society,Bathinda,Punjab,Private,ANM,30 (Thirty),2025-2026,17,https://online.indiannursingcouncil.org/Reports/YearlyReportByState.aspx,2026-09-11T11:34:13.866998
4,Salutary Nursing Institute,"Salutary Nursing Institute, V P O Tutwala , Teh Abohar, Vill.- Tootwala, Tehsil- Abohar, Distt.- Ferozepur, Punjab, Pin Code- 152132",Salutary Educational Society,Ferozepur,Punjab,Private,ANM,50 (Fifty),2025-2026,17,https://online.indiannursingcouncil.org/Reports/YearlyReportByState.aspx,2026-09-11T11:34:13.866998
4,Salutary Nursing Institute,"Salutary Nursing Institute, V P O Tutwala , Teh Abohar, Vill.- Tootwala, Tehsil- Abohar, Distt.- Ferozepur, Punjab, Pin Code- 152132",Salutary Educational Society,Ferozepur,Punjab,Private,GNM,50 (Fifty),2025-2026,17,https://online.indiannursingcouncil.org/Reports/YearlyReportByState.aspx,2026-09-11T11:34:13.866998
5,Sandhu Institute Of Nursing,"Sandhu Institute Of Nursing, Vpo - Mahalon, Banga Road, Nawashahar, Distt.- Nawanshahar, Punjab, Pin Code- 144514",Mata Kulwant Kaur Educational Society,Nawanshahar,Punjab,Private,GNM,60 (Sixty),2025-2026,17,https://online.indiannursingcouncil.org/Reports/YearlyReportByState.aspx,2026-09-11T11:34:13.866998
5,Sandhu Institute Of Nursing,"Sandhu Institute Of Nursing, Vpo - Mahalon, Banga Road, Nawashahar, Distt.- Nawanshahar, Punjab, Pin Code- 144514",Mata Kulwant Kaur Educational Society,Nawanshahar,Punjab,Private,B.Sc(N),50 (Fifty),2025-2026,17,https://online.indiannursingcouncil.org/Reports/YearlyReportByState.aspx,2026-09-11T11:34:13.866998
5,Sandhu Institute Of Nursing,"Sandhu Institute Of Nursing, Vpo - Mahalon, Banga Road, Nawashahar, Distt.- Nawanshahar, Punjab, Pin Code- 144514",Mata Kulwant Kaur Educational Society,Nawanshahar,Punjab,Private,P B B.Sc(N),30 (Thirty),2025-2026,17,https://online.indiannursingcouncil.org/Reports/YearlyReportByState.aspx,2026-09-11T11:34:13.866998
6,Sanjeevani School Of Nursing,"Sanjeevani School Of Nursing, Bhai Kanhaiya Edu Soc., Village Daudpur, Tehsil Samrala, Distt Ludhiana , Vill.- Daudpur , Tehsil- Samrala, Distt.- Ludhiana, Punjab, Pin Code- 141417",Bhai Kanahiya Educational Society,Ludhiana,Punjab,Private,GNM,60 (Sixty),2025-2026,17,https://online.indiannursingcouncil.org/Reports/YearlyReportByState.aspx,2026-09-11T11:34:13.866998
6,Sanjeevani School Of Nursing,"Sanjeevani School Of Nursing, Bhai Kanhaiya Edu Soc., Village Daudpur, Tehsil Samrala, Distt Ludhiana , Vill.- Daudpur , Tehsil- Samrala, Distt.- Ludhiana, Punjab, Pin Code- 141417",Bhai Kanahiya Educational Society,Ludhiana,Punjab,Private,P B B.Sc(N),40 (Forty),2025-2026,17,https://online.indiannursingcouncil.org/Reports/YearlyReportByState.aspx,2026-09-11T11:34:13.866998
7,Sant Baba Bhag Singh Institute Of Nursing,"Sant Baba Bhag Singh Institute Of Nursing, Vill Khiala, P O Padhiana, Vill.- Khiala, , Tehsil- Adampur, Distt.- Jalandhar, Punjab, Pin Code- 144030",Sant Baba Bhag Singh Mem Ch. Society,Jalandhar,Punjab,Private,ANM,30 (Thirty),2025-2026,17,https://online.indiannursingcouncil.org/Reports/YearlyReportByState.aspx,2026-09-11T11:34:13.866998
7,Sant Baba Bhag Singh Institute Of Nursing,"Sant Baba Bhag Singh Institute Of Nursing, Vill Khiala, P O Padhiana, Vill.- Khiala, , Tehsil- Adampur, Distt.- Jalandhar, Punjab, Pin Code- 144030",Sant Baba Bhag Singh Mem Ch. Society,Jalandhar,Punjab,Private,GNM,60 (Sixty),2025-2026,17,https://online.indiannursingcouncil.org/Reports/YearlyReportByState.aspx,2026-09-11T11:34:13.866998
7,Sant Baba Bhag Singh Institute Of Nursing,"Sant Baba Bhag Singh Institute Of Nursing, Vill Khiala, P O Padhiana, Vill.- Khiala, , Tehsil- Adampur, Distt.- Jalandhar, Punjab, Pin Code- 144030",Sant Baba Bhag Singh Mem Ch. Society,Jalandhar,Punjab,Private,B.Sc(N),50 (Fifty),2025-2026,17,https://online.indiannursingcouncil.org/Reports/YearlyReportByState.aspx,2026-09-11T11:34:13.866998
7,Sant Baba Bhag Singh Institute Of Nursing,"Sant Baba Bhag Singh Institute Of Nursing, Vill Khiala, P O Padhiana, Vill.- Khiala, , Tehsil- Adampur, Distt.- Jalandhar, Punjab, Pin Code- 144030",Sant Baba Bhag Singh Mem Ch. Society,Jalandhar,Punjab,Private,P B B.Sc(N),30 (Thirty),2025-2026,17,https://online.indiannursingcouncil.org/Reports/YearlyReportByState.aspx,2026-09-11T11:34:13.866998
8,Sant Darbara Singh School Of Nursing,"Sant Darbara Singh School Of Nursing, Village Lopon, Moga, Moga, Distt.- Moga, Punjab, Pin Code- 142037",Sant Darbara Singh Ik-Onkar Trust,Moga,Punjab,Private,GNM,60 (Sixty),2025-2026,17,https://online.indiannursingcouncil.org/Reports/YearlyReportByState.aspx,2026-09-11T11:34:13.866998
9,Sant Inder Dass Nursing Institute,"Sant Inder Dass Nursing Institute, Kheri Manian, Dist. Patiala, Patiala , Distt.- Patiala, Punjab, Pin Code- 147001",Sant Inder Dass Charitable Trust,Patiala,Punjab,Private,ANM,30 (Thirty),2025-2026,17,https://online.indiannursingcouncil.org/Reports/YearlyReportByState.aspx,2026-09-11T11:34:13.866998
9,Sant Inder Dass Nursing Institute,"Sant Inder Dass Nursing Institute, Kheri Manian, Dist. Patiala, Patiala , Distt.- Patiala, Punjab, Pin Code- 147001",Sant Inder Dass Charitable Trust,Patiala,Punjab,Private,GNM,40 (Forty),2025-2026,17,https://online.indiannursingcouncil.org/Reports/YearlyReportByState.aspx,2026-09-11T11:34:13.866998
10,Saraswati Institute Of Nursing,"Saraswati Institute Of Nursing, Bathinda Road, Maur Mandi, Bathinda, Distt.- Bathinda, Punjab, Pin Code- 151509",Saint Baba Fateh Singh Trust,Bathinda,Punjab,Private,ANM,30 (Thirty),2025-2026,17,https://online.indiannursingcouncil.org/Reports/YearlyReportByState.aspx,2026-09-11T11:34:13.866998
10,Saraswati Institute Of Nursing,"Saraswati Institute Of Nursing, Bathinda Road, Maur Mandi, Bathinda, Distt.- Bathinda, Punjab, Pin Code- 151509",Saint Baba Fateh Singh Trust,Bathinda,Punjab,Private,GNM,40 (Forty),2025-2026,17,https://online.indiannursingcouncil.org/Reports/YearlyReportByState.aspx,2026-09-11T11:34:13.866998
11,Saraswati Nursing Institute,"Saraswati Nursing Institute, Kurali - Morinda Road, Village Dhianpura, Vill.- Kurali , Tehsil- Kharar, Distt.- Mohali, Punjab, Pin Code- 140103",Saraswati Educational And Welfare Society,Mohali,Punjab,Private,GNM,60 (Sixty),2025-2026,17,https://online.indiannursingcouncil.org/Reports/YearlyReportByState.aspx,2026-09-11T11:34:13.866998
11,Saraswati Nursing Institute,"Saraswati Nursing Institute, Kurali - Morinda Road, Village Dhianpura, Vill.- Kurali , Tehsil- Kharar, Distt.- Mohali, Punjab, Pin Code- 140103",Saraswati Educational And Welfare Society,Mohali,Punjab,Private,B.Sc(N),60 (Sixty),2025-2026,17,https://online.indiannursingcouncil.org/Reports/YearlyReportByState.aspx,2026-09-11T11:34:13.866998
11,Saraswati Nursing Institute,"Saraswati Nursing Institute, Kurali - Morinda Road, Village Dhianpura, Vill.- Kurali , Tehsil- Kharar, Distt.- Mohali, Punjab, Pin Code- 140103",Saraswati Educational And Welfare Society,Mohali,Punjab,Private,M. Sc (N),"40 (Forty) Med Surg-10, Paed-5, Psy-10, Obg-10, Chn-5",2025-2026,17,https://online.indiannursingcouncil.org/Reports/YearlyReportByState.aspx,2026-09-11T11:34:13.866998
11,Saraswati Nursing Institute,"Saraswati Nursing Institute, Kurali - Morinda Road, Village Dhianpura, Vill.- Kurali , Tehsil- Kharar, Distt.- Mohali, Punjab, Pin Code- 140103",Saraswati Educational And Welfare Society,Mohali,Punjab,Private,P B B.Sc(N),50 (Fifty),2025-2026,17,https://online.indiannursingcouncil.org/Reports/YearlyReportByState.aspx,2026-09-11T11:34:13.866998
12,Saraswati Professional And Higher Education College Of Nursing,"Saraswati Professional And Higher Education College Of Nursing, Vpo - Gharuan , S A S Nagar, Distt.- Mohali, Punjab, Pin Code- 140143",Saraswati Professional And Higher Education Society,Mohali,Punjab,Private,ANM,30 (Thirty),2025-2026,17,https://online.indiannursingcouncil.org/Reports/YearlyReportByState.aspx,2026-09-11T11:34:13.866998
12,Saraswati Professional And Higher Education College Of Nursing,"Saraswati Professional And Higher Education College Of Nursing, Vpo - Gharuan , S A S Nagar, Distt.- Mohali, Punjab, Pin Code- 140143",Saraswati Professional And Higher Education Society,Mohali,Punjab,Private,B.Sc(N),60 (Sixty),2025-2026,17,https://online.indiannursingcouncil.org/Reports/YearlyReportByState.aspx,2026-09-11T11:34:13.866998
12,Saraswati Professional And Higher Education College Of Nursing,"Saraswati Professional And Higher Education College Of Nursing, Vpo - Gharuan , S A S Nagar, Distt.- Mohali, Punjab, Pin Code- 140143",Saraswati Professional And Higher Education Society,Mohali,Punjab,Private,GNM,60 (Sixty),2025-2026,17,https://online.indiannursingcouncil.org/Reports/YearlyReportByState.aspx,2026-09-11T11:34:13.866998
12,Saraswati Professional And Higher Education College Of Nursing,"Saraswati Professional And Higher Education College Of Nursing, Vpo - Gharuan , S A S Nagar, Distt.- Mohali, Punjab, Pin Code- 140143",Saraswati Professional And Higher Education Society,Mohali,Punjab,Private,M. Sc (N),25 (Twenty Five),2025-2026,17,https://online.indiannursingcouncil.org/Reports/YearlyReportByState.aspx,2026-09-11T11:34:13.866998
12,Saraswati Professional And Higher Education College Of Nursing,"Saraswati Professional And Higher Education College Of Nursing, Vpo - Gharuan , S A S Nagar, Distt.- Mohali, Punjab, Pin Code- 140143",Saraswati Professional And Higher Education Society,Mohali,Punjab,Private,P B B.Sc(N),40 (Forty),2025-2026,17,https://online.indiannursingcouncil.org/Reports/YearlyReportByState.aspx,2026-09-11T11:34:13.866998
1,Sardar Patel Medical Institute Of Nursing,"Sardar Patel Medical Institute Of Nursing, Fazilka Road, Abohar, Distt.- Fazilka, Punjab, Pin Code- 152116",Sardar Patel Educational Society,Fazilka,Punjab,Private,GNM,60 (Sixty),2025-2026,18,https://online.indiannursingcouncil.org/Reports/YearlyReportByState.aspx,2026-09-11T11:34:23.037127
1,Sardar Patel Medical Institute Of Nursing,"Sardar Patel Medical Institute Of Nursing, Fazilka Road, Abohar, Distt.- Fazilka, Punjab, Pin Code- 152116",Sardar Patel Educational Society,Fazilka,Punjab,Private,ANM,50 (Fifty),2025-2026,18,https://online.indiannursingcouncil.org/Reports/YearlyReportByState.aspx,2026-09-11T11:34:23.037127
2,Shaheed Bhagat Singh College Of Nursing Sodewala Ferozepur,"Shaheed Bhagat Singh College Of Nursing Sodewala Ferozepur, Mallan Wala Road, Ferozepur City, Distt.- Ferozepur, Punjab, Pin Code- 152002",Shaheed Bhagat Singh Educational And Welfare Society,Ferozepur,Punjab,Private,ANM,30 (Thirty),2025-2026,18,https://online.indiannursingcouncil.org/Reports/YearlyReportByState.aspx,2026-09-11T11:34:23.037127
2,Shaheed Bhagat Singh College Of Nursing Sodewala Ferozepur,"Shaheed Bhagat Singh College Of Nursing Sodewala Ferozepur, Mallan Wala Road, Ferozepur City, Distt.- Ferozepur, Punjab, Pin Code- 152002",Shaheed Bhagat Singh Educational And Welfare Society,Ferozepur,Punjab,Private,GNM,60 (Sixty),2025-2026,18,https://online.indiannursingcouncil.org/Reports/YearlyReportByState.aspx,2026-09-11T11:34:23.037127
2,Shaheed Bhagat Singh College Of Nursing Sodewala Ferozepur,"Shaheed Bhagat Singh College Of Nursing Sodewala Ferozepur, Mallan Wala Road, Ferozepur City, Distt.- Ferozepur, Punjab, Pin Code- 152002",Shaheed Bhagat Singh Educational And Welfare Society,Ferozepur,Punjab,Private,B.Sc(N),50 (Fifty),2025-2026,18,https://online.indiannursingcouncil.org/Reports/YearlyReportByState.aspx,2026-09-11T11:34:23.037127
2,Shaheed Bhagat Singh College Of Nursing Sodewala Ferozepur,"Shaheed Bhagat Singh College Of Nursing Sodewala Ferozepur, Mallan Wala Road, Ferozepur City, Distt.- Ferozepur, Punjab, Pin Code- 152002",Shaheed Bhagat Singh Educational And Welfare Society,Ferozepur,Punjab,Private,P B B.Sc(N),40 (Forty),2025-2026,18,https://online.indiannursingcouncil.org/Reports/YearlyReportByState.aspx,2026-09-11T11:34:23.037127
3,Shaheed Bhagat Singh College Of Nursing,"Shaheed Bhagat Singh College Of Nursing, State Highway-13, Barnala Raikot Road Mehal Kalan, Mehal Kalan, Distt.- Barnala, Punjab, Pin Code- 148104",Shaheed Bhagat Singh Educational &Amp; Welfare Society,Barnala,Punjab,Private,GNM,60 (Sixty),2025-2026,18,https://online.indiannursingcouncil.org/Reports/YearlyReportByState.aspx,2026-09-11T11:34:23.037127
3,Shaheed Bhagat Singh College Of Nursing,"Shaheed Bhagat Singh College Of Nursing, State Highway-13, Barnala Raikot Road Mehal Kalan, Mehal Kalan, Distt.- Barnala, Punjab, Pin Code- 148104",Shaheed Bhagat Singh Educational &Amp; Welfare Society,Barnala,Punjab,Private,ANM,40 (Forty),2025-2026,18,https://online.indiannursingcouncil.org/Reports/YearlyReportByState.aspx,2026-09-11T11:34:23.037127
4,Shaheed Kartar Singh Sarabha College Of Nursing,"Shaheed Kartar Singh Sarabha College Of Nursing, V P O - Sarabha, Ludhiana, , Vill.- Sarabha, Tehsil- Ludhiana, Distt.- Ludhiana, Punjab, Pin Code- 141105",Shaheed Kartar Singh Sarabha Charitable Trust,Ludhiana,Punjab,Private,ANM,30 (Thirty),2025-2026,18,https://online.indiannursingcouncil.org/Reports/YearlyReportByState.aspx,2026-09-11T11:34:23.037127
4,Shaheed Kartar Singh Sarabha College Of Nursing,"Shaheed Kartar Singh Sarabha College Of Nursing, V P O - Sarabha, Ludhiana, , Vill.- Sarabha, Tehsil- Ludhiana, Distt.- Ludhiana, Punjab, Pin Code- 141105",Shaheed Kartar Singh Sarabha Charitable Trust,Ludhiana,Punjab,Private,GNM,60 (Sixty),2025-2026,18,https://online.indiannursingcouncil.org/Reports/YearlyReportByState.aspx,2026-09-11T11:34:23.037127
4,Shaheed Kartar Singh Sarabha College Of Nursing,"Shaheed Kartar Singh Sarabha College Of Nursing, V P O - Sarabha, Ludhiana, , Vill.- Sarabha, Tehsil- Ludhiana, Distt.- Ludhiana, Punjab, Pin Code- 141105",Shaheed Kartar Singh Sarabha Charitable Trust,Ludhiana,Punjab,Private,M. Sc (N),"15; Psy-5, Chn-5, Obg-5",2025-2026,18,https://online.indiannursingcouncil.org/Reports/YearlyReportByState.aspx,2026-09-11T11:34:23.037127
4,Shaheed Kartar Singh Sarabha College Of Nursing,"Shaheed Kartar Singh Sarabha College Of Nursing, V P O - Sarabha, Ludhiana, , Vill.- Sarabha, Tehsil- Ludhiana, Distt.- Ludhiana, Punjab, Pin Code- 141105",Shaheed Kartar Singh Sarabha Charitable Trust,Ludhiana,Punjab,Private,B.Sc(N),60 (Sixty),2025-2026,18,https://online.indiannursingcouncil.org/Reports/YearlyReportByState.aspx,2026-09-11T11:34:23.037127
4,Shaheed Kartar Singh Sarabha College Of Nursing,"Shaheed Kartar Singh Sarabha College Of Nursing, V P O - Sarabha, Ludhiana, , Vill.- Sarabha, Tehsil- Ludhiana, Distt.- Ludhiana, Punjab, Pin Code- 141105",Shaheed Kartar Singh Sarabha Charitable Trust,Ludhiana,Punjab,Private,P B B.Sc(N),30 (Thirty),2025-2026,18,https://online.indiannursingcouncil.org/Reports/YearlyReportByState.aspx,2026-09-11T11:34:23.037127
5,Shaheed Madan Lal Dhingra Govt School Of Nursing,"Shaheed Madan Lal Dhingra Govt School Of Nursing, Govt Mental Hospital, Inside Institute Of Mental Health Science, Amritsar, Distt.- Amritser, Punjab, Pin Code- 143001",Punjab Govt.,Amritser,Punjab,Government,GNM,40 (Forty),2025-2026,18,https://online.indiannursingcouncil.org/Reports/YearlyReportByState.aspx,2026-09-11T11:34:23.037127
6,Shiv Shakti College Of Nursing,"Shiv Shakti College Of Nursing, Sunam Road Bhikhi, Bhikhi, Distt.- Mansa, Punjab, Pin Code- 151504",Shiv Shakti Medical Society Bhikhi,Mansa,Punjab,Private,GNM,50 (Fifty),2025-2026,18,https://online.indiannursingcouncil.org/Reports/YearlyReportByState.aspx,2026-09-11T11:34:23.037127
6,Shiv Shakti College Of Nursing,"Shiv Shakti College Of Nursing, Sunam Road Bhikhi, Bhikhi, Distt.- Mansa, Punjab, Pin Code- 151504",Shiv Shakti Medical Society Bhikhi,Mansa,Punjab,Private,B.Sc(N),40 (Forty),2025-2026,18,https://online.indiannursingcouncil.org/Reports/YearlyReportByState.aspx,2026-09-11T11:34:23.037127
6,Shiv Shakti College Of Nursing,"Shiv Shakti College Of Nursing, Sunam Road Bhikhi, Bhikhi, Distt.- Mansa, Punjab, Pin Code- 151504",Shiv Shakti Medical Society Bhikhi,Mansa,Punjab,Private,ANM,20 (Twenty),2025-2026,18,https://online.indiannursingcouncil.org/Reports/YearlyReportByState.aspx,2026-09-11T11:34:23.037127
7,Shivalik Excellence School Of Nursing,"Shivalik Excellence School Of Nursing, V P O - Sarhali Kalan, Sarhali Kallan , Distt.- Tarn Taran, Punjab, Pin Code- 143410",Shivalik Educaitonal And Charitable Society,Tarn Taran,Punjab,Private,GNM,30 (Thirty),2025-2026,18,https://online.indiannursingcouncil.org/Reports/YearlyReportByState.aspx,2026-09-11T11:34:23.037127
8,Shri Guru Ram Dass College Of Nursing,"Shri Guru Ram Dass College Of Nursing, Canal Colony Road Punjab, Hoshiarpur, Distt.- Hoshiarpur, Punjab, Pin Code- 146001",Shri Guru Ram Dass Charitable Society,Hoshiarpur,Punjab,Private,ANM,40 (Forty),2025-2026,18,https://online.indiannursingcouncil.org/Reports/YearlyReportByState.aspx,2026-09-11T11:34:23.037127
8,Shri Guru Ram Dass College Of Nursing,"Shri Guru Ram Dass College Of Nursing, Canal Colony Road Punjab, Hoshiarpur, Distt.- Hoshiarpur, Punjab, Pin Code- 146001",Shri Guru Ram Dass Charitable Society,Hoshiarpur,Punjab,Private,GNM,60 (Sixty),2025-2026,18,https://online.indiannursingcouncil.org/Reports/YearlyReportByState.aspx,2026-09-11T11:34:23.037127
8,Shri Guru Ram Dass College Of Nursing,"Shri Guru Ram Dass College Of Nursing, Canal Colony Road Punjab, Hoshiarpur, Distt.- Hoshiarpur, Punjab, Pin Code- 146001",Shri Guru Ram Dass Charitable Society,Hoshiarpur,Punjab,Private,B.Sc(N),60 (Sixty),2025-2026,18,https://online.indiannursingcouncil.org/Reports/YearlyReportByState.aspx,2026-09-11T11:34:23.037127
8,Shri Guru Ram Dass College Of Nursing,"Shri Guru Ram Dass College Of Nursing, Canal Colony Road Punjab, Hoshiarpur, Distt.- Hoshiarpur, Punjab, Pin Code- 146001",Shri Guru Ram Dass Charitable Society,Hoshiarpur,Punjab,Private,M. Sc (N),22 (Twenty Two) Med-Surg-5 Chn-5 Paed-4 Psy-3 Obg-5,2025-2026,18,https://online.indiannursingcouncil.org/Reports/YearlyReportByState.aspx,2026-09-11T11:34:23.037127
8,Shri Guru Ram Dass College Of Nursing,"Shri Guru Ram Dass College Of Nursing, Canal Colony Road Punjab, Hoshiarpur, Distt.- Hoshiarpur, Punjab, Pin Code- 146001",Shri Guru Ram Dass Charitable Society,Hoshiarpur,Punjab,Private,P B B.Sc(N),40 (Forty),2025-2026,18,https://online.indiannursingcouncil.org/Reports/YearlyReportByState.aspx,2026-09-11T11:34:23.037127
9,Sidana Nursing College,"Sidana Nursing College, Khiala Khurd, Ram Tirath Road, Amritsar, Amritsar, Distt.- Amritser, Punjab, Pin Code- 143101",Sidana Educational And Welfare Society,Amritser,Punjab,Private,GNM,60 (Sixty),2025-2026,18,https://online.indiannursingcouncil.org/Reports/YearlyReportByState.aspx,2026-09-11T11:34:23.037127
9,Sidana Nursing College,"Sidana Nursing College, Khiala Khurd, Ram Tirath Road, Amritsar, Amritsar, Distt.- Amritser, Punjab, Pin Code- 143101",Sidana Educational And Welfare Society,Amritser,Punjab,Private,B.Sc(N),60 (Sixty),2025-2026,18,https://online.indiannursingcouncil.org/Reports/YearlyReportByState.aspx,2026-09-11T11:34:23.037127
10,Sidhu School Of Nursing,"Sidhu School Of Nursing, Sidhu Educational & Res. Instt, G T Road, Doraha, Distt.- Ludhiana, Punjab, Pin Code- 141421",Sidhu Educational And Research Institute,Ludhiana,Punjab,Private,GNM,60 (Sixty),2025-2026,18,https://online.indiannursingcouncil.org/Reports/YearlyReportByState.aspx,2026-09-11T11:34:23.037127
10,Sidhu School Of Nursing,"Sidhu School Of Nursing, Sidhu Educational & Res. Instt, G T Road, Doraha, Distt.- Ludhiana, Punjab, Pin Code- 141421",Sidhu Educational And Research Institute,Ludhiana,Punjab,Private,B.Sc(N),30 (Thirty),2025-2026,18,https://online.indiannursingcouncil.org/Reports/YearlyReportByState.aspx,2026-09-11T11:34:23.037127
10,Sidhu School Of Nursing,"Sidhu School Of Nursing, Sidhu Educational & Res. Instt, G T Road, Doraha, Distt.- Ludhiana, Punjab, Pin Code- 141421",Sidhu Educational And Research Institute,Ludhiana,Punjab,Private,P B B.Sc(N),30 (Thirty),2025-2026,18,https://online.indiannursingcouncil.org/Reports/YearlyReportByState.aspx,2026-09-11T11:34:23.037127
11,Silver Oaks College Of Nursing,"Silver Oaks College Of Nursing, Vill. Abhipur, Po Khizrabad, , Vill.- Abhipur,, Tehsil- Majri, Distt.- Mohali, Punjab, Pin Code- 140109",Silver Oaks Foundation,Mohali,Punjab,Private,ANM,20 (Twenty),2025-2026,18,https://online.indiannursingcouncil.org/Reports/YearlyReportByState.aspx,2026-09-11T11:34:23.037127
11,Silver Oaks College Of Nursing,"Silver Oaks College Of Nursing, Vill. Abhipur, Po Khizrabad, , Vill.- Abhipur,, Tehsil- Majri, Distt.- Mohali, Punjab, Pin Code- 140109",Silver Oaks Foundation,Mohali,Punjab,Private,GNM,40 (Forty),2025-2026,18,https://online.indiannursingcouncil.org/Reports/YearlyReportByState.aspx,2026-09-11T11:34:23.037127
1,Silver Oaks College Of Nursing,"Silver Oaks College Of Nursing, Vill. Abhipur, Po Khizrabad, , Vill.- Abhipur,, Tehsil- Majri, Distt.- Mohali, Punjab, Pin Code- 140109",Silver Oaks Foundation,Mohali,Punjab,Private,B.Sc(N),60 (Sixty),2025-2026,19,https://online.indiannursingcouncil.org/Reports/YearlyReportByState.aspx,2026-09-11T11:34:30.753096
1,Silver Oaks College Of Nursing,"Silver Oaks College Of Nursing, Vill. Abhipur, Po Khizrabad, , Vill.- Abhipur,, Tehsil- Majri, Distt.- Mohali, Punjab, Pin Code- 140109",Silver Oaks Foundation,Mohali,Punjab,Private,M. Sc (N),"10; Med-Surg 6, Obg- 4",2025-2026,19,https://online.indiannursingcouncil.org/Reports/YearlyReportByState.aspx,2026-09-11T11:34:30.753096
1,Silver Oaks College Of Nursing,"Silver Oaks College Of Nursing, Vill. Abhipur, Po Khizrabad, , Vill.- Abhipur,, Tehsil- Majri, Distt.- Mohali, Punjab, Pin Code- 140109",Silver Oaks Foundation,Mohali,Punjab,Private,P B B.Sc(N),30 (Thirty),2025-2026,19,https://online.indiannursingcouncil.org/Reports/YearlyReportByState.aspx,2026-09-11T11:34:30.753096
2,Singha Nursing College,"Singha Nursing College, Village Singh, Near Lambra, Nakodar Road, Jalandhar, Distt.- Jalandhar, Punjab, Pin Code- 144630",M S Educational Society,Jalandhar,Punjab,Private,ANM,30 (Thirty),2025-2026,19,https://online.indiannursingcouncil.org/Reports/YearlyReportByState.aspx,2026-09-11T11:34:30.753096
2,Singha Nursing College,"Singha Nursing College, Village Singh, Near Lambra, Nakodar Road, Jalandhar, Distt.- Jalandhar, Punjab, Pin Code- 144630",M S Educational Society,Jalandhar,Punjab,Private,GNM,40 (Forty),2025-2026,19,https://online.indiannursingcouncil.org/Reports/YearlyReportByState.aspx,2026-09-11T11:34:30.753096
3,Sri Guru Arjun Dev Ji Institute Of Nursing,"Sri Guru Arjun Dev Ji Institute Of Nursing, Chabal Road, Fatahpur, Amritsar, 143009, Amritsar, Distt.- Amritser, Punjab, Pin Code- 143009",Youth Welfare Council Of India,Amritser,Punjab,Private,B.Sc(N),60 (Sixty),2025-2026,19,https://online.indiannursingcouncil.org/Reports/YearlyReportByState.aspx,2026-09-11T11:34:30.753096
3,Sri Guru Arjun Dev Ji Institute Of Nursing,"Sri Guru Arjun Dev Ji Institute Of Nursing, Chabal Road, Fatahpur, Amritsar, 143009, Amritsar, Distt.- Amritser, Punjab, Pin Code- 143009",Youth Welfare Council Of India,Amritser,Punjab,Private,ANM,60 (Sixty),2025-2026,19,https://online.indiannursingcouncil.org/Reports/YearlyReportByState.aspx,2026-09-11T11:34:30.753096
3,Sri Guru Arjun Dev Ji Institute Of Nursing,"Sri Guru Arjun Dev Ji Institute Of Nursing, Chabal Road, Fatahpur, Amritsar, 143009, Amritsar, Distt.- Amritser, Punjab, Pin Code- 143009",Youth Welfare Council Of India,Amritser,Punjab,Private,GNM,60 (Sixty),2025-2026,19,https://online.indiannursingcouncil.org/Reports/YearlyReportByState.aspx,2026-09-11T11:34:30.753096
4,Sri Guru Harkrishan Sahib College Of Nursing,"Sri Guru Harkrishan Sahib College Of Nursing,, Village Sohana, Sector-77, , , Distt.- Mohali, Punjab, Pin Code- 140308",Sh. Guru Harkrishan Sahib Charitable Trust,Mohali,Punjab,Private,GNM,50 (Fifty),2025-2026,19,https://online.indiannursingcouncil.org/Reports/YearlyReportByState.aspx,2026-09-11T11:34:30.753096
4,Sri Guru Harkrishan Sahib College Of Nursing,"Sri Guru Harkrishan Sahib College Of Nursing,, Village Sohana, Sector-77, , , Distt.- Mohali, Punjab, Pin Code- 140308",Sh. Guru Harkrishan Sahib Charitable Trust,Mohali,Punjab,Private,B.Sc(N),60 (Sixty),2025-2026,19,https://online.indiannursingcouncil.org/Reports/YearlyReportByState.aspx,2026-09-11T11:34:30.753096
4,Sri Guru Harkrishan Sahib College Of Nursing,"Sri Guru Harkrishan Sahib College Of Nursing,, Village Sohana, Sector-77, , , Distt.- Mohali, Punjab, Pin Code- 140308",Sh. Guru Harkrishan Sahib Charitable Trust,Mohali,Punjab,Private,M. Sc (N),"11 (Eleven) Med-Surg-5, Psy-2, Chn-2, Paed-2",2025-2026,19,https://online.indiannursingcouncil.org/Reports/YearlyReportByState.aspx,2026-09-11T11:34:30.753096
4,Sri Guru Harkrishan Sahib College Of Nursing,"Sri Guru Harkrishan Sahib College Of Nursing,, Village Sohana, Sector-77, , , Distt.- Mohali, Punjab, Pin Code- 140308",Sh. Guru Harkrishan Sahib Charitable Trust,Mohali,Punjab,Private,P B B.Sc(N),30 (Thirty),2025-2026,19,https://online.indiannursingcouncil.org/Reports/YearlyReportByState.aspx,2026-09-11T11:34:30.753096
5,Sri Guru Ram Das College Of Nursing,"Sri Guru Ram Das College Of Nursing, Mehta Road, Vallah, P O Verka, Amritsar, Distt.- Amritser, Punjab, Pin Code- 143501",Sri Guru Ram Das Charitable Hospital Trust,Amritser,Punjab,Private,GNM,60 (Sixty),2025-2026,19,https://online.indiannursingcouncil.org/Reports/YearlyReportByState.aspx,2026-09-11T11:34:30.753096
5,Sri Guru Ram Das College Of Nursing,"Sri Guru Ram Das College Of Nursing, Mehta Road, Vallah, P O Verka, Amritsar, Distt.- Amritser, Punjab, Pin Code- 143501",Sri Guru Ram Das Charitable Hospital Trust,Amritser,Punjab,Private,B.Sc(N),100 (One Hundred),2025-2026,19,https://online.indiannursingcouncil.org/Reports/YearlyReportByState.aspx,2026-09-11T11:34:30.753096
5,Sri Guru Ram Das College Of Nursing,"Sri Guru Ram Das College Of Nursing, Mehta Road, Vallah, P O Verka, Amritsar, Distt.- Amritser, Punjab, Pin Code- 143501",Sri Guru Ram Das Charitable Hospital Trust,Amritser,Punjab,Private,M. Sc (N),20 (Twenty ) 4 In Each Speciality,2025-2026,19,https://online.indiannursingcouncil.org/Reports/YearlyReportByState.aspx,2026-09-11T11:34:30.753096
5,Sri Guru Ram Das College Of Nursing,"Sri Guru Ram Das College Of Nursing, Mehta Road, Vallah, P O Verka, Amritsar, Distt.- Amritser, Punjab, Pin Code- 143501",Sri Guru Ram Das Charitable Hospital Trust,Amritser,Punjab,Private,P B B.Sc(N),40 (Forty),2025-2026,19,https://online.indiannursingcouncil.org/Reports/YearlyReportByState.aspx,2026-09-11T11:34:30.753096
6,Sri Guru Ram Das College Of Nursing,"Sri Guru Ram Das College Of Nursing, Sri Amritsar, Mehta Road, Vallah, Sri Amritsar, Amritsar, Distt.- Amritser, Punjab, Pin Code- 143501",Sri Guru Ram Dass Charitable Hospital Trust,Amritser,Punjab,Private,Ph. D,04 (Four),2025-2026,19,https://online.indiannursingcouncil.org/Reports/YearlyReportByState.aspx,2026-09-11T11:34:30.753096
7,Sri Guru Ram Dass Nursing Institute,"Sri Guru Ram Dass Nursing Institute, Vill - Pandher, Po - Kotla Gujran, Sangatpura Road, Amritsar, Distt.- Amritser, Punjab, Pin Code- 143606",Sri Guru Ramdass Charitable Society,Amritser,Punjab,Private,ANM,30 (Thirty),2025-2026,19,https://online.indiannursingcouncil.org/Reports/YearlyReportByState.aspx,2026-09-11T11:34:30.753096
7,Sri Guru Ram Dass Nursing Institute,"Sri Guru Ram Dass Nursing Institute, Vill - Pandher, Po - Kotla Gujran, Sangatpura Road, Amritsar, Distt.- Amritser, Punjab, Pin Code- 143606",Sri Guru Ramdass Charitable Society,Amritser,Punjab,Private,GNM,60 (Sixty),2025-2026,19,https://online.indiannursingcouncil.org/Reports/YearlyReportByState.aspx,2026-09-11T11:34:30.753096
7,Sri Guru Ram Dass Nursing Institute,"Sri Guru Ram Dass Nursing Institute, Vill - Pandher, Po - Kotla Gujran, Sangatpura Road, Amritsar, Distt.- Amritser, Punjab, Pin Code- 143606",Sri Guru Ramdass Charitable Society,Amritser,Punjab,Private,B.Sc(N),80 (Eighty),2025-2026,19,https://online.indiannursingcouncil.org/Reports/YearlyReportByState.aspx,2026-09-11T11:34:30.753096
7,Sri Guru Ram Dass Nursing Institute,"Sri Guru Ram Dass Nursing Institute, Vill - Pandher, Po - Kotla Gujran, Sangatpura Road, Amritsar, Distt.- Amritser, Punjab, Pin Code- 143606",Sri Guru Ramdass Charitable Society,Amritser,Punjab,Private,M. Sc (N),35 (Thirty Five),2025-2026,19,https://online.indiannursingcouncil.org/Reports/YearlyReportByState.aspx,2026-09-11T11:34:30.753096
7,Sri Guru Ram Dass Nursing Institute,"Sri Guru Ram Dass Nursing Institute, Vill - Pandher, Po - Kotla Gujran, Sangatpura Road, Amritsar, Distt.- Amritser, Punjab, Pin Code- 143606",Sri Guru Ramdass Charitable Society,Amritser,Punjab,Private,P B B.Sc(N),40 (Forty),2025-2026,19,https://online.indiannursingcouncil.org/Reports/YearlyReportByState.aspx,2026-09-11T11:34:30.753096
8,Sri Sukhmani College Of Nursing,"Sri Sukhmani College Of Nursing, Dra Bassi, Tehsil Derabassi, Dera Bassi, Distt.- Mohali, Punjab, Pin Code- 140507",Educational Society Of Professional Vocational,Mohali,Punjab,Private,P B B.Sc(N),40 (Forty),2025-2026,19,https://online.indiannursingcouncil.org/Reports/YearlyReportByState.aspx,2026-09-11T11:34:30.753096
8,Sri Sukhmani College Of Nursing,"Sri Sukhmani College Of Nursing, Dra Bassi, Tehsil Derabassi, Dera Bassi, Distt.- Mohali, Punjab, Pin Code- 140507",Educational Society Of Professional Vocational,Mohali,Punjab,Private,GNM,50 (Fifty),2025-2026,19,https://online.indiannursingcouncil.org/Reports/YearlyReportByState.aspx,2026-09-11T11:34:30.753096
8,Sri Sukhmani College Of Nursing,"Sri Sukhmani College Of Nursing, Dra Bassi, Tehsil Derabassi, Dera Bassi, Distt.- Mohali, Punjab, Pin Code- 140507",Educational Society Of Professional Vocational,Mohali,Punjab,Private,B.Sc(N),60 (Sixty),2025-2026,19,https://online.indiannursingcouncil.org/Reports/YearlyReportByState.aspx,2026-09-11T11:34:30.753096
8,Sri Sukhmani College Of Nursing,"Sri Sukhmani College Of Nursing, Dra Bassi, Tehsil Derabassi, Dera Bassi, Distt.- Mohali, Punjab, Pin Code- 140507",Educational Society Of Professional Vocational,Mohali,Punjab,Private,M. Sc (N),"20 (Twenty) Psy-5, Obg-5, Chn-5, Med-Surg-5",2025-2026,19,https://online.indiannursingcouncil.org/Reports/YearlyReportByState.aspx,2026-09-11T11:34:30.753096
9,St Soldier Nursing Training Institute,"St Soldier Nursing Training Institute, Vasant Vihar, Khambra, Vill.- Khambra , Tehsil- Jalandhar West, Distt.- Jalandhar, Punjab, Pin Code- 144026",St Soldier Educational Society,Jalandhar,Punjab,Private,GNM,50 (Fifty),2025-2026,19,https://online.indiannursingcouncil.org/Reports/YearlyReportByState.aspx,2026-09-11T11:34:30.753096
10,State Institute Of Para Medical Sciences,"State Institute Of Para Medical Sciences, School Of Nursing, Village Badal,, Malout, Distt.- Mukatsar, Punjab, Pin Code- 152113",Baba Farid University Of Health Sciences,Mukatsar,Punjab,Government,GNM,50 (Fifty),2025-2026,19,https://online.indiannursingcouncil.org/Reports/YearlyReportByState.aspx,2026-09-11T11:34:30.753096
10,State Institute Of Para Medical Sciences,"State Institute Of Para Medical Sciences, School Of Nursing, Village Badal,, Malout, Distt.- Mukatsar, Punjab, Pin Code- 152113",Baba Farid University Of Health Sciences,Mukatsar,Punjab,Government,B.Sc(N),50 (Fifty),2025-2026,19,https://online.indiannursingcouncil.org/Reports/YearlyReportByState.aspx,2026-09-11T11:34:30.753096
10,State Institute Of Para Medical Sciences,"State Institute Of Para Medical Sciences, School Of Nursing, Village Badal,, Malout, Distt.- Mukatsar, Punjab, Pin Code- 152113",Baba Farid University Of Health Sciences,Mukatsar,Punjab,Government,M. Sc (N),25 (Twenty Five) 5 In Each Speciality,2025-2026,19,https://online.indiannursingcouncil.org/Reports/YearlyReportByState.aspx,2026-09-11T11:34:30.753096
1,State Institute Of Para Medical Sciences,"State Institute Of Para Medical Sciences, School Of Nursing, Village Badal,, Malout, Distt.- Mukatsar, Punjab, Pin Code- 152113",Baba Farid University Of Health Sciences,Mukatsar,Punjab,Government,P B B.Sc(N),20 (Twenty),2025-2026,20,https://online.indiannursingcouncil.org/Reports/YearlyReportByState.aspx,2026-09-11T11:34:39.378931
2,State Midwifery Training Institute Ropar,"State Midwifery Training Institute Ropar, Ropar, Ropar, Distt.- Ropar, Punjab, Pin Code- 140001",Punjab,Ropar,Punjab,Government,NPM,30 (Thirty),2025-2026,20,https://online.indiannursingcouncil.org/Reports/YearlyReportByState.aspx,2026-09-11T11:34:39.378931
2,State Midwifery Training Institute Ropar,"State Midwifery Training Institute Ropar, Ropar, Ropar, Distt.- Ropar, Punjab, Pin Code- 140001",Punjab,Ropar,Punjab,Government,GNM,50 (Fifty),2025-2026,20,https://online.indiannursingcouncil.org/Reports/YearlyReportByState.aspx,2026-09-11T11:34:39.378931
3,State Midwifery Training Institute,"State Midwifery Training Institute, Jalandhar, Shaheed Babu Labh Singh, Civil Hospital, Jalandhar, Jalandhar, Distt.- Jalandhar, Punjab, Pin Code- 144001",Punjab,Jalandhar,Punjab,Government,NPM,30 (Thirty),2025-2026,20,https://online.indiannursingcouncil.org/Reports/YearlyReportByState.aspx,2026-09-11T11:34:39.378931
3,State Midwifery Training Institute,"State Midwifery Training Institute, Jalandhar, Shaheed Babu Labh Singh, Civil Hospital, Jalandhar, Jalandhar, Distt.- Jalandhar, Punjab, Pin Code- 144001",Punjab,Jalandhar,Punjab,Government,GNM,50 (Ffity),2025-2026,20,https://online.indiannursingcouncil.org/Reports/YearlyReportByState.aspx,2026-09-11T11:34:39.378931
4,Sukhjinder Novel Institute Of Nursing,"Sukhjinder Novel Institute Of Nursing, Vpo - Dunera, Tehsil - Dhar Kalan, Gurdas Pur, Distt.- Pathankot, Punjab, Pin Code- 143521",S Sukhjinder Singh Memorial Education Society,Pathankot,Punjab,Private,B.Sc(N),60 (Sixty),2025-2026,20,https://online.indiannursingcouncil.org/Reports/YearlyReportByState.aspx,2026-09-11T11:34:39.378931
4,Sukhjinder Novel Institute Of Nursing,"Sukhjinder Novel Institute Of Nursing, Vpo - Dunera, Tehsil - Dhar Kalan, Gurdas Pur, Distt.- Pathankot, Punjab, Pin Code- 143521",S Sukhjinder Singh Memorial Education Society,Pathankot,Punjab,Private,ANM,20 (Twenty),2025-2026,20,https://online.indiannursingcouncil.org/Reports/YearlyReportByState.aspx,2026-09-11T11:34:39.378931
4,Sukhjinder Novel Institute Of Nursing,"Sukhjinder Novel Institute Of Nursing, Vpo - Dunera, Tehsil - Dhar Kalan, Gurdas Pur, Distt.- Pathankot, Punjab, Pin Code- 143521",S Sukhjinder Singh Memorial Education Society,Pathankot,Punjab,Private,GNM,50 (Fifty),2025-2026,20,https://online.indiannursingcouncil.org/Reports/YearlyReportByState.aspx,2026-09-11T11:34:39.378931
5,Swami Premanand College Of Nursing,"Swami Premanand College Of Nursing, G.T Road , Mukerian, Distt.- Hoshiarpur, Punjab, Pin Code- 144211",Swami Premanand Charitable Hospital Trust,Hoshiarpur,Punjab,Private,B.Sc(N),50 (Fifty),2025-2026,20,https://online.indiannursingcouncil.org/Reports/YearlyReportByState.aspx,2026-09-11T11:34:39.378931
5,Swami Premanand College Of Nursing,"Swami Premanand College Of Nursing, G.T Road , Mukerian, Distt.- Hoshiarpur, Punjab, Pin Code- 144211",Swami Premanand Charitable Hospital Trust,Hoshiarpur,Punjab,Private,GNM,60 (Sixty),2025-2026,20,https://online.indiannursingcouncil.org/Reports/YearlyReportByState.aspx,2026-09-11T11:34:39.378931
5,Swami Premanand College Of Nursing,"Swami Premanand College Of Nursing, G.T Road , Mukerian, Distt.- Hoshiarpur, Punjab, Pin Code- 144211",Swami Premanand Charitable Hospital Trust,Hoshiarpur,Punjab,Private,P B B.Sc(N),30 (Thirty),2025-2026,20,https://online.indiannursingcouncil.org/Reports/YearlyReportByState.aspx,2026-09-11T11:34:39.378931
6,Swami Vivekanand School Of Nursing,"Swami Vivekanand School Of Nursing , Malerkotla Road , Khanna, Distt.- Ludhiana, Punjab, Pin Code- 141401",Swami Vivekanand Educational And Social Welfare Society,Ludhiana,Punjab,Private,ANM,40 (Forty),2025-2026,20,https://online.indiannursingcouncil.org/Reports/YearlyReportByState.aspx,2026-09-11T11:34:39.378931
6,Swami Vivekanand School Of Nursing,"Swami Vivekanand School Of Nursing , Malerkotla Road , Khanna, Distt.- Ludhiana, Punjab, Pin Code- 141401",Swami Vivekanand Educational And Social Welfare Society,Ludhiana,Punjab,Private,GNM,60 (Sixty),2025-2026,20,https://online.indiannursingcouncil.org/Reports/YearlyReportByState.aspx,2026-09-11T11:34:39.378931
6,Swami Vivekanand School Of Nursing,"Swami Vivekanand School Of Nursing , Malerkotla Road , Khanna, Distt.- Ludhiana, Punjab, Pin Code- 141401",Swami Vivekanand Educational And Social Welfare Society,Ludhiana,Punjab,Private,P B B.Sc(N),20 (Twenty),2025-2026,20,https://online.indiannursingcouncil.org/Reports/YearlyReportByState.aspx,2026-09-11T11:34:39.378931
7,Swift Institute Of Nursing,"Swift Institute Of Nursing,, Village: Ghaggar Sarai Tehsil, Rajpura, Distt. Patiala - Punjab - India , Vill.- Ghaggar, Tehsil- Rajpura, Distt.- Patiala, Punjab, Pin Code- 140401",Swift Fundamental Research And Education Society,Patiala,Punjab,Private,GNM,50 (Fifty),2025-2026,20,https://online.indiannursingcouncil.org/Reports/YearlyReportByState.aspx,2026-09-11T11:34:39.378931
7,Swift Institute Of Nursing,"Swift Institute Of Nursing,, Village: Ghaggar Sarai Tehsil, Rajpura, Distt. Patiala - Punjab - India , Vill.- Ghaggar, Tehsil- Rajpura, Distt.- Patiala, Punjab, Pin Code- 140401",Swift Fundamental Research And Education Society,Patiala,Punjab,Private,B.Sc(N),50 (Fifty),2025-2026,20,https://online.indiannursingcouncil.org/Reports/YearlyReportByState.aspx,2026-09-11T11:34:39.378931
7,Swift Institute Of Nursing,"Swift Institute Of Nursing,, Village: Ghaggar Sarai Tehsil, Rajpura, Distt. Patiala - Punjab - India , Vill.- Ghaggar, Tehsil- Rajpura, Distt.- Patiala, Punjab, Pin Code- 140401",Swift Fundamental Research And Education Society,Patiala,Punjab,Private,P B B.Sc(N),30 (Thirty),2025-2026,20,https://online.indiannursingcouncil.org/Reports/YearlyReportByState.aspx,2026-09-11T11:34:39.378931
8,Synergy International Institute Of Nursing,"Synergy International Institute Of Nursing, Village Burj Mehma, Muktsar, Burj Mehma , Distt.- Bathinda, Punjab, Pin Code- 151201",Satnam Welfare Society,Bathinda,Punjab,Private,ANM,50 (Fifty),2025-2026,20,https://online.indiannursingcouncil.org/Reports/YearlyReportByState.aspx,2026-09-11T11:34:39.378931
8,Synergy International Institute Of Nursing,"Synergy International Institute Of Nursing, Village Burj Mehma, Muktsar, Burj Mehma , Distt.- Bathinda, Punjab, Pin Code- 151201",Satnam Welfare Society,Bathinda,Punjab,Private,GNM,50 (Fifty),2025-2026,20,https://online.indiannursingcouncil.org/Reports/YearlyReportByState.aspx,2026-09-11T11:34:39.378931
9,The Royal College Of Nursing,"The Royal College Of Nursing, The Royal Group Of Colleges,Borawal, Mansa,Punjab, Budhlada, Distt.- Mansa, Punjab, Pin Code- 151502",The Mata Mansa Devi Foundation,Mansa,Punjab,Private,ANM,60 (Sixty),2025-2026,20,https://online.indiannursingcouncil.org/Reports/YearlyReportByState.aspx,2026-09-11T11:34:39.378931
9,The Royal College Of Nursing,"The Royal College Of Nursing, The Royal Group Of Colleges,Borawal, Mansa,Punjab, Budhlada, Distt.- Mansa, Punjab, Pin Code- 151502",The Mata Mansa Devi Foundation,Mansa,Punjab,Private,B.Sc(N),60 (Sixty),2025-2026,20,https://online.indiannursingcouncil.org/Reports/YearlyReportByState.aspx,2026-09-11T11:34:39.378931
9,The Royal College Of Nursing,"The Royal College Of Nursing, The Royal Group Of Colleges,Borawal, Mansa,Punjab, Budhlada, Distt.- Mansa, Punjab, Pin Code- 151502",The Mata Mansa Devi Foundation,Mansa,Punjab,Private,GNM,60 (Sixty),2025-2026,20,https://online.indiannursingcouncil.org/Reports/YearlyReportByState.aspx,2026-09-11T11:34:39.378931
10,The Salvation Army,"The Salvation Army, Mac- Robert Hospital, Near Railway Station , Dhariwal , Distt.- Gurdaspur, Punjab, Pin Code- 143519",The Salvation Army,Gurdaspur,Punjab,Private,GNM,60 (Sixty),2025-2026,20,https://online.indiannursingcouncil.org/Reports/YearlyReportByState.aspx,2026-09-11T11:34:39.378931
10,The Salvation Army,"The Salvation Army, Mac- Robert Hospital, Near Railway Station , Dhariwal , Distt.- Gurdaspur, Punjab, Pin Code- 143519",The Salvation Army,Gurdaspur,Punjab,Private,B.Sc(N),30 (Thirty),2025-2026,20,https://online.indiannursingcouncil.org/Reports/YearlyReportByState.aspx,2026-09-11T11:34:39.378931
11,United Christian School Of Nursing,"United Christian School Of Nursing, Suranussi, Jalandhar , Jalandhar, Distt.- Jalandhar, Punjab, Pin Code- 144027",The Board Of Directors Of United Chrisian Institute,Jalandhar,Punjab,Private,GNM,40 (Forty),2025-2026,20,https://online.indiannursingcouncil.org/Reports/YearlyReportByState.aspx,2026-09-11T11:34:39.378931
12,United School Of Nursing,"United School Of Nursing, Vill. Khiala Khurd, Ram Tirth Road, Vill.- Khiala Khurd, Tehsil- Ajnala, Distt.- Amritser, Punjab, Pin Code- 143001",Shri Guru Ram Das Ji Educational Charitable Society,Amritser,Punjab,Private,ANM,30 (Thirty),2025-2026,20,https://online.indiannursingcouncil.org/Reports/YearlyReportByState.aspx,2026-09-11T11:34:39.378931
12,United School Of Nursing,"United School Of Nursing, Vill. Khiala Khurd, Ram Tirth Road, Vill.- Khiala Khurd, Tehsil- Ajnala, Distt.- Amritser, Punjab, Pin Code- 143001",Shri Guru Ram Das Ji Educational Charitable Society,Amritser,Punjab,Private,GNM,60 (Sixty),2025-2026,20,https://online.indiannursingcouncil.org/Reports/YearlyReportByState.aspx,2026-09-11T11:34:39.378931
13,Universal College Of Nursing,"Universal College Of Nursing, Opp. Civil Hospital , Jalandhar, Distt.- Jalandhar, Punjab, Pin Code- 144042",Baba Deep Singh Charitable Trust,Jalandhar,Punjab,Private,GNM,20 (Twenty),2025-2026,20,https://online.indiannursingcouncil.org/Reports/YearlyReportByState.aspx,2026-09-11T11:34:39.378931
14,Universal Institute Of Nursing,"Universal Institute Of Nursing, Ambalachandigarh Expy, Highway, Lalruballopur ,Dera Bassi, Punjab 140501, Lalru, Distt.- Mohali, Punjab, Pin Code- 140501",Universal Educational Society,Mohali,Punjab,Private,ANM,50 (Fifty),2025-2026,20,https://online.indiannursingcouncil.org/Reports/YearlyReportByState.aspx,2026-09-11T11:34:39.378931
14,Universal Institute Of Nursing,"Universal Institute Of Nursing, Ambalachandigarh Expy, Highway, Lalruballopur ,Dera Bassi, Punjab 140501, Lalru, Distt.- Mohali, Punjab, Pin Code- 140501",Universal Educational Society,Mohali,Punjab,Private,GNM,60 (Sixty),2025-2026,20,https://online.indiannursingcouncil.org/Reports/YearlyReportByState.aspx,2026-09-11T11:34:39.378931
1,Universal Institute Of Nursing,"Universal Institute Of Nursing, Ambalachandigarh Expy, Highway, Lalruballopur ,Dera Bassi, Punjab 140501, Lalru, Distt.- Mohali, Punjab, Pin Code- 140501",Universal Educational Society,Mohali,Punjab,Private,B.Sc(N),50 (Fifty),2025-2026,21,https://online.indiannursingcouncil.org/Reports/YearlyReportByState.aspx,2026-09-11T11:34:48.156363
2,University College Of Nursing Faridkot,"University College Of Nursing Faridkot, University College Of Nursing, Sadiq Road, Faridkot, Punjab, India, Faridkot, Distt.- Faridkot, Punjab, Pin Code- 151203","Baba Farid University Of Health Sciences, Faridkot",Faridkot,Punjab,Private,Nurse Practitioner in Emergency and Trauma Care,20 (Twenty),2025-2026,21,https://online.indiannursingcouncil.org/Reports/YearlyReportByState.aspx,2026-09-11T11:34:48.156363
2,University College Of Nursing Faridkot,"University College Of Nursing Faridkot, University College Of Nursing, Sadiq Road, Faridkot, Punjab, India, Faridkot, Distt.- Faridkot, Punjab, Pin Code- 151203","Baba Farid University Of Health Sciences, Faridkot",Faridkot,Punjab,Private,Nurse Practitioner in Mental Health (NPMH),20 (Twenty),2025-2026,21,https://online.indiannursingcouncil.org/Reports/YearlyReportByState.aspx,2026-09-11T11:34:48.156363
2,University College Of Nursing Faridkot,"University College Of Nursing Faridkot, University College Of Nursing, Sadiq Road, Faridkot, Punjab, India, Faridkot, Distt.- Faridkot, Punjab, Pin Code- 151203","Baba Farid University Of Health Sciences, Faridkot",Faridkot,Punjab,Private,Nurse Practitioner in Neonatal,30 (Thirty),2025-2026,21,https://online.indiannursingcouncil.org/Reports/YearlyReportByState.aspx,2026-09-11T11:34:48.156363
2,University College Of Nursing Faridkot,"University College Of Nursing Faridkot, University College Of Nursing, Sadiq Road, Faridkot, Punjab, India, Faridkot, Distt.- Faridkot, Punjab, Pin Code- 151203","Baba Farid University Of Health Sciences, Faridkot",Faridkot,Punjab,Private,Nurse Practitioner in Anesthesia,10 (Ten),2025-2026,21,https://online.indiannursingcouncil.org/Reports/YearlyReportByState.aspx,2026-09-11T11:34:48.156363
2,University College Of Nursing Faridkot,"University College Of Nursing Faridkot, University College Of Nursing, Sadiq Road, Faridkot, Punjab, India, Faridkot, Distt.- Faridkot, Punjab, Pin Code- 151203","Baba Farid University Of Health Sciences, Faridkot",Faridkot,Punjab,Private,Nurse Practitioner in Peadiatric,20 (Twenty),2025-2026,21,https://online.indiannursingcouncil.org/Reports/YearlyReportByState.aspx,2026-09-11T11:34:48.156363
2,University College Of Nursing Faridkot,"University College Of Nursing Faridkot, University College Of Nursing, Sadiq Road, Faridkot, Punjab, India, Faridkot, Distt.- Faridkot, Punjab, Pin Code- 151203","Baba Farid University Of Health Sciences, Faridkot",Faridkot,Punjab,Private,GNM,50 (Fifty),2025-2026,21,https://online.indiannursingcouncil.org/Reports/YearlyReportByState.aspx,2026-09-11T11:34:48.156363
2,University College Of Nursing Faridkot,"University College Of Nursing Faridkot, University College Of Nursing, Sadiq Road, Faridkot, Punjab, India, Faridkot, Distt.- Faridkot, Punjab, Pin Code- 151203","Baba Farid University Of Health Sciences, Faridkot",Faridkot,Punjab,Private,B.Sc(N),100 (One Hundred),2025-2026,21,https://online.indiannursingcouncil.org/Reports/YearlyReportByState.aspx,2026-09-11T11:34:48.156363
2,University College Of Nursing Faridkot,"University College Of Nursing Faridkot, University College Of Nursing, Sadiq Road, Faridkot, Punjab, India, Faridkot, Distt.- Faridkot, Punjab, Pin Code- 151203","Baba Farid University Of Health Sciences, Faridkot",Faridkot,Punjab,Private,M. Sc (N),"30 (Thirty) : MED-SURG-11 (INCLUDING 05 SEATS FORENSIC NURSING), PAED-6, OBG-5, CHN-6, PSY-2",2025-2026,21,https://online.indiannursingcouncil.org/Reports/YearlyReportByState.aspx,2026-09-11T11:34:48.156363
2,University College Of Nursing Faridkot,"University College Of Nursing Faridkot, University College Of Nursing, Sadiq Road, Faridkot, Punjab, India, Faridkot, Distt.- Faridkot, Punjab, Pin Code- 151203","Baba Farid University Of Health Sciences, Faridkot",Faridkot,Punjab,Private,P B B.Sc(N),35 (Thirty Five),2025-2026,21,https://online.indiannursingcouncil.org/Reports/YearlyReportByState.aspx,2026-09-11T11:34:48.156363
2,University College Of Nursing Faridkot,"University College Of Nursing Faridkot, University College Of Nursing, Sadiq Road, Faridkot, Punjab, India, Faridkot, Distt.- Faridkot, Punjab, Pin Code- 151203","Baba Farid University Of Health Sciences, Faridkot",Faridkot,Punjab,Private,Post Basic Diploma in Oncology Nursing,10 (Ten),2025-2026,21,https://online.indiannursingcouncil.org/Reports/YearlyReportByState.aspx,2026-09-11T11:34:48.156363
2,University College Of Nursing Faridkot,"University College Of Nursing Faridkot, University College Of Nursing, Sadiq Road, Faridkot, Punjab, India, Faridkot, Distt.- Faridkot, Punjab, Pin Code- 151203","Baba Farid University Of Health Sciences, Faridkot",Faridkot,Punjab,Private,Post Basic Diploma in Neonatal nursing,10 (Ten),2025-2026,21,https://online.indiannursingcouncil.org/Reports/YearlyReportByState.aspx,2026-09-11T11:34:48.156363
3,University College Of Nursing,"University College Of Nursing, Lamrin Tech Skills University Punjab, Lamrin Tech Skills University Punjab Village Rail Majra Tehsil Balachaur Distt Nawanshahr, Rail Majra, Near Ropar City, Distt.",University College Of Nursing Lamrin Tech Skills University Punjab,Nawanshahar,Punjab,Private,GNM,30 (Thirty),2025-2026,21,https://online.indiannursingcouncil.org/Reports/YearlyReportByState.aspx,2026-09-11T11:34:48.156363
3,University College Of Nursing,"University College Of Nursing, Lamrin Tech Skills University Punjab, Lamrin Tech Skills University Punjab Village Rail Majra Tehsil Balachaur Distt Nawanshahr, Rail Majra, Near Ropar City, Distt.",University College Of Nursing Lamrin Tech Skills University Punjab,Nawanshahar,Punjab,Private,B.Sc(N),40 (Forty),2025-2026,21,https://online.indiannursingcouncil.org/Reports/YearlyReportByState.aspx,2026-09-11T11:34:48.156363
4,University Institute Of Nursing,"University Institute Of Nursing, Opposite To Sacred Heart Convent School, Jalalabad, Distt.- Fazilka, Punjab, Pin Code- 152024",Baba Farid University Of Health Sciences,Fazilka,Punjab,Government,B.Sc(N),40 (Forty),2025-2026,21,https://online.indiannursingcouncil.org/Reports/YearlyReportByState.aspx,2026-09-11T11:34:48.156363
4,University Institute Of Nursing,"University Institute Of Nursing, Opposite To Sacred Heart Convent School, Jalalabad, Distt.- Fazilka, Punjab, Pin Code- 152024",Baba Farid University Of Health Sciences,Fazilka,Punjab,Government,P B B.Sc(N),30 (Thirty),2025-2026,21,https://online.indiannursingcouncil.org/Reports/YearlyReportByState.aspx,2026-09-11T11:34:48.156363
5,V M S School Of Nursing,"V M S School Of Nursing, Sekhri House, Outside Pahari Gate, Batala , Distt.- Gurdaspur, Punjab, Pin Code- 143505",Shri Vishwa Mitter Sekhri Cheritable Society,Gurdaspur,Punjab,Private,B.Sc(N),40 (Forty),2025-2026,21,https://online.indiannursingcouncil.org/Reports/YearlyReportByState.aspx,2026-09-11T11:34:48.156363
5,V M S School Of Nursing,"V M S School Of Nursing, Sekhri House, Outside Pahari Gate, Batala , Distt.- Gurdaspur, Punjab, Pin Code- 143505",Shri Vishwa Mitter Sekhri Cheritable Society,Gurdaspur,Punjab,Private,ANM,45 (Forty Five),2025-2026,21,https://online.indiannursingcouncil.org/Reports/YearlyReportByState.aspx,2026-09-11T11:34:48.156363
5,V M S School Of Nursing,"V M S School Of Nursing, Sekhri House, Outside Pahari Gate, Batala , Distt.- Gurdaspur, Punjab, Pin Code- 143505",Shri Vishwa Mitter Sekhri Cheritable Society,Gurdaspur,Punjab,Private,GNM,60 (Sixty,2025-2026,21,https://online.indiannursingcouncil.org/Reports/YearlyReportByState.aspx,2026-09-11T11:34:48.156363
5,V M S School Of Nursing,"V M S School Of Nursing, Sekhri House, Outside Pahari Gate, Batala , Distt.- Gurdaspur, Punjab, Pin Code- 143505",Shri Vishwa Mitter Sekhri Cheritable Society,Gurdaspur,Punjab,Private,P B B.Sc(N),30 (Thirty),2025-2026,21,https://online.indiannursingcouncil.org/Reports/YearlyReportByState.aspx,2026-09-11T11:34:48.156363
6,Victor Institute Of Nursing & Paramedical Sciences,"Victor Institute Of Nursing & Paramedical Sciences, Ranwan, Tehsil - Khamrnon, Khamanon , Distt.- Mohali, Punjab, Pin Code- 140802",Victor Education Society,Mohali,Punjab,Private,GNM,60 (Sixty),2025-2026,21,https://online.indiannursingcouncil.org/Reports/YearlyReportByState.aspx,2026-09-11T11:34:48.156363
7,Vidya Joyti College Of Nursing,"Vidya Joyti College Of Nursing, Kotra Lehel, Jakhal Road, Lehragaga , Distt.- Sangrur, Punjab, Pin Code- 148031",Sant Baba Attar Singh Ji Welfare Charitable Society,Sangrur,Punjab,Private,ANM,50 (Fifty),2025-2026,21,https://online.indiannursingcouncil.org/Reports/YearlyReportByState.aspx,2026-09-11T11:34:48.156363
7,Vidya Joyti College Of Nursing,"Vidya Joyti College Of Nursing, Kotra Lehel, Jakhal Road, Lehragaga , Distt.- Sangrur, Punjab, Pin Code- 148031",Sant Baba Attar Singh Ji Welfare Charitable Society,Sangrur,Punjab,Private,GNM,60 (Sixty),2025-2026,21,https://online.indiannursingcouncil.org/Reports/YearlyReportByState.aspx,2026-09-11T11:34:48.156363
8,Vidya Sagar Nursing College,"Vidya Sagar Nursing College, Village - Daulatpur , Dhuri, Distt.- Sangrur, Punjab, Pin Code- 148024",Vidya Sagar International Educational And Social Welfare Society,Sangrur,Punjab,Private,GNM,60 (Sixty),2025-2026,21,https://online.indiannursingcouncil.org/Reports/YearlyReportByState.aspx,2026-09-11T11:34:48.156363
8,Vidya Sagar Nursing College,"Vidya Sagar Nursing College, Village - Daulatpur , Dhuri, Distt.- Sangrur, Punjab, Pin Code- 148024",Vidya Sagar International Educational And Social Welfare Society,Sangrur,Punjab,Private,ANM,60 (Sixty),2025-2026,21,https://online.indiannursingcouncil.org/Reports/YearlyReportByState.aspx,2026-09-11T11:34:48.156363
9,Vidya Sagar School Of Nursing,"Vidya Sagar School Of Nursing, Budhlada Road, Bhikhi, Distt.- Mansa, Punjab, Pin Code- 151504",Shri Ganesh Educational Society,Mansa,Punjab,Private,ANM,30 (Thirty),2025-2026,21,https://online.indiannursingcouncil.org/Reports/YearlyReportByState.aspx,2026-09-11T11:34:48.156363
9,Vidya Sagar School Of Nursing,"Vidya Sagar School Of Nursing, Budhlada Road, Bhikhi, Distt.- Mansa, Punjab, Pin Code- 151504",Shri Ganesh Educational Society,Mansa,Punjab,Private,GNM,40 (FORTY),2025-2026,21,https://online.indiannursingcouncil.org/Reports/YearlyReportByState.aspx,2026-09-11T11:34:48.156363
10,Vidyasagar Institute Of Nursing,"Vidyasagar Institute Of Nursing, Sardulgarh Ratia Road, Ahlupur, Sardoolgarh, Distt.- Mansa, Punjab, Pin Code- 151507",Malwa Educational Society,Mansa,Punjab,Private,ANM,30 (Thirty),2025-2026,21,https://online.indiannursingcouncil.org/Reports/YearlyReportByState.aspx,2026-09-11T11:34:48.156363
10,Vidyasagar Institute Of Nursing,"Vidyasagar Institute Of Nursing, Sardulgarh Ratia Road, Ahlupur, Sardoolgarh, Distt.- Mansa, Punjab, Pin Code- 151507",Malwa Educational Society,Mansa,Punjab,Private,GNM,40 (Forty),2025-2026,21,https://online.indiannursingcouncil.org/Reports/YearlyReportByState.aspx,2026-09-11T11:34:48.156363
