sl_no,institution_name_raw,institution_address_raw,trust_name,district_name,state,sector,programme,annual_intake,academic_year,page_number,source_url,extraction_timestamp
1,A K Patel School Of Nursing,"A K Patel School Of Nursing, Anandba Campus, Near Karai Gam Road, At & P.O- Valad, Gandhinagar, Distt.- Gandhinagar, Gujarat, Pin Code- 382355",Induben Seva Trust,Gandhinagar,Gujarat,Private,GNM,40 (Forty),2025-2026,1,https://online.indiannursingcouncil.org/Reports/YearlyReportByState.aspx,2026-09-11T11:13:03.678992
1,A K Patel School Of Nursing,"A K Patel School Of Nursing, Anandba Campus, Near Karai Gam Road, At & P.O- Valad, Gandhinagar, Distt.- Gandhinagar, Gujarat, Pin Code- 382355",Induben Seva Trust,Gandhinagar,Gujarat,Private,B.Sc(N),50 (Fifty),2025-2026,1,https://online.indiannursingcouncil.org/Reports/YearlyReportByState.aspx,2026-09-11T11:13:03.678992
1,A K Patel School Of Nursing,"A K Patel School Of Nursing, Anandba Campus, Near Karai Gam Road, At & P.O- Valad, Gandhinagar, Distt.- Gandhinagar, Gujarat, Pin Code- 382355",Induben Seva Trust,Gandhinagar,Gujarat,Private,P B B.Sc(N),50 (Fifty),2025-2026,1,https://online.indiannursingcouncil.org/Reports/YearlyReportByState.aspx,2026-09-11T11:13:03.678992
2,A N M (F H W) Training School,"A N M (F H W) Training School, Divisional Training Centre Campus, Near Bus Stand, , Aliabada, Distt.- Jamnagar, Gujarat, Pin Code- 361110",Gujarat Government,Jamnagar,Gujarat,Government,ANM,20 (TWENTY),2025-2026,1,https://online.indiannursingcouncil.org/Reports/YearlyReportByState.aspx,2026-09-11T11:13:03.678992
3,A N M (F H W) Training School,"A N M (F H W) Training School, Divisional Training Centre, Padra, Distt.- Vadodara, Gujarat, Pin Code- 391440",Gujarat State Government,Vadodara,Gujarat,Government,ANM,20 (TWENTY),2025-2026,1,https://online.indiannursingcouncil.org/Reports/YearlyReportByState.aspx,2026-09-11T11:13:03.678992
4,A N M (F H W) Training School,"A N M (F H W) Training School, G D General Hospital, Visnagar , Visnagar, Distt.- Mehsana, Gujarat, Pin Code- 384315",Health And Family Welfare Department,Mehsana,Gujarat,Government,ANM,20 (TWENTY),2025-2026,1,https://online.indiannursingcouncil.org/Reports/YearlyReportByState.aspx,2026-09-11T11:13:03.678992
5,A N M (F H W) Training School,"A N M (F H W) Training School, General Nursing School New Building, Navsari, Distt.- Navsari, Gujarat, Pin Code- 396445",Gujarat Government,Navsari,Gujarat,Government,ANM,20 (Twenty),2025-2026,1,https://online.indiannursingcouncil.org/Reports/YearlyReportByState.aspx,2026-09-11T11:13:03.678992
5,A N M (F H W) Training School,"A N M (F H W) Training School, General Nursing School New Building, Navsari, Distt.- Navsari, Gujarat, Pin Code- 396445",Gujarat Government,Navsari,Gujarat,Government,GNM,20 (Twenty),2025-2026,1,https://online.indiannursingcouncil.org/Reports/YearlyReportByState.aspx,2026-09-11T11:13:03.678992
6,A N M (F H W) Training School,"A N M (F H W) Training School, New Civil Hospital Campus, Near Nandikeshwar Mahadev Temple, At. Jeetnagar, P.O-Sunderpura, Rajpipla, Distt.- Narmada, Gujarat, Pin Code- 393145",Gujarat Government,Narmada,Gujarat,Government,ANM,20 (Twenty),2025-2026,1,https://online.indiannursingcouncil.org/Reports/YearlyReportByState.aspx,2026-09-11T11:13:03.678992
6,A N M (F H W) Training School,"A N M (F H W) Training School, New Civil Hospital Campus, Near Nandikeshwar Mahadev Temple, At. Jeetnagar, P.O-Sunderpura, Rajpipla, Distt.- Narmada, Gujarat, Pin Code- 393145",Gujarat Government,Narmada,Gujarat,Government,GNM,30 (Thirty),2025-2026,1,https://online.indiannursingcouncil.org/Reports/YearlyReportByState.aspx,2026-09-11T11:13:03.678992
7,A N M (F H W) Training School,"A N M (F H W) Training School, Referal Hospital/Chc, Opp. Bus Station, Radhanpur, Distt.- Patan, Gujarat, Pin Code- 385340",Government Of Gujarat,Patan,Gujarat,Government,ANM,40 (Forty),2025-2026,1,https://online.indiannursingcouncil.org/Reports/YearlyReportByState.aspx,2026-09-11T11:13:03.678992
8,A N M (F H W) Training School,"A N M (F H W) Training School, Referral Hospital And Chc Campus, Chotila, Distt.- Surendranagar, Gujarat, Pin Code- 363520",Government Of Gujarat,Surendranagar,Gujarat,Government,ANM,20 (Twenty),2025-2026,1,https://online.indiannursingcouncil.org/Reports/YearlyReportByState.aspx,2026-09-11T11:13:03.678992
9,A N M (F H W) Training School,"A N M (F H W) Training School, School Of Nursing, 1St Floor, Simila Gate General Hospital Palanpur , Palanpur, Distt.- Banaskantha, Gujarat, Pin Code- 385001",Government Of Gujarat,Banaskantha,Gujarat,Government,ANM,30 (Thirty),2025-2026,1,https://online.indiannursingcouncil.org/Reports/YearlyReportByState.aspx,2026-09-11T11:13:03.678992
9,A N M (F H W) Training School,"A N M (F H W) Training School, School Of Nursing, 1St Floor, Simila Gate General Hospital Palanpur , Palanpur, Distt.- Banaskantha, Gujarat, Pin Code- 385001",Government Of Gujarat,Banaskantha,Gujarat,Government,GNM,20 (Twenty),2025-2026,1,https://online.indiannursingcouncil.org/Reports/YearlyReportByState.aspx,2026-09-11T11:13:03.678992
10,A N M (F H W) Training School,"A N M (F H W) Training School, School Of Nursing, G K General Hospital, , Bhuj-Kachchh, Distt.- Kachchh, Gujarat, Pin Code- 370001",Government Of Gujarat,Kachchh,Gujarat,Government,ANM,20 (Twenty),2025-2026,1,https://online.indiannursingcouncil.org/Reports/YearlyReportByState.aspx,2026-09-11T11:13:03.678992
11,A N M (F H W) Training School,"A N M (F H W) Training School, School Of Nursing, General Hospital, , Distt.- Morbi, Gujarat, Pin Code- 363641",Government Of Gujarat,Morbi,Gujarat,Government,ANM,40 (Forty),2025-2026,1,https://online.indiannursingcouncil.org/Reports/YearlyReportByState.aspx,2026-09-11T11:13:03.678992
12,A N M (F H W) Training School,"A N M (F H W) Training School, School Of Nursing, S S Hospital, , Petlad, Distt.- Anand, Gujarat, Pin Code- 388450",Govt .Of Gujarat,Anand,Gujarat,Government,ANM,20 (Twenty),2025-2026,1,https://online.indiannursingcouncil.org/Reports/YearlyReportByState.aspx,2026-09-11T11:13:03.678992
13,A N M (F H W) Training School,"A N M (F H W) Training School, School Of Nursing,Etpur Road Near Hudko Koloni, Bagasara, Distt.- Amreli, Gujarat, Pin Code- 365440",Ra.Aa.Pa.Ka.Sansthan,Amreli,Gujarat,Government,ANM,20 (TWENTY),2025-2026,1,https://online.indiannursingcouncil.org/Reports/YearlyReportByState.aspx,2026-09-11T11:13:03.678992
14,A N M (F H W) Training School,"A N M (F H W) Training School, Sheth N.L.General Hospital Patan. Near: Chaturbhuj Bag, Bagawada Darwaja Patan. , Vill.- Patan, Tehsil- Patan, Distt.- Patan, Gujarat, Pin Code- 384265",Gujarat Government,Patan,Gujarat,Government,ANM,40 (Forty),2025-2026,1,https://online.indiannursingcouncil.org/Reports/YearlyReportByState.aspx,2026-09-11T11:13:03.678992
15,A N M (F H W) Training School,"A N M (F H W) Training School, Sub District Hospital Layja Road, Mandvi, Distt.- Kachchh, Gujarat, Pin Code- 370465",State Institute Of Health And Family Welfare,Kachchh,Gujarat,Government,ANM,20 (Twenty),2025-2026,1,https://online.indiannursingcouncil.org/Reports/YearlyReportByState.aspx,2026-09-11T11:13:03.678992
16,A N M Nursing School,"A N M Nursing School , Sanskar Tirth, Ajol, Distt.- Gandhinagar, Gujarat, Pin Code- 382810",Sanskar Tirth - Ajol,Gandhinagar,Gujarat,Private,ANM,30 (Thirty),2025-2026,1,https://online.indiannursingcouncil.org/Reports/YearlyReportByState.aspx,2026-09-11T11:13:03.678992
17,A N M Training School,"A N M Training School, Devisional Training Center, At: Sachin, Vill.- Pardi Gam, Tehsil- Chorasi, Distt.- Surat, Gujarat, Pin Code- 392516",Government Of Gujrat,Surat,Gujarat,Government,ANM,30 (Thirty),2025-2026,1,https://online.indiannursingcouncil.org/Reports/YearlyReportByState.aspx,2026-09-11T11:13:03.678992
18,A.M.C M.E.T Nursing College,"A.M.C M.E.T Nursing College , Sheth Vadilal Sarabhai General Hospital Campus, Eliis Bridge , Ahmedabad City, Distt.- Ahmedabad, Gujarat, Pin Code- 380006",Ahmedabad Municipal Corporation Medical Education Trust,Ahmedabad,Gujarat,Government,GNM,100 (One Hundred),2025-2026,1,https://online.indiannursingcouncil.org/Reports/YearlyReportByState.aspx,2026-09-11T11:13:03.678992
18,A.M.C M.E.T Nursing College,"A.M.C M.E.T Nursing College , Sheth Vadilal Sarabhai General Hospital Campus, Eliis Bridge , Ahmedabad City, Distt.- Ahmedabad, Gujarat, Pin Code- 380006",Ahmedabad Municipal Corporation Medical Education Trust,Ahmedabad,Gujarat,Government,B.Sc(N),50 (Fifty),2025-2026,1,https://online.indiannursingcouncil.org/Reports/YearlyReportByState.aspx,2026-09-11T11:13:03.678992
19,Aarihant Institute Of Nursing,"Aarihant Institute Of Nursing, At: Bhoyan Rathod, Opp. Iffco, Adalaj &#8211; Kalol Road, Near Ongc Wss, , , Distt.- Gandhinagar, Gujarat, Pin Code- 382420",G.P. Jain Charitable Trust,Gandhinagar,Gujarat,Private,B.Sc(N),60 (Sixty),2025-2026,1,https://online.indiannursingcouncil.org/Reports/YearlyReportByState.aspx,2026-09-11T11:13:03.678992
19,Aarihant Institute Of Nursing,"Aarihant Institute Of Nursing, At: Bhoyan Rathod, Opp. Iffco, Adalaj &#8211; Kalol Road, Near Ongc Wss, , , Distt.- Gandhinagar, Gujarat, Pin Code- 382420",G.P. Jain Charitable Trust,Gandhinagar,Gujarat,Private,GNM,60 (Sixty),2025-2026,1,https://online.indiannursingcouncil.org/Reports/YearlyReportByState.aspx,2026-09-11T11:13:03.678992
20,Adarsh Nursing School,"Adarsh Nursing School,Dhanera, Shree K R Anjana Arts &Amp; Commerce College Campus Ahead Kargil Hotal,Tharad Road Dhanera, Dhanera, Distt.- Banaskantha, Gujarat, Pin Code- 385310",Shree Dhanera Taluka Yuvak Pragati Mandal,Banaskantha,Gujarat,Private,B.Sc(N),40 (Forty),2025-2026,1,https://online.indiannursingcouncil.org/Reports/YearlyReportByState.aspx,2026-09-11T11:13:03.678992
20,Adarsh Nursing School,"Adarsh Nursing School,Dhanera, Shree K R Anjana Arts &Amp; Commerce College Campus Ahead Kargil Hotal,Tharad Road Dhanera, Dhanera, Distt.- Banaskantha, Gujarat, Pin Code- 385310",Shree Dhanera Taluka Yuvak Pragati Mandal,Banaskantha,Gujarat,Private,ANM,20 (Twenty),2025-2026,1,https://online.indiannursingcouncil.org/Reports/YearlyReportByState.aspx,2026-09-11T11:13:03.678992
20,Adarsh Nursing School,"Adarsh Nursing School,Dhanera, Shree K R Anjana Arts &Amp; Commerce College Campus Ahead Kargil Hotal,Tharad Road Dhanera, Dhanera, Distt.- Banaskantha, Gujarat, Pin Code- 385310",Shree Dhanera Taluka Yuvak Pragati Mandal,Banaskantha,Gujarat,Private,GNM,60 (Sixty),2025-2026,1,https://online.indiannursingcouncil.org/Reports/YearlyReportByState.aspx,2026-09-11T11:13:03.678992
1,Adivasi Institute Of Nursing,"Adivasi Institute Of Nursing, At & Po - Pavijetpur, Pavijetpur, Distt.- Chhotaudepur, Gujarat, Pin Code- 391160",Tulsi Sevashram Trust,Chhotaudepur,Gujarat,Private,GNM,30 (Thirty),2025-2026,2,https://online.indiannursingcouncil.org/Reports/YearlyReportByState.aspx,2026-09-11T11:13:11.490614
1,Adivasi Institute Of Nursing,"Adivasi Institute Of Nursing, At & Po - Pavijetpur, Pavijetpur, Distt.- Chhotaudepur, Gujarat, Pin Code- 391160",Tulsi Sevashram Trust,Chhotaudepur,Gujarat,Private,ANM,40 (Forty),2025-2026,2,https://online.indiannursingcouncil.org/Reports/YearlyReportByState.aspx,2026-09-11T11:13:11.490614
2,Ahmedabad Institute Of Nursing Sciences,"Ahmedabad Institute Of Nursing Sciences, Aims Campus, Nr. S. P. Ring Road Ognaj Circle, Nr. Lions Karnavati Eye Hospital, Gota - Kalol Highway, Lapkaman, Ahmedabad , Distt.- Ahmedabad, Gujarat, Pin",Garavi Gujarat Medical And Educational Foundation,Ahmedabad,Gujarat,Private,B.Sc(N),60 (Sixty),2025-2026,2,https://online.indiannursingcouncil.org/Reports/YearlyReportByState.aspx,2026-09-11T11:13:11.490614
3,Akshar Nursing College,"Akshar Nursing College, Sakariya Malpur Road Opp. Petrol Pump, Modasa, Distt.- Arvalli, Gujarat, Pin Code- 383315",Akshar Medical And Education Trust,Arvalli,Gujarat,Private,ANM,30 (Thirty),2025-2026,2,https://online.indiannursingcouncil.org/Reports/YearlyReportByState.aspx,2026-09-11T11:13:11.490614
3,Akshar Nursing College,"Akshar Nursing College, Sakariya Malpur Road Opp. Petrol Pump, Modasa, Distt.- Arvalli, Gujarat, Pin Code- 383315",Akshar Medical And Education Trust,Arvalli,Gujarat,Private,GNM,40 (Forty),2025-2026,2,https://online.indiannursingcouncil.org/Reports/YearlyReportByState.aspx,2026-09-11T11:13:11.490614
4,Akshatam College Of Nursing,"Akshatam College Of Nursing, C-Block, Medipolis, New Doctor House, Disha Highway, Palanpur, Distt.- Banaskantha, Gujarat, Pin Code- 385001",Cocoon Foundation,Banaskantha,Gujarat,Private,GNM,50 (Fifty),2025-2026,2,https://online.indiannursingcouncil.org/Reports/YearlyReportByState.aspx,2026-09-11T11:13:11.490614
4,Akshatam College Of Nursing,"Akshatam College Of Nursing, C-Block, Medipolis, New Doctor House, Disha Highway, Palanpur, Distt.- Banaskantha, Gujarat, Pin Code- 385001",Cocoon Foundation,Banaskantha,Gujarat,Private,B.Sc(N),60 (Sixty),2025-2026,2,https://online.indiannursingcouncil.org/Reports/YearlyReportByState.aspx,2026-09-11T11:13:11.490614
4,Akshatam College Of Nursing,"Akshatam College Of Nursing, C-Block, Medipolis, New Doctor House, Disha Highway, Palanpur, Distt.- Banaskantha, Gujarat, Pin Code- 385001",Cocoon Foundation,Banaskantha,Gujarat,Private,ANM,40 (Forty),2025-2026,2,https://online.indiannursingcouncil.org/Reports/YearlyReportByState.aspx,2026-09-11T11:13:11.490614
4,Akshatam College Of Nursing,"Akshatam College Of Nursing, C-Block, Medipolis, New Doctor House, Disha Highway, Palanpur, Distt.- Banaskantha, Gujarat, Pin Code- 385001",Cocoon Foundation,Banaskantha,Gujarat,Private,P B B.Sc(N),40 (Forty),2025-2026,2,https://online.indiannursingcouncil.org/Reports/YearlyReportByState.aspx,2026-09-11T11:13:11.490614
5,All India Institute Of Local Self Government,"All India Institute Of Local Self Government, Barfiwala Bhavan, Near Bhavan's College, , Distt.- Ahmedabad, Gujarat, Pin Code- 380001",All India Institute Of Local Self Government,Ahmedabad,Gujarat,Private,ANM,30 (Thirty),2025-2026,2,https://online.indiannursingcouncil.org/Reports/YearlyReportByState.aspx,2026-09-11T11:13:11.490614
6,Ambaji Nursing College,"Ambaji Nursing College, Ahmedabad Mehsana Highway Kaiyal Road, Ganeshpura , Ganeshpura, Distt.- Mehsana, Gujarat, Pin Code- 382705",Jay Ranchhod Education Trust,Mehsana,Gujarat,Private,ANM,30 (Thirty),2025-2026,2,https://online.indiannursingcouncil.org/Reports/YearlyReportByState.aspx,2026-09-11T11:13:11.490614
6,Ambaji Nursing College,"Ambaji Nursing College, Ahmedabad Mehsana Highway Kaiyal Road, Ganeshpura , Ganeshpura, Distt.- Mehsana, Gujarat, Pin Code- 382705",Jay Ranchhod Education Trust,Mehsana,Gujarat,Private,GNM,40 (Forty),2025-2026,2,https://online.indiannursingcouncil.org/Reports/YearlyReportByState.aspx,2026-09-11T11:13:11.490614
6,Ambaji Nursing College,"Ambaji Nursing College, Ahmedabad Mehsana Highway Kaiyal Road, Ganeshpura , Ganeshpura, Distt.- Mehsana, Gujarat, Pin Code- 382705",Jay Ranchhod Education Trust,Mehsana,Gujarat,Private,B.Sc(N),40 (Forty),2025-2026,2,https://online.indiannursingcouncil.org/Reports/YearlyReportByState.aspx,2026-09-11T11:13:11.490614
7,Aminaben M. Gangat Memorial School Of Nursing,"Aminaben M. Gangat Memorial School Of Nursing , Sarvajanik Hospital, Chhade Ole, Rampura, Surat, Distt.- Surat, Gujarat, Pin Code- 395003",Sarvajanik Medical Trust,Surat,Gujarat,Private,GNM,30 (Thirty),2025-2026,2,https://online.indiannursingcouncil.org/Reports/YearlyReportByState.aspx,2026-09-11T11:13:11.490614
8,Anm School General Hospital,"Anm School General Hospital, School Of Nursing, At Post-Indu, Vayara, Distt.- Tapi, Gujarat, Pin Code- 394650",Government Of Gujarat,Tapi,Gujarat,Government,ANM,30 (Thirty),2025-2026,2,https://online.indiannursingcouncil.org/Reports/YearlyReportByState.aspx,2026-09-11T11:13:11.490614
8,Anm School General Hospital,"Anm School General Hospital, School Of Nursing, At Post-Indu, Vayara, Distt.- Tapi, Gujarat, Pin Code- 394650",Government Of Gujarat,Tapi,Gujarat,Government,GNM,30 (Thirty),2025-2026,2,https://online.indiannursingcouncil.org/Reports/YearlyReportByState.aspx,2026-09-11T11:13:11.490614
9,Apollo Institute Of Nursing,"Apollo Institute Of Nursing, Plot No. 1 A, Bhat G.I.D.C Estate, Gandhinagar, Distt.- Gandhinagar, Gujarat, Pin Code- 382428",Apollo Hospitals International Ltd,Gandhinagar,Gujarat,Private,B.Sc(N),60 (Sixty),2025-2026,2,https://online.indiannursingcouncil.org/Reports/YearlyReportByState.aspx,2026-09-11T11:13:11.490614
10,Arpit Nursing School And College,"Arpit Nursing School And College, Arpit College Campus, Rajkot - Morbhi Highway, Hadala, Rajkot, Distt.- Rajkot, Gujarat, Pin Code- 360005",Bhagyoday Education And Charitable Trust Rajkot,Rajkot,Gujarat,Private,ANM,20 (Twenty),2025-2026,2,https://online.indiannursingcouncil.org/Reports/YearlyReportByState.aspx,2026-09-11T11:13:11.490614
10,Arpit Nursing School And College,"Arpit Nursing School And College, Arpit College Campus, Rajkot - Morbhi Highway, Hadala, Rajkot, Distt.- Rajkot, Gujarat, Pin Code- 360005",Bhagyoday Education And Charitable Trust Rajkot,Rajkot,Gujarat,Private,GNM,40 (Forty),2025-2026,2,https://online.indiannursingcouncil.org/Reports/YearlyReportByState.aspx,2026-09-11T11:13:11.490614
10,Arpit Nursing School And College,"Arpit Nursing School And College, Arpit College Campus, Rajkot - Morbhi Highway, Hadala, Rajkot, Distt.- Rajkot, Gujarat, Pin Code- 360005",Bhagyoday Education And Charitable Trust Rajkot,Rajkot,Gujarat,Private,B.Sc(N),50 (Fifty),2025-2026,2,https://online.indiannursingcouncil.org/Reports/YearlyReportByState.aspx,2026-09-11T11:13:11.490614
11,Arunaben Bhakta Nursing College,"Arunaben Bhakta Nursing College, At & Post Kamalchhod Bajipura Valod Gujarat, Bajipura, Distt.- Tapi, Gujarat, Pin Code- 394690",Pratik Medical Education And Charitable Trust,Tapi,Gujarat,Private,ANM,40 (Forty),2025-2026,2,https://online.indiannursingcouncil.org/Reports/YearlyReportByState.aspx,2026-09-11T11:13:11.490614
11,Arunaben Bhakta Nursing College,"Arunaben Bhakta Nursing College, At & Post Kamalchhod Bajipura Valod Gujarat, Bajipura, Distt.- Tapi, Gujarat, Pin Code- 394690",Pratik Medical Education And Charitable Trust,Tapi,Gujarat,Private,GNM,40 (Forty),2025-2026,2,https://online.indiannursingcouncil.org/Reports/YearlyReportByState.aspx,2026-09-11T11:13:11.490614
11,Arunaben Bhakta Nursing College,"Arunaben Bhakta Nursing College, At & Post Kamalchhod Bajipura Valod Gujarat, Bajipura, Distt.- Tapi, Gujarat, Pin Code- 394690",Pratik Medical Education And Charitable Trust,Tapi,Gujarat,Private,B.Sc(N),40 (Forty),2025-2026,2,https://online.indiannursingcouncil.org/Reports/YearlyReportByState.aspx,2026-09-11T11:13:11.490614
12,B Jamnadas Patel College Of Nursing / Skum College Of Nursing,"B Jamnadas Patel College Of Nursing / Skum College Of Nursing, Plot No. 709, Behind T.V. Tower, Off. Drive-In Road,, Ahmedabad, Distt.- Ahmedabad, Gujarat, Pin Code- 380054",Stree Kelavani Uttejak Mandal,Ahmedabad,Gujarat,Private,B.Sc(N),60 (Sixty),2025-2026,2,https://online.indiannursingcouncil.org/Reports/YearlyReportByState.aspx,2026-09-11T11:13:11.490614
12,B Jamnadas Patel College Of Nursing / Skum College Of Nursing,"B Jamnadas Patel College Of Nursing / Skum College Of Nursing, Plot No. 709, Behind T.V. Tower, Off. Drive-In Road,, Ahmedabad, Distt.- Ahmedabad, Gujarat, Pin Code- 380054",Stree Kelavani Uttejak Mandal,Ahmedabad,Gujarat,Private,M. Sc (N),20 (Twenty),2025-2026,2,https://online.indiannursingcouncil.org/Reports/YearlyReportByState.aspx,2026-09-11T11:13:11.490614
12,B Jamnadas Patel College Of Nursing / Skum College Of Nursing,"B Jamnadas Patel College Of Nursing / Skum College Of Nursing, Plot No. 709, Behind T.V. Tower, Off. Drive-In Road,, Ahmedabad, Distt.- Ahmedabad, Gujarat, Pin Code- 380054",Stree Kelavani Uttejak Mandal,Ahmedabad,Gujarat,Private,GNM,60 (Sixty),2025-2026,2,https://online.indiannursingcouncil.org/Reports/YearlyReportByState.aspx,2026-09-11T11:13:11.490614
13,B M C B School Of Nursing,"B M C B School Of Nursing, City Square Township, , Lakhond, Distt.- Kachchh, Gujarat, Pin Code- 370001",Shree Bhuj Mercantile Co-Op Bank Charitable Trust,Kachchh,Gujarat,Private,ANM,30 (Thirty),2025-2026,2,https://online.indiannursingcouncil.org/Reports/YearlyReportByState.aspx,2026-09-11T11:13:11.490614
13,B M C B School Of Nursing,"B M C B School Of Nursing, City Square Township, , Lakhond, Distt.- Kachchh, Gujarat, Pin Code- 370001",Shree Bhuj Mercantile Co-Op Bank Charitable Trust,Kachchh,Gujarat,Private,GNM,50 (Fifty),2025-2026,2,https://online.indiannursingcouncil.org/Reports/YearlyReportByState.aspx,2026-09-11T11:13:11.490614
13,B M C B School Of Nursing,"B M C B School Of Nursing, City Square Township, , Lakhond, Distt.- Kachchh, Gujarat, Pin Code- 370001",Shree Bhuj Mercantile Co-Op Bank Charitable Trust,Kachchh,Gujarat,Private,B.Sc(N),50 (Fifty),2025-2026,2,https://online.indiannursingcouncil.org/Reports/YearlyReportByState.aspx,2026-09-11T11:13:11.490614
14,Balaji School Of Nursing,"Balaji School Of Nursing, Gondal-Virpur National High-Way No.27,Near Charakhadi Crossing, Vill.- Gomata, Tehsil- Gondal, Distt.- Rajkot, Gujarat, Pin Code- 360320",Shree Dhaduk Education Trust,Rajkot,Gujarat,Private,GNM,50 (Fifty),2025-2026,2,https://online.indiannursingcouncil.org/Reports/YearlyReportByState.aspx,2026-09-11T11:13:11.490614
1,Balaji School Of Nursing,"Balaji School Of Nursing, Gondal-Virpur National High-Way No.27,Near Charakhadi Crossing, Vill.- Gomata, Tehsil- Gondal, Distt.- Rajkot, Gujarat, Pin Code- 360320",Shree Dhaduk Education Trust,Rajkot,Gujarat,Private,ANM,60 (Sixty),2025-2026,3,https://online.indiannursingcouncil.org/Reports/YearlyReportByState.aspx,2026-09-11T11:13:19.233448
2,Bankers Nursing Institute,"Bankers Nursing Institute, Behind Navapura School, Near Ranu-Borsad Chowkadi, , Vill.- Mahuvad, Tehsil- Padara, Distt.- Vadodara, Gujarat, Pin Code- 391440",Yash Public Charitable Trust,Vadodara,Gujarat,Private,GNM,50 (Fifty),2025-2026,3,https://online.indiannursingcouncil.org/Reports/YearlyReportByState.aspx,2026-09-11T11:13:19.233448
3,Bhagwan Mahavir School Of Nursing,"Bhagwan Mahavir School Of Nursing, Surve No. 149, Ashirvadvilla Row-House, Near Heena Bunglow, New City Light Road, Barthana-Vesu, Surat, Distt.- Surat, Gujarat, Pin Code- 395017",Bhagwan Mahavir Education Foundation,Surat,Gujarat,Private,GNM,40 (Forty),2025-2026,3,https://online.indiannursingcouncil.org/Reports/YearlyReportByState.aspx,2026-09-11T11:13:19.233448
4,Bhagyalaxmi School Of Nursing,"Bhagyalaxmi School Of Nursing, Sakariya-Malpur Road, Modasa, Modasa , Distt.- Arvalli, Gujarat, Pin Code- 383315",Bhagyalaxmi Medical And Education Trust,Arvalli,Gujarat,Private,ANM,40 (Forty),2025-2026,3,https://online.indiannursingcouncil.org/Reports/YearlyReportByState.aspx,2026-09-11T11:13:19.233448
4,Bhagyalaxmi School Of Nursing,"Bhagyalaxmi School Of Nursing, Sakariya-Malpur Road, Modasa, Modasa , Distt.- Arvalli, Gujarat, Pin Code- 383315",Bhagyalaxmi Medical And Education Trust,Arvalli,Gujarat,Private,B.Sc(N),40 (Forty),2025-2026,3,https://online.indiannursingcouncil.org/Reports/YearlyReportByState.aspx,2026-09-11T11:13:19.233448
4,Bhagyalaxmi School Of Nursing,"Bhagyalaxmi School Of Nursing, Sakariya-Malpur Road, Modasa, Modasa , Distt.- Arvalli, Gujarat, Pin Code- 383315",Bhagyalaxmi Medical And Education Trust,Arvalli,Gujarat,Private,GNM,40 (Forty),2025-2026,3,https://online.indiannursingcouncil.org/Reports/YearlyReportByState.aspx,2026-09-11T11:13:19.233448
4,Bhagyalaxmi School Of Nursing,"Bhagyalaxmi School Of Nursing, Sakariya-Malpur Road, Modasa, Modasa , Distt.- Arvalli, Gujarat, Pin Code- 383315",Bhagyalaxmi Medical And Education Trust,Arvalli,Gujarat,Private,P B B.Sc(N),30 (Thirty),2025-2026,3,https://online.indiannursingcouncil.org/Reports/YearlyReportByState.aspx,2026-09-11T11:13:19.233448
5,Bharat Nursing College,"Bharat Nursing College, Rasana-Mota, Tal-Deesa,, Deesa, Distt.- Banaskantha, Gujarat, Pin Code- 385535",Bharat Education Trust,Banaskantha,Gujarat,Private,P B B.Sc(N),40 (Forty),2025-2026,3,https://online.indiannursingcouncil.org/Reports/YearlyReportByState.aspx,2026-09-11T11:13:19.233448
5,Bharat Nursing College,"Bharat Nursing College, Rasana-Mota, Tal-Deesa,, Deesa, Distt.- Banaskantha, Gujarat, Pin Code- 385535",Bharat Education Trust,Banaskantha,Gujarat,Private,B.Sc(N),50 (Fifty),2025-2026,3,https://online.indiannursingcouncil.org/Reports/YearlyReportByState.aspx,2026-09-11T11:13:19.233448
5,Bharat Nursing College,"Bharat Nursing College, Rasana-Mota, Tal-Deesa,, Deesa, Distt.- Banaskantha, Gujarat, Pin Code- 385535",Bharat Education Trust,Banaskantha,Gujarat,Private,M. Sc (N),10 (Ten),2025-2026,3,https://online.indiannursingcouncil.org/Reports/YearlyReportByState.aspx,2026-09-11T11:13:19.233448
5,Bharat Nursing College,"Bharat Nursing College, Rasana-Mota, Tal-Deesa,, Deesa, Distt.- Banaskantha, Gujarat, Pin Code- 385535",Bharat Education Trust,Banaskantha,Gujarat,Private,ANM,50 (Fifty),2025-2026,3,https://online.indiannursingcouncil.org/Reports/YearlyReportByState.aspx,2026-09-11T11:13:19.233448
5,Bharat Nursing College,"Bharat Nursing College, Rasana-Mota, Tal-Deesa,, Deesa, Distt.- Banaskantha, Gujarat, Pin Code- 385535",Bharat Education Trust,Banaskantha,Gujarat,Private,GNM,50 (Fifty),2025-2026,3,https://online.indiannursingcouncil.org/Reports/YearlyReportByState.aspx,2026-09-11T11:13:19.233448
6,C U Shah Institute Of Nursing,"C U Shah Institute Of Nursing, Ahmedabad State Highway, Opp. Ibp Petrol Pump, Nr. Kothariya, Wadhwan City, Distt.- Surendranagar, Gujarat, Pin Code- 363030",Wardhman Bharti Trust,Surendranagar,Gujarat,Private,P B B.Sc(N),20 (Twenty),2025-2026,3,https://online.indiannursingcouncil.org/Reports/YearlyReportByState.aspx,2026-09-11T11:13:19.233448
6,C U Shah Institute Of Nursing,"C U Shah Institute Of Nursing, Ahmedabad State Highway, Opp. Ibp Petrol Pump, Nr. Kothariya, Wadhwan City, Distt.- Surendranagar, Gujarat, Pin Code- 363030",Wardhman Bharti Trust,Surendranagar,Gujarat,Private,ANM,30 (Thirty),2025-2026,3,https://online.indiannursingcouncil.org/Reports/YearlyReportByState.aspx,2026-09-11T11:13:19.233448
6,C U Shah Institute Of Nursing,"C U Shah Institute Of Nursing, Ahmedabad State Highway, Opp. Ibp Petrol Pump, Nr. Kothariya, Wadhwan City, Distt.- Surendranagar, Gujarat, Pin Code- 363030",Wardhman Bharti Trust,Surendranagar,Gujarat,Private,GNM,40 (Forty),2025-2026,3,https://online.indiannursingcouncil.org/Reports/YearlyReportByState.aspx,2026-09-11T11:13:19.233448
6,C U Shah Institute Of Nursing,"C U Shah Institute Of Nursing, Ahmedabad State Highway, Opp. Ibp Petrol Pump, Nr. Kothariya, Wadhwan City, Distt.- Surendranagar, Gujarat, Pin Code- 363030",Wardhman Bharti Trust,Surendranagar,Gujarat,Private,M. Sc (N),20 (Twenty),2025-2026,3,https://online.indiannursingcouncil.org/Reports/YearlyReportByState.aspx,2026-09-11T11:13:19.233448
6,C U Shah Institute Of Nursing,"C U Shah Institute Of Nursing, Ahmedabad State Highway, Opp. Ibp Petrol Pump, Nr. Kothariya, Wadhwan City, Distt.- Surendranagar, Gujarat, Pin Code- 363030",Wardhman Bharti Trust,Surendranagar,Gujarat,Private,B.Sc(N),50 (Fifty),2025-2026,3,https://online.indiannursingcouncil.org/Reports/YearlyReportByState.aspx,2026-09-11T11:13:19.233448
7,C V M Nursing College,"C V M Nursing College, Adit Campus, Behind Gidc, New Vallabh Vidyanagar, Vallabh Vidyanagar, Distt.- Anand, Gujarat, Pin Code- 388121",Cvm University,Anand,Gujarat,Private,GNM,40 (Forty),2025-2026,3,https://online.indiannursingcouncil.org/Reports/YearlyReportByState.aspx,2026-09-11T11:13:19.233448
7,C V M Nursing College,"C V M Nursing College, Adit Campus, Behind Gidc, New Vallabh Vidyanagar, Vallabh Vidyanagar, Distt.- Anand, Gujarat, Pin Code- 388121",Cvm University,Anand,Gujarat,Private,B.Sc(N),40 (Forty),2025-2026,3,https://online.indiannursingcouncil.org/Reports/YearlyReportByState.aspx,2026-09-11T11:13:19.233448
8,Chanchalben Mafatlal Patel School Of Nursing,"Chanchalben Mafatlal Patel School Of Nursing,, Sector 12, Civil Hospital Campus, Ghandhinagar, Distt.- Gandhinagar, Gujarat, Pin Code- 382023",Sarva Vidyalaya Kelvani Mandal,Gandhinagar,Gujarat,Private,ANM,40 (Forty),2025-2026,3,https://online.indiannursingcouncil.org/Reports/YearlyReportByState.aspx,2026-09-11T11:13:19.233448
8,Chanchalben Mafatlal Patel School Of Nursing,"Chanchalben Mafatlal Patel School Of Nursing,, Sector 12, Civil Hospital Campus, Ghandhinagar, Distt.- Gandhinagar, Gujarat, Pin Code- 382023",Sarva Vidyalaya Kelvani Mandal,Gandhinagar,Gujarat,Private,GNM,60 (Sixty),2025-2026,3,https://online.indiannursingcouncil.org/Reports/YearlyReportByState.aspx,2026-09-11T11:13:19.233448
8,Chanchalben Mafatlal Patel School Of Nursing,"Chanchalben Mafatlal Patel School Of Nursing,, Sector 12, Civil Hospital Campus, Ghandhinagar, Distt.- Gandhinagar, Gujarat, Pin Code- 382023",Sarva Vidyalaya Kelvani Mandal,Gandhinagar,Gujarat,Private,B.Sc(N),60 (Sixty),2025-2026,3,https://online.indiannursingcouncil.org/Reports/YearlyReportByState.aspx,2026-09-11T11:13:19.233448
8,Chanchalben Mafatlal Patel School Of Nursing,"Chanchalben Mafatlal Patel School Of Nursing,, Sector 12, Civil Hospital Campus, Ghandhinagar, Distt.- Gandhinagar, Gujarat, Pin Code- 382023",Sarva Vidyalaya Kelvani Mandal,Gandhinagar,Gujarat,Private,P B B.Sc(N),30 (Thirty),2025-2026,3,https://online.indiannursingcouncil.org/Reports/YearlyReportByState.aspx,2026-09-11T11:13:19.233448
9,Chitrini Institute Of Nursing,"Chitrini Institute Of Nursing , Atpo-Talod, Tal-Talod, Dist- Sabarkantha, Talod, Distt.- Sabarkantha, Gujarat, Pin Code- 383215",Gnanyog Education And Welfare Trust,Sabarkantha,Gujarat,Private,B.Sc(N),60 (Sixty),2025-2026,3,https://online.indiannursingcouncil.org/Reports/YearlyReportByState.aspx,2026-09-11T11:13:19.233448
9,Chitrini Institute Of Nursing,"Chitrini Institute Of Nursing , Atpo-Talod, Tal-Talod, Dist- Sabarkantha, Talod, Distt.- Sabarkantha, Gujarat, Pin Code- 383215",Gnanyog Education And Welfare Trust,Sabarkantha,Gujarat,Private,GNM,60 (Sixty),2025-2026,3,https://online.indiannursingcouncil.org/Reports/YearlyReportByState.aspx,2026-09-11T11:13:19.233448
10,Chitrini Institute Of Nursing Science,"Chitrini Institute Of Nursing Science, R T O To Idar Bypass Road, At & Post Virpur, Himatnagar, Distt.- Sabarkantha, Gujarat, Pin Code- 383001",Gnanyog Education And Welfare Trust,Sabarkantha,Gujarat,Private,GNM,40 (Forty),2025-2026,3,https://online.indiannursingcouncil.org/Reports/YearlyReportByState.aspx,2026-09-11T11:13:19.233448
10,Chitrini Institute Of Nursing Science,"Chitrini Institute Of Nursing Science, R T O To Idar Bypass Road, At & Post Virpur, Himatnagar, Distt.- Sabarkantha, Gujarat, Pin Code- 383001",Gnanyog Education And Welfare Trust,Sabarkantha,Gujarat,Private,B.Sc(N),40 (Forty),2025-2026,3,https://online.indiannursingcouncil.org/Reports/YearlyReportByState.aspx,2026-09-11T11:13:19.233448
11,Chitrini School Of Nursing,"Chitrini School Of Nursing, Beside Govt Godawn, Near Prantij Railway Station, At P.O.- Junabakarpur, Prantij, Distt.- Sabarkantha, Gujarat, Pin Code- 383205",Gnanyog Education And Welfare Trust,Sabarkantha,Gujarat,Private,ANM,40 (Forty),2025-2026,3,https://online.indiannursingcouncil.org/Reports/YearlyReportByState.aspx,2026-09-11T11:13:19.233448
11,Chitrini School Of Nursing,"Chitrini School Of Nursing, Beside Govt Godawn, Near Prantij Railway Station, At P.O.- Junabakarpur, Prantij, Distt.- Sabarkantha, Gujarat, Pin Code- 383205",Gnanyog Education And Welfare Trust,Sabarkantha,Gujarat,Private,GNM,50 (Fifty),2025-2026,3,https://online.indiannursingcouncil.org/Reports/YearlyReportByState.aspx,2026-09-11T11:13:19.233448
11,Chitrini School Of Nursing,"Chitrini School Of Nursing, Beside Govt Godawn, Near Prantij Railway Station, At P.O.- Junabakarpur, Prantij, Distt.- Sabarkantha, Gujarat, Pin Code- 383205",Gnanyog Education And Welfare Trust,Sabarkantha,Gujarat,Private,M. Sc (N),25 (Twenty Five),2025-2026,3,https://online.indiannursingcouncil.org/Reports/YearlyReportByState.aspx,2026-09-11T11:13:19.233448
1,Chitrini School Of Nursing,"Chitrini School Of Nursing, Beside Govt Godawn, Near Prantij Railway Station, At P.O.- Junabakarpur, Prantij, Distt.- Sabarkantha, Gujarat, Pin Code- 383205",Gnanyog Education And Welfare Trust,Sabarkantha,Gujarat,Private,P B B.Sc(N),40 (Forty),2025-2026,4,https://online.indiannursingcouncil.org/Reports/YearlyReportByState.aspx,2026-09-11T11:13:27.449956
1,Chitrini School Of Nursing,"Chitrini School Of Nursing, Beside Govt Godawn, Near Prantij Railway Station, At P.O.- Junabakarpur, Prantij, Distt.- Sabarkantha, Gujarat, Pin Code- 383205",Gnanyog Education And Welfare Trust,Sabarkantha,Gujarat,Private,B.Sc(N),60 (Sixty),2025-2026,4,https://online.indiannursingcouncil.org/Reports/YearlyReportByState.aspx,2026-09-11T11:13:27.449956
2,Christ College Of Nursing,"Christ College Of Nursing, Christ Hospital, Madhapar, Jamnagar Road, Rajkot, Distt.- Rajkot, Gujarat, Pin Code- 360006",Christ Hospital Trust,Rajkot,Gujarat,Private,B.Sc(N),20 (Twenty),2025-2026,4,https://online.indiannursingcouncil.org/Reports/YearlyReportByState.aspx,2026-09-11T11:13:27.449956
3,Civil Surgeon Hospital,"Civil Surgeon Hospital, School Of Nursing, Behind Zanana Hospital, Azad Chowk, M.G. Road , Junagadh, Distt.- Junagadh, Gujarat, Pin Code- 362001",Government Of Gujarat,Junagadh,Gujarat,Government,GNM,40 (Forty),2025-2026,4,https://online.indiannursingcouncil.org/Reports/YearlyReportByState.aspx,2026-09-11T11:13:27.449956
4,College Of Nursing Zydus Hospitals & Health Care Research Pvt. Ltd.,"College Of Nursing Zydus Hospitals & Health Care Research Pvt. Ltd., Near Indira Gandhi Statue, Anand- Lambhvel Road, , Anand, Distt.- Anand, Gujarat, Pin Code- 388001",Zydus Hospital And Health Care Research Pvt Ltd,Anand,Gujarat,Private,B.Sc(N),40 (Forty),2025-2026,4,https://online.indiannursingcouncil.org/Reports/YearlyReportByState.aspx,2026-09-11T11:13:27.449956
4,College Of Nursing Zydus Hospitals & Health Care Research Pvt. Ltd.,"College Of Nursing Zydus Hospitals & Health Care Research Pvt. Ltd., Near Indira Gandhi Statue, Anand- Lambhvel Road, , Anand, Distt.- Anand, Gujarat, Pin Code- 388001",Zydus Hospital And Health Care Research Pvt Ltd,Anand,Gujarat,Private,GNM,40 (Forty),2025-2026,4,https://online.indiannursingcouncil.org/Reports/YearlyReportByState.aspx,2026-09-11T11:13:27.449956
4,College Of Nursing Zydus Hospitals & Health Care Research Pvt. Ltd.,"College Of Nursing Zydus Hospitals & Health Care Research Pvt. Ltd., Near Indira Gandhi Statue, Anand- Lambhvel Road, , Anand, Distt.- Anand, Gujarat, Pin Code- 388001",Zydus Hospital And Health Care Research Pvt Ltd,Anand,Gujarat,Private,M. Sc (N),10 (Ten),2025-2026,4,https://online.indiannursingcouncil.org/Reports/YearlyReportByState.aspx,2026-09-11T11:13:27.449956
5,College Of Nursing,"College Of Nursing, Vaccine Campus Old Padra Road, , Vadodara, Distt.- Vadodara, Gujarat, Pin Code- 390015",Government Of Gujarat,Vadodara,Gujarat,Government,B.Sc(N),50 (Fifty),2025-2026,4,https://online.indiannursingcouncil.org/Reports/YearlyReportByState.aspx,2026-09-11T11:13:27.449956
5,College Of Nursing,"College Of Nursing, Vaccine Campus Old Padra Road, , Vadodara, Distt.- Vadodara, Gujarat, Pin Code- 390015",Government Of Gujarat,Vadodara,Gujarat,Government,M. Sc (N),"25 (Twenty Five) Pead-04, Med.-Surg-04, Obg-04, Chn-04, Psy-09",2025-2026,4,https://online.indiannursingcouncil.org/Reports/YearlyReportByState.aspx,2026-09-11T11:13:27.449956
6,Dalia Nursing College,"Dalia Nursing College,Kanera, Ahmedabad Mumbai Highway No 08 Near Bareja At Post : Kanerata & Dist : Khedapincode :387540, Kanera, Distt.- Kheda, Gujarat, Pin Code- 387540",Shri Dalia Education Founation,Kheda,Gujarat,Private,GNM,60 (Sixty),2025-2026,4,https://online.indiannursingcouncil.org/Reports/YearlyReportByState.aspx,2026-09-11T11:13:27.449956
6,Dalia Nursing College,"Dalia Nursing College,Kanera, Ahmedabad Mumbai Highway No 08 Near Bareja At Post : Kanerata & Dist : Khedapincode :387540, Kanera, Distt.- Kheda, Gujarat, Pin Code- 387540",Shri Dalia Education Founation,Kheda,Gujarat,Private,B.Sc(N),40 (Forty),2025-2026,4,https://online.indiannursingcouncil.org/Reports/YearlyReportByState.aspx,2026-09-11T11:13:27.449956
7,Dinsha Patel College Of Nursing,"Dinsha Patel College Of Nursing, Opp. Maha Gujarat Hospital, Behind Hyundi Showroom, Nadiad, Distt.- Kheda, Gujarat, Pin Code- 387001",Mahagujarat Medical Society,Kheda,Gujarat,Private,GNM,50 (Fifty),2025-2026,4,https://online.indiannursingcouncil.org/Reports/YearlyReportByState.aspx,2026-09-11T11:13:27.449956
7,Dinsha Patel College Of Nursing,"Dinsha Patel College Of Nursing, Opp. Maha Gujarat Hospital, Behind Hyundi Showroom, Nadiad, Distt.- Kheda, Gujarat, Pin Code- 387001",Mahagujarat Medical Society,Kheda,Gujarat,Private,B.Sc(N),60 (Sixty),2025-2026,4,https://online.indiannursingcouncil.org/Reports/YearlyReportByState.aspx,2026-09-11T11:13:27.449956
7,Dinsha Patel College Of Nursing,"Dinsha Patel College Of Nursing, Opp. Maha Gujarat Hospital, Behind Hyundi Showroom, Nadiad, Distt.- Kheda, Gujarat, Pin Code- 387001",Mahagujarat Medical Society,Kheda,Gujarat,Private,M. Sc (N),"8 (Eight) Med. Surg-2, Chn-2, Paed.-2, Obg-2",2025-2026,4,https://online.indiannursingcouncil.org/Reports/YearlyReportByState.aspx,2026-09-11T11:13:27.449956
7,Dinsha Patel College Of Nursing,"Dinsha Patel College Of Nursing, Opp. Maha Gujarat Hospital, Behind Hyundi Showroom, Nadiad, Distt.- Kheda, Gujarat, Pin Code- 387001",Mahagujarat Medical Society,Kheda,Gujarat,Private,P B B.Sc(N),20 (Twenty),2025-2026,4,https://online.indiannursingcouncil.org/Reports/YearlyReportByState.aspx,2026-09-11T11:13:27.449956
8,Dr. B R Ambedkar College Of Nursing,"Dr. B R Ambedkar College Of Nursing, Near Nilima Park Society,Vasna Rathod Road,B/H Swaminarayan Temple, Dehgam, Distt.- Gandhinagar, Gujarat, Pin Code- 382305",Dr B R Ambedkar Charitable Trust,Gandhinagar,Gujarat,Private,B.Sc(N),40 (Forty),2025-2026,4,https://online.indiannursingcouncil.org/Reports/YearlyReportByState.aspx,2026-09-11T11:13:27.449956
8,Dr. B R Ambedkar College Of Nursing,"Dr. B R Ambedkar College Of Nursing, Near Nilima Park Society,Vasna Rathod Road,B/H Swaminarayan Temple, Dehgam, Distt.- Gandhinagar, Gujarat, Pin Code- 382305",Dr B R Ambedkar Charitable Trust,Gandhinagar,Gujarat,Private,ANM,30 (Thirty),2025-2026,4,https://online.indiannursingcouncil.org/Reports/YearlyReportByState.aspx,2026-09-11T11:13:27.449956
8,Dr. B R Ambedkar College Of Nursing,"Dr. B R Ambedkar College Of Nursing, Near Nilima Park Society,Vasna Rathod Road,B/H Swaminarayan Temple, Dehgam, Distt.- Gandhinagar, Gujarat, Pin Code- 382305",Dr B R Ambedkar Charitable Trust,Gandhinagar,Gujarat,Private,GNM,40 (Forty),2025-2026,4,https://online.indiannursingcouncil.org/Reports/YearlyReportByState.aspx,2026-09-11T11:13:27.449956
9,Dr. Dayabhai Kanjibhai Ukani School Of Nursing,"Dr. Dayabhai Kanjibhai Ukani School Of Nursing, C/O. B.T. Savani Kidney Hospital, Near University Gate, Rajkot, Distt.- Rajkot, Gujarat, Pin Code- 360005",Saurashtra Kidney Research Institute,Rajkot,Gujarat,Private,GNM,40 (Forty),2025-2026,4,https://online.indiannursingcouncil.org/Reports/YearlyReportByState.aspx,2026-09-11T11:13:27.449956
10,Dr. Subhash Nursing Institute,"Dr. Subhash Nursing Institute, Dr. Subhash Road, Near Railway Crossing, Opp. Khodiyar Temple, Junagadh, Distt.- Junagadh, Gujarat, Pin Code- 362001","Dr. Subhash P. Chavda Ahir Kelavani Mandal, Junagadh",Junagadh,Gujarat,Private,GNM,60 (Sixty),2025-2026,4,https://online.indiannursingcouncil.org/Reports/YearlyReportByState.aspx,2026-09-11T11:13:27.449956
10,Dr. Subhash Nursing Institute,"Dr. Subhash Nursing Institute, Dr. Subhash Road, Near Railway Crossing, Opp. Khodiyar Temple, Junagadh, Distt.- Junagadh, Gujarat, Pin Code- 362001","Dr. Subhash P. Chavda Ahir Kelavani Mandal, Junagadh",Junagadh,Gujarat,Private,P B B.Sc(N),50 (Fifty),2025-2026,4,https://online.indiannursingcouncil.org/Reports/YearlyReportByState.aspx,2026-09-11T11:13:27.449956
10,Dr. Subhash Nursing Institute,"Dr. Subhash Nursing Institute, Dr. Subhash Road, Near Railway Crossing, Opp. Khodiyar Temple, Junagadh, Distt.- Junagadh, Gujarat, Pin Code- 362001","Dr. Subhash P. Chavda Ahir Kelavani Mandal, Junagadh",Junagadh,Gujarat,Private,B.Sc(N),60 (Sixty),2025-2026,4,https://online.indiannursingcouncil.org/Reports/YearlyReportByState.aspx,2026-09-11T11:13:27.449956
10,Dr. Subhash Nursing Institute,"Dr. Subhash Nursing Institute, Dr. Subhash Road, Near Railway Crossing, Opp. Khodiyar Temple, Junagadh, Distt.- Junagadh, Gujarat, Pin Code- 362001","Dr. Subhash P. Chavda Ahir Kelavani Mandal, Junagadh",Junagadh,Gujarat,Private,ANM,30 (Thirty),2025-2026,4,https://online.indiannursingcouncil.org/Reports/YearlyReportByState.aspx,2026-09-11T11:13:27.449956
11,Excel School Of Nursing,"Excel School Of Nursing, 883, Diamond Chowk,Mahila College Compus, Air Port Road, Bhavnagar, Distt.- Bhavnagar, Gujarat, Pin Code- 364001",Smt R D Gardi Bhavnagar Stree Kelvani Mandal,Bhavnagar,Gujarat,Private,ANM,20 (Twenty),2025-2026,4,https://online.indiannursingcouncil.org/Reports/YearlyReportByState.aspx,2026-09-11T11:13:27.449956
11,Excel School Of Nursing,"Excel School Of Nursing, 883, Diamond Chowk,Mahila College Compus, Air Port Road, Bhavnagar, Distt.- Bhavnagar, Gujarat, Pin Code- 364001",Smt R D Gardi Bhavnagar Stree Kelvani Mandal,Bhavnagar,Gujarat,Private,GNM,40 (Forty),2025-2026,4,https://online.indiannursingcouncil.org/Reports/YearlyReportByState.aspx,2026-09-11T11:13:27.449956
12,Fhw A N M Training School,"Fhw A N M Training School, Shree J S Chauhan Hospital, Devgadhbaria, Devgadhbaria, Distt.- Dahod, Gujarat, Pin Code- 389380",Govt Of Gujarat,Dahod,Gujarat,Government,ANM,20 (Twenty),2025-2026,4,https://online.indiannursingcouncil.org/Reports/YearlyReportByState.aspx,2026-09-11T11:13:27.449956
13,Fhw A N M Training School,"Fhw A N M Training School, K.K. Maheta Govt. Hospital, Nr. Old Bus Stand Savarkundla, Savarkundla, Distt.- Amreli, Gujarat, Pin Code- 364515",Gujarat Goverment,Amreli,Gujarat,Government,ANM,40 (Forty),2025-2026,4,https://online.indiannursingcouncil.org/Reports/YearlyReportByState.aspx,2026-09-11T11:13:27.449956
14,Fhw A N M Training School,"Fhw A N M Training School, R.R.General Hospital Campus, Vill.- Limbdi, Tehsil- Limdi, Distt.- Surendranagar, Gujarat, Pin Code- 363421",Government Of Gujarat,Surendranagar,Gujarat,Government,ANM,20 (Twenty),2025-2026,4,https://online.indiannursingcouncil.org/Reports/YearlyReportByState.aspx,2026-09-11T11:13:27.449956
15,Ganpat University Kumud And Bhupesh Institute Of Nursing,"Ganpat University Kumud And Bhupesh Institute Of Nursing, Ganpat Vidyanagar, Mehsana-Gozaria Highway, North Gujarat, Mehsana, Distt.- Mehsana, Gujarat, Pin Code- 384012",Ganpat University,Mehsana,Gujarat,Private,GNM,40 (Forty),2025-2026,4,https://online.indiannursingcouncil.org/Reports/YearlyReportByState.aspx,2026-09-11T11:13:27.449956
15,Ganpat University Kumud And Bhupesh Institute Of Nursing,"Ganpat University Kumud And Bhupesh Institute Of Nursing, Ganpat Vidyanagar, Mehsana-Gozaria Highway, North Gujarat, Mehsana, Distt.- Mehsana, Gujarat, Pin Code- 384012",Ganpat University,Mehsana,Gujarat,Private,B.Sc(N),60 (Sixty),2025-2026,4,https://online.indiannursingcouncil.org/Reports/YearlyReportByState.aspx,2026-09-11T11:13:27.449956
1,Gcs School Of Nursing,"Gcs School Of Nursing , Opp. Drm Office, Near Chamunda Bridge, Ahmedabad, Distt.- Ahmedabad, Gujarat, Pin Code- 380025",Gujarat Cancer Society,Ahmedabad,Gujarat,Private,GNM,40 (Forty),2025-2026,5,https://online.indiannursingcouncil.org/Reports/YearlyReportByState.aspx,2026-09-11T11:13:35.894759
1,Gcs School Of Nursing,"Gcs School Of Nursing , Opp. Drm Office, Near Chamunda Bridge, Ahmedabad, Distt.- Ahmedabad, Gujarat, Pin Code- 380025",Gujarat Cancer Society,Ahmedabad,Gujarat,Private,B.Sc(N),60 (Sixty),2025-2026,5,https://online.indiannursingcouncil.org/Reports/YearlyReportByState.aspx,2026-09-11T11:13:35.894759
2,General Hospital Nursing School,"General Hospital Nursing School, General Hospital, Amreli, Distt.- Amreli, Gujarat, Pin Code- 365601",Govt. Of Gujarat,Amreli,Gujarat,Government,GNM,40 (Forty),2025-2026,5,https://online.indiannursingcouncil.org/Reports/YearlyReportByState.aspx,2026-09-11T11:13:35.894759
3,General Hospital,"General Hospital, G N M School Of Nursing, Godhra, Godhra, Distt.- Panchmahal, Gujarat, Pin Code- 389001",Health Medical Services And Medical Education,Panchmahal,Gujarat,Government,GNM,50 (Fifty),2025-2026,5,https://online.indiannursingcouncil.org/Reports/YearlyReportByState.aspx,2026-09-11T11:13:35.894759
4,General Nursing School,"General Nursing School , State Hospital Campus, Garden Road, Dharampur, Distt.- Valsad, Gujarat, Pin Code- 396050",Government Of Gujarat,Valsad,Gujarat,Government,GNM,30 (Thirty),2025-2026,5,https://online.indiannursingcouncil.org/Reports/YearlyReportByState.aspx,2026-09-11T11:13:35.894759
5,General Nursing School,"General Nursing School, Government College Of Nursing,Pdu Hospital Campus, Mochi Bazar, Rajkot , Distt.- Rajkot, Gujarat, Pin Code- 360001",Government Of Gujarat,Rajkot,Gujarat,Government,B.Sc(N),50 (Fifty),2025-2026,5,https://online.indiannursingcouncil.org/Reports/YearlyReportByState.aspx,2026-09-11T11:13:35.894759
6,General Nursing School,"General Nursing School, G K General Hospital, Bhuj, Distt.- Kachchh, Gujarat, Pin Code- 370001",Government Of Gujarat,Kachchh,Gujarat,Government,GNM,20 (Twenty),2025-2026,5,https://online.indiannursingcouncil.org/Reports/YearlyReportByState.aspx,2026-09-11T11:13:35.894759
7,General Nursing School,"General Nursing School, J Z M & N General Hospital Campus,Near M P U H Kidney Hospital, Nadidad, Distt.- Kheda, Gujarat, Pin Code- 387001",Government Of Gujarat,Kheda,Gujarat,Government,GNM,20 (Twenty),2025-2026,5,https://online.indiannursingcouncil.org/Reports/YearlyReportByState.aspx,2026-09-11T11:13:35.894759
8,General Nursing School,"General Nursing School, State Hospital Campus Near Lunawada Road , Santrampur, Distt.- Mahisagar, Gujarat, Pin Code- 389260",Gujarat State Government,Mahisagar,Gujarat,Government,GNM,30 (Thirty),2025-2026,5,https://online.indiannursingcouncil.org/Reports/YearlyReportByState.aspx,2026-09-11T11:13:35.894759
9,Gokul Nursing College,"Gokul Nursing College, Gokul Education Campus, Opposite I.O.C. Depot, State Highway No:- 41, Near Sujanpura Patiya, Sidhpur, Distt.- Patan, Gujarat, Pin Code- 384151",Gokul Foundation,Patan,Gujarat,Private,P B B.Sc(N),40 (Forty),2025-2026,5,https://online.indiannursingcouncil.org/Reports/YearlyReportByState.aspx,2026-09-11T11:13:35.894759
9,Gokul Nursing College,"Gokul Nursing College, Gokul Education Campus, Opposite I.O.C. Depot, State Highway No:- 41, Near Sujanpura Patiya, Sidhpur, Distt.- Patan, Gujarat, Pin Code- 384151",Gokul Foundation,Patan,Gujarat,Private,ANM,50 (Fifty),2025-2026,5,https://online.indiannursingcouncil.org/Reports/YearlyReportByState.aspx,2026-09-11T11:13:35.894759
9,Gokul Nursing College,"Gokul Nursing College, Gokul Education Campus, Opposite I.O.C. Depot, State Highway No:- 41, Near Sujanpura Patiya, Sidhpur, Distt.- Patan, Gujarat, Pin Code- 384151",Gokul Foundation,Patan,Gujarat,Private,GNM,40 (Forty),2025-2026,5,https://online.indiannursingcouncil.org/Reports/YearlyReportByState.aspx,2026-09-11T11:13:35.894759
9,Gokul Nursing College,"Gokul Nursing College, Gokul Education Campus, Opposite I.O.C. Depot, State Highway No:- 41, Near Sujanpura Patiya, Sidhpur, Distt.- Patan, Gujarat, Pin Code- 384151",Gokul Foundation,Patan,Gujarat,Private,M. Sc (N),"30 (Thirty) Pead-08, Med-Surg.-12",2025-2026,5,https://online.indiannursingcouncil.org/Reports/YearlyReportByState.aspx,2026-09-11T11:13:35.894759
9,Gokul Nursing College,"Gokul Nursing College, Gokul Education Campus, Opposite I.O.C. Depot, State Highway No:- 41, Near Sujanpura Patiya, Sidhpur, Distt.- Patan, Gujarat, Pin Code- 384151",Gokul Foundation,Patan,Gujarat,Private,B.Sc(N),55 (Fifty Five),2025-2026,5,https://online.indiannursingcouncil.org/Reports/YearlyReportByState.aspx,2026-09-11T11:13:35.894759
10,Government A N M Training School,"Government A N M Training School , Health And Family Welfare Training Center Campus, Opp. Govt Press, Race Course Road, Rajkot, Distt.- Rajkot, Gujarat, Pin Code- 360001",Government Of Gujarat,Rajkot,Gujarat,Government,ANM,40 (Forty),2025-2026,5,https://online.indiannursingcouncil.org/Reports/YearlyReportByState.aspx,2026-09-11T11:13:35.894759
11,Government A N M Training School,"Government A N M Training School, Community Health Center Nanpondha, Vill.- Nanpondha, Tehsil- Kaprada, Distt.- Valsad, Gujarat, Pin Code- 396126",Govt. Of Gujarat,Valsad,Gujarat,Government,ANM,20 (Twenty),2025-2026,5,https://online.indiannursingcouncil.org/Reports/YearlyReportByState.aspx,2026-09-11T11:13:35.894759
12,Government College Of Nursing,"Government College Of Nursing, Dethli Cross Road, Near Circuit House, Siddhpur, Distt.- Patan, Gujarat, Pin Code- 384151",Gujarat Government,Patan,Gujarat,Government,B.Sc(N),50 (Fifty),2025-2026,5,https://online.indiannursingcouncil.org/Reports/YearlyReportByState.aspx,2026-09-11T11:13:35.894759
12,Government College Of Nursing,"Government College Of Nursing, Dethli Cross Road, Near Circuit House, Siddhpur, Distt.- Patan, Gujarat, Pin Code- 384151",Gujarat Government,Patan,Gujarat,Government,GNM,50 (Fifty),2025-2026,5,https://online.indiannursingcouncil.org/Reports/YearlyReportByState.aspx,2026-09-11T11:13:35.894759
12,Government College Of Nursing,"Government College Of Nursing, Dethli Cross Road, Near Circuit House, Siddhpur, Distt.- Patan, Gujarat, Pin Code- 384151",Gujarat Government,Patan,Gujarat,Government,ANM,40 (Forty),2025-2026,5,https://online.indiannursingcouncil.org/Reports/YearlyReportByState.aspx,2026-09-11T11:13:35.894759
13,Government College Of Nursing,"Government College Of Nursing, G M E R S Medical College &Amp; Hospital Campus, Dharpur, Patan, Distt.- Patan, Gujarat, Pin Code- 384265",Government Of Gujarat,Patan,Gujarat,Government,B.Sc(N),40 (Forty),2025-2026,5,https://online.indiannursingcouncil.org/Reports/YearlyReportByState.aspx,2026-09-11T11:13:35.894759
14,Government College Of Nursing,"Government College Of Nursing, Guru Gobind Singh Govt. Hospital Campus, Pandit Nehru Marg, Jamnagar, Distt.- Jamnagar, Gujarat, Pin Code- 361008",Government Of Gujarat,Jamnagar,Gujarat,Government,B.Sc(N),40 (Forty),2025-2026,5,https://online.indiannursingcouncil.org/Reports/YearlyReportByState.aspx,2026-09-11T11:13:35.894759
14,Government College Of Nursing,"Government College Of Nursing, Guru Gobind Singh Govt. Hospital Campus, Pandit Nehru Marg, Jamnagar, Distt.- Jamnagar, Gujarat, Pin Code- 361008",Government Of Gujarat,Jamnagar,Gujarat,Government,P B B.Sc(N),30 (Thirty),2025-2026,5,https://online.indiannursingcouncil.org/Reports/YearlyReportByState.aspx,2026-09-11T11:13:35.894759
15,Government College Of Nursing,"Government College Of Nursing, New Civil Hospital Campus, Majuragate, Surat, Distt.- Surat, Gujarat, Pin Code- 395001",Government Of Gujarat,Surat,Gujarat,Government,B.Sc(N),50 (Fifty),2025-2026,5,https://online.indiannursingcouncil.org/Reports/YearlyReportByState.aspx,2026-09-11T11:13:35.894759
15,Government College Of Nursing,"Government College Of Nursing, New Civil Hospital Campus, Majuragate, Surat, Distt.- Surat, Gujarat, Pin Code- 395001",Government Of Gujarat,Surat,Gujarat,Government,Nurse Practitioner in Midwifery,20 (Twenty),2025-2026,5,https://online.indiannursingcouncil.org/Reports/YearlyReportByState.aspx,2026-09-11T11:13:35.894759
16,Government School Of Nursing,"Government School Of Nursing, Government General Hospital,Opp. Rajmahal Old Central Bus Stand, Mehsana, Distt.- Mehsana, Gujarat, Pin Code- 384001",Government Of Gujarat,Mehsana,Gujarat,Government,GNM,50 (Fifty),2025-2026,5,https://online.indiannursingcouncil.org/Reports/YearlyReportByState.aspx,2026-09-11T11:13:35.894759
17,Government School Of Nursing,"Government School Of Nursing, M G S General Hospital, Opp. Bus Station,, Surendrangar, Distt.- Surendranagar, Gujarat, Pin Code- 363002",Government Of Gujarat,Surendranagar,Gujarat,Government,GNM,20 (Twenty),2025-2026,5,https://online.indiannursingcouncil.org/Reports/YearlyReportByState.aspx,2026-09-11T11:13:35.894759
18,Government School Of Nursing,"Government School Of Nursing, Mandavi General Hospital Campus, Mandavi, Distt.- Surat, Gujarat, Pin Code- 394160",Government Of Gujarat,Surat,Gujarat,Government,GNM,30 (Thirty),2025-2026,5,https://online.indiannursingcouncil.org/Reports/YearlyReportByState.aspx,2026-09-11T11:13:35.894759
19,Government School Of Nursing,"Government School Of Nursing, Sir T General Hospital, Jail Road, Bhavnagar, Distt.- Bhavnagar, Gujarat, Pin Code- 364001",Government Of Gujarat,Bhavnagar,Gujarat,Government,B.Sc(N),60 (Sixty),2025-2026,5,https://online.indiannursingcouncil.org/Reports/YearlyReportByState.aspx,2026-09-11T11:13:35.894759
19,Government School Of Nursing,"Government School Of Nursing, Sir T General Hospital, Jail Road, Bhavnagar, Distt.- Bhavnagar, Gujarat, Pin Code- 364001",Government Of Gujarat,Bhavnagar,Gujarat,Government,GNM,50 (Fifty),2025-2026,5,https://online.indiannursingcouncil.org/Reports/YearlyReportByState.aspx,2026-09-11T11:13:35.894759
19,Government School Of Nursing,"Government School Of Nursing, Sir T General Hospital, Jail Road, Bhavnagar, Distt.- Bhavnagar, Gujarat, Pin Code- 364001",Government Of Gujarat,Bhavnagar,Gujarat,Government,Nurse Practitioner in Midwifery,20 (Twenty),2025-2026,5,https://online.indiannursingcouncil.org/Reports/YearlyReportByState.aspx,2026-09-11T11:13:35.894759
1,Gujarat Institute Of Mental Health,"Gujarat Institute Of Mental Health, Government Hospital For Mental Health, Opp. Delhi Gate, Shahibaug, Ahmedabad, Distt.- Ahmedabad, Gujarat, Pin Code- 380004",Government Of Gujarat,Ahmedabad,Gujarat,Government,M. Sc (N),10 (Ten),2025-2026,6,https://online.indiannursingcouncil.org/Reports/YearlyReportByState.aspx,2026-09-11T11:13:43.851104
2,Gujarat Institute Of Nursing Education And Research Ahmedabad,"Gujarat Institute Of Nursing Education And Research Ahmedabad, Behind B.J. Medical College, Civil Hospital Campus, Ahmedabad, Distt.- Ahmedabad, Gujarat, Pin Code- 380016",Government Of Gujarat,Ahmedabad,Gujarat,Government,NPM-Educator,30 (Thirty),2025-2026,6,https://online.indiannursingcouncil.org/Reports/YearlyReportByState.aspx,2026-09-11T11:13:43.851104
2,Gujarat Institute Of Nursing Education And Research Ahmedabad,"Gujarat Institute Of Nursing Education And Research Ahmedabad, Behind B.J. Medical College, Civil Hospital Campus, Ahmedabad, Distt.- Ahmedabad, Gujarat, Pin Code- 380016",Government Of Gujarat,Ahmedabad,Gujarat,Government,B.Sc(N),60 (Sixty),2025-2026,6,https://online.indiannursingcouncil.org/Reports/YearlyReportByState.aspx,2026-09-11T11:13:43.851104
2,Gujarat Institute Of Nursing Education And Research Ahmedabad,"Gujarat Institute Of Nursing Education And Research Ahmedabad, Behind B.J. Medical College, Civil Hospital Campus, Ahmedabad, Distt.- Ahmedabad, Gujarat, Pin Code- 380016",Government Of Gujarat,Ahmedabad,Gujarat,Government,M. Sc (N),25 (Twenty Five) Chn-5 Med-Surg-10 Obg-5 Psy-5,2025-2026,6,https://online.indiannursingcouncil.org/Reports/YearlyReportByState.aspx,2026-09-11T11:13:43.851104
2,Gujarat Institute Of Nursing Education And Research Ahmedabad,"Gujarat Institute Of Nursing Education And Research Ahmedabad, Behind B.J. Medical College, Civil Hospital Campus, Ahmedabad, Distt.- Ahmedabad, Gujarat, Pin Code- 380016",Government Of Gujarat,Ahmedabad,Gujarat,Government,NURSE PRACTITIONER IN CRITICAL CARE(NPCC),10 (Ten),2025-2026,6,https://online.indiannursingcouncil.org/Reports/YearlyReportByState.aspx,2026-09-11T11:13:43.851104
3,Hanumant Institute Of Nursing,"Hanumant Institute Of Nursing, Mahuva, Hanumant Hospital, Nesvad-Devaliya Bypass, N.H. No. 51, Mahuva, Distt.- Bhavnagar, Gujarat, Pin Code- 364290","Shree Hanumant Seva Medicare Trust, Mahva",Bhavnagar,Gujarat,Private,B.Sc(N),30 (Thirty),2025-2026,6,https://online.indiannursingcouncil.org/Reports/YearlyReportByState.aspx,2026-09-11T11:13:43.851104
3,Hanumant Institute Of Nursing,"Hanumant Institute Of Nursing, Mahuva, Hanumant Hospital, Nesvad-Devaliya Bypass, N.H. No. 51, Mahuva, Distt.- Bhavnagar, Gujarat, Pin Code- 364290","Shree Hanumant Seva Medicare Trust, Mahva",Bhavnagar,Gujarat,Private,GNM,30 (Thirty),2025-2026,6,https://online.indiannursingcouncil.org/Reports/YearlyReportByState.aspx,2026-09-11T11:13:43.851104
4,I T M College Of Nursing,"I T M College Of Nursing, Dhanora Tank Road, Off Halol Highway,Near Jarod, Paldi, Vadodara, Gujarat 391510, Vadodara, Distt.- Vadodara, Gujarat, Pin Code- 391510",Itm Sls Baroda University,Vadodara,Gujarat,Private,GNM,60 (Sixty),2025-2026,6,https://online.indiannursingcouncil.org/Reports/YearlyReportByState.aspx,2026-09-11T11:13:43.851104
4,I T M College Of Nursing,"I T M College Of Nursing, Dhanora Tank Road, Off Halol Highway,Near Jarod, Paldi, Vadodara, Gujarat 391510, Vadodara, Distt.- Vadodara, Gujarat, Pin Code- 391510",Itm Sls Baroda University,Vadodara,Gujarat,Private,B.Sc(N),60 (Sixty),2025-2026,6,https://online.indiannursingcouncil.org/Reports/YearlyReportByState.aspx,2026-09-11T11:13:43.851104
5,Institute Of Kidney Diseases & Research Centre,"Institute Of Kidney Diseases & Research Centre, Ikdrc-Its Premises, Civil Hospital Campus, Asarwa, Ahmedabad, Distt.- Ahmedabad, Gujarat, Pin Code- 380016",Institute Of Kidney Diseases And Research Centregujarat,Ahmedabad,Gujarat,Government,M. Sc (N),10 (Ten),2025-2026,6,https://online.indiannursingcouncil.org/Reports/YearlyReportByState.aspx,2026-09-11T11:13:43.851104
6,Institute Of Nursing Sciences,"Institute Of Nursing Sciences, Bhaikaka University, Gokal Nagar, Karamsad, Vill.- Karamsad, Tehsil- Anand, Distt.- Anand, Gujarat, Pin Code- 388325",Charutar Arogya Mandal,Anand,Gujarat,Private,B.Sc(N),40 (Forty),2025-2026,6,https://online.indiannursingcouncil.org/Reports/YearlyReportByState.aspx,2026-09-11T11:13:43.851104
6,Institute Of Nursing Sciences,"Institute Of Nursing Sciences, Bhaikaka University, Gokal Nagar, Karamsad, Vill.- Karamsad, Tehsil- Anand, Distt.- Anand, Gujarat, Pin Code- 388325",Charutar Arogya Mandal,Anand,Gujarat,Private,GNM,25 (Twenty Five),2025-2026,6,https://online.indiannursingcouncil.org/Reports/YearlyReportByState.aspx,2026-09-11T11:13:43.851104
6,Institute Of Nursing Sciences,"Institute Of Nursing Sciences, Bhaikaka University, Gokal Nagar, Karamsad, Vill.- Karamsad, Tehsil- Anand, Distt.- Anand, Gujarat, Pin Code- 388325",Charutar Arogya Mandal,Anand,Gujarat,Private,M. Sc (N),10 (Ten) Med Surg-05 Paed-05,2025-2026,6,https://online.indiannursingcouncil.org/Reports/YearlyReportByState.aspx,2026-09-11T11:13:43.851104
7,J G College Of Nursing,"J G College Of Nursing, Jg Campus Of Excellence, Opp. Gulab Tower, Off. Sola Road, , Ahmedabad, Distt.- Ahmedabad, Gujarat, Pin Code- 380061",Asia Charitable Trust,Ahmedabad,Gujarat,Private,GNM,40 (Forty),2025-2026,6,https://online.indiannursingcouncil.org/Reports/YearlyReportByState.aspx,2026-09-11T11:13:43.851104
7,J G College Of Nursing,"J G College Of Nursing, Jg Campus Of Excellence, Opp. Gulab Tower, Off. Sola Road, , Ahmedabad, Distt.- Ahmedabad, Gujarat, Pin Code- 380061",Asia Charitable Trust,Ahmedabad,Gujarat,Private,B.Sc(N),60 (Sixty),2025-2026,6,https://online.indiannursingcouncil.org/Reports/YearlyReportByState.aspx,2026-09-11T11:13:43.851104
7,J G College Of Nursing,"J G College Of Nursing, Jg Campus Of Excellence, Opp. Gulab Tower, Off. Sola Road, , Ahmedabad, Distt.- Ahmedabad, Gujarat, Pin Code- 380061",Asia Charitable Trust,Ahmedabad,Gujarat,Private,M. Sc (N),"23 (Twenty Three) Med-Surg-8, Psy-5, Obg-5, Chn-5",2025-2026,6,https://online.indiannursingcouncil.org/Reports/YearlyReportByState.aspx,2026-09-11T11:13:43.851104
7,J G College Of Nursing,"J G College Of Nursing, Jg Campus Of Excellence, Opp. Gulab Tower, Off. Sola Road, , Ahmedabad, Distt.- Ahmedabad, Gujarat, Pin Code- 380061",Asia Charitable Trust,Ahmedabad,Gujarat,Private,P B B.Sc(N),30 (Thirty),2025-2026,6,https://online.indiannursingcouncil.org/Reports/YearlyReportByState.aspx,2026-09-11T11:13:43.851104
8,Jaideep Sharda Memorial Nursing Academy,"Jaideep Sharda Memorial Nursing Academy, Near Kankaria Khadi Bridge, Parvat Godara Road, Parvat Gam, Distt.- Surat, Gujarat, Pin Code- 395010",Jaideep Memorial Public Charitable Trust,Surat,Gujarat,Private,ANM,20 (Twenty),2025-2026,6,https://online.indiannursingcouncil.org/Reports/YearlyReportByState.aspx,2026-09-11T11:13:43.851104
8,Jaideep Sharda Memorial Nursing Academy,"Jaideep Sharda Memorial Nursing Academy, Near Kankaria Khadi Bridge, Parvat Godara Road, Parvat Gam, Distt.- Surat, Gujarat, Pin Code- 395010",Jaideep Memorial Public Charitable Trust,Surat,Gujarat,Private,GNM,40 (Forty),2025-2026,6,https://online.indiannursingcouncil.org/Reports/YearlyReportByState.aspx,2026-09-11T11:13:43.851104
9,Joitiba College Of Nursing,"Joitiba College Of Nursing, Lalji Park Mehsana - Unjha Highway At Post: Bhandu Ta., Mehsana, Distt.- Mehsana, Gujarat, Pin Code- 384120",M L Charitable Trust,Mehsana,Gujarat,Private,B.Sc(N),60 (Sixty),2025-2026,6,https://online.indiannursingcouncil.org/Reports/YearlyReportByState.aspx,2026-09-11T11:13:43.851104
9,Joitiba College Of Nursing,"Joitiba College Of Nursing, Lalji Park Mehsana - Unjha Highway At Post: Bhandu Ta., Mehsana, Distt.- Mehsana, Gujarat, Pin Code- 384120",M L Charitable Trust,Mehsana,Gujarat,Private,GNM,60 (Sixty),2025-2026,6,https://online.indiannursingcouncil.org/Reports/YearlyReportByState.aspx,2026-09-11T11:13:43.851104
9,Joitiba College Of Nursing,"Joitiba College Of Nursing, Lalji Park Mehsana - Unjha Highway At Post: Bhandu Ta., Mehsana, Distt.- Mehsana, Gujarat, Pin Code- 384120",M L Charitable Trust,Mehsana,Gujarat,Private,ANM,30 (Thirty),2025-2026,6,https://online.indiannursingcouncil.org/Reports/YearlyReportByState.aspx,2026-09-11T11:13:43.851104
9,Joitiba College Of Nursing,"Joitiba College Of Nursing, Lalji Park Mehsana - Unjha Highway At Post: Bhandu Ta., Mehsana, Distt.- Mehsana, Gujarat, Pin Code- 384120",M L Charitable Trust,Mehsana,Gujarat,Private,M. Sc (N),20 (Twenty),2025-2026,6,https://online.indiannursingcouncil.org/Reports/YearlyReportByState.aspx,2026-09-11T11:13:43.851104
9,Joitiba College Of Nursing,"Joitiba College Of Nursing, Lalji Park Mehsana - Unjha Highway At Post: Bhandu Ta., Mehsana, Distt.- Mehsana, Gujarat, Pin Code- 384120",M L Charitable Trust,Mehsana,Gujarat,Private,P B B.Sc(N),20 (Twenty),2025-2026,6,https://online.indiannursingcouncil.org/Reports/YearlyReportByState.aspx,2026-09-11T11:13:43.851104
10,K D Institute Of Nursing Sciences,"K D Institute Of Nursing Sciences, K.D. Hospital Campus, Vashnodevi Circle, Sardar Patel Ring Road, S. G. Highway, Ahmedabad, Distt.- Ahmedabad, Gujarat, Pin Code- 382421",Shri Harihar Maharaj Charitable Trust,Ahmedabad,Gujarat,Private,GNM,100 (One Hundred),2025-2026,6,https://online.indiannursingcouncil.org/Reports/YearlyReportByState.aspx,2026-09-11T11:13:43.851104
10,K D Institute Of Nursing Sciences,"K D Institute Of Nursing Sciences, K.D. Hospital Campus, Vashnodevi Circle, Sardar Patel Ring Road, S. G. Highway, Ahmedabad, Distt.- Ahmedabad, Gujarat, Pin Code- 382421",Shri Harihar Maharaj Charitable Trust,Ahmedabad,Gujarat,Private,B.Sc(N),100 (One Hundred),2025-2026,6,https://online.indiannursingcouncil.org/Reports/YearlyReportByState.aspx,2026-09-11T11:13:43.851104
11,K J School Of Nursing,"K J School Of Nursing, At & Po Vadasma, Vadasma, Distt.- Mehsana, Gujarat, Pin Code- 382708",Shri Satsangi Saketdham Ram Ashram,Mehsana,Gujarat,Private,ANM,40 (Forty),2025-2026,6,https://online.indiannursingcouncil.org/Reports/YearlyReportByState.aspx,2026-09-11T11:13:43.851104
11,K J School Of Nursing,"K J School Of Nursing, At & Po Vadasma, Vadasma, Distt.- Mehsana, Gujarat, Pin Code- 382708",Shri Satsangi Saketdham Ram Ashram,Mehsana,Gujarat,Private,GNM,50 (Fifty),2025-2026,6,https://online.indiannursingcouncil.org/Reports/YearlyReportByState.aspx,2026-09-11T11:13:43.851104
11,K J School Of Nursing,"K J School Of Nursing, At & Po Vadasma, Vadasma, Distt.- Mehsana, Gujarat, Pin Code- 382708",Shri Satsangi Saketdham Ram Ashram,Mehsana,Gujarat,Private,B.Sc(N),50 (Fifty),2025-2026,6,https://online.indiannursingcouncil.org/Reports/YearlyReportByState.aspx,2026-09-11T11:13:43.851104
11,K J School Of Nursing,"K J School Of Nursing, At & Po Vadasma, Vadasma, Distt.- Mehsana, Gujarat, Pin Code- 382708",Shri Satsangi Saketdham Ram Ashram,Mehsana,Gujarat,Private,M. Sc (N),25 (Twenty Five),2025-2026,6,https://online.indiannursingcouncil.org/Reports/YearlyReportByState.aspx,2026-09-11T11:13:43.851104
1,K J School Of Nursing,"K J School Of Nursing, At & Po Vadasma, Vadasma, Distt.- Mehsana, Gujarat, Pin Code- 382708",Shri Satsangi Saketdham Ram Ashram,Mehsana,Gujarat,Private,P B B.Sc(N),40 (Forty),2025-2026,7,https://online.indiannursingcouncil.org/Reports/YearlyReportByState.aspx,2026-09-11T11:13:52.102365
2,Kamdar School Of Nursing,"Kamdar School Of Nursing, Haripar Pal, Survey No 12, Opp Delhi Public School, Kalawad Road, Rajkot, Distt.- Rajkot, Gujarat, Pin Code- 360007",Shri Kamdar Education Trust,Rajkot,Gujarat,Private,GNM,50 (Fifty),2025-2026,7,https://online.indiannursingcouncil.org/Reports/YearlyReportByState.aspx,2026-09-11T11:13:52.102365
2,Kamdar School Of Nursing,"Kamdar School Of Nursing, Haripar Pal, Survey No 12, Opp Delhi Public School, Kalawad Road, Rajkot, Distt.- Rajkot, Gujarat, Pin Code- 360007",Shri Kamdar Education Trust,Rajkot,Gujarat,Private,B.Sc(N),40 (Forty),2025-2026,7,https://online.indiannursingcouncil.org/Reports/YearlyReportByState.aspx,2026-09-11T11:13:52.102365
2,Kamdar School Of Nursing,"Kamdar School Of Nursing, Haripar Pal, Survey No 12, Opp Delhi Public School, Kalawad Road, Rajkot, Distt.- Rajkot, Gujarat, Pin Code- 360007",Shri Kamdar Education Trust,Rajkot,Gujarat,Private,M. Sc (N),15 (Fifteen) Med Surg-03 Psy-03 Paed-03 Obg-03 Chn-03,2025-2026,7,https://online.indiannursingcouncil.org/Reports/YearlyReportByState.aspx,2026-09-11T11:13:52.102365
2,Kamdar School Of Nursing,"Kamdar School Of Nursing, Haripar Pal, Survey No 12, Opp Delhi Public School, Kalawad Road, Rajkot, Distt.- Rajkot, Gujarat, Pin Code- 360007",Shri Kamdar Education Trust,Rajkot,Gujarat,Private,P B B.Sc(N),40 (Forty),2025-2026,7,https://online.indiannursingcouncil.org/Reports/YearlyReportByState.aspx,2026-09-11T11:13:52.102365
2,Kamdar School Of Nursing,"Kamdar School Of Nursing, Haripar Pal, Survey No 12, Opp Delhi Public School, Kalawad Road, Rajkot, Distt.- Rajkot, Gujarat, Pin Code- 360007",Shri Kamdar Education Trust,Rajkot,Gujarat,Private,ANM,30 (Thirty),2025-2026,7,https://online.indiannursingcouncil.org/Reports/YearlyReportByState.aspx,2026-09-11T11:13:52.102365
3,Karm Institute Of Nursing Science Ahmedabad,"Karm Institute Of Nursing Science Ahmedabad, Karm Corporate Housenr. New York Timber, Ambli-Bopal Road, Ahmedabad, Distt.- Ahmedabad, Gujarat, Pin Code- 380059",Shree Vatsalya Seva Trust,Ahmedabad,Gujarat,Private,B.Sc(N),80 (EIGHTY),2025-2026,7,https://online.indiannursingcouncil.org/Reports/YearlyReportByState.aspx,2026-09-11T11:13:52.102365
3,Karm Institute Of Nursing Science Ahmedabad,"Karm Institute Of Nursing Science Ahmedabad, Karm Corporate Housenr. New York Timber, Ambli-Bopal Road, Ahmedabad, Distt.- Ahmedabad, Gujarat, Pin Code- 380059",Shree Vatsalya Seva Trust,Ahmedabad,Gujarat,Private,GNM,80 (EIGHTY),2025-2026,7,https://online.indiannursingcouncil.org/Reports/YearlyReportByState.aspx,2026-09-11T11:13:52.102365
4,Khyati School Of Nursing,"Khyati School Of Nursing, Plot No. 116, B/H. Electrotherm Factory, Near Vraj Gopi-2, Palodiya, Silaj, Ahmedabad, Distt.- Ahmedabad, Gujarat, Pin Code- 380058",Khyati Foundation,Ahmedabad,Gujarat,Private,GNM,30 (Thirty),2025-2026,7,https://online.indiannursingcouncil.org/Reports/YearlyReportByState.aspx,2026-09-11T11:13:52.102365
4,Khyati School Of Nursing,"Khyati School Of Nursing, Plot No. 116, B/H. Electrotherm Factory, Near Vraj Gopi-2, Palodiya, Silaj, Ahmedabad, Distt.- Ahmedabad, Gujarat, Pin Code- 380058",Khyati Foundation,Ahmedabad,Gujarat,Private,B.Sc(N),40 (Forty),2025-2026,7,https://online.indiannursingcouncil.org/Reports/YearlyReportByState.aspx,2026-09-11T11:13:52.102365
5,Kiran Nursing College,"Kiran Nursing College, Vasta Devdi Road, Near Sumul Dairy , Surat, Distt.- Surat, Gujarat, Pin Code- 395004",Samast Patidar Aarogya Trust,Surat,Gujarat,Private,B.Sc(N),60 (Sixty),2025-2026,7,https://online.indiannursingcouncil.org/Reports/YearlyReportByState.aspx,2026-09-11T11:13:52.102365
5,Kiran Nursing College,"Kiran Nursing College, Vasta Devdi Road, Near Sumul Dairy , Surat, Distt.- Surat, Gujarat, Pin Code- 395004",Samast Patidar Aarogya Trust,Surat,Gujarat,Private,GNM,40 (Forty),2025-2026,7,https://online.indiannursingcouncil.org/Reports/YearlyReportByState.aspx,2026-09-11T11:13:52.102365
6,Krishna Nursing School,"Krishna Nursing School , At & Post: Gajan, Shamlaji Road, Modasa, Modasa, Distt.- Arvalli, Gujarat, Pin Code- 383315",Vraj Education And Medical Trust,Arvalli,Gujarat,Private,GNM,60 (Sixty),2025-2026,7,https://online.indiannursingcouncil.org/Reports/YearlyReportByState.aspx,2026-09-11T11:13:52.102365
6,Krishna Nursing School,"Krishna Nursing School , At & Post: Gajan, Shamlaji Road, Modasa, Modasa, Distt.- Arvalli, Gujarat, Pin Code- 383315",Vraj Education And Medical Trust,Arvalli,Gujarat,Private,ANM,30 (Thirty),2025-2026,7,https://online.indiannursingcouncil.org/Reports/YearlyReportByState.aspx,2026-09-11T11:13:52.102365
6,Krishna Nursing School,"Krishna Nursing School , At & Post: Gajan, Shamlaji Road, Modasa, Modasa, Distt.- Arvalli, Gujarat, Pin Code- 383315",Vraj Education And Medical Trust,Arvalli,Gujarat,Private,B.Sc(N),40 (Forty),2025-2026,7,https://online.indiannursingcouncil.org/Reports/YearlyReportByState.aspx,2026-09-11T11:13:52.102365
7,Krishna Nursing Institute,"Krishna Nursing Institute, C/O Krishna Multispeciality Hospital, Shanala Main Road, Behind Mahesh Hotel, , Morbi, Distt.- Morbi, Gujarat, Pin Code- 363641",Shri Krishna Charitable Trust,Morbi,Gujarat,Private,ANM,20 (Twenty),2025-2026,7,https://online.indiannursingcouncil.org/Reports/YearlyReportByState.aspx,2026-09-11T11:13:52.102365
8,Krishna School Of Nursing,"Krishna School Of Nursing, Drs. Kiran & Pallavi Patel Global University, Krishna Edu Campus, Vadodara-Mumbai Nh#8, Varnama, Vadodara, Distt.- Vadodara, Gujarat, Pin Code- 391243","Drs. Kiran And Pallavi Patel Global University Kpgu, Vadodara",Vadodara,Gujarat,Private,GNM,60 (Sixty),2025-2026,7,https://online.indiannursingcouncil.org/Reports/YearlyReportByState.aspx,2026-09-11T11:13:52.102365
8,Krishna School Of Nursing,"Krishna School Of Nursing, Drs. Kiran & Pallavi Patel Global University, Krishna Edu Campus, Vadodara-Mumbai Nh#8, Varnama, Vadodara, Distt.- Vadodara, Gujarat, Pin Code- 391243","Drs. Kiran And Pallavi Patel Global University Kpgu, Vadodara",Vadodara,Gujarat,Private,B.Sc(N),60 (Sixty),2025-2026,7,https://online.indiannursingcouncil.org/Reports/YearlyReportByState.aspx,2026-09-11T11:13:52.102365
9,Late Ratibhai Prabhudas Patel Nursing College,"Late Ratibhai Prabhudas Patel Nursing College, C/O D M Patel Arts &Amp; S S Patel Commerce College, Ode, Distt.- Anand, Gujarat, Pin Code- 388210",Shree Ode Education Society,Anand,Gujarat,Private,B.Sc(N),40 (Forty),2025-2026,7,https://online.indiannursingcouncil.org/Reports/YearlyReportByState.aspx,2026-09-11T11:13:52.102365
10,M Y Patel College Of Nursing,"M Y Patel College Of Nursing, Kailashnagar-Bhavnagar Road, At: Atkot, Rajkot, Distt.- Rajkot, Gujarat, Pin Code- 360040","Mts. D.B Patel Education Trust, Atkot",Rajkot,Gujarat,Private,M. Sc (N),10 (Ten) Med-Surg.- 10,2025-2026,7,https://online.indiannursingcouncil.org/Reports/YearlyReportByState.aspx,2026-09-11T11:13:52.102365
10,M Y Patel College Of Nursing,"M Y Patel College Of Nursing, Kailashnagar-Bhavnagar Road, At: Atkot, Rajkot, Distt.- Rajkot, Gujarat, Pin Code- 360040","Mts. D.B Patel Education Trust, Atkot",Rajkot,Gujarat,Private,P B B.Sc(N),30 (Thirty),2025-2026,7,https://online.indiannursingcouncil.org/Reports/YearlyReportByState.aspx,2026-09-11T11:13:52.102365
10,M Y Patel College Of Nursing,"M Y Patel College Of Nursing, Kailashnagar-Bhavnagar Road, At: Atkot, Rajkot, Distt.- Rajkot, Gujarat, Pin Code- 360040","Mts. D.B Patel Education Trust, Atkot",Rajkot,Gujarat,Private,B.Sc(N),50 (Fifty),2025-2026,7,https://online.indiannursingcouncil.org/Reports/YearlyReportByState.aspx,2026-09-11T11:13:52.102365
10,M Y Patel College Of Nursing,"M Y Patel College Of Nursing, Kailashnagar-Bhavnagar Road, At: Atkot, Rajkot, Distt.- Rajkot, Gujarat, Pin Code- 360040","Mts. D.B Patel Education Trust, Atkot",Rajkot,Gujarat,Private,GNM,40 (Forty),2025-2026,7,https://online.indiannursingcouncil.org/Reports/YearlyReportByState.aspx,2026-09-11T11:13:52.102365
10,M Y Patel College Of Nursing,"M Y Patel College Of Nursing, Kailashnagar-Bhavnagar Road, At: Atkot, Rajkot, Distt.- Rajkot, Gujarat, Pin Code- 360040","Mts. D.B Patel Education Trust, Atkot",Rajkot,Gujarat,Private,ANM,30 (Thirty),2025-2026,7,https://online.indiannursingcouncil.org/Reports/YearlyReportByState.aspx,2026-09-11T11:13:52.102365
11,Mahatma Gandhi School Of Nursing,"Mahatma Gandhi School Of Nursing, Golden City-3(Mola Patel Hostel), Near Zanzarda Chokdi, Bypassroad, , Junagadh, Distt.- Junagadh, Gujarat, Pin Code- 362001",Shree Sharda Seva Trust,Junagadh,Gujarat,Private,ANM,40 (Forty),2025-2026,7,https://online.indiannursingcouncil.org/Reports/YearlyReportByState.aspx,2026-09-11T11:13:52.102365
12,Mahavir School Of Nursing,"Mahavir School Of Nursing, Nr.S.F.G.G.Hospital Campus, Vatrak, Distt.- Arvalli, Gujarat, Pin Code- 383326",Shri K K Shah Sabarkantha Arogya Mandal,Arvalli,Gujarat,Private,ANM,60 (Sixty),2025-2026,7,https://online.indiannursingcouncil.org/Reports/YearlyReportByState.aspx,2026-09-11T11:13:52.102365
12,Mahavir School Of Nursing,"Mahavir School Of Nursing, Nr.S.F.G.G.Hospital Campus, Vatrak, Distt.- Arvalli, Gujarat, Pin Code- 383326",Shri K K Shah Sabarkantha Arogya Mandal,Arvalli,Gujarat,Private,GNM,50 (Fifty),2025-2026,7,https://online.indiannursingcouncil.org/Reports/YearlyReportByState.aspx,2026-09-11T11:13:52.102365
13,Maniba Bhula Nursing School,"Maniba Bhula Nursing School, Maniba Bhula Nursing College, Maliba Campus, Gopal Vidyanagar,Bardoli-Mahuva Road,, Bardoli, Distt.- Surat, Gujarat, Pin Code- 394350",Bardoli Pradesh Kelavani Mandal,Surat,Gujarat,Private,GNM,40 (Forty),2025-2026,7,https://online.indiannursingcouncil.org/Reports/YearlyReportByState.aspx,2026-09-11T11:13:52.102365
13,Maniba Bhula Nursing School,"Maniba Bhula Nursing School, Maniba Bhula Nursing College, Maliba Campus, Gopal Vidyanagar,Bardoli-Mahuva Road,, Bardoli, Distt.- Surat, Gujarat, Pin Code- 394350",Bardoli Pradesh Kelavani Mandal,Surat,Gujarat,Private,B.Sc(N),50 (Fifty),2025-2026,7,https://online.indiannursingcouncil.org/Reports/YearlyReportByState.aspx,2026-09-11T11:13:52.102365
13,Maniba Bhula Nursing School,"Maniba Bhula Nursing School, Maniba Bhula Nursing College, Maliba Campus, Gopal Vidyanagar,Bardoli-Mahuva Road,, Bardoli, Distt.- Surat, Gujarat, Pin Code- 394350",Bardoli Pradesh Kelavani Mandal,Surat,Gujarat,Private,M. Sc (N),25 (Twenty Five) 5 In Each Specialty,2025-2026,7,https://online.indiannursingcouncil.org/Reports/YearlyReportByState.aspx,2026-09-11T11:13:52.102365
1,Maniba Bhula Nursing School,"Maniba Bhula Nursing School, Maniba Bhula Nursing College, Maliba Campus, Gopal Vidyanagar,Bardoli-Mahuva Road,, Bardoli, Distt.- Surat, Gujarat, Pin Code- 394350",Bardoli Pradesh Kelavani Mandal,Surat,Gujarat,Private,P B B.Sc(N),20 (Twenty),2025-2026,8,https://online.indiannursingcouncil.org/Reports/YearlyReportByState.aspx,2026-09-11T11:13:59.954053
2,Maniba Gajera Institute Of Nursing,"Maniba Gajera Institute Of Nursing, &Quot;Vidyavihar&Quot;,Lathi Road , Amreli, Distt.- Amreli, Gujarat, Pin Code- 365601",Shree Amreli Jilla Vidyasabha,Amreli,Gujarat,Private,B.Sc(N),40 (Forty),2025-2026,8,https://online.indiannursingcouncil.org/Reports/YearlyReportByState.aspx,2026-09-11T11:13:59.954053
2,Maniba Gajera Institute Of Nursing,"Maniba Gajera Institute Of Nursing, &Quot;Vidyavihar&Quot;,Lathi Road , Amreli, Distt.- Amreli, Gujarat, Pin Code- 365601",Shree Amreli Jilla Vidyasabha,Amreli,Gujarat,Private,P B B.Sc(N),40 (Forty),2025-2026,8,https://online.indiannursingcouncil.org/Reports/YearlyReportByState.aspx,2026-09-11T11:13:59.954053
2,Maniba Gajera Institute Of Nursing,"Maniba Gajera Institute Of Nursing, &Quot;Vidyavihar&Quot;,Lathi Road , Amreli, Distt.- Amreli, Gujarat, Pin Code- 365601",Shree Amreli Jilla Vidyasabha,Amreli,Gujarat,Private,ANM,40 (Forty),2025-2026,8,https://online.indiannursingcouncil.org/Reports/YearlyReportByState.aspx,2026-09-11T11:13:59.954053
2,Maniba Gajera Institute Of Nursing,"Maniba Gajera Institute Of Nursing, &Quot;Vidyavihar&Quot;,Lathi Road , Amreli, Distt.- Amreli, Gujarat, Pin Code- 365601",Shree Amreli Jilla Vidyasabha,Amreli,Gujarat,Private,GNM,40 (Forty),2025-2026,8,https://online.indiannursingcouncil.org/Reports/YearlyReportByState.aspx,2026-09-11T11:13:59.954053
3,Manikaka Topawala Institute Of Nursing,"Manikaka Topawala Institute Of Nursing, Charusat University Campus, Off Nadiad-Petlad Highway, , Changa, Distt.- Anand, Gujarat, Pin Code- 388421",Shri Charotar Moti Sattavis Patidar Kelavani Mandal,Anand,Gujarat,Private,GNM,40 (Forty),2025-2026,8,https://online.indiannursingcouncil.org/Reports/YearlyReportByState.aspx,2026-09-11T11:13:59.954053
3,Manikaka Topawala Institute Of Nursing,"Manikaka Topawala Institute Of Nursing, Charusat University Campus, Off Nadiad-Petlad Highway, , Changa, Distt.- Anand, Gujarat, Pin Code- 388421",Shri Charotar Moti Sattavis Patidar Kelavani Mandal,Anand,Gujarat,Private,B.Sc(N),60 (Sixty),2025-2026,8,https://online.indiannursingcouncil.org/Reports/YearlyReportByState.aspx,2026-09-11T11:13:59.954053
3,Manikaka Topawala Institute Of Nursing,"Manikaka Topawala Institute Of Nursing, Charusat University Campus, Off Nadiad-Petlad Highway, , Changa, Distt.- Anand, Gujarat, Pin Code- 388421",Shri Charotar Moti Sattavis Patidar Kelavani Mandal,Anand,Gujarat,Private,M. Sc (N),20 (Twenty),2025-2026,8,https://online.indiannursingcouncil.org/Reports/YearlyReportByState.aspx,2026-09-11T11:13:59.954053
3,Manikaka Topawala Institute Of Nursing,"Manikaka Topawala Institute Of Nursing, Charusat University Campus, Off Nadiad-Petlad Highway, , Changa, Distt.- Anand, Gujarat, Pin Code- 388421",Shri Charotar Moti Sattavis Patidar Kelavani Mandal,Anand,Gujarat,Private,P B B.Sc(N),20 (Twenty),2025-2026,8,https://online.indiannursingcouncil.org/Reports/YearlyReportByState.aspx,2026-09-11T11:13:59.954053
4,Marwadi Education Foundation Group Of Institution Faculty Of Nursing,"Marwadi Education Foundation Group Of Institution Faculty Of Nursing, Rajkot Morbi Highway, Near Gauridad Rajkot 360003, Rajkot , Distt.- Rajkot, Gujarat, Pin Code- 360003",Marwadi Education Foundation,Rajkot,Gujarat,Private,B.Sc(N),40 (Forty),2025-2026,8,https://online.indiannursingcouncil.org/Reports/YearlyReportByState.aspx,2026-09-11T11:13:59.954053
5,Matushri Vrajkuvareen B Manvar School Of Nursing,"Matushri Vrajkuvareen B Manvar School Of Nursing, At Po- Dumiyani, Block- Upleta, Dumiyani, Distt.- Rajkot, Gujarat, Pin Code- 360440",Peoples Welfare Society,Rajkot,Gujarat,Private,ANM,30 (Thirty),2025-2026,8,https://online.indiannursingcouncil.org/Reports/YearlyReportByState.aspx,2026-09-11T11:13:59.954053
5,Matushri Vrajkuvareen B Manvar School Of Nursing,"Matushri Vrajkuvareen B Manvar School Of Nursing, At Po- Dumiyani, Block- Upleta, Dumiyani, Distt.- Rajkot, Gujarat, Pin Code- 360440",Peoples Welfare Society,Rajkot,Gujarat,Private,GNM,50 (Fifty),2025-2026,8,https://online.indiannursingcouncil.org/Reports/YearlyReportByState.aspx,2026-09-11T11:13:59.954053
6,Mehsana District Bank College Of Nursing,"Mehsana District Bank College Of Nursing, Lions General Hospital, Jail Road, Mehsana, Distt.- Mehsana, Gujarat, Pin Code- 384001",Lions Club Of Mehsana Charitable Trust,Mehsana,Gujarat,Private,P B B.Sc(N),40 (Forty),2025-2026,8,https://online.indiannursingcouncil.org/Reports/YearlyReportByState.aspx,2026-09-11T11:13:59.954053
6,Mehsana District Bank College Of Nursing,"Mehsana District Bank College Of Nursing, Lions General Hospital, Jail Road, Mehsana, Distt.- Mehsana, Gujarat, Pin Code- 384001",Lions Club Of Mehsana Charitable Trust,Mehsana,Gujarat,Private,GNM,40 (Forty),2025-2026,8,https://online.indiannursingcouncil.org/Reports/YearlyReportByState.aspx,2026-09-11T11:13:59.954053
6,Mehsana District Bank College Of Nursing,"Mehsana District Bank College Of Nursing, Lions General Hospital, Jail Road, Mehsana, Distt.- Mehsana, Gujarat, Pin Code- 384001",Lions Club Of Mehsana Charitable Trust,Mehsana,Gujarat,Private,B.Sc(N),40 (Forty),2025-2026,8,https://online.indiannursingcouncil.org/Reports/YearlyReportByState.aspx,2026-09-11T11:13:59.954053
6,Mehsana District Bank College Of Nursing,"Mehsana District Bank College Of Nursing, Lions General Hospital, Jail Road, Mehsana, Distt.- Mehsana, Gujarat, Pin Code- 384001",Lions Club Of Mehsana Charitable Trust,Mehsana,Gujarat,Private,ANM,30 (Thirty),2025-2026,8,https://online.indiannursingcouncil.org/Reports/YearlyReportByState.aspx,2026-09-11T11:13:59.954053
7,Merchant Nursing College,"Merchant Nursing College, Merchant Education Campus, Visnagar-Mehsana Highway, At & Po - Basna, Basna, Distt.- Mehsana, Gujarat, Pin Code- 384315",Shri Merchant Charitable Trust,Mehsana,Gujarat,Private,ANM,30 (Thirty),2025-2026,8,https://online.indiannursingcouncil.org/Reports/YearlyReportByState.aspx,2026-09-11T11:13:59.954053
7,Merchant Nursing College,"Merchant Nursing College, Merchant Education Campus, Visnagar-Mehsana Highway, At & Po - Basna, Basna, Distt.- Mehsana, Gujarat, Pin Code- 384315",Shri Merchant Charitable Trust,Mehsana,Gujarat,Private,GNM,30 (Thirty),2025-2026,8,https://online.indiannursingcouncil.org/Reports/YearlyReportByState.aspx,2026-09-11T11:13:59.954053
7,Merchant Nursing College,"Merchant Nursing College, Merchant Education Campus, Visnagar-Mehsana Highway, At & Po - Basna, Basna, Distt.- Mehsana, Gujarat, Pin Code- 384315",Shri Merchant Charitable Trust,Mehsana,Gujarat,Private,B.Sc(N),40 (Forty),2025-2026,8,https://online.indiannursingcouncil.org/Reports/YearlyReportByState.aspx,2026-09-11T11:13:59.954053
8,Metas Adventist School Of Nursing,"Metas Adventist School Of Nursing, Seventh Day Adventist Hospital, Athwalines, Surat, Distt.- Surat, Gujarat, Pin Code- 395001",Metas Of Seventh-Day Adventist Trust,Surat,Gujarat,Private,GNM,60 (Sixty),2025-2026,8,https://online.indiannursingcouncil.org/Reports/YearlyReportByState.aspx,2026-09-11T11:13:59.954053
9,Methodist School Of Nursing,"Methodist School Of Nursing, Opp. Methodist Hospital, Mission Road, , Distt.- Kheda, Gujarat, Pin Code- 387002",Methodist School Of Nursing,Kheda,Gujarat,Private,GNM,20 (Twenty),2025-2026,8,https://online.indiannursingcouncil.org/Reports/YearlyReportByState.aspx,2026-09-11T11:13:59.954053
10,Mother Teressa College Of Nursing,"Mother Teressa College Of Nursing, At Gothava, Near Telephone Exchange, Bakarpur Road, Gothava, Distt.- Mehsana, Gujarat, Pin Code- 384315",Ambica Education Trust,Mehsana,Gujarat,Private,M. Sc (N),"20 (Twenty) Med-Surg-4, Paed-4, Obg/Mch-4, Chn-8",2025-2026,8,https://online.indiannursingcouncil.org/Reports/YearlyReportByState.aspx,2026-09-11T11:13:59.954053
10,Mother Teressa College Of Nursing,"Mother Teressa College Of Nursing, At Gothava, Near Telephone Exchange, Bakarpur Road, Gothava, Distt.- Mehsana, Gujarat, Pin Code- 384315",Ambica Education Trust,Mehsana,Gujarat,Private,ANM,20 (Twenty),2025-2026,8,https://online.indiannursingcouncil.org/Reports/YearlyReportByState.aspx,2026-09-11T11:13:59.954053
10,Mother Teressa College Of Nursing,"Mother Teressa College Of Nursing, At Gothava, Near Telephone Exchange, Bakarpur Road, Gothava, Distt.- Mehsana, Gujarat, Pin Code- 384315",Ambica Education Trust,Mehsana,Gujarat,Private,GNM,50 (Fifty),2025-2026,8,https://online.indiannursingcouncil.org/Reports/YearlyReportByState.aspx,2026-09-11T11:13:59.954053
10,Mother Teressa College Of Nursing,"Mother Teressa College Of Nursing, At Gothava, Near Telephone Exchange, Bakarpur Road, Gothava, Distt.- Mehsana, Gujarat, Pin Code- 384315",Ambica Education Trust,Mehsana,Gujarat,Private,B.Sc(N),50 (Fifty),2025-2026,8,https://online.indiannursingcouncil.org/Reports/YearlyReportByState.aspx,2026-09-11T11:13:59.954053
10,Mother Teressa College Of Nursing,"Mother Teressa College Of Nursing, At Gothava, Near Telephone Exchange, Bakarpur Road, Gothava, Distt.- Mehsana, Gujarat, Pin Code- 384315",Ambica Education Trust,Mehsana,Gujarat,Private,P B B.Sc(N),30 (Thirty),2025-2026,8,https://online.indiannursingcouncil.org/Reports/YearlyReportByState.aspx,2026-09-11T11:13:59.954053
11,Narnarayan Shastri Institute Of Nursing,"Narnarayan Shastri Institute Of Nursing, Swaminarayan Gurukul Campus, At P.O.-Jetalpur, Jetalpur, Distt.- Ahmedabad, Gujarat, Pin Code- 382426",Gayatri Education Trust,Ahmedabad,Gujarat,Private,B.Sc(N),50 (Fifty),2025-2026,8,https://online.indiannursingcouncil.org/Reports/YearlyReportByState.aspx,2026-09-11T11:13:59.954053
11,Narnarayan Shastri Institute Of Nursing,"Narnarayan Shastri Institute Of Nursing, Swaminarayan Gurukul Campus, At P.O.-Jetalpur, Jetalpur, Distt.- Ahmedabad, Gujarat, Pin Code- 382426",Gayatri Education Trust,Ahmedabad,Gujarat,Private,GNM,50 (Fifty),2025-2026,8,https://online.indiannursingcouncil.org/Reports/YearlyReportByState.aspx,2026-09-11T11:13:59.954053
12,Noble Nursing School Junagadh,"Noble Nursing School Junagadh, Parth Vatika Bhesan Road Near Bamangam , Junagadh, Distt.- Junagadh, Gujarat, Pin Code- 362310",Shree Vivek Bharti Trust Junagadh,Junagadh,Gujarat,Private,ANM,50 (Fifty),2025-2026,8,https://online.indiannursingcouncil.org/Reports/YearlyReportByState.aspx,2026-09-11T11:13:59.954053
12,Noble Nursing School Junagadh,"Noble Nursing School Junagadh, Parth Vatika Bhesan Road Near Bamangam , Junagadh, Distt.- Junagadh, Gujarat, Pin Code- 362310",Shree Vivek Bharti Trust Junagadh,Junagadh,Gujarat,Private,GNM,50 (Fifty),2025-2026,8,https://online.indiannursingcouncil.org/Reports/YearlyReportByState.aspx,2026-09-11T11:13:59.954053
1,Noble Nursing School Junagadh,"Noble Nursing School Junagadh, Parth Vatika Bhesan Road Near Bamangam , Junagadh, Distt.- Junagadh, Gujarat, Pin Code- 362310",Shree Vivek Bharti Trust Junagadh,Junagadh,Gujarat,Private,B.Sc(N),40 (Forty),2025-2026,9,https://online.indiannursingcouncil.org/Reports/YearlyReportByState.aspx,2026-09-11T11:14:07.547310
1,Noble Nursing School Junagadh,"Noble Nursing School Junagadh, Parth Vatika Bhesan Road Near Bamangam , Junagadh, Distt.- Junagadh, Gujarat, Pin Code- 362310",Shree Vivek Bharti Trust Junagadh,Junagadh,Gujarat,Private,P B B.Sc(N),30 (Thirty),2025-2026,9,https://online.indiannursingcouncil.org/Reports/YearlyReportByState.aspx,2026-09-11T11:14:07.547310
2,Nootan College Of Nursing,"Nootan College Of Nursing, Sankalchand Patel Vidyadham, Gandhinagar Ambaji State Highway , Visnagar, Distt.- Mehsana, Gujarat, Pin Code- 384315",Nootan Sarva Vidyalaya Kelavant Mandal,Mehsana,Gujarat,Private,B.Sc(N),80 (Eighty),2025-2026,9,https://online.indiannursingcouncil.org/Reports/YearlyReportByState.aspx,2026-09-11T11:14:07.547310
2,Nootan College Of Nursing,"Nootan College Of Nursing, Sankalchand Patel Vidyadham, Gandhinagar Ambaji State Highway , Visnagar, Distt.- Mehsana, Gujarat, Pin Code- 384315",Nootan Sarva Vidyalaya Kelavant Mandal,Mehsana,Gujarat,Private,GNM,60 (Sixty),2025-2026,9,https://online.indiannursingcouncil.org/Reports/YearlyReportByState.aspx,2026-09-11T11:14:07.547310
2,Nootan College Of Nursing,"Nootan College Of Nursing, Sankalchand Patel Vidyadham, Gandhinagar Ambaji State Highway , Visnagar, Distt.- Mehsana, Gujarat, Pin Code- 384315",Nootan Sarva Vidyalaya Kelavant Mandal,Mehsana,Gujarat,Private,ANM,30 (Thirty),2025-2026,9,https://online.indiannursingcouncil.org/Reports/YearlyReportByState.aspx,2026-09-11T11:14:07.547310
2,Nootan College Of Nursing,"Nootan College Of Nursing, Sankalchand Patel Vidyadham, Gandhinagar Ambaji State Highway , Visnagar, Distt.- Mehsana, Gujarat, Pin Code- 384315",Nootan Sarva Vidyalaya Kelavant Mandal,Mehsana,Gujarat,Private,M. Sc (N),20 (Twenty),2025-2026,9,https://online.indiannursingcouncil.org/Reports/YearlyReportByState.aspx,2026-09-11T11:14:07.547310
2,Nootan College Of Nursing,"Nootan College Of Nursing, Sankalchand Patel Vidyadham, Gandhinagar Ambaji State Highway , Visnagar, Distt.- Mehsana, Gujarat, Pin Code- 384315",Nootan Sarva Vidyalaya Kelavant Mandal,Mehsana,Gujarat,Private,P B B.Sc(N),30 (Thirty),2025-2026,9,https://online.indiannursingcouncil.org/Reports/YearlyReportByState.aspx,2026-09-11T11:14:07.547310
3,Nrupur Institute Of Nursing Science Research,"Nrupur Institute Of Nursing Science Research, Ranjit Chavan Bhavan, Opp: Dabhoi Dasalad Bhavan, Ajwa-Waghodia Ring Road , Vadodara, Distt.- Vadodara, Gujarat, Pin Code- 390019",All India Institute Of Local Self,Vadodara,Gujarat,Private,ANM,30 (Thirty),2025-2026,9,https://online.indiannursingcouncil.org/Reports/YearlyReportByState.aspx,2026-09-11T11:14:07.547310
3,Nrupur Institute Of Nursing Science Research,"Nrupur Institute Of Nursing Science Research, Ranjit Chavan Bhavan, Opp: Dabhoi Dasalad Bhavan, Ajwa-Waghodia Ring Road , Vadodara, Distt.- Vadodara, Gujarat, Pin Code- 390019",All India Institute Of Local Self,Vadodara,Gujarat,Private,GNM,40 (Forty),2025-2026,9,https://online.indiannursingcouncil.org/Reports/YearlyReportByState.aspx,2026-09-11T11:14:07.547310
4,Our Lady Of Pillar Nursing Academy,"Our Lady Of Pillar Nursing Academy, At: Nidhrad, Chekla Road, Vill.- Nidhrad, Tehsil- Sanand, Distt.- Ahmedabad, Gujarat, Pin Code- 382115",Our Lady Of Pillar Trust,Ahmedabad,Gujarat,Private,GNM,40 (Forty),2025-2026,9,https://online.indiannursingcouncil.org/Reports/YearlyReportByState.aspx,2026-09-11T11:14:07.547310
4,Our Lady Of Pillar Nursing Academy,"Our Lady Of Pillar Nursing Academy, At: Nidhrad, Chekla Road, Vill.- Nidhrad, Tehsil- Sanand, Distt.- Ahmedabad, Gujarat, Pin Code- 382115",Our Lady Of Pillar Trust,Ahmedabad,Gujarat,Private,ANM,20 (Twenty),2025-2026,9,https://online.indiannursingcouncil.org/Reports/YearlyReportByState.aspx,2026-09-11T11:14:07.547310
5,P T Patel Institute Of Nursing,"P T Patel Institute Of Nursing, To Bhandu- Mehsana- Unjha Highway, Bhandu, Distt.- Mehsana, Gujarat, Pin Code- 384120",Santosh Foundation Bhandu,Mehsana,Gujarat,Private,ANM,30 (Thirty),2025-2026,9,https://online.indiannursingcouncil.org/Reports/YearlyReportByState.aspx,2026-09-11T11:14:07.547310
5,P T Patel Institute Of Nursing,"P T Patel Institute Of Nursing, To Bhandu- Mehsana- Unjha Highway, Bhandu, Distt.- Mehsana, Gujarat, Pin Code- 384120",Santosh Foundation Bhandu,Mehsana,Gujarat,Private,GNM,40 (Forty),2025-2026,9,https://online.indiannursingcouncil.org/Reports/YearlyReportByState.aspx,2026-09-11T11:14:07.547310
6,P P Savani School Of Nursing,"P P Savani School Of Nursing, Nh-8, Near Biltech Company, Dhamdod, Vill.- Dhamdod, Tehsil- Mangrol, Distt.- Surat, Gujarat, Pin Code- 394125",P P Savani Knowledge City,Surat,Gujarat,Private,GNM,50 (Fifty),2025-2026,9,https://online.indiannursingcouncil.org/Reports/YearlyReportByState.aspx,2026-09-11T11:14:07.547310
6,P P Savani School Of Nursing,"P P Savani School Of Nursing, Nh-8, Near Biltech Company, Dhamdod, Vill.- Dhamdod, Tehsil- Mangrol, Distt.- Surat, Gujarat, Pin Code- 394125",P P Savani Knowledge City,Surat,Gujarat,Private,B.Sc(N),60 (Sixty),2025-2026,9,https://online.indiannursingcouncil.org/Reports/YearlyReportByState.aspx,2026-09-11T11:14:07.547310
6,P P Savani School Of Nursing,"P P Savani School Of Nursing, Nh-8, Near Biltech Company, Dhamdod, Vill.- Dhamdod, Tehsil- Mangrol, Distt.- Surat, Gujarat, Pin Code- 394125",P P Savani Knowledge City,Surat,Gujarat,Private,P B B.Sc(N),30 (Thirty),2025-2026,9,https://online.indiannursingcouncil.org/Reports/YearlyReportByState.aspx,2026-09-11T11:14:07.547310
6,P P Savani School Of Nursing,"P P Savani School Of Nursing, Nh-8, Near Biltech Company, Dhamdod, Vill.- Dhamdod, Tehsil- Mangrol, Distt.- Surat, Gujarat, Pin Code- 394125",P P Savani Knowledge City,Surat,Gujarat,Private,M. Sc (N),15 (Fifteen) Obg-05 Chn-05 Paed-05,2025-2026,9,https://online.indiannursingcouncil.org/Reports/YearlyReportByState.aspx,2026-09-11T11:14:07.547310
7,Panchamrut Institute Of Nursing,"Panchamrut Institute Of Nursing, K P Residency To Abjibapa Green Road, Behind Nikol Village, Ahmedabad, Distt.- Ahmedabad, Gujarat, Pin Code- 382350",Ashapura Education And Welfare Trust,Ahmedabad,Gujarat,Private,B.Sc(N),55 (Fifty Five),2025-2026,9,https://online.indiannursingcouncil.org/Reports/YearlyReportByState.aspx,2026-09-11T11:14:07.547310
8,Parul Institute Of Nursing And Research,"Parul Institute Of Nursing And Research, At- Ishvarpura, Tal- Waghodia, Vadodara, Distt.- Vadodara, Gujarat, Pin Code- 391760",Parul Education Foundation,Vadodara,Gujarat,Private,B.Sc(N),100 (One Hundred),2025-2026,9,https://online.indiannursingcouncil.org/Reports/YearlyReportByState.aspx,2026-09-11T11:14:07.547310
8,Parul Institute Of Nursing And Research,"Parul Institute Of Nursing And Research, At- Ishvarpura, Tal- Waghodia, Vadodara, Distt.- Vadodara, Gujarat, Pin Code- 391760",Parul Education Foundation,Vadodara,Gujarat,Private,GNM,100 (One Hundred),2025-2026,9,https://online.indiannursingcouncil.org/Reports/YearlyReportByState.aspx,2026-09-11T11:14:07.547310
9,Parul Institute Of Nursing,"Parul Institute Of Nursing, Po - Limda, Vadodara, Distt.- Vadodara, Gujarat, Pin Code- 391760",Parul Arogya Seva Mandal,Vadodara,Gujarat,Private,M. Sc (N),"40 (Forty) Chn-10, Med-Surg-10, Obg-8, Pead-6, Psy-6",2025-2026,9,https://online.indiannursingcouncil.org/Reports/YearlyReportByState.aspx,2026-09-11T11:14:07.547310
9,Parul Institute Of Nursing,"Parul Institute Of Nursing, Po - Limda, Vadodara, Distt.- Vadodara, Gujarat, Pin Code- 391760",Parul Arogya Seva Mandal,Vadodara,Gujarat,Private,B.Sc(N),100 (One Hundred),2025-2026,9,https://online.indiannursingcouncil.org/Reports/YearlyReportByState.aspx,2026-09-11T11:14:07.547310
9,Parul Institute Of Nursing,"Parul Institute Of Nursing, Po - Limda, Vadodara, Distt.- Vadodara, Gujarat, Pin Code- 391760",Parul Arogya Seva Mandal,Vadodara,Gujarat,Private,GNM,100 (One Hundred),2025-2026,9,https://online.indiannursingcouncil.org/Reports/YearlyReportByState.aspx,2026-09-11T11:14:07.547310
9,Parul Institute Of Nursing,"Parul Institute Of Nursing, Po - Limda, Vadodara, Distt.- Vadodara, Gujarat, Pin Code- 391760",Parul Arogya Seva Mandal,Vadodara,Gujarat,Private,ANM,20 (Twenty),2025-2026,9,https://online.indiannursingcouncil.org/Reports/YearlyReportByState.aspx,2026-09-11T11:14:07.547310
10,Pioneer Nursing College,"Pioneer Nursing College, Pioneer Medical Campus, Ajwa Nimeta Road, At Sayajipura, N-H No 8 Vadodara 390019, Vadodara , Distt.- Vadodara, Gujarat, Pin Code- 390019",Om Gayatri Education And Charitable Trust,Vadodara,Gujarat,Private,ANM,40 (Forty),2025-2026,9,https://online.indiannursingcouncil.org/Reports/YearlyReportByState.aspx,2026-09-11T11:14:07.547310
10,Pioneer Nursing College,"Pioneer Nursing College, Pioneer Medical Campus, Ajwa Nimeta Road, At Sayajipura, N-H No 8 Vadodara 390019, Vadodara , Distt.- Vadodara, Gujarat, Pin Code- 390019",Om Gayatri Education And Charitable Trust,Vadodara,Gujarat,Private,GNM,50 (Fifty),2025-2026,9,https://online.indiannursingcouncil.org/Reports/YearlyReportByState.aspx,2026-09-11T11:14:07.547310
10,Pioneer Nursing College,"Pioneer Nursing College, Pioneer Medical Campus, Ajwa Nimeta Road, At Sayajipura, N-H No 8 Vadodara 390019, Vadodara , Distt.- Vadodara, Gujarat, Pin Code- 390019",Om Gayatri Education And Charitable Trust,Vadodara,Gujarat,Private,B.Sc(N),60 (Sixty),2025-2026,9,https://online.indiannursingcouncil.org/Reports/YearlyReportByState.aspx,2026-09-11T11:14:07.547310
10,Pioneer Nursing College,"Pioneer Nursing College, Pioneer Medical Campus, Ajwa Nimeta Road, At Sayajipura, N-H No 8 Vadodara 390019, Vadodara , Distt.- Vadodara, Gujarat, Pin Code- 390019",Om Gayatri Education And Charitable Trust,Vadodara,Gujarat,Private,M. Sc (N),"20 (Twenty) Chn-5, Obg-5, Med-Surg-5, Mhn-5",2025-2026,9,https://online.indiannursingcouncil.org/Reports/YearlyReportByState.aspx,2026-09-11T11:14:07.547310
11,R.K Institute Of Nursing And Research Center,"R.K Institute Of Nursing And Research Center, Vadu Kadi, Kadi, Distt.- Mehsana, Gujarat, Pin Code- 382705",Shree Vadu Kelavani Mandal,Mehsana,Gujarat,Private,ANM,40 (Forty),2025-2026,9,https://online.indiannursingcouncil.org/Reports/YearlyReportByState.aspx,2026-09-11T11:14:07.547310
11,R.K Institute Of Nursing And Research Center,"R.K Institute Of Nursing And Research Center, Vadu Kadi, Kadi, Distt.- Mehsana, Gujarat, Pin Code- 382705",Shree Vadu Kelavani Mandal,Mehsana,Gujarat,Private,GNM,50 (Fifty),2025-2026,9,https://online.indiannursingcouncil.org/Reports/YearlyReportByState.aspx,2026-09-11T11:14:07.547310
1,R.K Institute Of Nursing And Research Center,"R.K Institute Of Nursing And Research Center, Vadu Kadi, Kadi, Distt.- Mehsana, Gujarat, Pin Code- 382705",Shree Vadu Kelavani Mandal,Mehsana,Gujarat,Private,B.Sc(N),50 (Fifty),2025-2026,10,https://online.indiannursingcouncil.org/Reports/YearlyReportByState.aspx,2026-09-11T11:14:15.377197
2,Ratnaprabha Nursing School,"Ratnaprabha Nursing School, Mithi Maa Campus, Shekhpur (Vad) Road, Vadnagar, Vadnagar, Distt.- Mehsana, Gujarat, Pin Code- 384355","Karuna Setu Trust, Vadnagar",Mehsana,Gujarat,Private,P B B.Sc(N),25 (Twenty Five),2025-2026,10,https://online.indiannursingcouncil.org/Reports/YearlyReportByState.aspx,2026-09-11T11:14:15.377197
2,Ratnaprabha Nursing School,"Ratnaprabha Nursing School, Mithi Maa Campus, Shekhpur (Vad) Road, Vadnagar, Vadnagar, Distt.- Mehsana, Gujarat, Pin Code- 384355","Karuna Setu Trust, Vadnagar",Mehsana,Gujarat,Private,M. Sc (N),"20 (Twenty) Paed-4, Chn-4, Obg-4, Psy-4, Med-Surg-4",2025-2026,10,https://online.indiannursingcouncil.org/Reports/YearlyReportByState.aspx,2026-09-11T11:14:15.377197
2,Ratnaprabha Nursing School,"Ratnaprabha Nursing School, Mithi Maa Campus, Shekhpur (Vad) Road, Vadnagar, Vadnagar, Distt.- Mehsana, Gujarat, Pin Code- 384355","Karuna Setu Trust, Vadnagar",Mehsana,Gujarat,Private,ANM,20 (Twenty),2025-2026,10,https://online.indiannursingcouncil.org/Reports/YearlyReportByState.aspx,2026-09-11T11:14:15.377197
2,Ratnaprabha Nursing School,"Ratnaprabha Nursing School, Mithi Maa Campus, Shekhpur (Vad) Road, Vadnagar, Vadnagar, Distt.- Mehsana, Gujarat, Pin Code- 384355","Karuna Setu Trust, Vadnagar",Mehsana,Gujarat,Private,GNM,50 (Fifty),2025-2026,10,https://online.indiannursingcouncil.org/Reports/YearlyReportByState.aspx,2026-09-11T11:14:15.377197
2,Ratnaprabha Nursing School,"Ratnaprabha Nursing School, Mithi Maa Campus, Shekhpur (Vad) Road, Vadnagar, Vadnagar, Distt.- Mehsana, Gujarat, Pin Code- 384355","Karuna Setu Trust, Vadnagar",Mehsana,Gujarat,Private,B.Sc(N),50 (Fifty),2025-2026,10,https://online.indiannursingcouncil.org/Reports/YearlyReportByState.aspx,2026-09-11T11:14:15.377197
3,Riddhi School And College Of Nursing,"Riddhi School And College Of Nursing, Plot No.3, Riddhi Education Campus, Chandranagar Society, Motipura, Himatnagar, Distt.- Sabarkantha, Gujarat, Pin Code- 383001",Riddhi Education Trust,Sabarkantha,Gujarat,Private,B.Sc(N),50 (Fifty),2025-2026,10,https://online.indiannursingcouncil.org/Reports/YearlyReportByState.aspx,2026-09-11T11:14:15.377197
3,Riddhi School And College Of Nursing,"Riddhi School And College Of Nursing, Plot No.3, Riddhi Education Campus, Chandranagar Society, Motipura, Himatnagar, Distt.- Sabarkantha, Gujarat, Pin Code- 383001",Riddhi Education Trust,Sabarkantha,Gujarat,Private,ANM,30 (Thirty),2025-2026,10,https://online.indiannursingcouncil.org/Reports/YearlyReportByState.aspx,2026-09-11T11:14:15.377197
3,Riddhi School And College Of Nursing,"Riddhi School And College Of Nursing, Plot No.3, Riddhi Education Campus, Chandranagar Society, Motipura, Himatnagar, Distt.- Sabarkantha, Gujarat, Pin Code- 383001",Riddhi Education Trust,Sabarkantha,Gujarat,Private,GNM,50 (Fifty),2025-2026,10,https://online.indiannursingcouncil.org/Reports/YearlyReportByState.aspx,2026-09-11T11:14:15.377197
4,S K L P Nursing Institute Of Education And Practice,"S K L P Nursing Institute Of Education And Practice, Suraj Shikshandham, Haripar Tapkeswari Road, Bhuj, Bhuj, Distt.- Kachchh, Gujarat, Pin Code- 370015",Shree Kutchi Leva Patel Education And Medical Trust,Kachchh,Gujarat,Private,ANM,20 (Twenty),2025-2026,10,https://online.indiannursingcouncil.org/Reports/YearlyReportByState.aspx,2026-09-11T11:14:15.377197
4,S K L P Nursing Institute Of Education And Practice,"S K L P Nursing Institute Of Education And Practice, Suraj Shikshandham, Haripar Tapkeswari Road, Bhuj, Bhuj, Distt.- Kachchh, Gujarat, Pin Code- 370015",Shree Kutchi Leva Patel Education And Medical Trust,Kachchh,Gujarat,Private,GNM,40 (Forty),2025-2026,10,https://online.indiannursingcouncil.org/Reports/YearlyReportByState.aspx,2026-09-11T11:14:15.377197
4,S K L P Nursing Institute Of Education And Practice,"S K L P Nursing Institute Of Education And Practice, Suraj Shikshandham, Haripar Tapkeswari Road, Bhuj, Bhuj, Distt.- Kachchh, Gujarat, Pin Code- 370015",Shree Kutchi Leva Patel Education And Medical Trust,Kachchh,Gujarat,Private,B.Sc(N),40 (Forty),2025-2026,10,https://online.indiannursingcouncil.org/Reports/YearlyReportByState.aspx,2026-09-11T11:14:15.377197
5,S S Agrawal College Of Nursing Training College And Research Centre,"S S Agrawal College Of Nursing Training College And Research Centre, S S Agrawal College Campus, Near Devina Park Society, Viranjali Marg, Gandevi Road, Navsari, Distt.- Navsari, Gujarat, Pin Code-",Agrawal Education Foundation,Navsari,Gujarat,Private,M. Sc (N),15 (Fifteen) Med-Surg-3 Chn-3 Psy-3 Obg-3 Paed-3,2025-2026,10,https://online.indiannursingcouncil.org/Reports/YearlyReportByState.aspx,2026-09-11T11:14:15.377197
5,S S Agrawal College Of Nursing Training College And Research Centre,"S S Agrawal College Of Nursing Training College And Research Centre, S S Agrawal College Campus, Near Devina Park Society, Viranjali Marg, Gandevi Road, Navsari, Distt.- Navsari, Gujarat, Pin Code-",Agrawal Education Foundation,Navsari,Gujarat,Private,ANM,30 (Thirty),2025-2026,10,https://online.indiannursingcouncil.org/Reports/YearlyReportByState.aspx,2026-09-11T11:14:15.377197
5,S S Agrawal College Of Nursing Training College And Research Centre,"S S Agrawal College Of Nursing Training College And Research Centre, S S Agrawal College Campus, Near Devina Park Society, Viranjali Marg, Gandevi Road, Navsari, Distt.- Navsari, Gujarat, Pin Code-",Agrawal Education Foundation,Navsari,Gujarat,Private,GNM,50 (Fifty),2025-2026,10,https://online.indiannursingcouncil.org/Reports/YearlyReportByState.aspx,2026-09-11T11:14:15.377197
5,S S Agrawal College Of Nursing Training College And Research Centre,"S S Agrawal College Of Nursing Training College And Research Centre, S S Agrawal College Campus, Near Devina Park Society, Viranjali Marg, Gandevi Road, Navsari, Distt.- Navsari, Gujarat, Pin Code-",Agrawal Education Foundation,Navsari,Gujarat,Private,B.Sc(N),50 (Fifty),2025-2026,10,https://online.indiannursingcouncil.org/Reports/YearlyReportByState.aspx,2026-09-11T11:14:15.377197
5,S S Agrawal College Of Nursing Training College And Research Centre,"S S Agrawal College Of Nursing Training College And Research Centre, S S Agrawal College Campus, Near Devina Park Society, Viranjali Marg, Gandevi Road, Navsari, Distt.- Navsari, Gujarat, Pin Code-",Agrawal Education Foundation,Navsari,Gujarat,Private,P B B.Sc(N),40 (Forty),2025-2026,10,https://online.indiannursingcouncil.org/Reports/YearlyReportByState.aspx,2026-09-11T11:14:15.377197
6,S.G.V. Nursing College Dhrol,"S.G.V. Nursing College Dhrol, At Opp Bus Stand Kharva Road Dhrol Ta Dhrol Dist Jamnagar 361210, Dhrol, Distt.- Jamnagar, Gujarat, Pin Code- 361210",Swa. Jivaraj Laxmanbhai Kanani Education And Cheritable Trust,Jamnagar,Gujarat,Private,B.Sc(N),35 (Thirty Five),2025-2026,10,https://online.indiannursingcouncil.org/Reports/YearlyReportByState.aspx,2026-09-11T11:14:15.377197
6,S.G.V. Nursing College Dhrol,"S.G.V. Nursing College Dhrol, At Opp Bus Stand Kharva Road Dhrol Ta Dhrol Dist Jamnagar 361210, Dhrol, Distt.- Jamnagar, Gujarat, Pin Code- 361210",Swa. Jivaraj Laxmanbhai Kanani Education And Cheritable Trust,Jamnagar,Gujarat,Private,ANM,40 (Forty),2025-2026,10,https://online.indiannursingcouncil.org/Reports/YearlyReportByState.aspx,2026-09-11T11:14:15.377197
6,S.G.V. Nursing College Dhrol,"S.G.V. Nursing College Dhrol, At Opp Bus Stand Kharva Road Dhrol Ta Dhrol Dist Jamnagar 361210, Dhrol, Distt.- Jamnagar, Gujarat, Pin Code- 361210",Swa. Jivaraj Laxmanbhai Kanani Education And Cheritable Trust,Jamnagar,Gujarat,Private,GNM,40 (Forty),2025-2026,10,https://online.indiannursingcouncil.org/Reports/YearlyReportByState.aspx,2026-09-11T11:14:15.377197
7,Sahajanand College Of Nursing,"Sahajanand College Of Nursing, B/H. Kalptaru Park, Ahmedabad - Kalol Highway, At. Post. Zundal, Gandhinagar, Distt.- Gandhinagar, Gujarat, Pin Code- 382421",Shree Narnarayan Education Trust,Gandhinagar,Gujarat,Private,B.Sc(N),60 (Sixty),2025-2026,10,https://online.indiannursingcouncil.org/Reports/YearlyReportByState.aspx,2026-09-11T11:14:15.377197
7,Sahajanand College Of Nursing,"Sahajanand College Of Nursing, B/H. Kalptaru Park, Ahmedabad - Kalol Highway, At. Post. Zundal, Gandhinagar, Distt.- Gandhinagar, Gujarat, Pin Code- 382421",Shree Narnarayan Education Trust,Gandhinagar,Gujarat,Private,GNM,40 (Forty),2025-2026,10,https://online.indiannursingcouncil.org/Reports/YearlyReportByState.aspx,2026-09-11T11:14:15.377197
8,Sandra Shroff College Of Nursing,"Sandra Shroff College Of Nursing , Plot No. 334,335,336 338, Near Haria L.G. Rotary Hospital Campus G.I.D.C, Vapi, Distt.- Valsad, Gujarat, Pin Code- 396195","Gnyan Dham Vapi Charitable Trust, Vapi",Valsad,Gujarat,Private,GNM,40 (Forty),2025-2026,10,https://online.indiannursingcouncil.org/Reports/YearlyReportByState.aspx,2026-09-11T11:14:15.377197
8,Sandra Shroff College Of Nursing,"Sandra Shroff College Of Nursing , Plot No. 334,335,336 338, Near Haria L.G. Rotary Hospital Campus G.I.D.C, Vapi, Distt.- Valsad, Gujarat, Pin Code- 396195","Gnyan Dham Vapi Charitable Trust, Vapi",Valsad,Gujarat,Private,B.Sc(N),60 (Sixty),2025-2026,10,https://online.indiannursingcouncil.org/Reports/YearlyReportByState.aspx,2026-09-11T11:14:15.377197
8,Sandra Shroff College Of Nursing,"Sandra Shroff College Of Nursing , Plot No. 334,335,336 338, Near Haria L.G. Rotary Hospital Campus G.I.D.C, Vapi, Distt.- Valsad, Gujarat, Pin Code- 396195","Gnyan Dham Vapi Charitable Trust, Vapi",Valsad,Gujarat,Private,M. Sc (N),"15 (Fifteen) Med Surg -6, Paed -4, Obg - 5",2025-2026,10,https://online.indiannursingcouncil.org/Reports/YearlyReportByState.aspx,2026-09-11T11:14:15.377197
9,School Of Medicolegal Studies,"School Of Medicolegal Studies, National Forensic Science University, Sector-9, Ghandhinagar, Distt.- Gandhinagar, Gujarat, Pin Code- 382007",National Forensic Sciences University,Gandhinagar,Gujarat,Government,M. Sc (N),Forensic Nursing : 30(Thirty),2025-2026,10,https://online.indiannursingcouncil.org/Reports/YearlyReportByState.aspx,2026-09-11T11:14:15.377197
10,School Of Nursing,"School Of Nursing, Atmavallabh Hospital Campus, State Highway, Idar, , Distt.- Sabarkantha, Gujarat, Pin Code- 383430",Vishva Kalyan Society,Sabarkantha,Gujarat,Private,ANM,30 (Thirty),2025-2026,10,https://online.indiannursingcouncil.org/Reports/YearlyReportByState.aspx,2026-09-11T11:14:15.377197
10,School Of Nursing,"School Of Nursing, Atmavallabh Hospital Campus, State Highway, Idar, , Distt.- Sabarkantha, Gujarat, Pin Code- 383430",Vishva Kalyan Society,Sabarkantha,Gujarat,Private,GNM,40 (Forty),2025-2026,10,https://online.indiannursingcouncil.org/Reports/YearlyReportByState.aspx,2026-09-11T11:14:15.377197
11,School Of Nursing,"School Of Nursing, Muniseva Ashram, At- Goraj, , Distt.- Vadodara, Gujarat, Pin Code- 391760",Muni Seva Ashram,Vadodara,Gujarat,Private,ANM,30 (Thirty),2025-2026,10,https://online.indiannursingcouncil.org/Reports/YearlyReportByState.aspx,2026-09-11T11:14:15.377197
11,School Of Nursing,"School Of Nursing, Muniseva Ashram, At- Goraj, , Distt.- Vadodara, Gujarat, Pin Code- 391760",Muni Seva Ashram,Vadodara,Gujarat,Private,GNM,50 (Fifty),2025-2026,10,https://online.indiannursingcouncil.org/Reports/YearlyReportByState.aspx,2026-09-11T11:14:15.377197
1,School Of Nursing,"School Of Nursing, Muniseva Ashram, At- Goraj, , Distt.- Vadodara, Gujarat, Pin Code- 391760",Muni Seva Ashram,Vadodara,Gujarat,Private,B.Sc(N),30 (Thirty),2025-2026,11,https://online.indiannursingcouncil.org/Reports/YearlyReportByState.aspx,2026-09-11T11:14:23.333461
2,Shagun Institute Of Nursing,"Shagun Institute Of Nursing, Haria School Campus,Ranjitnagar,Indira Marg,Jamnagar, Jamnagar, Distt.- Jamnagar, Gujarat, Pin Code- 361005",Aradhana Education &Amp; Charitable Trust,Jamnagar,Gujarat,Private,B.Sc(N),50 (Fifty),2025-2026,11,https://online.indiannursingcouncil.org/Reports/YearlyReportByState.aspx,2026-09-11T11:14:23.333461
2,Shagun Institute Of Nursing,"Shagun Institute Of Nursing, Haria School Campus,Ranjitnagar,Indira Marg,Jamnagar, Jamnagar, Distt.- Jamnagar, Gujarat, Pin Code- 361005",Aradhana Education &Amp; Charitable Trust,Jamnagar,Gujarat,Private,ANM,30 (Thirty),2025-2026,11,https://online.indiannursingcouncil.org/Reports/YearlyReportByState.aspx,2026-09-11T11:14:23.333461
2,Shagun Institute Of Nursing,"Shagun Institute Of Nursing, Haria School Campus,Ranjitnagar,Indira Marg,Jamnagar, Jamnagar, Distt.- Jamnagar, Gujarat, Pin Code- 361005",Aradhana Education &Amp; Charitable Trust,Jamnagar,Gujarat,Private,GNM,50 (Fifty),2025-2026,11,https://online.indiannursingcouncil.org/Reports/YearlyReportByState.aspx,2026-09-11T11:14:23.333461
2,Shagun Institute Of Nursing,"Shagun Institute Of Nursing, Haria School Campus,Ranjitnagar,Indira Marg,Jamnagar, Jamnagar, Distt.- Jamnagar, Gujarat, Pin Code- 361005",Aradhana Education &Amp; Charitable Trust,Jamnagar,Gujarat,Private,P B B.Sc(N),20 (Twenty),2025-2026,11,https://online.indiannursingcouncil.org/Reports/YearlyReportByState.aspx,2026-09-11T11:14:23.333461
3,Shama General Nursing School,"Shama General Nursing School, Nr. Pirkamal Masjid, Brts Road, Danilimda, Ahmedabad, Distt.- Ahmedabad, Gujarat, Pin Code- 380022",The Gujarat Sarvajanik Welfare Trust,Ahmedabad,Gujarat,Private,ANM,30 (Thirty),2025-2026,11,https://online.indiannursingcouncil.org/Reports/YearlyReportByState.aspx,2026-09-11T11:14:23.333461
3,Shama General Nursing School,"Shama General Nursing School, Nr. Pirkamal Masjid, Brts Road, Danilimda, Ahmedabad, Distt.- Ahmedabad, Gujarat, Pin Code- 380022",The Gujarat Sarvajanik Welfare Trust,Ahmedabad,Gujarat,Private,GNM,60 (Sixty),2025-2026,11,https://online.indiannursingcouncil.org/Reports/YearlyReportByState.aspx,2026-09-11T11:14:23.333461
3,Shama General Nursing School,"Shama General Nursing School, Nr. Pirkamal Masjid, Brts Road, Danilimda, Ahmedabad, Distt.- Ahmedabad, Gujarat, Pin Code- 380022",The Gujarat Sarvajanik Welfare Trust,Ahmedabad,Gujarat,Private,B.Sc(N),60 (Sixty),2025-2026,11,https://online.indiannursingcouncil.org/Reports/YearlyReportByState.aspx,2026-09-11T11:14:23.333461
4,Sharda Institute Of Nursing,"Sharda Institute Of Nursing, Opp Kailash Dham, Pethapur-Mahudi Road, , Pethapur, Distt.- Gandhinagar, Gujarat, Pin Code- 382610",Shardaben Education Trust,Gandhinagar,Gujarat,Private,GNM,50 (Fifty),2025-2026,11,https://online.indiannursingcouncil.org/Reports/YearlyReportByState.aspx,2026-09-11T11:14:23.333461
5,Shree H N Shukla Nursing Institute,"Shree H N Shukla Nursing Institute, Shree H.N.Shukla College Campus, Near Lalpari Lake, B/H Marketing Yard, Amargadh, Bhichri Rajkot, Rajkot, Distt.- Rajkot, Gujarat, Pin Code- 360003",Saraswati Social And Educational Trust,Rajkot,Gujarat,Private,P B B.Sc(N),30 (Thirty),2025-2026,11,https://online.indiannursingcouncil.org/Reports/YearlyReportByState.aspx,2026-09-11T11:14:23.333461
5,Shree H N Shukla Nursing Institute,"Shree H N Shukla Nursing Institute, Shree H.N.Shukla College Campus, Near Lalpari Lake, B/H Marketing Yard, Amargadh, Bhichri Rajkot, Rajkot, Distt.- Rajkot, Gujarat, Pin Code- 360003",Saraswati Social And Educational Trust,Rajkot,Gujarat,Private,ANM,40 (Forty),2025-2026,11,https://online.indiannursingcouncil.org/Reports/YearlyReportByState.aspx,2026-09-11T11:14:23.333461
5,Shree H N Shukla Nursing Institute,"Shree H N Shukla Nursing Institute, Shree H.N.Shukla College Campus, Near Lalpari Lake, B/H Marketing Yard, Amargadh, Bhichri Rajkot, Rajkot, Distt.- Rajkot, Gujarat, Pin Code- 360003",Saraswati Social And Educational Trust,Rajkot,Gujarat,Private,M. Sc (N),21 (Twenty One),2025-2026,11,https://online.indiannursingcouncil.org/Reports/YearlyReportByState.aspx,2026-09-11T11:14:23.333461
5,Shree H N Shukla Nursing Institute,"Shree H N Shukla Nursing Institute, Shree H.N.Shukla College Campus, Near Lalpari Lake, B/H Marketing Yard, Amargadh, Bhichri Rajkot, Rajkot, Distt.- Rajkot, Gujarat, Pin Code- 360003",Saraswati Social And Educational Trust,Rajkot,Gujarat,Private,B.Sc(N),40 (Forty),2025-2026,11,https://online.indiannursingcouncil.org/Reports/YearlyReportByState.aspx,2026-09-11T11:14:23.333461
5,Shree H N Shukla Nursing Institute,"Shree H N Shukla Nursing Institute, Shree H.N.Shukla College Campus, Near Lalpari Lake, B/H Marketing Yard, Amargadh, Bhichri Rajkot, Rajkot, Distt.- Rajkot, Gujarat, Pin Code- 360003",Saraswati Social And Educational Trust,Rajkot,Gujarat,Private,GNM,60 (Sixty),2025-2026,11,https://online.indiannursingcouncil.org/Reports/YearlyReportByState.aspx,2026-09-11T11:14:23.333461
6,Shree Krishna Institute Of Nursing,"Shree Krishna Institute Of Nursing, Bhabhar, Nr, Jalaram Gaushala,Opp.Essar Petrol Pump,Suigam Highway-Bhabhar, Bhabhar, Distt.- Banaskantha, Gujarat, Pin Code- 385320",Rural Development And Research Center,Banaskantha,Gujarat,Private,ANM,20 (Twenty),2025-2026,11,https://online.indiannursingcouncil.org/Reports/YearlyReportByState.aspx,2026-09-11T11:14:23.333461
6,Shree Krishna Institute Of Nursing,"Shree Krishna Institute Of Nursing, Bhabhar, Nr, Jalaram Gaushala,Opp.Essar Petrol Pump,Suigam Highway-Bhabhar, Bhabhar, Distt.- Banaskantha, Gujarat, Pin Code- 385320",Rural Development And Research Center,Banaskantha,Gujarat,Private,GNM,50 (Fifty),2025-2026,11,https://online.indiannursingcouncil.org/Reports/YearlyReportByState.aspx,2026-09-11T11:14:23.333461
6,Shree Krishna Institute Of Nursing,"Shree Krishna Institute Of Nursing, Bhabhar, Nr, Jalaram Gaushala,Opp.Essar Petrol Pump,Suigam Highway-Bhabhar, Bhabhar, Distt.- Banaskantha, Gujarat, Pin Code- 385320",Rural Development And Research Center,Banaskantha,Gujarat,Private,B.Sc(N),50 (Fifty),2025-2026,11,https://online.indiannursingcouncil.org/Reports/YearlyReportByState.aspx,2026-09-11T11:14:23.333461
6,Shree Krishna Institute Of Nursing,"Shree Krishna Institute Of Nursing, Bhabhar, Nr, Jalaram Gaushala,Opp.Essar Petrol Pump,Suigam Highway-Bhabhar, Bhabhar, Distt.- Banaskantha, Gujarat, Pin Code- 385320",Rural Development And Research Center,Banaskantha,Gujarat,Private,M. Sc (N),25 (Twenty Five) 05 In Each,2025-2026,11,https://online.indiannursingcouncil.org/Reports/YearlyReportByState.aspx,2026-09-11T11:14:23.333461
6,Shree Krishna Institute Of Nursing,"Shree Krishna Institute Of Nursing, Bhabhar, Nr, Jalaram Gaushala,Opp.Essar Petrol Pump,Suigam Highway-Bhabhar, Bhabhar, Distt.- Banaskantha, Gujarat, Pin Code- 385320",Rural Development And Research Center,Banaskantha,Gujarat,Private,P B B.Sc(N),20 (Twenty),2025-2026,11,https://online.indiannursingcouncil.org/Reports/YearlyReportByState.aspx,2026-09-11T11:14:23.333461
7,Shree Laxmipati Mahavir Nursing School,"Shree Laxmipati Mahavir Nursing School, Mahavir General Hospital, Chhapgar Sheri, Sagrampura, Surat, Distt.- Surat, Gujarat, Pin Code- 395002",Shree Mahavir Health And Medical Relief Society,Surat,Gujarat,Private,GNM,50 (Fifty),2025-2026,11,https://online.indiannursingcouncil.org/Reports/YearlyReportByState.aspx,2026-09-11T11:14:23.333461
8,Shree N L Amodra Institute Of Nursing,"Shree N L Amodra Institute Of Nursing, Shree S.S. Sankul Gurukul Charadva, Surendranagar, Charadva, Distt.- Morbi, Gujarat, Pin Code- 363330",Shree Radhakrushna Gau Seva Trust,Morbi,Gujarat,Private,ANM,30 (Thirty),2025-2026,11,https://online.indiannursingcouncil.org/Reports/YearlyReportByState.aspx,2026-09-11T11:14:23.333461
8,Shree N L Amodra Institute Of Nursing,"Shree N L Amodra Institute Of Nursing, Shree S.S. Sankul Gurukul Charadva, Surendranagar, Charadva, Distt.- Morbi, Gujarat, Pin Code- 363330",Shree Radhakrushna Gau Seva Trust,Morbi,Gujarat,Private,GNM,20 (Twenty),2025-2026,11,https://online.indiannursingcouncil.org/Reports/YearlyReportByState.aspx,2026-09-11T11:14:23.333461
9,Shree Nootan Kelavani Mandal,"Shree Nootan Kelavani Mandal, Dr. Moghabhai Vidyasankul, Shri Morarji Nagar, Tithal Road,, Valsad, Distt.- Valsad, Gujarat, Pin Code- 396001",Shree Nootan Kelavani Mandal,Valsad,Gujarat,Private,GNM,50 (Fifty),2025-2026,11,https://online.indiannursingcouncil.org/Reports/YearlyReportByState.aspx,2026-09-11T11:14:23.333461
10,Shree Radhagovind College Of Nursing,"Shree Radhagovind College Of Nursing, At. & Po. Ninat, Via. Sarbhon, Ta. Bardoli, Dist. Surat, Bardoli, Distt.- Surat, Gujarat, Pin Code- 394350",Shri Radhagovind Education And Charitable Trust,Surat,Gujarat,Private,GNM,40 (Forty),2025-2026,11,https://online.indiannursingcouncil.org/Reports/YearlyReportByState.aspx,2026-09-11T11:14:23.333461
11,Shree Rajiben Gandalal Patel General Nursing School,"Shree Rajiben Gandalal Patel General Nursing School, Kadi-Kalyanapura Road, Nanikadi, Vill.- Kadi, Tehsil- Kadi, Distt.- Mehsana, Gujarat, Pin Code- 382715",Shree Saraswati Kanya Kelavani Mandal,Mehsana,Gujarat,Private,GNM,40 (Forty),2025-2026,11,https://online.indiannursingcouncil.org/Reports/YearlyReportByState.aspx,2026-09-11T11:14:23.333461
11,Shree Rajiben Gandalal Patel General Nursing School,"Shree Rajiben Gandalal Patel General Nursing School, Kadi-Kalyanapura Road, Nanikadi, Vill.- Kadi, Tehsil- Kadi, Distt.- Mehsana, Gujarat, Pin Code- 382715",Shree Saraswati Kanya Kelavani Mandal,Mehsana,Gujarat,Private,M. Sc (N),"10 (Ten) Obg-04, Chn-03, Psy-03",2025-2026,11,https://online.indiannursingcouncil.org/Reports/YearlyReportByState.aspx,2026-09-11T11:14:23.333461
11,Shree Rajiben Gandalal Patel General Nursing School,"Shree Rajiben Gandalal Patel General Nursing School, Kadi-Kalyanapura Road, Nanikadi, Vill.- Kadi, Tehsil- Kadi, Distt.- Mehsana, Gujarat, Pin Code- 382715",Shree Saraswati Kanya Kelavani Mandal,Mehsana,Gujarat,Private,B.Sc(N),30 (Thirty),2025-2026,11,https://online.indiannursingcouncil.org/Reports/YearlyReportByState.aspx,2026-09-11T11:14:23.333461
12,Shree Sai School Of Nursing,"Shree Sai School Of Nursing, Shree Swaminarayan Gurukul Campus Kansa N.A., Kansa Road, Visnagar, Distt.- Mehsana, Gujarat, Pin Code- 384315",Aum Shri Sai Krupa Trust Visnagar,Mehsana,Gujarat,Private,GNM,50 (Fifty),2025-2026,11,https://online.indiannursingcouncil.org/Reports/YearlyReportByState.aspx,2026-09-11T11:14:23.333461
12,Shree Sai School Of Nursing,"Shree Sai School Of Nursing, Shree Swaminarayan Gurukul Campus Kansa N.A., Kansa Road, Visnagar, Distt.- Mehsana, Gujarat, Pin Code- 384315",Aum Shri Sai Krupa Trust Visnagar,Mehsana,Gujarat,Private,ANM,20 (Twenty),2025-2026,11,https://online.indiannursingcouncil.org/Reports/YearlyReportByState.aspx,2026-09-11T11:14:23.333461
13,Shree Saraswati Anm School,"Shree Saraswati Anm School, Shree Saraswati Vidyapith-Bhutvad,Near Bhutvad Patiya,Dhoraji Jetpur Highway, , Dhoraji, Distt.- Rajkot, Gujarat, Pin Code- 360410",Late Ratilal Vaghasiya Smarak Trust,Rajkot,Gujarat,Private,ANM,30 (Thirty),2025-2026,11,https://online.indiannursingcouncil.org/Reports/YearlyReportByState.aspx,2026-09-11T11:14:23.333461
1,Shree Saraswati Anm School,"Shree Saraswati Anm School, Shree Saraswati Vidyapith-Bhutvad,Near Bhutvad Patiya,Dhoraji Jetpur Highway, , Dhoraji, Distt.- Rajkot, Gujarat, Pin Code- 360410",Late Ratilal Vaghasiya Smarak Trust,Rajkot,Gujarat,Private,B.Sc(N),40 (Forty),2025-2026,12,https://online.indiannursingcouncil.org/Reports/YearlyReportByState.aspx,2026-09-11T11:14:31.064736
2,Shree Sarswati College Of Nursing,"Shree Sarswati College Of Nursing, Near Railway Station, Girgadhada, Distt.- Gir Somnath, Gujarat, Pin Code- 362530",Shree N V Joshi Education Trust,Gir Somnath,Gujarat,Private,ANM,30 (Thirty),2025-2026,12,https://online.indiannursingcouncil.org/Reports/YearlyReportByState.aspx,2026-09-11T11:14:31.064736
3,Shree Shankar School Of Nursing,"Shree Shankar School Of Nursing, At-Manud,Manud-Lanava Road , Manud, Distt.- Patan, Gujarat, Pin Code- 384260",Shree Shankar Institute Of Education Society,Patan,Gujarat,Private,ANM,30 (Thirty),2025-2026,12,https://online.indiannursingcouncil.org/Reports/YearlyReportByState.aspx,2026-09-11T11:14:31.064736
3,Shree Shankar School Of Nursing,"Shree Shankar School Of Nursing, At-Manud,Manud-Lanava Road , Manud, Distt.- Patan, Gujarat, Pin Code- 384260",Shree Shankar Institute Of Education Society,Patan,Gujarat,Private,GNM,40 (Forty),2025-2026,12,https://online.indiannursingcouncil.org/Reports/YearlyReportByState.aspx,2026-09-11T11:14:31.064736
4,Shree Swaminarayan College Of Nursing,"Shree Swaminarayan College Of Nursing, Shree Swaminarayan Vishvamangal Gurukul, Ahmedabad-Mahesana Highway, At & Post Saij, Kalol, Distt.- Gandhinagar, Gujarat, Pin Code- 382725",Shree Swaminarayan Vishvamangal Gurukul Kalol,Gandhinagar,Gujarat,Private,ANM,20 (Twenty),2025-2026,12,https://online.indiannursingcouncil.org/Reports/YearlyReportByState.aspx,2026-09-11T11:14:31.064736
4,Shree Swaminarayan College Of Nursing,"Shree Swaminarayan College Of Nursing, Shree Swaminarayan Vishvamangal Gurukul, Ahmedabad-Mahesana Highway, At & Post Saij, Kalol, Distt.- Gandhinagar, Gujarat, Pin Code- 382725",Shree Swaminarayan Vishvamangal Gurukul Kalol,Gandhinagar,Gujarat,Private,GNM,100 (One Hundred),2025-2026,12,https://online.indiannursingcouncil.org/Reports/YearlyReportByState.aspx,2026-09-11T11:14:31.064736
4,Shree Swaminarayan College Of Nursing,"Shree Swaminarayan College Of Nursing, Shree Swaminarayan Vishvamangal Gurukul, Ahmedabad-Mahesana Highway, At & Post Saij, Kalol, Distt.- Gandhinagar, Gujarat, Pin Code- 382725",Shree Swaminarayan Vishvamangal Gurukul Kalol,Gandhinagar,Gujarat,Private,B.Sc(N),100 (One Hundred),2025-2026,12,https://online.indiannursingcouncil.org/Reports/YearlyReportByState.aspx,2026-09-11T11:14:31.064736
4,Shree Swaminarayan College Of Nursing,"Shree Swaminarayan College Of Nursing, Shree Swaminarayan Vishvamangal Gurukul, Ahmedabad-Mahesana Highway, At & Post Saij, Kalol, Distt.- Gandhinagar, Gujarat, Pin Code- 382725",Shree Swaminarayan Vishvamangal Gurukul Kalol,Gandhinagar,Gujarat,Private,M. Sc (N),25 (Twenty Five),2025-2026,12,https://online.indiannursingcouncil.org/Reports/YearlyReportByState.aspx,2026-09-11T11:14:31.064736
4,Shree Swaminarayan College Of Nursing,"Shree Swaminarayan College Of Nursing, Shree Swaminarayan Vishvamangal Gurukul, Ahmedabad-Mahesana Highway, At & Post Saij, Kalol, Distt.- Gandhinagar, Gujarat, Pin Code- 382725",Shree Swaminarayan Vishvamangal Gurukul Kalol,Gandhinagar,Gujarat,Private,P B B.Sc(N),50 (Fifty),2025-2026,12,https://online.indiannursingcouncil.org/Reports/YearlyReportByState.aspx,2026-09-11T11:14:31.064736
5,Shree Swaminarayan Gurukul Nursing College,"Shree Swaminarayan Gurukul Nursing College, Jamnagar-Okha State Highway, Near Civil Airport Road, Naghedi, Jamnagar, Distt.- Jamnagar, Gujarat, Pin Code- 361006",Shree Swaminarayan Samaj Seva Trust,Jamnagar,Gujarat,Private,P B B.Sc(N),40 (Forty),2025-2026,12,https://online.indiannursingcouncil.org/Reports/YearlyReportByState.aspx,2026-09-11T11:14:31.064736
5,Shree Swaminarayan Gurukul Nursing College,"Shree Swaminarayan Gurukul Nursing College, Jamnagar-Okha State Highway, Near Civil Airport Road, Naghedi, Jamnagar, Distt.- Jamnagar, Gujarat, Pin Code- 361006",Shree Swaminarayan Samaj Seva Trust,Jamnagar,Gujarat,Private,B.Sc(N),50 (Fifty),2025-2026,12,https://online.indiannursingcouncil.org/Reports/YearlyReportByState.aspx,2026-09-11T11:14:31.064736
5,Shree Swaminarayan Gurukul Nursing College,"Shree Swaminarayan Gurukul Nursing College, Jamnagar-Okha State Highway, Near Civil Airport Road, Naghedi, Jamnagar, Distt.- Jamnagar, Gujarat, Pin Code- 361006",Shree Swaminarayan Samaj Seva Trust,Jamnagar,Gujarat,Private,M. Sc (N),25 (Twenty Five) Med Surg-05 Obg -04 Chn-06 Paed-05 Psy-05,2025-2026,12,https://online.indiannursingcouncil.org/Reports/YearlyReportByState.aspx,2026-09-11T11:14:31.064736
5,Shree Swaminarayan Gurukul Nursing College,"Shree Swaminarayan Gurukul Nursing College, Jamnagar-Okha State Highway, Near Civil Airport Road, Naghedi, Jamnagar, Distt.- Jamnagar, Gujarat, Pin Code- 361006",Shree Swaminarayan Samaj Seva Trust,Jamnagar,Gujarat,Private,ANM,50 (Fifty),2025-2026,12,https://online.indiannursingcouncil.org/Reports/YearlyReportByState.aspx,2026-09-11T11:14:31.064736
5,Shree Swaminarayan Gurukul Nursing College,"Shree Swaminarayan Gurukul Nursing College, Jamnagar-Okha State Highway, Near Civil Airport Road, Naghedi, Jamnagar, Distt.- Jamnagar, Gujarat, Pin Code- 361006",Shree Swaminarayan Samaj Seva Trust,Jamnagar,Gujarat,Private,GNM,50 (Fifty),2025-2026,12,https://online.indiannursingcouncil.org/Reports/YearlyReportByState.aspx,2026-09-11T11:14:31.064736
6,Shree Swaminarayan Nursing College,"Shree Swaminarayan Nursing College, Shree Swaminarayan Gurukul Campus, Tankhla Road, Kevadia Colony ( Ektanagar) Ta. Garudeshwar. Dist. Narmada., Kevadia Colony, Ekta Nagar, Distt.- Narmada, Gujara",Satsang Shiksha Parishad,Narmada,Gujarat,Private,GNM,40 (Forty),2025-2026,12,https://online.indiannursingcouncil.org/Reports/YearlyReportByState.aspx,2026-09-11T11:14:31.064736
6,Shree Swaminarayan Nursing College,"Shree Swaminarayan Nursing College, Shree Swaminarayan Gurukul Campus, Tankhla Road, Kevadia Colony ( Ektanagar) Ta. Garudeshwar. Dist. Narmada., Kevadia Colony, Ekta Nagar, Distt.- Narmada, Gujara",Satsang Shiksha Parishad,Narmada,Gujarat,Private,B.Sc(N),40 (Forty),2025-2026,12,https://online.indiannursingcouncil.org/Reports/YearlyReportByState.aspx,2026-09-11T11:14:31.064736
7,Shree Swaminarayan R P Badiyani And S R Bandiyani Institute Of Nursing,"Shree Swaminarayan R P Badiyani And S R Bandiyani Institute Of Nursing, Chhaya Main Road, Porbandar, Distt.- Porbandar, Gujarat, Pin Code- 360578",Shree Swaminarayan Education And Medicare Foundation,Porbandar,Gujarat,Private,ANM,60 (Sixty),2025-2026,12,https://online.indiannursingcouncil.org/Reports/YearlyReportByState.aspx,2026-09-11T11:14:31.064736
7,Shree Swaminarayan R P Badiyani And S R Bandiyani Institute Of Nursing,"Shree Swaminarayan R P Badiyani And S R Bandiyani Institute Of Nursing, Chhaya Main Road, Porbandar, Distt.- Porbandar, Gujarat, Pin Code- 360578",Shree Swaminarayan Education And Medicare Foundation,Porbandar,Gujarat,Private,GNM,60 (Sixty),2025-2026,12,https://online.indiannursingcouncil.org/Reports/YearlyReportByState.aspx,2026-09-11T11:14:31.064736
7,Shree Swaminarayan R P Badiyani And S R Bandiyani Institute Of Nursing,"Shree Swaminarayan R P Badiyani And S R Bandiyani Institute Of Nursing, Chhaya Main Road, Porbandar, Distt.- Porbandar, Gujarat, Pin Code- 360578",Shree Swaminarayan Education And Medicare Foundation,Porbandar,Gujarat,Private,B.Sc(N),60 (Sixty),2025-2026,12,https://online.indiannursingcouncil.org/Reports/YearlyReportByState.aspx,2026-09-11T11:14:31.064736
7,Shree Swaminarayan R P Badiyani And S R Bandiyani Institute Of Nursing,"Shree Swaminarayan R P Badiyani And S R Bandiyani Institute Of Nursing, Chhaya Main Road, Porbandar, Distt.- Porbandar, Gujarat, Pin Code- 360578",Shree Swaminarayan Education And Medicare Foundation,Porbandar,Gujarat,Private,M. Sc (N),"25 (Twenty Five) Med.-Surg- 07, Obg-07, Psy-07, Chn-04",2025-2026,12,https://online.indiannursingcouncil.org/Reports/YearlyReportByState.aspx,2026-09-11T11:14:31.064736
8,Shree Umiya K.V.C Nursing College,"Shree Umiya K.V.C Nursing College, Shree Umiya Campus,Near Bhagvat Vidhyapeeth,Sarkhej Gandhinagar Highway,Sola,Ahmedabad, Ahmedabad, Distt.- Ahmedabad, Gujarat, Pin Code- 380060",Shree Umiya Kvc Education Trust,Ahmedabad,Gujarat,Private,GNM,60 (Sixty),2025-2026,12,https://online.indiannursingcouncil.org/Reports/YearlyReportByState.aspx,2026-09-11T11:14:31.064736
8,Shree Umiya K.V.C Nursing College,"Shree Umiya K.V.C Nursing College, Shree Umiya Campus,Near Bhagvat Vidhyapeeth,Sarkhej Gandhinagar Highway,Sola,Ahmedabad, Ahmedabad, Distt.- Ahmedabad, Gujarat, Pin Code- 380060",Shree Umiya Kvc Education Trust,Ahmedabad,Gujarat,Private,B.Sc(N),50 (Fifty),2025-2026,12,https://online.indiannursingcouncil.org/Reports/YearlyReportByState.aspx,2026-09-11T11:14:31.064736
9,Shrey Institute Of Nursing And Allied Sciences,"Shrey Institute Of Nursing And Allied Sciences, Plot No 244/B/Part, Nr. Ambika Party Plot, Opp. A E C, Sola Cross Road,Naranpura, Ahmedabad , Distt.- Bhavnagar, Gujarat, Pin Code- 380013",Shrey Hospitals Pvt Ltd,Bhavnagar,Gujarat,Private,GNM,50 (Fifty),2025-2026,12,https://online.indiannursingcouncil.org/Reports/YearlyReportByState.aspx,2026-09-11T11:14:31.064736
9,Shrey Institute Of Nursing And Allied Sciences,"Shrey Institute Of Nursing And Allied Sciences, Plot No 244/B/Part, Nr. Ambika Party Plot, Opp. A E C, Sola Cross Road,Naranpura, Ahmedabad , Distt.- Bhavnagar, Gujarat, Pin Code- 380013",Shrey Hospitals Pvt Ltd,Bhavnagar,Gujarat,Private,B.Sc(N),50 (Fifty),2025-2026,12,https://online.indiannursingcouncil.org/Reports/YearlyReportByState.aspx,2026-09-11T11:14:31.064736
9,Shrey Institute Of Nursing And Allied Sciences,"Shrey Institute Of Nursing And Allied Sciences, Plot No 244/B/Part, Nr. Ambika Party Plot, Opp. A E C, Sola Cross Road,Naranpura, Ahmedabad , Distt.- Bhavnagar, Gujarat, Pin Code- 380013",Shrey Hospitals Pvt Ltd,Bhavnagar,Gujarat,Private,M. Sc (N),25 (Twenty Five) : 5 IN EACH SPECIALITY,2025-2026,12,https://online.indiannursingcouncil.org/Reports/YearlyReportByState.aspx,2026-09-11T11:14:31.064736
9,Shrey Institute Of Nursing And Allied Sciences,"Shrey Institute Of Nursing And Allied Sciences, Plot No 244/B/Part, Nr. Ambika Party Plot, Opp. A E C, Sola Cross Road,Naranpura, Ahmedabad , Distt.- Bhavnagar, Gujarat, Pin Code- 380013",Shrey Hospitals Pvt Ltd,Bhavnagar,Gujarat,Private,P B B.Sc(N),50 (Fifty),2025-2026,12,https://online.indiannursingcouncil.org/Reports/YearlyReportByState.aspx,2026-09-11T11:14:31.064736
10,Shri Anand Institute Of Nursing,"Shri Anand Institute Of Nursing, Plot No.1,2,3,4, Opp. Ganteshwar Park, Behind Sainik Society, Rajkot-Jamanagar Highway, Rajkot, Distt.- Rajkot, Gujarat, Pin Code- 360006",Sumangalam Education And Charitable Trust,Rajkot,Gujarat,Private,ANM,40 (Forty),2025-2026,12,https://online.indiannursingcouncil.org/Reports/YearlyReportByState.aspx,2026-09-11T11:14:31.064736
10,Shri Anand Institute Of Nursing,"Shri Anand Institute Of Nursing, Plot No.1,2,3,4, Opp. Ganteshwar Park, Behind Sainik Society, Rajkot-Jamanagar Highway, Rajkot, Distt.- Rajkot, Gujarat, Pin Code- 360006",Sumangalam Education And Charitable Trust,Rajkot,Gujarat,Private,GNM,60 (Sixty),2025-2026,12,https://online.indiannursingcouncil.org/Reports/YearlyReportByState.aspx,2026-09-11T11:14:31.064736
10,Shri Anand Institute Of Nursing,"Shri Anand Institute Of Nursing, Plot No.1,2,3,4, Opp. Ganteshwar Park, Behind Sainik Society, Rajkot-Jamanagar Highway, Rajkot, Distt.- Rajkot, Gujarat, Pin Code- 360006",Sumangalam Education And Charitable Trust,Rajkot,Gujarat,Private,B.Sc(N),60 (Sixty),2025-2026,12,https://online.indiannursingcouncil.org/Reports/YearlyReportByState.aspx,2026-09-11T11:14:31.064736
10,Shri Anand Institute Of Nursing,"Shri Anand Institute Of Nursing, Plot No.1,2,3,4, Opp. Ganteshwar Park, Behind Sainik Society, Rajkot-Jamanagar Highway, Rajkot, Distt.- Rajkot, Gujarat, Pin Code- 360006",Sumangalam Education And Charitable Trust,Rajkot,Gujarat,Private,M. Sc (N),30 (Thirty) 6 In Each Speciality,2025-2026,12,https://online.indiannursingcouncil.org/Reports/YearlyReportByState.aspx,2026-09-11T11:14:31.064736
1,Shri Anand Institute Of Nursing,"Shri Anand Institute Of Nursing, Plot No.1,2,3,4, Opp. Ganteshwar Park, Behind Sainik Society, Rajkot-Jamanagar Highway, Rajkot, Distt.- Rajkot, Gujarat, Pin Code- 360006",Sumangalam Education And Charitable Trust,Rajkot,Gujarat,Private,P B B.Sc(N),40 (Forty),2025-2026,13,https://online.indiannursingcouncil.org/Reports/YearlyReportByState.aspx,2026-09-11T11:14:39.020882
2,Shri Brahmanand B.Sc.Nursing College,"Shri Brahmanand B.Sc.Nursing College, Brahmanand Dham, Chaparda, Chaparda , Distt.- Junagadh, Gujarat, Pin Code- 362120",Brahmchari Shri Bhagavatinandji Education Trust,Junagadh,Gujarat,Private,B.Sc(N),60 (Sixty),2025-2026,13,https://online.indiannursingcouncil.org/Reports/YearlyReportByState.aspx,2026-09-11T11:14:39.020882
2,Shri Brahmanand B.Sc.Nursing College,"Shri Brahmanand B.Sc.Nursing College, Brahmanand Dham, Chaparda, Chaparda , Distt.- Junagadh, Gujarat, Pin Code- 362120",Brahmchari Shri Bhagavatinandji Education Trust,Junagadh,Gujarat,Private,GNM,60 (Sixty),2025-2026,13,https://online.indiannursingcouncil.org/Reports/YearlyReportByState.aspx,2026-09-11T11:14:39.020882
3,Shri Daya Man Institute Of Nursing & Research,"Shri Daya Man Institute Of Nursing & Research, Lakha Baval Road, Okha State Highway, Lakhabaval, Distt.- Jamnagar, Gujarat, Pin Code- 361006",Shri Krishna Education Foundation Trust,Jamnagar,Gujarat,Private,ANM,30 (Thirty),2025-2026,13,https://online.indiannursingcouncil.org/Reports/YearlyReportByState.aspx,2026-09-11T11:14:39.020882
4,Shri H V Mehta Institute Of Nursing,"Shri H V Mehta Institute Of Nursing, Gardi Vidyapith Campus, Opp.Aarya Club, Kalawad Road,, Rajkot, Distt.- Rajkot, Gujarat, Pin Code- 360005",Smt. T.V. Mehta Charitable Foundation,Rajkot,Gujarat,Private,GNM,60 (Sixty),2025-2026,13,https://online.indiannursingcouncil.org/Reports/YearlyReportByState.aspx,2026-09-11T11:14:39.020882
4,Shri H V Mehta Institute Of Nursing,"Shri H V Mehta Institute Of Nursing, Gardi Vidyapith Campus, Opp.Aarya Club, Kalawad Road,, Rajkot, Distt.- Rajkot, Gujarat, Pin Code- 360005",Smt. T.V. Mehta Charitable Foundation,Rajkot,Gujarat,Private,B.Sc(N),60 (Sixty),2025-2026,13,https://online.indiannursingcouncil.org/Reports/YearlyReportByState.aspx,2026-09-11T11:14:39.020882
4,Shri H V Mehta Institute Of Nursing,"Shri H V Mehta Institute Of Nursing, Gardi Vidyapith Campus, Opp.Aarya Club, Kalawad Road,, Rajkot, Distt.- Rajkot, Gujarat, Pin Code- 360005",Smt. T.V. Mehta Charitable Foundation,Rajkot,Gujarat,Private,P B B.Sc(N),50 (Fifty),2025-2026,13,https://online.indiannursingcouncil.org/Reports/YearlyReportByState.aspx,2026-09-11T11:14:39.020882
5,Shri Hansarajbhai Savajibhai Radadiya Nursing College,"Shri Hansarajbhai Savajibhai Radadiya Nursing College, At- Kalavad Road, Tehsil-Jamkandorna, , Distt.- Rajkot, Gujarat, Pin Code- 360405",Shri Patel Kelavani Mandal,Rajkot,Gujarat,Private,GNM,50 (Fifty),2025-2026,13,https://online.indiannursingcouncil.org/Reports/YearlyReportByState.aspx,2026-09-11T11:14:39.020882
5,Shri Hansarajbhai Savajibhai Radadiya Nursing College,"Shri Hansarajbhai Savajibhai Radadiya Nursing College, At- Kalavad Road, Tehsil-Jamkandorna, , Distt.- Rajkot, Gujarat, Pin Code- 360405",Shri Patel Kelavani Mandal,Rajkot,Gujarat,Private,B.Sc(N),50 (Fifty),2025-2026,13,https://online.indiannursingcouncil.org/Reports/YearlyReportByState.aspx,2026-09-11T11:14:39.020882
5,Shri Hansarajbhai Savajibhai Radadiya Nursing College,"Shri Hansarajbhai Savajibhai Radadiya Nursing College, At- Kalavad Road, Tehsil-Jamkandorna, , Distt.- Rajkot, Gujarat, Pin Code- 360405",Shri Patel Kelavani Mandal,Rajkot,Gujarat,Private,P B B.Sc(N),20 (Twenty),2025-2026,13,https://online.indiannursingcouncil.org/Reports/YearlyReportByState.aspx,2026-09-11T11:14:39.020882
6,Shri Maharshi Dayanand Saraswati Nursing School,"Shri Maharshi Dayanand Saraswati Nursing School, Behind Parikh D D Kanya Vidyalaya, Opp. Doshabhai Bug, Station Road, Visnagar, Distt.- Mehsana, Gujarat, Pin Code- 384315",Shri Maharshi Dayanand Saraswati Kelvani Mandal,Mehsana,Gujarat,Private,ANM,30 (Thirty),2025-2026,13,https://online.indiannursingcouncil.org/Reports/YearlyReportByState.aspx,2026-09-11T11:14:39.020882
6,Shri Maharshi Dayanand Saraswati Nursing School,"Shri Maharshi Dayanand Saraswati Nursing School, Behind Parikh D D Kanya Vidyalaya, Opp. Doshabhai Bug, Station Road, Visnagar, Distt.- Mehsana, Gujarat, Pin Code- 384315",Shri Maharshi Dayanand Saraswati Kelvani Mandal,Mehsana,Gujarat,Private,GNM,40 (Forty),2025-2026,13,https://online.indiannursingcouncil.org/Reports/YearlyReportByState.aspx,2026-09-11T11:14:39.020882
7,Siddhi Vinayak Nursing Institute,"Siddhi Vinayak Nursing Institute, Vadabazar Road, B/H City Pointhotel,, Dakor, Distt.- Kheda, Gujarat, Pin Code- 388225",Manek Nivas Dharmashala Trust,Kheda,Gujarat,Private,ANM,40 (Forty),2025-2026,13,https://online.indiannursingcouncil.org/Reports/YearlyReportByState.aspx,2026-09-11T11:14:39.020882
8,Sigma Institute Of Nursing,"Sigma Institute Of Nursing, At-Bakrol, Ajwa-Nimeta Road, Opp. Madhavnagar Bus Stand, Vadodara, Distt.- Vadodara, Gujarat, Pin Code- 390019",Sigma Institute Of Technology And Engineering,Vadodara,Gujarat,Private,ANM,20 (Twenty),2025-2026,13,https://online.indiannursingcouncil.org/Reports/YearlyReportByState.aspx,2026-09-11T11:14:39.020882
8,Sigma Institute Of Nursing,"Sigma Institute Of Nursing, At-Bakrol, Ajwa-Nimeta Road, Opp. Madhavnagar Bus Stand, Vadodara, Distt.- Vadodara, Gujarat, Pin Code- 390019",Sigma Institute Of Technology And Engineering,Vadodara,Gujarat,Private,GNM,40 (Forty),2025-2026,13,https://online.indiannursingcouncil.org/Reports/YearlyReportByState.aspx,2026-09-11T11:14:39.020882
8,Sigma Institute Of Nursing,"Sigma Institute Of Nursing, At-Bakrol, Ajwa-Nimeta Road, Opp. Madhavnagar Bus Stand, Vadodara, Distt.- Vadodara, Gujarat, Pin Code- 390019",Sigma Institute Of Technology And Engineering,Vadodara,Gujarat,Private,B.Sc(N),40 (Forty),2025-2026,13,https://online.indiannursingcouncil.org/Reports/YearlyReportByState.aspx,2026-09-11T11:14:39.020882
9,Silver Oak College Of Nursing,"Silver Oak College Of Nursing, Nr. Bhavik Publications, Nr. Gota Cross Road, Opp. Bhagwat Vidyapith, S.G. Road, Gota, Ahmedabad, Distt.- Ahmedabad, Gujarat, Pin Code- 382481",Silver Oak Campus And Research Foundation,Ahmedabad,Gujarat,Private,GNM,50 (Fifty),2025-2026,13,https://online.indiannursingcouncil.org/Reports/YearlyReportByState.aspx,2026-09-11T11:14:39.020882
9,Silver Oak College Of Nursing,"Silver Oak College Of Nursing, Nr. Bhavik Publications, Nr. Gota Cross Road, Opp. Bhagwat Vidyapith, S.G. Road, Gota, Ahmedabad, Distt.- Ahmedabad, Gujarat, Pin Code- 382481",Silver Oak Campus And Research Foundation,Ahmedabad,Gujarat,Private,B.Sc(N),50 (Fifty),2025-2026,13,https://online.indiannursingcouncil.org/Reports/YearlyReportByState.aspx,2026-09-11T11:14:39.020882
10,Sir Partap General Hospital,"Sir Partap General Hospital, Sir Pratap General Hospital Campus , Himatnagar , Distt.- Sabarkantha, Gujarat, Pin Code- 383001",Government Of Gujarat,Sabarkantha,Gujarat,Government,GNM,50 (Fifty),2025-2026,13,https://online.indiannursingcouncil.org/Reports/YearlyReportByState.aspx,2026-09-11T11:14:39.020882
11,Smt. Nirmala Gajwani School Of Nursing,"Smt. Nirmala Gajwani School Of Nursing, Plot No 2, Dc-3 Gajwani Education Campus, Gajwani Road , Adipur, Distt.- Kachchh, Gujarat, Pin Code- 370205",Shri Kutch District Samaj Kalyan Mandal,Kachchh,Gujarat,Private,ANM,20 (Twenty),2025-2026,13,https://online.indiannursingcouncil.org/Reports/YearlyReportByState.aspx,2026-09-11T11:14:39.020882
11,Smt. Nirmala Gajwani School Of Nursing,"Smt. Nirmala Gajwani School Of Nursing, Plot No 2, Dc-3 Gajwani Education Campus, Gajwani Road , Adipur, Distt.- Kachchh, Gujarat, Pin Code- 370205",Shri Kutch District Samaj Kalyan Mandal,Kachchh,Gujarat,Private,GNM,40 (Forty),2025-2026,13,https://online.indiannursingcouncil.org/Reports/YearlyReportByState.aspx,2026-09-11T11:14:39.020882
12,Smt. P J Institute Of Nursing,"Smt. P J Institute Of Nursing, Plot No. 134-135/Sardar Patel-2, Society,Iscon Club Road, Nr. Jewels Circal, Bhavnagar, Distt.- Bhavnagar, Gujarat, Pin Code- 364004",Astitva Charitable Trust,Bhavnagar,Gujarat,Private,ANM,40 (Forty),2025-2026,13,https://online.indiannursingcouncil.org/Reports/YearlyReportByState.aspx,2026-09-11T11:14:39.020882
12,Smt. P J Institute Of Nursing,"Smt. P J Institute Of Nursing, Plot No. 134-135/Sardar Patel-2, Society,Iscon Club Road, Nr. Jewels Circal, Bhavnagar, Distt.- Bhavnagar, Gujarat, Pin Code- 364004",Astitva Charitable Trust,Bhavnagar,Gujarat,Private,GNM,40 (Forty),2025-2026,13,https://online.indiannursingcouncil.org/Reports/YearlyReportByState.aspx,2026-09-11T11:14:39.020882
13,Sodha School Of Nursing,"Sodha School Of Nursing, Parapipliya, Khanderi Main Road, Oppo. Ahir Kanya Chhatralay, Vill.- Parapipaliya, Tehsil- Rajkot, Distt.- Rajkot, Gujarat, Pin Code- 360006",Sumangalam Education And Charitable Trust,Rajkot,Gujarat,Private,GNM,60 (Sixty),2025-2026,13,https://online.indiannursingcouncil.org/Reports/YearlyReportByState.aspx,2026-09-11T11:14:39.020882
13,Sodha School Of Nursing,"Sodha School Of Nursing, Parapipliya, Khanderi Main Road, Oppo. Ahir Kanya Chhatralay, Vill.- Parapipaliya, Tehsil- Rajkot, Distt.- Rajkot, Gujarat, Pin Code- 360006",Sumangalam Education And Charitable Trust,Rajkot,Gujarat,Private,ANM,50 (Fifty),2025-2026,13,https://online.indiannursingcouncil.org/Reports/YearlyReportByState.aspx,2026-09-11T11:14:39.020882
13,Sodha School Of Nursing,"Sodha School Of Nursing, Parapipliya, Khanderi Main Road, Oppo. Ahir Kanya Chhatralay, Vill.- Parapipaliya, Tehsil- Rajkot, Distt.- Rajkot, Gujarat, Pin Code- 360006",Sumangalam Education And Charitable Trust,Rajkot,Gujarat,Private,B.Sc(N),60 (Sixty),2025-2026,13,https://online.indiannursingcouncil.org/Reports/YearlyReportByState.aspx,2026-09-11T11:14:39.020882
13,Sodha School Of Nursing,"Sodha School Of Nursing, Parapipliya, Khanderi Main Road, Oppo. Ahir Kanya Chhatralay, Vill.- Parapipaliya, Tehsil- Rajkot, Distt.- Rajkot, Gujarat, Pin Code- 360006",Sumangalam Education And Charitable Trust,Rajkot,Gujarat,Private,M. Sc (N),25 (Twenty Five) Med Surg-07 Paed-07 Obg-04 Psy-07,2025-2026,13,https://online.indiannursingcouncil.org/Reports/YearlyReportByState.aspx,2026-09-11T11:14:39.020882
13,Sodha School Of Nursing,"Sodha School Of Nursing, Parapipliya, Khanderi Main Road, Oppo. Ahir Kanya Chhatralay, Vill.- Parapipaliya, Tehsil- Rajkot, Distt.- Rajkot, Gujarat, Pin Code- 360006",Sumangalam Education And Charitable Trust,Rajkot,Gujarat,Private,P B B.Sc(N),40 (Forty),2025-2026,13,https://online.indiannursingcouncil.org/Reports/YearlyReportByState.aspx,2026-09-11T11:14:39.020882
14,Subham Institute Of Nursing Science &Amp; Research Centre,"Subham Institute Of Nursing Science &Amp; Research Centre, Plot No 145/1129, Kalapinagar Last Bus Stop, Asarwa, Ahmedabad, Distt.- Ahmedabad, Gujarat, Pin Code- 380016",Bhimrao Charitable Trust,Ahmedabad,Gujarat,Private,ANM,40 (Forty),2025-2026,13,https://online.indiannursingcouncil.org/Reports/YearlyReportByState.aspx,2026-09-11T11:14:39.020882
14,Subham Institute Of Nursing Science &Amp; Research Centre,"Subham Institute Of Nursing Science &Amp; Research Centre, Plot No 145/1129, Kalapinagar Last Bus Stop, Asarwa, Ahmedabad, Distt.- Ahmedabad, Gujarat, Pin Code- 380016",Bhimrao Charitable Trust,Ahmedabad,Gujarat,Private,GNM,40 (Forty),2025-2026,13,https://online.indiannursingcouncil.org/Reports/YearlyReportByState.aspx,2026-09-11T11:14:39.020882
1,Subodhchandra Ramanlal Kadakia School Of Nursing,"Subodhchandra Ramanlal Kadakia School Of Nursing, Urban Hospital Campus, P B No 156 , Raliyati, Distt.- Dahod, Gujarat, Pin Code- 389157",Health Foundation And Res. Centre,Dahod,Gujarat,Private,GNM,50 (Fifty),2025-2026,14,https://online.indiannursingcouncil.org/Reports/YearlyReportByState.aspx,2026-09-11T11:14:47.040925
2,Sumandeep Nursing School,"Sumandeep Nursing School, At Post Piparia, Waghodia Road, , Vadodara, Distt.- Vadodara, Gujarat, Pin Code- 391760",Km Shah Charitable Trust,Vadodara,Gujarat,Private,ANM,30 (Thirty),2025-2026,14,https://online.indiannursingcouncil.org/Reports/YearlyReportByState.aspx,2026-09-11T11:14:47.040925
2,Sumandeep Nursing School,"Sumandeep Nursing School, At Post Piparia, Waghodia Road, , Vadodara, Distt.- Vadodara, Gujarat, Pin Code- 391760",Km Shah Charitable Trust,Vadodara,Gujarat,Private,GNM,60 (Sixty),2025-2026,14,https://online.indiannursingcouncil.org/Reports/YearlyReportByState.aspx,2026-09-11T11:14:47.040925
2,Sumandeep Nursing School,"Sumandeep Nursing School, At Post Piparia, Waghodia Road, , Vadodara, Distt.- Vadodara, Gujarat, Pin Code- 391760",Km Shah Charitable Trust,Vadodara,Gujarat,Private,B.Sc(N),100 (One Hundred),2025-2026,14,https://online.indiannursingcouncil.org/Reports/YearlyReportByState.aspx,2026-09-11T11:14:47.040925
2,Sumandeep Nursing School,"Sumandeep Nursing School, At Post Piparia, Waghodia Road, , Vadodara, Distt.- Vadodara, Gujarat, Pin Code- 391760",Km Shah Charitable Trust,Vadodara,Gujarat,Private,P B B.Sc(N),40 (Forty),2025-2026,14,https://online.indiannursingcouncil.org/Reports/YearlyReportByState.aspx,2026-09-11T11:14:47.040925
2,Sumandeep Nursing School,"Sumandeep Nursing School, At Post Piparia, Waghodia Road, , Vadodara, Distt.- Vadodara, Gujarat, Pin Code- 391760",Km Shah Charitable Trust,Vadodara,Gujarat,Private,M. Sc (N),40 (Forty) Med-Surg-10 Obg-10 Psy-5 Paed-5 Chn-10,2025-2026,14,https://online.indiannursingcouncil.org/Reports/YearlyReportByState.aspx,2026-09-11T11:14:47.040925
2,Sumandeep Nursing School,"Sumandeep Nursing School, At Post Piparia, Waghodia Road, , Vadodara, Distt.- Vadodara, Gujarat, Pin Code- 391760",Km Shah Charitable Trust,Vadodara,Gujarat,Private,NURSE PRACTITIONER IN CRITICAL CARE(NPCC),10 (Ten),2025-2026,14,https://online.indiannursingcouncil.org/Reports/YearlyReportByState.aspx,2026-09-11T11:14:47.040925
3,Svayambhu Institute Of Nursing,"Svayambhu Institute Of Nursing, Svayambhu Multispeciality Hospital, Vastral Char Rasta, Near S P Ring Road, Ahmedabad, Distt.- Ahmedabad, Gujarat, Pin Code- 382418",Svyambhu Helth Care Foundation,Ahmedabad,Gujarat,Private,B.Sc(N),50 (Fifty),2025-2026,14,https://online.indiannursingcouncil.org/Reports/YearlyReportByState.aspx,2026-09-11T11:14:47.040925
3,Svayambhu Institute Of Nursing,"Svayambhu Institute Of Nursing, Svayambhu Multispeciality Hospital, Vastral Char Rasta, Near S P Ring Road, Ahmedabad, Distt.- Ahmedabad, Gujarat, Pin Code- 382418",Svyambhu Helth Care Foundation,Ahmedabad,Gujarat,Private,GNM,50 (Fifty),2025-2026,14,https://online.indiannursingcouncil.org/Reports/YearlyReportByState.aspx,2026-09-11T11:14:47.040925
4,T T V Institute Of Nursing,"T T V Institute Of Nursing, Ashktashram Complex, Rampura, Surat, Distt.- Surat, Gujarat, Pin Code- 395003",Sheth Dalichand Virchand Shroff Ashaktashram Trust,Surat,Gujarat,Private,M. Sc (N),15 (Fifteen) 03 Each Specialty,2025-2026,14,https://online.indiannursingcouncil.org/Reports/YearlyReportByState.aspx,2026-09-11T11:14:47.040925
4,T T V Institute Of Nursing,"T T V Institute Of Nursing, Ashktashram Complex, Rampura, Surat, Distt.- Surat, Gujarat, Pin Code- 395003",Sheth Dalichand Virchand Shroff Ashaktashram Trust,Surat,Gujarat,Private,P B B.Sc(N),30 (Thirty),2025-2026,14,https://online.indiannursingcouncil.org/Reports/YearlyReportByState.aspx,2026-09-11T11:14:47.040925
4,T T V Institute Of Nursing,"T T V Institute Of Nursing, Ashktashram Complex, Rampura, Surat, Distt.- Surat, Gujarat, Pin Code- 395003",Sheth Dalichand Virchand Shroff Ashaktashram Trust,Surat,Gujarat,Private,GNM,40 (Forty),2025-2026,14,https://online.indiannursingcouncil.org/Reports/YearlyReportByState.aspx,2026-09-11T11:14:47.040925
4,T T V Institute Of Nursing,"T T V Institute Of Nursing, Ashktashram Complex, Rampura, Surat, Distt.- Surat, Gujarat, Pin Code- 395003",Sheth Dalichand Virchand Shroff Ashaktashram Trust,Surat,Gujarat,Private,B.Sc(N),50 (Fifty),2025-2026,14,https://online.indiannursingcouncil.org/Reports/YearlyReportByState.aspx,2026-09-11T11:14:47.040925
5,Takshshila College Of Nursing,"Takshshila College Of Nursing, Sitaram Seva Trust Campus, Opp. Govt. Iti, Valia Netrang Roadat: Valia, Valia, Distt.- Bharuch, Gujarat, Pin Code- 393125",Nijanand Charitable Trust,Bharuch,Gujarat,Private,ANM,30 (Thirty),2025-2026,14,https://online.indiannursingcouncil.org/Reports/YearlyReportByState.aspx,2026-09-11T11:14:47.040925
6,The Cambay General Hospital Nursing School,"The Cambay General Hospital Nursing School, Bethak Road Lal Darwaja,,, Khambhat, Distt.- Anand, Gujarat, Pin Code- 388620",Cambay Medical Relief Society,Anand,Gujarat,Private,ANM,30 (Thirty),2025-2026,14,https://online.indiannursingcouncil.org/Reports/YearlyReportByState.aspx,2026-09-11T11:14:47.040925
7,The Faiz Bright Nursing School,"The Faiz Bright Nursing School, 27 National Highway, Lalpar Ta-Wankaner Di- Morbi , Wankaner, Distt.- Rajkot, Gujarat, Pin Code- 363621",Faiz Educational And Charitable Trust,Rajkot,Gujarat,Private,ANM,30 (Thirty),2025-2026,14,https://online.indiannursingcouncil.org/Reports/YearlyReportByState.aspx,2026-09-11T11:14:47.040925
8,Tirupati School Of Nursing,"Tirupati School Of Nursing, Sharda Mandir Campus,Vinoba Bhave Marg,Salatwada Vadodara, Vadodara, Distt.- Vadodara, Gujarat, Pin Code- 390001",Balaji Foundation,Vadodara,Gujarat,Private,ANM,20 (Twenty),2025-2026,14,https://online.indiannursingcouncil.org/Reports/YearlyReportByState.aspx,2026-09-11T11:14:47.040925
8,Tirupati School Of Nursing,"Tirupati School Of Nursing, Sharda Mandir Campus,Vinoba Bhave Marg,Salatwada Vadodara, Vadodara, Distt.- Vadodara, Gujarat, Pin Code- 390001",Balaji Foundation,Vadodara,Gujarat,Private,GNM,50 (Fifty),2025-2026,14,https://online.indiannursingcouncil.org/Reports/YearlyReportByState.aspx,2026-09-11T11:14:47.040925
8,Tirupati School Of Nursing,"Tirupati School Of Nursing, Sharda Mandir Campus,Vinoba Bhave Marg,Salatwada Vadodara, Vadodara, Distt.- Vadodara, Gujarat, Pin Code- 390001",Balaji Foundation,Vadodara,Gujarat,Private,B.Sc(N),40 (Forty),2025-2026,14,https://online.indiannursingcouncil.org/Reports/YearlyReportByState.aspx,2026-09-11T11:14:47.040925
9,Urmila Goswami College Of Nursing,"Urmila Goswami College Of Nursing, At & Post Vahelal, Naroda-Dahegam Road, Ta. Dascroi, Dist. Ahmedabad - 382330, Ahmedabad, Distt.- Ahmedabad, Gujarat, Pin Code- 382330",Shree Monark Education Trust,Ahmedabad,Gujarat,Private,GNM,60 (Sixty),2025-2026,14,https://online.indiannursingcouncil.org/Reports/YearlyReportByState.aspx,2026-09-11T11:14:47.040925
9,Urmila Goswami College Of Nursing,"Urmila Goswami College Of Nursing, At & Post Vahelal, Naroda-Dahegam Road, Ta. Dascroi, Dist. Ahmedabad - 382330, Ahmedabad, Distt.- Ahmedabad, Gujarat, Pin Code- 382330",Shree Monark Education Trust,Ahmedabad,Gujarat,Private,B.Sc(N),60 (Sixty),2025-2026,14,https://online.indiannursingcouncil.org/Reports/YearlyReportByState.aspx,2026-09-11T11:14:47.040925
9,Urmila Goswami College Of Nursing,"Urmila Goswami College Of Nursing, At & Post Vahelal, Naroda-Dahegam Road, Ta. Dascroi, Dist. Ahmedabad - 382330, Ahmedabad, Distt.- Ahmedabad, Gujarat, Pin Code- 382330",Shree Monark Education Trust,Ahmedabad,Gujarat,Private,P B B.Sc(N),40 (Forty),2025-2026,14,https://online.indiannursingcouncil.org/Reports/YearlyReportByState.aspx,2026-09-11T11:14:47.040925
10,Vanita Vishram School Of Nursing,"Vanita Vishram School Of Nursing, Vanita Vishram Campus, Athwa Gate , Surat, Distt.- Surat, Gujarat, Pin Code- 395001",Vanita Vishram Trust,Surat,Gujarat,Private,ANM,40 (Forty),2025-2026,14,https://online.indiannursingcouncil.org/Reports/YearlyReportByState.aspx,2026-09-11T11:14:47.040925
10,Vanita Vishram School Of Nursing,"Vanita Vishram School Of Nursing, Vanita Vishram Campus, Athwa Gate , Surat, Distt.- Surat, Gujarat, Pin Code- 395001",Vanita Vishram Trust,Surat,Gujarat,Private,GNM,30 (Thirty),2025-2026,14,https://online.indiannursingcouncil.org/Reports/YearlyReportByState.aspx,2026-09-11T11:14:47.040925
11,Vatsalya Nursing And Research Institute,"Vatsalya Nursing And Research Institute, Ugat-Bhesan Road, Mora Bhagal, Rander Road, Surat, Distt.- Surat, Gujarat, Pin Code- 395005",South Gujarat Medical Education And Research Center,Surat,Gujarat,Private,GNM,40 (Forty),2025-2026,14,https://online.indiannursingcouncil.org/Reports/YearlyReportByState.aspx,2026-09-11T11:14:47.040925
11,Vatsalya Nursing And Research Institute,"Vatsalya Nursing And Research Institute, Ugat-Bhesan Road, Mora Bhagal, Rander Road, Surat, Distt.- Surat, Gujarat, Pin Code- 395005",South Gujarat Medical Education And Research Center,Surat,Gujarat,Private,B.Sc(N),40 (Forty),2025-2026,14,https://online.indiannursingcouncil.org/Reports/YearlyReportByState.aspx,2026-09-11T11:14:47.040925
12,Vibrant Nursing College,"Vibrant Nursing College, Vibrant Campus,At Po.Masma,Surat-Olpad Road,, Vill.- Masma, Tehsil- Chorasi, Distt.- Surat, Gujarat, Pin Code- 394540",Shree Swaminarayan Education Trust,Surat,Gujarat,Private,ANM,40 (Forty),2025-2026,14,https://online.indiannursingcouncil.org/Reports/YearlyReportByState.aspx,2026-09-11T11:14:47.040925
12,Vibrant Nursing College,"Vibrant Nursing College, Vibrant Campus,At Po.Masma,Surat-Olpad Road,, Vill.- Masma, Tehsil- Chorasi, Distt.- Surat, Gujarat, Pin Code- 394540",Shree Swaminarayan Education Trust,Surat,Gujarat,Private,GNM,60 (Sixty),2025-2026,14,https://online.indiannursingcouncil.org/Reports/YearlyReportByState.aspx,2026-09-11T11:14:47.040925
12,Vibrant Nursing College,"Vibrant Nursing College, Vibrant Campus,At Po.Masma,Surat-Olpad Road,, Vill.- Masma, Tehsil- Chorasi, Distt.- Surat, Gujarat, Pin Code- 394540",Shree Swaminarayan Education Trust,Surat,Gujarat,Private,B.Sc(N),60 (Sixty),2025-2026,14,https://online.indiannursingcouncil.org/Reports/YearlyReportByState.aspx,2026-09-11T11:14:47.040925
12,Vibrant Nursing College,"Vibrant Nursing College, Vibrant Campus,At Po.Masma,Surat-Olpad Road,, Vill.- Masma, Tehsil- Chorasi, Distt.- Surat, Gujarat, Pin Code- 394540",Shree Swaminarayan Education Trust,Surat,Gujarat,Private,M. Sc (N),"10 (Ten) Chn-3, Med-Surg.-4, Pead-3",2025-2026,14,https://online.indiannursingcouncil.org/Reports/YearlyReportByState.aspx,2026-09-11T11:14:47.040925
1,Vibrant Nursing College,"Vibrant Nursing College, Vibrant Campus,At Po.Masma,Surat-Olpad Road,, Vill.- Masma, Tehsil- Chorasi, Distt.- Surat, Gujarat, Pin Code- 394540",Shree Swaminarayan Education Trust,Surat,Gujarat,Private,P B B.Sc(N),20 (Twenty),2025-2026,15,https://online.indiannursingcouncil.org/Reports/YearlyReportByState.aspx,2026-09-11T11:14:54.742934
2,Victoria Jubilee Hospital Trust School Of Nursing,"Victoria Jubilee Hospital Trust School Of Nursing, Opp. Main Railway Station, Railwaypura, Kalupur, Ahmedabad, Distt.- Ahmedabad, Gujarat, Pin Code- 380002",Victoria Jubilee Hospital Trust,Ahmedabad,Gujarat,Private,GNM,40 (Forty),2025-2026,15,https://online.indiannursingcouncil.org/Reports/YearlyReportByState.aspx,2026-09-11T11:14:54.742934
2,Victoria Jubilee Hospital Trust School Of Nursing,"Victoria Jubilee Hospital Trust School Of Nursing, Opp. Main Railway Station, Railwaypura, Kalupur, Ahmedabad, Distt.- Ahmedabad, Gujarat, Pin Code- 380002",Victoria Jubilee Hospital Trust,Ahmedabad,Gujarat,Private,B.Sc(N),35 (Thirty Five),2025-2026,15,https://online.indiannursingcouncil.org/Reports/YearlyReportByState.aspx,2026-09-11T11:14:54.742934
2,Victoria Jubilee Hospital Trust School Of Nursing,"Victoria Jubilee Hospital Trust School Of Nursing, Opp. Main Railway Station, Railwaypura, Kalupur, Ahmedabad, Distt.- Ahmedabad, Gujarat, Pin Code- 380002",Victoria Jubilee Hospital Trust,Ahmedabad,Gujarat,Private,ANM,30 (Thirty),2025-2026,15,https://online.indiannursingcouncil.org/Reports/YearlyReportByState.aspx,2026-09-11T11:14:54.742934
3,Vidhyadeep School Of Nursing,"Vidhyadeep School Of Nursing, Vidhyadeep Campus, At & Po : Anita (Kim), , Surat, Distt.- Surat, Gujarat, Pin Code- 394110",Vidhyadeep Charitable Trust,Surat,Gujarat,Private,ANM,40 (Forty),2025-2026,15,https://online.indiannursingcouncil.org/Reports/YearlyReportByState.aspx,2026-09-11T11:14:54.742934
3,Vidhyadeep School Of Nursing,"Vidhyadeep School Of Nursing, Vidhyadeep Campus, At & Po : Anita (Kim), , Surat, Distt.- Surat, Gujarat, Pin Code- 394110",Vidhyadeep Charitable Trust,Surat,Gujarat,Private,GNM,40 (Forty),2025-2026,15,https://online.indiannursingcouncil.org/Reports/YearlyReportByState.aspx,2026-09-11T11:14:54.742934
3,Vidhyadeep School Of Nursing,"Vidhyadeep School Of Nursing, Vidhyadeep Campus, At & Po : Anita (Kim), , Surat, Distt.- Surat, Gujarat, Pin Code- 394110",Vidhyadeep Charitable Trust,Surat,Gujarat,Private,B.Sc(N),40 (Forty),2025-2026,15,https://online.indiannursingcouncil.org/Reports/YearlyReportByState.aspx,2026-09-11T11:14:54.742934
3,Vidhyadeep School Of Nursing,"Vidhyadeep School Of Nursing, Vidhyadeep Campus, At & Po : Anita (Kim), , Surat, Distt.- Surat, Gujarat, Pin Code- 394110",Vidhyadeep Charitable Trust,Surat,Gujarat,Private,M. Sc (N),30 (Thirty),2025-2026,15,https://online.indiannursingcouncil.org/Reports/YearlyReportByState.aspx,2026-09-11T11:14:54.742934
3,Vidhyadeep School Of Nursing,"Vidhyadeep School Of Nursing, Vidhyadeep Campus, At & Po : Anita (Kim), , Surat, Distt.- Surat, Gujarat, Pin Code- 394110",Vidhyadeep Charitable Trust,Surat,Gujarat,Private,P B B.Sc(N),20 (Twenty),2025-2026,15,https://online.indiannursingcouncil.org/Reports/YearlyReportByState.aspx,2026-09-11T11:14:54.742934
4,Vina Singhi College Of Nursing,"Vina Singhi College Of Nursing,, Nr. Indira Bridge, Hansol Octroi Naka , Ahmedabad, Distt.- Ahmedabad, Gujarat, Pin Code- 382475",The Gujarat Research And Medical Institute,Ahmedabad,Gujarat,Private,B.Sc(N),60 (Sixty),2025-2026,15,https://online.indiannursingcouncil.org/Reports/YearlyReportByState.aspx,2026-09-11T11:14:54.742934
4,Vina Singhi College Of Nursing,"Vina Singhi College Of Nursing,, Nr. Indira Bridge, Hansol Octroi Naka , Ahmedabad, Distt.- Ahmedabad, Gujarat, Pin Code- 382475",The Gujarat Research And Medical Institute,Ahmedabad,Gujarat,Private,P B B.Sc(N),30 (Thirty),2025-2026,15,https://online.indiannursingcouncil.org/Reports/YearlyReportByState.aspx,2026-09-11T11:14:54.742934
4,Vina Singhi College Of Nursing,"Vina Singhi College Of Nursing,, Nr. Indira Bridge, Hansol Octroi Naka , Ahmedabad, Distt.- Ahmedabad, Gujarat, Pin Code- 382475",The Gujarat Research And Medical Institute,Ahmedabad,Gujarat,Private,ANM,20 (Twenty),2025-2026,15,https://online.indiannursingcouncil.org/Reports/YearlyReportByState.aspx,2026-09-11T11:14:54.742934
4,Vina Singhi College Of Nursing,"Vina Singhi College Of Nursing,, Nr. Indira Bridge, Hansol Octroi Naka , Ahmedabad, Distt.- Ahmedabad, Gujarat, Pin Code- 382475",The Gujarat Research And Medical Institute,Ahmedabad,Gujarat,Private,GNM,60 (Sixty),2025-2026,15,https://online.indiannursingcouncil.org/Reports/YearlyReportByState.aspx,2026-09-11T11:14:54.742934
5,Vinayaka College Of Nursing,"Vinayaka College Of Nursing, Near Hindu Anath Ashram, Opp. Sardar Patel Bhavan , Nadiad, Distt.- Kheda, Gujarat, Pin Code- 387001",Talukdari Hostel Trust,Kheda,Gujarat,Private,ANM,40 (Forty),2025-2026,15,https://online.indiannursingcouncil.org/Reports/YearlyReportByState.aspx,2026-09-11T11:14:54.742934
5,Vinayaka College Of Nursing,"Vinayaka College Of Nursing, Near Hindu Anath Ashram, Opp. Sardar Patel Bhavan , Nadiad, Distt.- Kheda, Gujarat, Pin Code- 387001",Talukdari Hostel Trust,Kheda,Gujarat,Private,GNM,60 (Sixty),2025-2026,15,https://online.indiannursingcouncil.org/Reports/YearlyReportByState.aspx,2026-09-11T11:14:54.742934
6,Vinayaka Institute Of Nursing,"Vinayaka Institute Of Nursing, &Quot;Pranami Bhavan&Quot;, Vidyanagar-Vadtal Road, Bakrol Raod, Bakrol - Anand , Distt.- Anand, Gujarat, Pin Code- 234200",Nijanand Charitable Trust,Anand,Gujarat,Private,B.Sc(N),60 (Sixty),2025-2026,15,https://online.indiannursingcouncil.org/Reports/YearlyReportByState.aspx,2026-09-11T11:14:54.742934
6,Vinayaka Institute Of Nursing,"Vinayaka Institute Of Nursing, &Quot;Pranami Bhavan&Quot;, Vidyanagar-Vadtal Road, Bakrol Raod, Bakrol - Anand , Distt.- Anand, Gujarat, Pin Code- 234200",Nijanand Charitable Trust,Anand,Gujarat,Private,ANM,40 (Forty),2025-2026,15,https://online.indiannursingcouncil.org/Reports/YearlyReportByState.aspx,2026-09-11T11:14:54.742934
6,Vinayaka Institute Of Nursing,"Vinayaka Institute Of Nursing, &Quot;Pranami Bhavan&Quot;, Vidyanagar-Vadtal Road, Bakrol Raod, Bakrol - Anand , Distt.- Anand, Gujarat, Pin Code- 234200",Nijanand Charitable Trust,Anand,Gujarat,Private,GNM,60 (Sixty),2025-2026,15,https://online.indiannursingcouncil.org/Reports/YearlyReportByState.aspx,2026-09-11T11:14:54.742934
6,Vinayaka Institute Of Nursing,"Vinayaka Institute Of Nursing, &Quot;Pranami Bhavan&Quot;, Vidyanagar-Vadtal Road, Bakrol Raod, Bakrol - Anand , Distt.- Anand, Gujarat, Pin Code- 234200",Nijanand Charitable Trust,Anand,Gujarat,Private,M. Sc (N),10 (Ten) Med Surg-5 Chn-5,2025-2026,15,https://online.indiannursingcouncil.org/Reports/YearlyReportByState.aspx,2026-09-11T11:14:54.742934
6,Vinayaka Institute Of Nursing,"Vinayaka Institute Of Nursing, &Quot;Pranami Bhavan&Quot;, Vidyanagar-Vadtal Road, Bakrol Raod, Bakrol - Anand , Distt.- Anand, Gujarat, Pin Code- 234200",Nijanand Charitable Trust,Anand,Gujarat,Private,P B B.Sc(N),40 (Forty),2025-2026,15,https://online.indiannursingcouncil.org/Reports/YearlyReportByState.aspx,2026-09-11T11:14:54.742934
7,Vraj Institution Nursing Science &Amp; Research Centre,"Vraj Institution Nursing Science &Amp; Research Centre, At Po Mota Chiloda Sadra Road Opp Geb Ta, Gandhinagar, Distt.- Gandhinagar, Gujarat, Pin Code- 382355",Bhagyalaxmi Medical And Education Trust,Gandhinagar,Gujarat,Private,GNM,50 (Fifty),2025-2026,15,https://online.indiannursingcouncil.org/Reports/YearlyReportByState.aspx,2026-09-11T11:14:54.742934
7,Vraj Institution Nursing Science &Amp; Research Centre,"Vraj Institution Nursing Science &Amp; Research Centre, At Po Mota Chiloda Sadra Road Opp Geb Ta, Gandhinagar, Distt.- Gandhinagar, Gujarat, Pin Code- 382355",Bhagyalaxmi Medical And Education Trust,Gandhinagar,Gujarat,Private,ANM,20 (Twenty),2025-2026,15,https://online.indiannursingcouncil.org/Reports/YearlyReportByState.aspx,2026-09-11T11:14:54.742934
8,Welfare Institute Of Nursing &Amp; Midwifery,"Welfare Institute Of Nursing &Amp; Midwifery, Welfare Complex, Jambusar Road,, Bharuch, Distt.- Bharuch, Gujarat, Pin Code- 392001",The Bombay Patel Welfare Society,Bharuch,Gujarat,Private,B.Sc(N),40 (Forty),2025-2026,15,https://online.indiannursingcouncil.org/Reports/YearlyReportByState.aspx,2026-09-11T11:14:54.742934
8,Welfare Institute Of Nursing &Amp; Midwifery,"Welfare Institute Of Nursing &Amp; Midwifery, Welfare Complex, Jambusar Road,, Bharuch, Distt.- Bharuch, Gujarat, Pin Code- 392001",The Bombay Patel Welfare Society,Bharuch,Gujarat,Private,M. Sc (N),10 (Ten),2025-2026,15,https://online.indiannursingcouncil.org/Reports/YearlyReportByState.aspx,2026-09-11T11:14:54.742934
8,Welfare Institute Of Nursing &Amp; Midwifery,"Welfare Institute Of Nursing &Amp; Midwifery, Welfare Complex, Jambusar Road,, Bharuch, Distt.- Bharuch, Gujarat, Pin Code- 392001",The Bombay Patel Welfare Society,Bharuch,Gujarat,Private,P B B.Sc(N),20 (Twenty),2025-2026,15,https://online.indiannursingcouncil.org/Reports/YearlyReportByState.aspx,2026-09-11T11:14:54.742934
8,Welfare Institute Of Nursing &Amp; Midwifery,"Welfare Institute Of Nursing &Amp; Midwifery, Welfare Complex, Jambusar Road,, Bharuch, Distt.- Bharuch, Gujarat, Pin Code- 392001",The Bombay Patel Welfare Society,Bharuch,Gujarat,Private,ANM,30 (Thirty),2025-2026,15,https://online.indiannursingcouncil.org/Reports/YearlyReportByState.aspx,2026-09-11T11:14:54.742934
8,Welfare Institute Of Nursing &Amp; Midwifery,"Welfare Institute Of Nursing &Amp; Midwifery, Welfare Complex, Jambusar Road,, Bharuch, Distt.- Bharuch, Gujarat, Pin Code- 392001",The Bombay Patel Welfare Society,Bharuch,Gujarat,Private,GNM,50 (Fifty),2025-2026,15,https://online.indiannursingcouncil.org/Reports/YearlyReportByState.aspx,2026-09-11T11:14:54.742934
